Date,SPY,QQQ,AAPL,MSFT,TSLA,GLD,TLT,VIX,FedFunds,CPI,Unemployment,YieldCurve
2018-01-02,236.56,150.22,40.3,78.87,21.37,125.15,99.46,9.77,,,,0.54
2018-01-03,238.06,151.68,40.3,79.24,21.15,124.82,99.94,9.15,,,,0.5
2018-01-04,239.06,151.95,40.48,79.93,20.97,125.46,99.92,9.22,,,,0.5
2018-01-05,240.65,153.47,40.95,80.93,21.11,125.33,99.63,9.22,,,,0.51
2018-01-08,241.1,154.07,40.79,81.01,22.43,125.31,99.57,9.52,,,,0.53
2018-01-09,241.64,154.08,40.79,80.95,22.25,124.73,98.24,10.08,,,,0.57
2018-01-10,241.27,153.72,40.78,80.59,22.32,125.03,98.12,9.82,,,,0.57
2018-01-11,243.03,154.77,41.01,80.82,22.53,125.44,98.52,9.88,,,,0.56
2018-01-12,244.62,155.91,41.43,82.22,22.41,126.96,98.69,10.16,,,,0.56
2018-01-16,243.78,155.46,41.22,81.07,22.67,127.17,99.1,11.66,,,,0.51
2018-01-17,246.1,157.14,41.9,82.72,23.14,126.14,98.97,11.91,,,,0.52
2018-01-18,245.69,157.17,41.94,82.68,22.97,125.86,98.05,12.22,,,,0.57
2018-01-19,246.81,157.66,41.75,82.59,23.33,126.42,97.53,11.27,,,,0.58
2018-01-22,248.81,159.35,41.41,84.06,23.44,126.65,97.63,11.03,,,,0.58
2018-01-23,249.34,160.67,41.42,84.33,23.52,127.28,98.05,11.1,,,,0.57
2018-01-24,249.25,159.62,40.76,84.26,23.06,128.83,97.52,11.47,,,,0.57
2018-01-25,249.35,159.57,40.04,84.72,22.51,127.97,98.32,11.58,,,,0.55
2018-01-26,252.24,162.01,40.13,86.31,22.86,128.07,97.95,11.08,,,,0.53
2018-01-29,250.57,161.23,39.3,86.18,23.3,127.35,97.27,13.84,,,,0.59
2018-01-30,248.0,159.9,39.07,85.1,23.05,126.8,96.7,14.79,,,,0.6
2018-01-31,248.12,160.56,39.17,87.18,23.62,127.65,97.27,13.54,,,,0.58
2018-02-01,247.84,159.2,39.26,86.5,23.28,128.07,95.86,13.47,1.42,249.53,4.1,0.62
2018-02-02,242.44,156.02,37.55,84.22,22.92,126.39,94.97,17.31,1.42,249.53,4.1,0.69
2018-02-05,232.3,149.87,36.61,80.75,22.21,126.71,95.87,37.32,1.42,249.53,4.1,0.69
2018-02-06,236.88,153.84,38.14,83.81,22.26,125.38,95.27,29.98,1.42,249.53,4.1,0.69
2018-02-07,235.59,151.85,37.33,82.23,23.0,124.79,94.37,27.73,1.42,249.53,4.1,0.69
2018-02-08,226.76,145.45,36.3,78.01,21.02,124.98,94.27,33.46,1.42,249.53,4.1,0.72
2018-02-09,230.16,147.96,36.74,80.92,20.69,124.77,93.67,29.06,1.42,249.53,4.1,0.78
2018-02-12,233.54,150.58,38.22,81.79,21.05,125.37,94.08,25.61,1.42,249.53,4.1,0.77
2018-02-13,234.12,151.36,38.61,82.43,21.58,126.08,94.5,24.97,1.42,249.53,4.1,0.73
2018-02-14,237.28,154.19,39.32,83.72,21.49,128.23,93.46,19.26,1.42,249.53,4.1,0.74
2018-02-15,240.31,157.06,40.64,85.43,22.27,128.38,93.77,19.13,1.42,249.53,4.1,0.71
2018-02-16,240.38,156.35,40.51,84.82,22.37,127.96,94.28,19.46,1.42,249.53,4.1,0.66
2018-02-20,238.88,156.67,40.37,85.48,22.32,126.24,93.87,20.6,1.42,249.53,4.1,0.63
2018-02-21,237.69,156.22,40.19,84.35,22.22,125.66,92.72,20.02,1.42,249.53,4.1,0.68
2018-02-22,238.0,156.2,40.52,84.57,23.08,126.3,93.0,18.72,1.42,249.53,4.1,0.67
2018-02-23,241.79,159.4,41.23,86.72,23.47,126.14,93.82,16.49,1.42,249.53,4.1,0.63
2018-02-26,244.6,161.51,42.04,87.97,23.83,126.45,93.85,15.8,1.42,249.53,4.1,0.64
2018-02-27,241.54,159.51,41.91,86.85,23.4,125.13,93.72,18.59,1.42,249.53,4.1,0.63
2018-02-28,239.1,158.49,41.85,86.45,22.87,125.0,94.31,19.85,1.42,249.53,4.1,0.62
2018-03-01,235.62,155.9,41.11,85.6,22.06,124.72,94.96,22.47,1.51,249.58,4.0,0.59
2018-03-02,236.83,157.33,41.4,85.79,22.34,125.39,94.19,19.59,1.51,249.58,4.0,0.61
2018-03-05,239.57,159.07,41.54,86.33,22.22,125.18,93.93,18.73,1.51,249.58,4.0,0.64
2018-03-06,240.18,159.75,41.5,86.04,21.88,126.53,94.02,18.36,1.51,249.58,4.0,0.63
2018-03-07,240.09,160.12,41.12,86.53,22.15,125.72,93.92,17.76,1.51,249.58,4.0,0.64
2018-03-08,241.25,161.0,41.57,87.06,21.94,125.42,94.46,16.54,1.51,249.58,4.0,0.61
2018-03-09,245.45,164.13,42.28,89.0,21.81,125.54,93.84,14.64,1.51,249.58,4.0,0.63
2018-03-12,245.14,165.0,42.69,89.22,23.03,125.54,94.38,15.78,1.51,249.58,4.0,0.6
2018-03-13,243.56,162.75,42.28,87.04,22.79,125.78,94.85,16.35,1.51,249.58,4.0,0.58
2018-03-14,242.31,162.72,41.92,86.52,21.78,125.7,95.69,17.23,1.51,249.58,4.0,0.55
2018-03-15,242.05,162.58,41.97,86.83,21.71,124.9,95.69,16.59,1.51,249.58,4.0,0.53
2018-03-16,242.31,162.1,41.82,87.22,21.42,124.6,95.35,15.8,1.51,249.58,4.0,0.54
2018-03-19,239.03,158.64,41.18,85.64,20.9,124.87,95.05,19.02,1.51,249.58,4.0,0.54
2018-03-20,239.44,159.16,41.17,85.86,20.7,124.31,94.66,18.2,1.51,249.58,4.0,0.55
2018-03-21,238.98,158.47,40.24,85.26,21.1,126.48,94.77,17.86,1.51,249.58,4.0,0.58
2018-03-22,233.0,154.56,39.67,82.78,20.61,125.98,95.71,23.34,1.51,249.58,4.0,0.54
2018-03-23,228.04,150.48,38.75,80.37,20.1,127.61,95.63,24.87,1.51,249.58,4.0,0.54
2018-03-26,234.28,156.08,40.59,86.46,20.28,128.28,95.27,21.03,1.51,249.58,4.0,0.52
2018-03-27,230.29,151.03,39.55,82.49,18.61,127.49,96.29,22.5,1.51,249.58,4.0,0.52
2018-03-28,229.61,149.29,39.11,82.41,17.19,125.73,96.54,22.87,1.51,249.58,4.0,0.49
2018-03-29,232.54,152.02,39.42,84.15,17.74,125.79,97.01,19.97,1.51,249.58,4.0,0.47
2018-04-02,227.52,147.64,39.16,81.61,16.83,127.26,97.2,23.62,1.51,249.58,4.0,0.48
2018-04-03,230.44,149.3,39.56,82.71,17.84,126.3,96.45,21.1,1.51,249.58,4.0,0.51
2018-04-04,232.91,151.65,40.32,85.12,19.13,126.45,96.25,20.06,1.51,249.58,4.0,0.51
2018-04-05,234.74,152.52,40.6,85.17,20.38,125.8,95.54,18.94,1.51,249.58,4.0,0.53
2018-04-06,229.51,148.7,39.56,83.19,19.95,126.39,96.58,21.49,1.51,249.58,4.0,0.5
2018-04-09,230.64,149.74,39.95,83.68,19.31,126.82,96.74,21.77,1.51,249.58,4.0,0.49
2018-04-10,234.31,153.05,40.7,85.63,20.31,127.12,96.56,20.47,1.51,249.58,4.0,0.48
2018-04-11,233.08,152.17,40.51,84.69,20.06,128.11,96.91,20.24,1.51,249.58,4.0,0.47
2018-04-12,235.0,154.0,40.91,86.28,19.61,126.62,96.2,18.49,1.51,249.58,4.0,0.49
2018-04-13,234.31,153.2,41.05,85.81,20.02,127.45,96.42,17.41,1.51,249.58,4.0,0.45
2018-04-16,236.24,154.37,41.3,86.82,19.41,127.63,96.45,16.56,1.51,249.58,4.0,0.44
2018-04-17,238.76,157.69,41.87,88.57,19.18,127.75,96.72,15.25,1.51,249.58,4.0,0.41
2018-04-18,238.94,158.01,41.78,88.91,19.56,127.85,95.94,15.6,1.51,249.58,4.0,0.45
2018-04-19,237.62,156.56,40.6,88.61,20.01,127.6,95.16,15.96,1.51,249.58,4.0,0.48
2018-04-20,235.6,154.08,38.93,87.58,19.35,126.63,94.47,16.88,1.51,249.58,4.0,0.5
2018-04-23,235.57,153.69,38.82,87.91,18.89,125.62,94.5,16.34,1.51,249.58,4.0,0.49
2018-04-24,232.39,150.44,38.28,85.85,18.9,126.23,94.07,18.02,1.51,249.58,4.0,0.52
2018-04-25,232.97,150.62,38.45,85.1,18.71,125.41,93.44,17.84,1.51,249.58,4.0,0.54
2018-04-26,235.34,153.79,38.58,86.9,19.03,124.97,94.09,16.24,1.51,249.58,4.0,0.51
2018-04-27,235.56,153.88,38.13,88.34,19.61,125.5,94.82,15.41,1.51,249.58,4.0,0.47
2018-04-30,233.75,152.79,38.82,86.22,19.59,124.59,94.99,15.93,1.51,249.58,4.0,0.46
2018-05-01,234.16,154.54,39.73,87.58,19.99,123.71,94.64,15.49,1.7,250.79,3.8,0.47
2018-05-02,232.59,153.63,41.48,86.21,20.08,123.65,94.54,15.97,1.7,250.79,3.8,0.48
2018-05-03,232.07,153.61,41.56,86.73,18.96,124.28,94.96,15.9,1.7,250.79,3.8,0.45
2018-05-04,235.08,156.52,43.19,87.73,19.61,124.54,95.11,14.77,1.7,250.79,3.8,0.44
2018-05-07,235.87,157.82,43.5,88.71,20.18,124.57,94.95,14.75,1.7,250.79,3.8,0.46
2018-05-08,235.87,157.66,43.71,88.33,20.13,124.59,94.87,14.71,1.7,250.79,3.8,0.46
2018-05-09,238.15,159.38,44.02,89.37,20.46,124.33,94.3,13.42,1.7,250.79,3.8,0.46
2018-05-10,240.38,161.03,44.65,90.27,20.33,125.18,95.06,13.23,1.7,250.79,3.8,0.43
2018-05-11,241.12,160.88,44.48,90.07,20.07,125.0,95.3,12.65,1.7,250.79,3.8,0.43
2018-05-14,241.23,161.16,44.37,90.38,19.46,124.49,94.79,12.93,1.7,250.79,3.8,0.45
2018-05-15,239.57,159.37,43.97,89.72,18.95,122.48,93.72,14.63,1.7,250.79,3.8,0.5
2018-05-16,240.58,160.42,44.38,89.95,19.1,122.29,93.36,13.42,1.7,250.79,3.8,0.51
2018-05-17,240.37,159.81,44.1,89.06,18.97,122.36,92.88,13.43,1.7,250.79,3.8,0.54
2018-05-18,239.77,158.98,43.94,89.22,18.45,122.41,93.68,13.42,1.7,250.79,3.8,0.51
2018-05-21,241.57,159.87,44.25,90.37,18.97,122.48,93.73,13.08,1.7,250.79,3.8,0.48
2018-05-22,240.9,159.67,44.14,90.28,18.33,122.41,93.59,13.22,1.7,250.79,3.8,0.47
2018-05-23,241.57,161.01,44.42,91.35,18.6,122.54,94.27,12.58,1.7,250.79,3.8,0.48
2018-05-24,241.07,160.97,44.37,91.03,18.52,123.59,95.02,12.53,1.7,250.79,3.8,0.48
2018-05-25,240.5,161.13,44.47,91.08,18.59,123.21,95.61,13.22,1.7,250.79,3.8,0.45
2018-05-29,237.73,160.42,44.31,90.75,18.92,123.19,97.7,17.02,1.7,250.79,3.8,0.45
2018-05-30,240.9,161.56,44.22,91.62,19.45,123.37,97.05,14.94,1.7,250.79,3.8,0.42
2018-05-31,239.43,161.46,44.07,91.52,18.98,123.1,96.89,15.43,1.7,250.79,3.8,0.43
2018-06-01,241.78,163.99,44.86,93.33,19.45,122.49,96.38,13.46,1.82,251.02,4.0,0.42
2018-06-04,242.93,165.48,45.24,94.14,19.78,122.37,95.68,12.74,1.82,251.02,4.0,0.42
2018-06-05,243.1,165.99,45.59,94.62,19.41,122.85,95.9,12.4,1.82,251.02,4.0,0.43
2018-06-06,245.14,166.96,45.75,94.9,21.3,122.92,95.13,11.64,1.82,251.02,4.0,0.45
2018-06-07,245.11,165.6,45.62,93.41,21.07,122.86,96.05,12.13,1.82,251.02,4.0,0.43
2018-06-08,245.83,165.61,45.21,94.1,21.18,123.01,95.76,12.18,1.82,251.02,4.0,0.43
2018-06-11,246.16,166.05,45.1,93.57,22.14,123.23,95.58,12.35,1.82,251.02,4.0,0.44
2018-06-12,246.48,166.93,45.35,93.81,22.85,122.82,95.61,12.34,1.82,251.02,4.0,0.42
2018-06-13,245.69,166.92,44.97,93.38,22.99,123.19,95.56,12.94,1.82,251.02,4.0,0.39
2018-06-14,246.31,168.61,45.0,93.91,23.85,123.38,96.35,12.12,1.82,251.02,4.0,0.35
2018-06-15,246.0,168.02,44.53,92.71,23.88,121.34,96.44,11.98,1.82,251.02,4.0,0.38
2018-06-18,245.49,167.92,44.51,93.39,24.72,121.11,96.35,12.31,1.82,251.02,4.0,0.36
2018-06-19,244.55,167.45,43.79,93.39,23.5,120.8,96.91,13.35,1.82,251.02,4.0,0.35
2018-06-20,244.97,168.64,43.98,94.33,24.15,120.26,96.06,12.79,1.82,251.02,4.0,0.37
2018-06-21,243.43,167.17,43.74,93.65,23.17,120.05,96.57,14.64,1.82,251.02,4.0,0.34
2018-06-22,243.88,166.8,43.61,92.97,22.24,120.34,96.56,13.77,1.82,251.02,4.0,0.34
2018-06-25,240.56,163.04,42.96,91.1,22.2,119.89,96.78,17.33,1.82,251.02,4.0,0.33
2018-06-26,241.09,163.71,43.49,91.74,22.8,119.26,96.91,15.92,1.82,251.02,4.0,0.35
2018-06-27,239.09,161.48,43.43,90.32,22.97,118.58,97.83,17.91,1.82,251.02,4.0,0.31
2018-06-28,240.46,162.87,43.75,91.33,23.33,118.22,97.85,16.85,1.82,251.02,4.0,0.32
2018-06-29,240.8,163.31,43.66,91.31,22.86,118.65,97.51,16.09,1.82,251.02,4.0,0.33
2018-07-02,241.32,164.4,44.14,92.6,22.34,117.46,97.44,15.6,1.82,251.02,4.0,0.3
2018-07-03,240.47,162.5,43.37,91.71,20.72,118.65,97.96,16.14,1.82,251.02,4.0,0.3
2018-07-05,242.43,164.52,43.72,92.37,20.61,119.05,98.24,14.97,1.82,251.02,4.0,0.29
2018-07-06,244.48,167.08,44.33,93.67,20.59,118.86,98.56,13.37,1.82,251.02,4.0,0.29
2018-07-09,246.68,168.58,44.95,94.31,21.23,119.15,97.93,12.69,1.82,251.02,4.0,0.29
2018-07-10,247.57,168.7,44.89,94.56,21.5,118.93,97.92,12.64,1.82,251.02,4.0,0.28
2018-07-11,245.76,167.85,44.31,94.43,21.26,117.64,98.3,13.63,1.82,251.02,4.0,0.27
2018-07-12,247.99,170.74,45.05,96.47,21.11,118.13,98.29,12.58,1.82,251.02,4.0,0.25
2018-07-13,248.18,170.88,45.12,97.62,21.26,117.61,98.54,12.18,1.82,251.02,4.0,0.24
2018-07-16,247.96,170.47,45.02,97.14,20.67,117.55,98.13,12.83,1.82,251.02,4.0,0.26
2018-07-17,248.96,171.51,45.15,98.1,21.51,116.28,97.94,12.06,1.82,251.02,4.0,0.24
2018-07-18,249.49,171.19,44.9,97.33,21.59,116.31,97.55,12.1,1.82,251.02,4.0,0.28
2018-07-19,248.54,170.33,45.25,96.67,21.35,115.81,98.17,12.87,1.82,251.02,4.0,0.24
2018-07-20,248.26,170.29,45.15,98.4,20.91,116.56,96.96,12.86,1.82,251.02,4.0,0.29
2018-07-23,248.72,170.83,45.19,99.97,20.21,116.0,95.77,12.62,1.82,251.02,4.0,0.32
2018-07-24,249.97,171.54,45.52,99.69,19.83,116.04,96.1,12.41,1.82,251.02,4.0,0.32
2018-07-25,252.1,173.94,45.94,102.62,20.58,116.68,95.94,12.29,1.82,251.02,4.0,0.28
2018-07-26,251.51,171.3,45.8,101.5,20.44,115.77,95.76,12.14,1.82,251.02,4.0,0.29
2018-07-27,249.81,168.99,45.04,99.7,19.81,115.83,95.92,13.03,1.82,251.02,4.0,0.29
2018-07-30,248.5,166.6,44.79,97.57,19.34,115.65,95.59,14.26,1.82,251.02,4.0,0.32
2018-07-31,249.72,167.88,44.88,98.22,19.88,115.99,96.11,12.83,1.82,251.02,4.0,0.29
2018-08-01,249.31,168.51,47.52,98.41,20.06,115.14,95.33,13.15,1.91,251.66,3.8,0.33
2018-08-02,250.67,170.81,48.91,99.6,23.3,114.52,95.47,12.19,1.91,251.66,3.8,0.32
2018-08-03,251.74,171.33,49.05,100.04,23.21,114.92,95.94,11.64,1.91,251.66,3.8,0.32
2018-08-06,252.66,172.34,49.31,100.12,22.8,114.33,96.0,11.27,1.91,251.66,3.8,0.3
2018-08-07,253.5,172.97,48.84,100.82,25.3,114.59,95.5,10.93,1.91,251.66,3.8,0.3
2018-08-08,253.39,173.17,48.88,101.38,24.69,114.91,95.6,10.85,1.91,251.66,3.8,0.28
2018-08-09,253.05,173.07,49.26,101.55,23.5,114.74,96.4,11.27,1.91,251.66,3.8,0.29
2018-08-10,251.35,171.75,49.11,100.93,23.7,114.69,97.1,13.16,1.91,251.66,3.8,0.26
2018-08-13,250.41,171.56,49.43,100.2,23.76,112.96,96.9,14.78,1.91,251.66,3.8,0.27
2018-08-14,252.01,172.63,49.64,101.45,23.18,113.07,96.68,13.31,1.91,251.66,3.8,0.26
2018-08-15,250.12,170.52,49.76,100.07,22.58,111.19,97.25,14.64,1.91,251.66,3.8,0.25
2018-08-16,252.15,171.08,50.48,100.05,22.36,111.1,97.24,13.45,1.91,251.66,3.8,0.24
2018-08-17,253.04,171.12,51.49,100.0,20.37,112.13,97.36,12.64,1.91,251.66,3.8,0.26
2018-08-20,253.58,170.97,50.99,99.34,20.56,112.69,98.01,12.49,1.91,251.66,3.8,0.22
2018-08-21,254.17,171.6,50.89,98.51,21.46,113.02,97.68,12.86,1.91,251.66,3.8,0.24
2018-08-22,254.02,172.26,50.89,99.51,21.44,113.27,98.07,12.25,1.91,251.66,3.8,0.22
2018-08-23,253.68,172.01,51.0,99.98,21.34,112.2,98.22,12.41,1.91,251.66,3.8,0.21
2018-08-24,255.21,173.61,51.16,100.76,21.52,114.16,98.41,11.99,1.91,251.66,3.8,0.19
2018-08-27,257.23,175.38,51.58,101.87,21.28,114.59,97.85,12.16,1.91,251.66,3.8,0.18
2018-08-28,257.35,175.64,51.99,102.49,20.79,113.68,97.26,12.5,1.91,251.66,3.8,0.21
2018-08-29,258.73,177.67,52.77,104.12,20.33,114.2,97.39,12.25,1.91,251.66,3.8,0.22
2018-08-30,257.69,177.35,53.26,104.06,20.21,113.64,97.6,13.53,1.91,251.66,3.8,0.22
2018-08-31,257.7,177.58,53.87,104.41,20.11,113.51,97.37,12.86,1.91,251.66,3.8,0.24
2018-09-04,257.25,176.82,54.04,103.83,19.26,112.93,96.81,13.16,1.91,251.66,3.8,0.24
2018-09-05,256.56,174.53,53.69,100.84,18.72,113.32,96.55,13.91,1.91,251.66,3.8,0.24
2018-09-06,255.79,172.97,52.8,101.07,18.73,113.54,96.91,14.65,1.91,251.66,3.8,0.24
2018-09-07,255.29,172.31,52.37,100.58,17.55,113.23,96.09,14.88,1.91,251.66,3.8,0.23
2018-09-10,255.73,172.89,51.67,101.67,19.03,113.15,96.44,14.16,1.91,251.66,3.8,0.21
2018-09-11,256.58,174.22,52.98,103.4,18.63,113.22,95.71,13.22,1.91,251.66,3.8,0.22
2018-09-12,256.64,173.71,52.32,103.83,19.37,114.17,95.93,13.14,1.91,251.66,3.8,0.23
2018-09-13,258.16,175.56,53.58,104.95,19.3,113.76,96.08,12.37,1.91,251.66,3.8,0.21
2018-09-14,258.2,175.05,52.97,105.38,19.68,113.02,95.62,12.07,1.91,251.66,3.8,0.21
2018-09-17,256.84,172.53,51.56,104.23,19.66,113.61,95.62,13.68,1.91,251.66,3.8,0.21
2018-09-18,258.23,173.95,51.65,105.23,19.0,113.44,94.62,12.79,1.91,251.66,3.8,0.24
2018-09-19,258.5,173.82,51.68,103.83,19.93,113.88,94.05,11.75,1.91,251.66,3.8,0.27
2018-09-20,260.6,175.74,52.07,105.56,19.89,114.27,94.49,11.8,1.91,251.66,3.8,0.26
2018-09-21,260.36,174.78,51.51,106.2,19.94,113.49,94.45,11.68,1.91,251.66,3.8,0.26
2018-09-24,259.5,175.27,52.25,106.59,19.98,113.47,94.21,12.2,1.91,251.66,3.8,0.25
2018-09-25,259.26,175.51,52.58,106.38,20.07,113.65,94.11,12.42,1.91,251.66,3.8,0.27
2018-09-26,258.48,175.63,52.16,105.94,20.64,113.05,94.77,12.89,1.91,251.66,3.8,0.23
2018-09-27,259.2,177.12,53.24,106.34,20.5,112.05,94.84,12.41,1.91,251.66,3.8,0.23
2018-09-28,259.23,177.08,53.42,106.31,17.65,112.76,94.59,12.12,1.91,251.66,3.8,0.24
2018-10-01,260.13,177.44,53.78,107.46,20.71,112.57,93.89,12.0,2.19,252.77,3.8,0.27
2018-10-02,259.98,177.04,54.26,107.03,20.07,113.87,94.47,12.05,2.19,252.77,3.8,0.23
2018-10-03,260.12,177.23,54.92,107.05,19.65,113.42,92.82,11.61,2.19,252.77,3.8,0.3
2018-10-04,258.09,173.83,53.96,104.84,18.79,113.48,92.17,14.22,2.19,252.77,3.8,0.32
2018-10-05,256.64,171.7,53.08,104.22,17.46,113.8,91.38,14.82,2.19,252.77,3.8,0.35
2018-10-08,256.64,170.66,52.96,103.04,16.7,112.54,91.07,15.69,2.19,252.77,3.8,0.35
2018-10-09,256.27,171.21,53.69,104.35,17.52,112.6,91.99,15.95,2.19,252.77,3.8,0.33
2018-10-10,248.15,163.68,51.2,98.68,17.13,112.88,91.74,22.96,2.19,252.77,3.8,0.34
2018-10-11,242.69,161.65,50.75,98.44,16.82,115.78,92.86,24.98,2.19,252.77,3.8,0.29
2018-10-12,246.06,166.15,52.56,101.85,17.25,115.23,92.53,21.31,2.19,252.77,3.8,0.3
2018-10-15,244.68,164.14,51.44,100.01,17.31,116.0,92.49,21.3,2.19,252.77,3.8,0.31
2018-10-16,250.03,168.91,52.57,103.17,18.44,115.8,92.7,17.62,2.19,252.77,3.8,0.29
2018-10-17,250.07,168.98,52.35,102.91,18.12,115.79,92.15,17.4,2.19,252.77,3.8,0.3
2018-10-18,246.46,165.06,51.12,100.85,17.59,115.92,92.12,20.06,2.19,252.77,3.8,0.3
2018-10-19,246.33,164.91,51.9,101.0,17.33,116.01,91.92,19.89,2.19,252.77,3.8,0.28
2018-10-22,245.22,165.76,52.22,101.9,17.4,115.71,91.8,19.64,2.19,252.77,3.8,0.28
2018-10-23,243.97,165.15,52.71,100.48,19.61,116.39,92.09,20.71,2.19,252.77,3.8,0.28
2018-10-24,236.58,157.59,50.9,95.11,19.23,116.66,92.78,25.23,2.19,252.77,3.8,0.26
2018-10-25,240.82,163.04,52.02,100.66,20.99,116.4,92.4,24.22,2.19,252.77,3.8,0.28
2018-10-26,236.59,158.85,51.19,99.42,22.06,116.77,92.95,24.16,2.19,252.77,3.8,0.27
2018-10-29,235.28,155.58,50.23,96.53,22.32,116.31,92.74,24.7,2.19,252.77,3.8,0.27
2018-10-30,238.76,158.14,50.48,96.42,21.99,115.8,92.28,23.35,2.19,252.77,3.8,0.28
2018-10-31,241.31,161.86,51.8,99.28,22.49,115.15,91.81,21.23,2.19,252.77,3.8,0.28
2018-11-01,243.88,163.99,52.59,98.45,22.95,116.63,91.9,19.34,2.2,252.59,3.8,0.3
2018-11-02,242.44,161.44,49.1,98.68,23.09,116.65,90.76,19.51,2.2,252.59,3.8,0.31
2018-11-05,243.78,161.04,47.71,99.93,22.76,116.37,91.11,19.96,2.2,252.59,3.8,0.29
2018-11-06,245.32,162.26,48.22,100.13,22.74,116.04,91.06,19.91,2.2,252.59,3.8,0.29
2018-11-07,250.57,167.35,49.69,104.07,23.21,116.03,91.18,16.36,2.2,252.59,3.8,0.26
2018-11-08,250.12,166.28,49.51,103.87,23.43,115.78,91.17,16.72,2.2,252.59,3.8,0.26
2018-11-09,247.67,163.48,48.56,101.85,23.37,114.48,91.85,17.36,2.2,252.59,3.8,0.25
2018-11-12,243.04,158.53,46.11,99.34,22.09,113.66,92.45,20.45,2.2,252.59,3.8,0.25
2018-11-13,242.59,158.67,45.65,99.4,22.58,113.7,92.39,20.02,2.2,252.59,3.8,0.25
2018-11-14,240.93,157.45,44.36,97.99,22.93,114.64,92.45,21.25,2.2,252.59,3.8,0.26
2018-11-15,243.45,160.21,45.46,100.15,23.23,114.77,92.41,19.98,2.2,252.59,3.8,0.25
2018-11-16,244.08,159.65,45.96,101.09,23.62,115.62,92.94,18.14,2.2,252.59,3.8,0.27
2018-11-19,239.95,154.46,44.14,97.66,23.56,115.67,93.2,20.1,2.2,252.59,3.8,0.27
2018-11-20,235.51,151.7,42.03,94.95,23.17,115.67,93.24,22.48,2.2,252.59,3.8,0.27
2018-11-21,236.31,152.85,41.98,96.25,22.55,115.86,93.2,20.8,2.2,252.59,3.8,0.25
2018-11-23,234.73,151.75,40.92,96.22,21.72,115.77,93.3,21.52,2.2,252.59,3.8,0.24
2018-11-26,238.52,155.25,41.47,99.39,23.07,115.64,93.09,18.9,2.2,252.59,3.8,0.23
2018-11-27,239.33,155.78,41.38,100.02,22.93,114.95,93.2,19.02,2.2,252.59,3.8,0.23
2018-11-28,244.84,160.79,42.97,103.73,23.19,115.38,92.74,18.49,2.2,252.59,3.8,0.25
2018-11-29,244.3,160.27,42.64,102.86,22.74,115.74,93.11,18.79,2.2,252.59,3.8,0.22
2018-11-30,245.79,161.43,42.41,103.52,23.37,115.54,93.45,18.07,2.2,252.59,3.8,0.21
2018-12-03,249.05,164.25,43.89,104.64,23.9,116.41,94.12,16.44,2.2,252.59,3.8,0.15
2018-12-04,240.98,157.95,41.96,101.31,23.98,117.12,95.69,20.74,2.2,252.59,3.8,0.11
2018-12-06,240.61,159.07,41.49,101.93,24.2,117.14,95.99,21.19,2.2,252.59,3.8,0.12
2018-12-07,235.02,153.81,40.01,97.85,23.86,118.09,96.17,23.23,2.2,252.59,3.8,0.13
2018-12-10,235.47,155.42,40.28,100.44,24.34,117.68,96.57,22.64,2.2,252.59,3.8,0.13
2018-12-11,235.52,155.94,40.05,101.37,24.45,117.54,96.55,21.76,2.2,252.59,3.8,0.11
2018-12-12,236.7,157.31,40.16,101.83,24.44,117.79,96.12,21.46,2.2,252.59,3.8,0.14
2018-12-13,236.62,157.36,40.6,102.17,25.12,117.53,95.9,20.65,2.2,252.59,3.8,0.16
2018-12-14,232.26,153.53,39.3,98.98,24.38,117.06,96.23,21.63,2.2,252.59,3.8,0.16
2018-12-17,227.7,150.05,38.93,96.05,23.23,117.87,96.79,24.52,2.2,252.59,3.8,0.16
2018-12-18,227.45,150.99,39.44,97.06,22.47,118.15,97.37,25.58,2.2,252.59,3.8,0.17
2018-12-19,224.04,147.28,38.21,96.8,22.2,117.43,98.66,25.58,2.2,252.59,3.8,0.14
2018-12-20,220.4,145.15,37.24,94.76,21.03,119.24,98.3,28.38,2.2,252.59,3.8,0.12
2018-12-21,215.88,140.65,35.8,91.7,21.32,118.72,98.28,30.11,2.2,252.59,3.8,0.16
2018-12-24,210.18,137.16,34.87,87.87,19.69,120.02,98.77,36.07,2.2,252.59,3.8,0.19
2018-12-26,220.8,145.73,37.33,93.87,21.74,119.66,97.71,30.41,2.2,252.59,3.8,0.2
2018-12-27,222.49,146.29,37.08,94.45,21.08,120.57,97.73,29.96,2.2,252.59,3.8,0.21
2018-12-28,222.2,146.22,37.1,93.72,22.26,121.06,98.55,28.34,2.2,252.59,3.8,0.2
2018-12-31,224.15,147.45,37.46,94.82,22.19,121.25,98.92,25.42,2.2,252.59,3.8,0.21
2019-01-02,224.38,148.04,37.5,94.4,20.67,121.33,99.45,23.22,2.2,252.59,3.8,0.16
2019-01-03,219.03,143.2,33.77,90.92,20.02,122.43,100.58,25.45,2.2,252.59,3.8,0.17
2019-01-04,226.36,149.33,35.21,95.15,21.18,121.44,99.41,21.38,2.2,252.59,3.8,0.17
2019-01-07,228.15,151.11,35.13,95.27,22.33,121.86,99.12,21.4,2.2,252.59,3.8,0.17
2019-01-08,230.29,152.48,35.8,95.97,22.36,121.53,98.86,20.47,2.2,252.59,3.8,0.15
2019-01-09,231.37,153.72,36.41,97.34,22.57,122.31,98.71,19.98,2.2,252.59,3.8,0.18
2019-01-10,232.19,154.16,36.53,96.71,23.0,121.59,98.07,19.5,2.2,252.59,3.8,0.18
2019-01-11,232.28,153.59,36.17,95.97,23.15,121.8,98.45,18.19,2.2,252.59,3.8,0.16
2019-01-14,230.86,152.24,35.62,95.27,22.29,122.09,98.09,19.07,2.2,252.59,3.8,0.18
2019-01-15,233.5,155.21,36.35,98.03,22.96,121.88,97.73,18.6,2.2,252.59,3.8,0.19
2019-01-16,234.07,155.18,36.8,98.37,23.07,122.27,97.83,19.04,2.2,252.59,3.8,0.18
2019-01-17,235.84,156.4,37.01,99.06,23.15,122.11,97.85,18.06,2.2,252.59,3.8,0.19
2019-01-18,238.98,157.95,37.24,100.55,20.15,121.02,97.34,17.8,2.2,252.59,3.8,0.17
2019-01-22,235.76,154.79,36.41,98.65,19.93,121.45,98.0,20.8,2.2,252.59,3.8,0.16
2019-01-23,236.25,154.99,36.55,99.62,19.17,121.28,97.96,19.52,2.2,252.59,3.8,0.18
2019-01-24,236.37,155.99,36.26,99.14,19.43,121.09,98.6,18.89,2.2,252.59,3.8,0.16
2019-01-25,238.37,157.86,37.47,100.04,19.8,122.86,98.13,17.42,2.2,252.59,3.8,0.16
2019-01-28,236.56,155.91,37.12,98.09,19.76,123.29,98.03,18.87,2.2,252.59,3.8,0.15
2019-01-29,236.25,154.44,36.73,96.1,19.83,123.98,98.53,19.13,2.2,252.59,3.8,0.16
2019-01-30,239.99,158.36,39.24,99.31,20.58,124.69,98.45,17.66,2.2,252.59,3.8,0.18
2019-01-31,242.1,160.73,39.53,97.49,20.47,124.75,99.3,16.57,2.2,252.59,3.8,0.18
2019-02-01,242.21,160.06,39.55,95.95,20.81,124.5,98.7,16.14,2.4,253.32,3.8,0.18
2019-02-04,243.92,162.04,40.67,98.71,20.86,123.96,98.26,15.73,2.4,253.32,3.8,0.2
2019-02-05,244.94,163.48,41.37,100.09,21.42,124.28,98.71,15.57,2.4,253.32,3.8,0.18
2019-02-06,244.62,162.99,41.38,98.98,21.15,123.44,98.76,15.38,2.4,253.32,3.8,0.18
2019-02-07,242.28,160.8,40.6,98.27,20.5,123.74,99.41,16.37,2.4,253.32,3.8,0.17
2019-02-08,242.58,161.12,40.64,98.64,20.39,124.21,99.83,15.72,2.4,253.32,3.8,0.18
2019-02-11,242.71,160.96,40.41,98.25,20.86,123.6,99.44,15.97,2.4,253.32,3.8,0.17
2019-02-12,245.84,163.34,40.76,99.78,20.79,123.86,99.19,15.43,2.4,253.32,3.8,0.18
2019-02-13,246.63,163.46,40.59,99.71,20.54,123.37,98.81,15.65,2.4,253.32,3.8,0.18
2019-02-14,246.09,163.66,40.74,99.79,20.25,124.06,99.38,16.22,2.4,253.32,3.8,0.16
2019-02-15,248.77,164.35,40.65,101.03,20.53,124.8,99.53,14.91,2.4,253.32,3.8,0.14
2019-02-19,249.2,164.67,40.77,100.98,20.38,126.7,99.78,14.88,2.4,253.32,3.8,0.15
2019-02-20,249.7,164.64,41.03,100.45,20.17,126.48,99.5,14.02,2.4,253.32,3.8,0.15
2019-02-21,248.81,164.04,40.8,102.57,19.42,125.05,98.61,14.46,2.4,253.32,3.8,0.16
2019-02-22,250.36,165.26,41.25,104.03,19.65,125.5,99.2,13.51,2.4,253.32,3.8,0.17
2019-02-25,250.7,165.86,41.55,104.62,19.92,125.37,98.9,14.85,2.4,253.32,3.8,0.16
2019-02-26,250.52,166.03,41.58,105.34,19.86,125.58,99.39,15.17,2.4,253.32,3.8,0.16
2019-02-27,250.41,165.92,41.71,105.16,20.98,124.69,98.27,14.7,2.4,253.32,3.8,0.19
2019-02-28,249.94,165.54,41.3,105.03,21.33,123.99,97.93,14.78,2.4,253.32,3.8,0.21
2019-03-01,251.5,166.69,41.73,105.5,19.65,121.88,97.03,13.57,2.41,254.28,3.8,0.21
2019-03-04,250.59,166.72,41.94,105.24,19.02,121.56,97.79,14.63,2.41,254.28,3.8,0.17
2019-03-05,250.25,166.84,41.86,104.72,18.44,121.72,97.99,14.74,2.41,254.28,3.8,0.17
2019-03-06,248.73,165.9,41.62,104.77,18.42,121.61,98.35,15.74,2.41,254.28,3.8,0.17
2019-03-07,246.65,163.86,41.14,103.49,18.44,121.51,98.99,16.59,2.41,254.28,3.8,0.17
2019-03-08,246.16,163.61,41.24,103.6,18.94,122.84,99.41,16.05,2.41,254.28,3.8,0.17
2019-03-11,249.73,167.01,42.67,105.78,19.39,122.24,99.11,14.33,2.41,254.28,3.8,0.17
2019-03-12,250.67,167.93,43.15,106.52,18.89,122.98,99.81,13.77,2.41,254.28,3.8,0.16
2019-03-13,252.33,169.19,43.34,107.34,19.26,123.84,99.62,13.41,2.41,254.28,3.8,0.16
2019-03-14,252.17,168.91,43.82,107.43,19.33,122.41,98.9,13.5,2.41,254.28,3.8,0.17
2019-03-15,253.41,170.47,44.39,108.67,18.36,122.97,99.55,12.88,2.41,254.28,3.8,0.16
2019-03-18,254.33,170.88,44.84,110.22,17.97,123.04,99.5,13.1,2.41,254.28,3.8,0.15
2019-03-19,254.4,171.46,44.49,110.3,17.83,123.38,99.28,13.56,2.41,254.28,3.8,0.15
2019-03-20,253.63,172.13,44.88,110.18,18.24,124.18,100.31,13.91,2.41,254.28,3.8,0.14
2019-03-21,256.49,174.83,46.53,112.71,18.27,123.68,100.54,13.63,2.41,254.28,3.8,0.13
2019-03-22,251.56,170.99,45.57,109.73,17.64,123.97,102.1,16.48,2.41,254.28,3.8,0.13
2019-03-25,251.37,170.66,45.02,110.31,17.36,124.92,102.26,16.33,2.41,254.28,3.8,0.17
2019-03-26,253.24,171.46,44.55,110.54,17.85,124.3,102.19,14.68,2.41,254.28,3.8,0.17
2019-03-27,251.92,170.35,44.95,109.47,18.32,123.65,103.13,15.15,2.41,254.28,3.8,0.17
2019-03-28,252.87,170.75,45.01,109.62,18.57,121.9,103.49,14.43,2.41,254.28,3.8,0.16
2019-03-29,254.47,172.04,45.3,110.57,18.66,122.01,103.39,13.71,2.41,254.28,3.8,0.14
2019-04-01,257.49,174.32,45.61,111.58,19.28,121.53,101.92,13.4,2.42,255.23,3.7,0.16
2019-04-02,257.61,174.98,46.27,111.74,19.06,121.98,102.11,13.36,2.42,255.23,3.7,0.18
2019-04-03,258.02,175.98,46.59,112.47,19.45,121.8,101.22,13.74,2.42,255.23,3.7,0.19
2019-04-04,258.7,175.92,46.67,111.9,17.85,122.11,101.51,13.58,2.42,255.23,3.7,0.18
2019-04-05,259.95,176.83,46.99,112.4,18.33,121.98,101.64,12.82,2.42,255.23,3.7,0.15
2019-04-08,260.15,177.28,47.72,112.43,18.21,122.51,101.28,13.18,2.42,255.23,3.7,0.16
2019-04-09,258.82,176.65,47.58,111.83,18.15,123.15,101.6,14.28,2.42,255.23,3.7,0.16
2019-04-10,259.7,177.6,47.85,112.68,18.4,123.53,101.85,13.3,2.42,255.23,3.7,0.17
2019-04-11,259.63,177.18,47.45,112.81,17.89,121.95,101.25,13.02,2.42,255.23,3.7,0.16
2019-04-12,261.39,177.95,47.43,113.39,17.85,121.83,100.53,12.01,2.42,255.23,3.7,0.16
2019-04-15,261.22,177.98,47.52,113.48,17.76,121.6,100.78,12.32,2.42,255.23,3.7,0.15
2019-04-16,261.39,178.59,47.52,113.22,18.22,120.51,100.15,12.18,2.42,255.23,3.7,0.19
2019-04-17,260.75,179.21,48.45,114.16,18.08,120.28,100.19,12.6,2.42,255.23,3.7,0.19
2019-04-18,261.26,179.44,48.62,115.66,18.22,120.37,100.72,12.09,2.42,255.23,3.7,0.19
2019-04-22,261.49,179.95,48.78,116.03,17.52,120.37,100.23,12.42,2.42,255.23,3.7,0.21
2019-04-23,263.84,182.24,49.48,117.6,17.59,120.12,100.45,12.28,2.42,255.23,3.7,0.21
2019-04-24,263.25,181.66,49.41,117.2,17.24,120.47,101.27,13.14,2.42,255.23,3.7,0.21
2019-04-25,263.09,182.4,48.96,121.08,16.51,120.57,101.12,13.25,2.42,255.23,3.7,0.21
2019-04-26,264.31,182.56,48.73,121.77,15.68,121.37,101.46,12.73,2.42,255.23,3.7,0.23
2019-04-29,264.73,182.92,48.8,121.66,16.1,120.83,100.81,13.11,2.42,255.23,3.7,0.24
2019-04-30,264.86,181.5,47.86,122.44,15.91,121.2,101.33,13.12,2.42,255.23,3.7,0.24
2019-05-01,262.87,180.92,50.21,119.89,15.6,120.4,101.75,14.8,2.39,255.3,3.6,0.21
2019-05-02,262.31,180.13,49.88,118.32,16.27,119.94,101.26,14.42,2.39,255.3,3.6,0.2
2019-05-03,264.87,183.0,50.5,120.84,17.0,120.65,101.55,12.87,2.39,255.3,3.6,0.21
2019-05-06,263.78,181.88,49.72,120.14,17.02,120.81,101.83,15.44,2.39,255.3,3.6,0.2
2019-05-07,259.38,178.34,48.38,117.68,16.47,121.21,102.61,19.32,2.39,255.3,3.6,0.17
2019-05-08,259.02,177.89,48.39,117.67,16.32,120.91,102.17,19.4,2.39,255.3,3.6,0.19
2019-05-09,258.23,176.93,47.87,117.66,16.13,121.2,102.59,19.1,2.39,255.3,3.6,0.19
2019-05-10,259.53,177.15,47.21,119.18,15.97,121.43,102.45,16.04,2.39,255.3,3.6,0.21
2019-05-13,253.01,171.0,44.47,115.64,15.13,122.67,103.25,20.55,2.39,255.3,3.6,0.22
2019-05-14,255.3,172.88,45.17,116.93,15.49,122.46,102.95,18.06,2.39,255.3,3.6,0.22
2019-05-15,256.79,175.32,45.71,118.58,15.46,122.39,103.58,16.44,2.39,255.3,3.6,0.21
2019-05-16,259.17,177.09,45.51,121.32,15.22,121.51,103.23,15.29,2.39,255.3,3.6,0.2
2019-05-17,257.49,175.28,45.25,120.51,14.07,120.65,103.46,15.96,2.39,255.3,3.6,0.19
2019-05-20,255.79,172.32,43.84,118.77,13.69,120.64,103.25,16.31,2.39,255.3,3.6,0.2
2019-05-21,258.1,174.12,44.68,119.41,13.67,120.36,103.09,14.95,2.39,255.3,3.6,0.17
2019-05-22,257.31,173.34,43.76,120.13,12.85,120.24,103.68,14.75,2.39,255.3,3.6,0.16
2019-05-23,254.16,170.69,43.01,118.73,13.03,121.17,104.84,16.92,2.39,255.3,3.6,0.19
2019-05-24,254.74,170.6,42.85,118.79,12.71,121.3,104.93,15.85,2.39,255.3,3.6,0.16
2019-05-28,252.37,169.96,42.67,118.71,12.58,120.83,105.69,17.5,2.39,255.3,3.6,0.14
2019-05-29,250.68,168.56,42.47,117.57,12.66,120.87,106.01,17.9,2.39,255.3,3.6,0.16
2019-05-30,251.36,169.27,42.69,118.31,12.55,121.69,106.92,17.3,2.39,255.3,3.6,0.16
2019-05-31,247.97,166.57,41.92,116.38,12.34,123.33,108.26,18.71,2.39,255.3,3.6,0.19
2019-06-03,247.34,162.9,41.49,112.77,11.93,125.11,108.99,18.86,2.39,255.3,3.6,0.25
2019-06-04,252.71,167.49,43.01,115.89,12.91,125.15,107.74,16.97,2.39,255.3,3.6,0.24
2019-06-05,254.9,168.74,43.7,118.4,13.11,125.47,107.13,16.09,2.39,255.3,3.6,0.29
2019-06-06,256.56,170.08,44.35,120.28,13.73,125.88,107.48,15.93,2.39,255.3,3.6,0.24
2019-06-07,259.13,173.36,45.53,123.64,13.63,126.59,108.41,16.3,2.39,255.3,3.6,0.24
2019-06-10,260.31,175.38,46.11,124.77,14.19,125.33,107.39,15.94,2.39,255.3,3.6,0.25
2019-06-11,260.25,175.62,46.64,124.3,14.47,125.18,107.45,15.99,2.39,255.3,3.6,0.22
2019-06-12,259.79,174.61,46.49,123.73,13.95,125.83,107.54,15.91,2.39,255.3,3.6,0.25
2019-06-13,260.86,175.64,46.48,124.51,14.26,126.6,107.91,15.82,2.39,255.3,3.6,0.27
2019-06-14,260.58,174.89,46.15,124.63,14.33,126.56,108.18,15.28,2.39,255.3,3.6,0.25
2019-06-17,260.67,175.95,46.42,125.01,15.0,126.48,108.37,15.35,2.39,255.3,3.6,0.23
2019-06-18,263.4,178.5,47.51,127.18,14.98,127.12,108.91,15.15,2.39,255.3,3.6,0.2
2019-06-19,264.0,179.17,47.37,127.68,15.1,127.89,109.07,14.33,2.39,255.3,3.6,0.29
2019-06-20,266.52,180.84,47.76,128.87,14.64,131.11,109.36,14.75,2.39,255.3,3.6,0.29
2019-06-21,266.13,180.57,47.59,128.89,14.79,131.98,108.15,15.4,2.39,255.3,3.6,0.3
2019-06-24,265.81,180.58,47.54,129.65,14.91,133.94,108.96,15.26,2.39,255.3,3.6,0.3
2019-06-25,263.2,177.48,46.82,125.55,14.65,134.2,109.3,16.28,2.39,255.3,3.6,0.29
2019-06-26,262.94,178.3,47.84,126.02,14.62,132.97,108.6,16.21,2.39,255.3,3.6,0.28
2019-06-27,263.87,178.98,47.82,126.23,14.86,132.84,109.36,15.82,2.39,255.3,3.6,0.27
2019-06-28,265.23,179.21,47.39,126.05,14.9,133.2,109.29,15.08,2.39,255.3,3.6,0.25
2019-07-01,267.64,181.63,48.26,127.67,15.14,130.62,109.03,14.06,2.4,255.8,3.7,0.25
2019-07-02,268.33,182.35,48.54,128.52,14.97,133.41,109.87,12.93,2.4,255.8,3.7,0.21
2019-07-03,270.48,183.72,48.94,129.35,15.66,133.63,110.66,12.57,2.4,255.8,3.7,0.19
2019-07-05,270.17,183.35,48.9,128.97,15.54,132.14,109.19,13.28,2.4,255.8,3.7,0.17
2019-07-08,268.69,182.06,47.89,128.88,15.36,131.29,109.34,13.96,2.4,255.8,3.7,0.17
2019-07-09,269.02,182.98,48.18,128.41,15.34,131.75,109.3,14.09,2.4,255.8,3.7,0.15
2019-07-10,270.31,184.8,48.66,129.71,15.93,133.83,108.7,13.03,2.4,255.8,3.7,0.25
2019-07-11,270.94,184.67,48.3,130.23,15.91,132.7,107.24,12.93,2.4,255.8,3.7,0.28
2019-07-12,272.15,185.73,48.67,130.7,16.34,133.53,107.37,12.39,2.4,255.8,3.7,0.28
2019-07-15,272.24,186.33,49.13,130.7,16.9,133.53,107.99,12.68,2.4,255.8,3.7,0.26
2019-07-16,271.37,185.37,48.96,128.99,16.83,132.4,107.67,12.86,2.4,255.8,3.7,0.26
2019-07-17,269.52,184.45,48.69,128.23,16.99,134.58,108.83,13.97,2.4,255.8,3.7,0.23
2019-07-18,270.51,184.67,49.24,128.37,16.9,136.48,108.84,13.53,2.4,255.8,3.7,0.27
2019-07-19,269.0,183.31,48.5,128.56,17.21,134.47,108.58,14.45,2.4,255.8,3.7,0.25
2019-07-22,269.66,184.77,49.61,130.26,17.05,134.45,108.79,13.53,2.4,255.8,3.7,0.25
2019-07-23,271.59,185.98,50.0,131.07,17.34,133.69,108.19,12.61,2.4,255.8,3.7,0.25
2019-07-24,272.87,187.29,49.96,132.41,17.66,134.37,108.66,12.07,2.4,255.8,3.7,0.22
2019-07-25,271.56,185.51,49.57,131.92,15.25,133.42,108.14,12.74,2.4,255.8,3.7,0.22
2019-07-26,273.38,187.42,49.74,133.0,15.2,133.64,108.4,12.16,2.4,255.8,3.7,0.22
2019-07-29,272.89,186.78,50.2,132.71,15.72,134.53,108.43,12.83,2.4,255.8,3.7,0.21
2019-07-30,272.22,185.97,49.99,132.07,16.15,134.98,108.7,13.94,2.4,255.8,3.7,0.21
2019-07-31,269.24,183.4,51.01,128.23,16.11,133.21,109.57,16.12,2.4,255.8,3.7,0.13
2019-08-01,266.89,182.49,49.9,129.91,15.59,136.41,111.75,17.87,2.13,256.04,3.6,0.17
2019-08-02,264.88,179.8,48.85,128.82,15.62,135.89,112.78,17.61,2.13,256.04,3.6,0.14
2019-08-05,256.92,173.45,46.29,124.41,15.22,137.79,114.73,24.59,2.13,256.04,3.6,0.16
2019-08-06,260.52,175.87,47.17,126.74,15.38,138.91,115.65,20.17,2.13,256.04,3.6,0.13
2019-08-07,260.68,176.82,47.65,127.29,15.56,141.02,115.69,19.49,2.13,256.04,3.6,0.12
2019-08-08,265.79,180.67,48.71,130.69,15.89,141.73,115.93,16.91,2.13,256.04,3.6,0.1
2019-08-09,263.98,178.97,48.3,129.58,15.67,141.26,115.7,17.97,2.13,256.04,3.6,0.11
2019-08-12,260.77,176.92,48.18,127.77,15.27,142.63,118.12,21.09,2.13,256.04,3.6,0.07
2019-08-13,264.82,180.8,50.22,130.42,15.67,141.78,117.71,17.52,2.13,256.04,3.6,0.02
2019-08-14,256.99,175.39,48.73,126.49,14.64,142.75,120.36,22.1,2.13,256.04,3.6,0.01
2019-08-15,257.67,175.19,48.48,126.21,14.38,143.7,121.7,21.18,2.13,256.04,3.6,0.04
2019-08-16,261.47,178.0,49.63,128.52,14.66,142.78,120.73,18.47,2.13,256.04,3.6,0.07
2019-08-19,264.62,180.84,50.55,130.67,15.12,141.11,119.0,16.88,2.13,256.04,3.6,0.07
2019-08-20,262.59,179.43,50.56,129.59,15.06,142.21,120.23,17.5,2.13,256.04,3.6,0.05
2019-08-21,264.73,181.03,51.1,131.03,14.72,141.76,119.43,15.8,2.13,256.04,3.6,0.03
2019-08-22,264.65,180.44,51.06,130.08,14.81,141.4,118.64,16.68,2.13,256.04,3.6,0.01
2019-08-23,257.85,174.73,48.7,125.93,14.09,144.17,120.59,19.87,2.13,256.04,3.6,0.01
2019-08-26,260.7,177.37,49.63,127.88,14.33,144.19,120.1,19.32,2.13,256.04,3.6,0.0
2019-08-27,259.68,177.0,49.07,128.15,14.27,145.57,121.95,20.31,2.13,256.04,3.6,-0.04
2019-08-28,261.51,177.63,49.4,127.98,14.37,145.16,122.11,19.35,2.13,256.04,3.6,-0.03
2019-08-29,264.85,180.35,50.23,130.4,14.78,144.12,121.64,17.88,2.13,256.04,3.6,-0.03
2019-08-30,264.73,179.91,50.17,130.15,15.04,143.75,121.68,18.98,2.13,256.04,3.6,0.0
2019-09-03,263.18,178.17,49.44,128.44,15.0,145.75,121.83,19.66,2.13,256.04,3.6,0.0
2019-09-04,266.17,180.74,50.28,129.94,14.71,146.66,122.02,17.33,2.13,256.04,3.6,0.04
2019-09-05,269.59,184.05,51.26,132.22,15.31,143.14,119.81,16.27,2.13,256.04,3.6,0.02
2019-09-06,269.8,183.87,51.25,131.33,15.16,141.92,120.66,15.0,2.13,256.04,3.6,0.02
2019-09-09,269.94,183.48,51.47,129.83,15.45,141.39,118.51,15.27,2.13,256.04,3.6,0.05
2019-09-10,269.87,182.96,52.08,128.47,15.7,140.18,116.44,15.2,2.13,256.04,3.6,0.05
2019-09-11,271.79,184.67,53.74,128.51,16.47,141.03,116.23,14.61,2.13,256.04,3.6,0.07
2019-09-12,272.73,185.44,53.62,129.83,16.39,141.32,115.47,14.22,2.13,256.04,3.6,0.07
2019-09-13,272.55,184.78,52.57,129.64,16.35,140.15,113.0,13.74,2.13,256.04,3.6,0.11
2019-09-16,271.71,183.96,52.85,128.71,16.19,141.32,114.44,14.67,2.13,256.04,3.6,0.1
2019-09-17,272.4,184.84,53.04,129.71,16.32,141.6,115.06,14.44,2.13,256.04,3.6,0.09
2019-09-18,272.56,184.76,53.54,130.78,16.23,140.71,115.55,13.95,2.13,256.04,3.6,0.03
2019-09-19,272.54,185.07,53.1,133.19,16.44,141.28,115.9,14.05,2.13,256.04,3.6,0.05
2019-09-20,271.25,183.11,52.33,131.65,16.04,142.95,117.43,15.32,2.13,256.04,3.6,0.05
2019-09-23,271.19,183.19,52.57,131.36,16.08,143.75,117.41,14.91,2.13,256.04,3.6,0.04
2019-09-24,269.06,180.76,52.32,129.7,14.88,144.51,118.82,17.05,2.13,256.04,3.6,0.04
2019-09-25,270.65,182.79,53.12,131.57,15.25,141.83,117.08,15.96,2.13,256.04,3.6,0.05
2019-09-26,270.09,182.11,52.85,131.74,16.17,141.79,117.84,16.07,2.13,256.04,3.6,0.04
2019-09-27,268.64,179.85,52.59,130.03,16.14,141.06,118.13,17.22,2.13,256.04,3.6,0.06
2019-09-30,269.88,181.57,53.83,131.26,16.06,138.87,118.42,16.24,2.13,256.04,3.6,0.05
2019-10-01,266.67,180.09,53.98,129.41,16.31,139.63,118.77,18.56,1.83,257.15,3.6,0.09
2019-10-02,261.96,176.99,52.62,127.12,16.21,141.26,119.06,20.56,1.83,257.15,3.6,0.12
2019-10-03,264.11,178.93,53.07,128.66,15.54,141.9,120.15,19.12,1.83,257.15,3.6,0.15
2019-10-04,267.68,181.57,54.56,130.4,15.43,141.9,121.04,17.04,1.83,257.15,3.6,0.12
2019-10-07,266.53,181.02,54.57,129.46,15.85,140.69,120.03,17.86,1.83,257.15,3.6,0.1
2019-10-08,262.39,178.31,53.93,128.09,16.0,141.92,120.36,20.28,1.83,257.15,3.6,0.12
2019-10-09,264.88,180.05,54.56,130.51,16.3,142.05,119.68,18.64,1.83,257.15,3.6,0.12
2019-10-10,266.67,181.44,55.3,131.33,16.32,140.81,117.89,17.57,1.83,257.15,3.6,0.14
2019-10-11,269.44,183.78,56.77,131.87,16.53,140.03,116.43,15.58,1.83,257.15,3.6,0.13
2019-10-14,269.14,183.76,56.69,131.75,17.13,140.59,117.28,14.57,1.83,257.15,3.6,0.13
2019-10-15,271.8,186.1,56.55,133.66,17.19,139.61,115.86,13.54,1.83,257.15,3.6,0.16
2019-10-16,271.36,185.63,56.33,132.56,17.32,140.41,116.0,13.68,1.83,257.15,3.6,0.17
2019-10-17,272.16,186.12,56.55,131.88,17.46,140.61,115.72,13.79,1.83,257.15,3.6,0.16
2019-10-18,270.97,184.34,56.82,129.73,17.13,140.46,115.72,14.25,1.83,257.15,3.6,0.18
2019-10-21,272.81,185.97,57.8,130.69,16.9,139.79,114.85,14.0,1.83,257.15,3.6,0.18
2019-10-22,271.92,184.49,57.67,128.75,17.04,140.2,115.52,14.46,1.83,257.15,3.6,0.18
2019-10-23,272.71,184.85,58.44,129.57,16.98,140.53,115.64,14.01,1.83,257.15,3.6,0.19
2019-10-24,273.16,186.64,58.54,132.12,19.98,141.53,115.41,13.71,1.83,257.15,3.6,0.19
2019-10-25,274.27,188.13,59.26,132.86,21.88,141.86,114.84,12.65,1.83,257.15,3.6,0.17
2019-10-28,275.82,189.99,59.85,136.13,21.85,140.64,113.8,13.11,1.83,257.15,3.6,0.21
2019-10-29,275.74,188.52,58.47,134.85,21.08,140.25,113.87,13.2,1.83,257.15,3.6,0.2
2019-10-30,276.58,189.43,58.46,136.53,21.0,141.02,115.54,12.33,1.83,257.15,3.6,0.17
2019-10-31,275.85,189.52,59.79,135.36,20.99,142.43,117.1,13.22,1.83,257.15,3.6,0.17
2019-11-01,278.4,191.24,61.48,135.69,20.89,142.56,116.74,12.3,1.55,257.88,3.6,0.17
2019-11-04,279.52,192.42,61.89,136.47,21.16,142.15,115.2,12.83,1.55,257.88,3.6,0.19
2019-11-05,279.21,192.53,61.8,136.39,21.15,139.85,113.9,13.1,1.55,257.88,3.6,0.23
2019-11-06,279.28,192.1,61.82,136.01,21.77,140.45,114.59,12.62,1.55,257.88,3.6,0.2
2019-11-07,280.26,192.74,62.54,136.2,22.37,138.27,112.52,12.73,1.55,257.88,3.6,0.24
2019-11-08,280.95,193.51,62.71,137.8,22.48,137.39,112.04,12.07,1.55,257.88,3.6,0.26
2019-11-11,280.41,193.25,63.2,137.94,23.01,137.06,112.12,12.69,1.55,257.88,3.6,0.26
2019-11-12,281.0,193.81,63.15,138.85,23.33,137.43,112.63,12.68,1.55,257.88,3.6,0.26
2019-11-13,281.09,193.86,63.75,139.08,23.07,137.98,113.36,13.0,1.55,257.88,3.6,0.25
2019-11-14,281.5,193.7,63.31,139.78,23.29,138.56,114.54,13.05,1.55,257.88,3.6,0.24
2019-11-15,283.54,195.13,64.06,141.59,23.48,138.21,114.41,12.05,1.55,257.88,3.6,0.23
2019-11-18,283.75,195.28,64.39,141.94,23.33,138.62,114.62,12.46,1.55,257.88,3.6,0.21
2019-11-19,283.67,195.57,64.19,141.98,23.97,138.69,115.57,12.86,1.55,257.88,3.6,0.19
2019-11-20,282.61,194.39,63.44,141.74,23.48,138.76,116.77,12.78,1.55,257.88,3.6,0.17
2019-11-21,282.16,193.96,63.16,141.61,23.66,138.0,116.04,13.13,1.55,257.88,3.6,0.17
2019-11-22,282.79,194.09,63.1,141.71,22.2,137.74,116.19,12.34,1.55,257.88,3.6,0.16
2019-11-25,284.98,196.38,64.21,143.26,22.42,137.08,116.53,11.87,1.55,257.88,3.6,0.15
2019-11-26,285.62,196.76,63.71,144.02,21.93,137.74,117.21,11.54,1.55,257.88,3.6,0.16
2019-11-27,286.9,198.14,64.56,144.3,22.09,137.01,116.87,11.75,1.55,257.88,3.6,0.14
2019-11-29,285.83,197.23,64.42,143.41,22.0,137.86,116.62,12.62,1.55,257.88,3.6,0.17
2019-12-02,283.4,195.21,63.68,141.67,22.32,137.79,115.07,14.91,1.55,257.88,3.6,0.22
2019-12-03,281.5,193.68,62.54,141.44,22.41,139.11,117.48,15.96,1.55,257.88,3.6,0.19
2019-12-04,283.24,194.66,63.09,141.96,22.2,138.92,116.31,14.8,1.55,257.88,3.6,0.19
2019-12-05,283.75,195.05,64.02,142.03,22.02,139.0,115.74,14.52,1.55,257.88,3.6,0.22
2019-12-06,286.34,197.14,65.26,143.76,22.39,137.62,115.1,13.62,1.55,257.88,3.6,0.23
2019-12-09,285.44,196.24,64.34,143.39,22.64,137.58,115.35,15.86,1.55,257.88,3.6,0.2
2019-12-10,285.12,196.08,64.72,143.17,23.26,137.97,115.36,15.68,1.55,257.88,3.6,0.2
2019-12-11,285.93,197.12,65.27,143.71,23.51,138.92,116.26,14.99,1.55,257.88,3.6,0.18
2019-12-12,288.4,198.59,65.44,145.17,23.98,138.43,114.35,13.94,1.55,257.88,3.6,0.24
2019-12-13,288.57,199.24,66.33,146.39,23.89,139.05,115.67,12.63,1.55,257.88,3.6,0.21
2019-12-16,290.55,201.24,67.46,147.34,25.43,139.04,114.63,12.14,1.55,257.88,3.6,0.24
2019-12-17,290.62,201.36,67.59,146.54,25.27,139.01,114.47,12.29,1.55,257.88,3.6,0.26
2019-12-18,290.63,201.51,67.43,146.24,26.21,139.02,113.53,12.58,1.55,257.88,3.6,0.29
2019-12-19,291.83,202.77,67.5,147.51,26.94,139.38,113.72,12.5,1.55,257.88,3.6,0.3
2019-12-20,293.1,203.59,67.36,149.12,27.04,139.52,113.87,12.51,1.55,257.88,3.6,0.29
2019-12-23,293.55,204.13,68.46,149.12,27.95,139.95,113.7,12.61,1.55,257.88,3.6,0.29
2019-12-24,293.56,204.23,68.52,149.09,28.35,141.27,114.02,12.67,1.55,257.88,3.6,0.28
2019-12-26,295.12,206.03,69.88,150.31,28.73,142.38,114.3,12.65,1.55,257.88,3.6,0.26
2019-12-27,295.05,205.86,69.86,150.59,28.69,142.33,114.42,13.43,1.55,257.88,3.6,0.29
2019-12-30,293.42,204.51,70.27,149.29,27.65,142.63,114.01,14.82,1.55,257.88,3.6,0.32
2019-12-31,294.14,204.9,70.79,149.39,27.89,142.9,112.89,13.78,1.55,257.88,3.6,0.34
2020-01-02,296.89,208.32,72.4,152.16,28.68,143.95,114.17,12.47,1.55,257.88,3.6,0.3
2020-01-03,294.64,206.41,71.7,150.26,29.53,145.86,115.92,14.02,1.55,257.88,3.6,0.27
2020-01-06,295.76,207.74,72.27,150.65,30.1,147.39,115.27,13.85,1.55,257.88,3.6,0.27
2020-01-07,294.93,207.71,71.93,149.28,31.27,147.97,114.7,13.79,1.55,257.88,3.6,0.29
2020-01-08,296.5,209.27,73.09,151.66,32.81,146.86,113.94,13.45,1.55,257.88,3.6,0.29
2020-01-09,298.51,211.04,74.64,153.55,32.09,146.03,114.34,12.54,1.55,257.88,3.6,0.27
2020-01-10,297.66,210.51,74.81,152.84,31.88,146.91,115.36,12.56,1.55,257.88,3.6,0.27
2020-01-13,299.7,212.93,76.4,154.68,34.99,145.82,115.01,12.32,1.55,257.88,3.6,0.27
2020-01-14,299.25,212.1,75.37,153.59,35.86,145.69,115.6,12.39,1.55,257.88,3.6,0.24
2020-01-15,299.92,212.18,75.05,154.58,34.57,146.54,116.37,12.42,1.55,257.88,3.6,0.23
2020-01-16,302.42,214.22,75.99,157.42,34.23,146.31,116.0,12.32,1.55,257.88,3.6,0.23
2020-01-17,303.36,215.28,76.83,158.3,34.03,146.58,115.01,12.1,1.55,257.88,3.6,0.26
2020-01-21,302.76,215.18,76.31,157.73,36.48,146.74,116.22,12.85,1.55,257.88,3.6,0.25
2020-01-22,302.8,215.75,76.58,156.97,37.97,146.79,116.62,12.91,1.55,257.88,3.6,0.24
2020-01-23,303.15,216.44,76.95,157.94,38.15,147.12,117.44,12.98,1.55,257.88,3.6,0.23
2020-01-24,300.45,214.62,76.73,156.35,37.65,147.98,118.39,14.56,1.55,257.88,3.6,0.21
2020-01-27,295.64,210.19,74.47,153.73,37.2,148.99,120.23,18.23,1.55,257.88,3.6,0.17
2020-01-28,298.73,213.42,76.58,156.74,37.79,147.66,119.29,16.28,1.55,257.88,3.6,0.2
2020-01-29,298.49,213.76,78.18,159.19,38.73,148.46,120.46,16.39,1.55,257.88,3.6,0.18
2020-01-30,299.46,214.52,78.07,163.68,42.72,148.47,120.47,15.49,1.55,257.88,3.6,0.16
2020-01-31,294.02,211.12,74.61,161.26,43.37,149.33,121.57,18.84,1.55,257.88,3.6,0.18
2020-02-03,296.2,214.31,74.4,165.19,52.0,148.36,121.48,17.97,1.55,257.88,3.6,0.18
2020-02-04,300.72,219.22,76.86,170.63,59.14,146.43,119.84,16.05,1.55,257.88,3.6,0.2
2020-02-05,304.19,219.94,77.49,170.42,48.98,146.61,118.53,15.15,1.55,257.88,3.6,0.22
2020-02-06,305.21,221.84,78.39,173.96,49.93,147.4,119.06,14.96,1.55,257.88,3.6,0.21
2020-02-07,303.59,220.88,77.33,174.2,49.87,147.79,120.55,15.47,1.55,257.88,3.6,0.18
2020-02-10,305.85,223.55,77.69,178.76,51.42,148.17,120.88,15.04,1.55,257.88,3.6,0.19
2020-02-11,306.38,223.59,77.23,174.72,51.63,147.66,120.27,15.18,1.55,257.88,3.6,0.18
2020-02-12,308.36,225.77,79.06,174.98,51.15,147.54,119.66,13.74,1.55,257.88,3.6,0.18
2020-02-13,308.03,225.48,78.5,174.03,53.6,148.38,120.12,14.15,1.55,257.88,3.6,0.17
2020-02-14,308.52,226.13,78.52,175.59,53.34,149.0,120.65,13.68,1.55,257.88,3.6,0.17
2020-02-18,307.73,226.21,77.08,177.37,57.23,150.91,121.48,14.83,1.55,257.88,3.6,0.14
2020-02-19,309.2,228.38,78.19,177.9,61.16,151.79,121.47,14.38,1.55,257.88,3.6,0.14
2020-02-20,307.93,226.26,77.39,175.18,59.96,152.41,122.42,15.56,1.55,257.88,3.6,0.13
2020-02-21,304.76,221.92,75.64,169.64,60.07,154.7,123.56,17.08,1.55,257.88,3.6,0.12
2020-02-24,294.65,213.36,72.05,162.33,55.59,156.09,125.41,25.03,1.55,257.88,3.6,0.12
2020-02-25,285.72,207.56,69.61,159.65,53.33,153.3,126.07,27.85,1.55,257.88,3.6,0.13
2020-02-26,284.67,208.63,70.71,161.65,51.92,153.97,125.41,27.56,1.55,257.88,3.6,0.17
2020-02-27,271.88,198.18,66.09,150.26,45.27,154.0,126.77,39.16,1.55,257.88,3.6,0.19
2020-02-28,270.74,198.33,66.05,153.89,44.53,148.38,129.63,40.11,1.55,257.88,3.6,0.27
2020-03-02,282.47,208.57,72.2,164.13,49.57,149.2,128.68,33.42,1.55,257.88,3.6,0.26
2020-03-03,274.38,201.88,69.91,156.27,49.7,153.89,130.67,36.82,1.55,257.88,3.6,0.31
2020-03-04,285.91,210.3,73.15,162.01,49.97,154.16,129.29,31.99,1.55,257.88,3.6,0.35
2020-03-05,276.41,203.91,70.78,157.94,48.3,157.49,132.51,39.62,1.55,257.88,3.6,0.33
2020-03-06,271.84,200.47,69.84,153.48,46.9,157.55,139.4,41.94,1.55,257.88,3.6,0.25
2020-03-09,250.61,186.55,64.31,143.07,40.53,157.81,143.18,54.46,1.55,257.88,3.6,0.16
2020-03-10,263.58,196.7,68.95,152.86,43.02,154.48,135.84,47.3,1.55,257.88,3.6,0.26
2020-03-11,250.73,188.14,66.55,145.93,42.28,153.93,130.84,53.9,1.55,257.88,3.6,0.32
2020-03-12,226.74,170.89,59.98,132.09,37.37,147.79,131.65,75.47,1.55,257.88,3.6,0.38
2020-03-13,246.12,185.36,67.16,150.87,36.44,143.28,128.68,57.83,1.55,257.88,3.6,0.45
2020-03-16,219.19,163.16,58.52,128.64,29.67,141.64,137.01,82.69,1.55,257.88,3.6,0.37
2020-03-17,231.03,175.53,61.1,139.23,28.68,143.56,127.87,75.91,1.55,257.88,3.6,0.55
2020-03-18,219.33,170.19,59.6,133.37,24.08,140.7,120.66,76.45,1.55,257.88,3.6,0.64
2020-03-19,219.79,171.21,59.15,135.56,28.51,138.04,123.95,72.0,1.55,257.88,3.6,0.68
2020-03-20,210.32,164.51,55.39,130.47,28.5,140.11,133.27,66.04,1.55,257.88,3.6,0.55
2020-03-23,204.94,164.63,54.21,129.17,28.95,146.3,138.76,61.59,1.55,257.88,3.6,0.48
2020-03-24,223.51,177.37,59.65,140.91,33.67,153.4,136.17,61.67,1.55,257.88,3.6,0.46
2020-03-25,226.86,176.06,59.32,139.56,35.95,151.3,135.87,63.95,1.55,257.88,3.6,0.54
2020-03-26,240.11,185.33,62.45,148.29,35.21,153.24,136.53,61.0,1.55,257.88,3.6,0.53
2020-03-27,232.95,178.96,59.86,142.2,34.29,152.25,140.18,65.54,1.55,257.88,3.6,0.47
2020-03-30,240.52,185.47,61.57,152.2,33.48,152.92,139.02,57.08,1.55,257.88,3.6,0.47
2020-03-31,236.93,183.88,61.44,149.81,34.93,148.05,137.9,53.54,1.55,257.88,3.6,0.47
2020-04-01,226.27,176.07,58.21,144.49,32.1,149.45,139.83,57.06,0.05,256.03,14.8,0.39
2020-04-02,231.49,179.64,59.18,147.48,30.3,151.9,140.72,50.91,0.05,256.03,14.8,0.4
2020-04-03,228.15,177.09,58.33,146.12,32.0,152.65,141.05,46.8,0.05,256.03,14.8,0.39
2020-04-06,243.47,189.76,63.42,156.99,34.42,156.88,140.68,45.24,0.05,256.03,14.8,0.4
2020-04-07,243.72,189.68,62.69,155.3,36.36,156.04,139.21,46.7,0.05,256.03,14.8,0.47
2020-04-08,251.9,193.71,64.29,156.86,36.59,154.65,138.2,43.35,0.05,256.03,14.8,0.5
2020-04-09,255.73,193.99,64.75,156.87,38.2,158.69,138.45,41.67,0.05,256.03,14.8,0.5
2020-04-13,253.4,196.08,66.02,157.22,43.4,161.41,137.18,41.17,0.05,256.03,14.8,0.51
2020-04-14,260.87,204.61,69.36,165.0,47.33,162.68,137.15,37.76,0.05,256.03,14.8,0.53
2020-04-15,255.33,202.26,68.73,163.27,48.66,161.85,140.78,40.84,0.05,256.03,14.8,0.43
2020-04-16,256.56,205.95,69.27,168.17,49.68,161.71,142.38,40.11,0.05,256.03,14.8,0.41
2020-04-17,263.49,207.92,68.33,169.65,50.26,158.57,140.47,38.15,0.05,256.03,14.8,0.45
2020-04-20,258.85,205.46,66.91,166.29,49.76,159.7,141.6,43.83,0.05,256.03,14.8,0.43
2020-04-21,250.99,197.88,64.85,159.41,45.78,158.61,143.39,45.41,0.05,256.03,14.8,0.38
2020-04-22,256.56,203.75,66.71,164.83,48.81,161.73,141.92,41.98,0.05,256.03,14.8,0.41
2020-04-23,256.54,203.31,66.45,162.83,47.04,163.34,142.67,41.38,0.05,256.03,14.8,0.39
2020-04-24,260.12,206.52,68.37,165.81,48.34,162.64,143.01,35.93,0.05,256.03,14.8,0.38
2020-04-27,263.87,208.18,68.42,165.33,53.25,161.56,140.35,33.29,0.05,256.03,14.8,0.43
2020-04-28,262.65,204.26,67.31,161.3,51.27,160.84,141.96,33.57,0.05,256.03,14.8,0.42
2020-04-29,269.53,211.5,69.52,168.54,53.37,161.73,141.23,31.23,0.05,256.03,14.8,0.43
2020-04-30,267.02,211.42,70.99,170.23,52.13,158.8,139.58,34.15,0.05,256.03,14.8,0.44
2020-05-01,259.95,205.46,69.85,165.83,46.75,159.78,140.77,37.19,0.05,255.8,13.2,0.44
2020-05-04,260.67,207.85,70.84,169.88,50.75,160.34,140.11,35.97,0.05,255.8,13.2,0.45
2020-05-05,263.08,210.21,71.9,171.71,51.21,161.02,139.21,33.61,0.05,255.8,13.2,0.47
2020-05-06,261.29,211.5,72.64,173.4,52.17,158.95,136.97,34.12,0.05,255.8,13.2,0.55
2020-05-07,264.45,214.23,73.39,174.4,52.0,161.39,139.26,31.44,0.05,255.8,13.2,0.5
2020-05-08,268.82,217.16,75.14,175.43,54.63,160.42,137.45,27.98,0.05,255.8,13.2,0.53
2020-05-11,268.88,219.1,76.32,177.39,54.09,159.42,136.37,27.57,0.05,255.8,13.2,0.56
2020-05-12,263.52,214.52,75.45,173.37,53.96,160.04,137.77,33.04,0.05,255.8,13.2,0.52
2020-05-13,258.86,211.83,74.54,170.75,52.73,161.58,138.74,35.28,0.05,255.8,13.2,0.48
2020-05-14,261.96,214.24,75.0,171.49,53.56,163.01,140.09,32.61,0.05,255.8,13.2,0.47
2020-05-15,263.16,215.63,74.55,173.98,53.28,163.93,139.73,31.89,0.05,255.8,13.2,0.48
2020-05-18,271.18,219.65,76.31,175.65,54.24,162.69,136.67,29.3,0.05,255.8,13.2,0.55
2020-05-19,268.39,219.1,75.87,174.43,53.87,164.26,137.18,30.53,0.05,255.8,13.2,0.53
2020-05-20,272.95,223.47,77.34,176.85,54.37,164.65,137.59,27.99,0.05,255.8,13.2,0.52
2020-05-21,271.07,221.04,76.77,174.73,55.17,162.25,137.93,29.53,0.05,255.8,13.2,0.51
2020-05-22,271.58,221.8,77.26,174.8,54.46,163.21,138.76,28.16,0.05,255.8,13.2,0.49
2020-05-26,274.93,221.2,76.74,172.95,54.59,160.89,136.9,28.01,0.05,255.8,13.2,0.51
2020-05-27,279.02,222.41,77.07,173.18,54.68,161.18,136.65,27.62,0.05,255.8,13.2,0.49
2020-05-28,278.5,222.12,77.11,172.79,53.72,161.72,136.15,28.59,0.05,255.8,13.2,0.53
2020-05-29,279.74,225.37,77.03,174.56,55.67,162.91,137.12,27.51,0.05,255.8,13.2,0.49
2020-06-01,280.87,226.05,77.98,174.16,59.87,163.66,136.19,28.23,0.08,257.04,11.0,0.52
2020-06-02,283.2,227.57,78.34,176.14,58.77,162.6,135.7,26.84,0.08,257.04,11.0,0.51
2020-06-03,286.97,228.59,78.77,176.57,58.86,159.6,133.9,25.66,0.08,257.04,11.0,0.58
2020-06-04,286.21,226.99,78.09,174.24,57.63,161.28,131.96,25.81,0.08,257.04,11.0,0.63
2020-06-05,293.55,231.49,80.32,178.32,59.04,158.01,131.02,24.52,0.08,257.04,11.0,0.69
2020-06-08,297.1,233.28,80.79,179.42,63.33,159.72,131.52,25.81,0.08,257.04,11.0,0.66
2020-06-09,294.88,234.97,83.34,180.79,62.71,161.26,133.01,27.57,0.08,257.04,11.0,0.64
2020-06-10,293.24,237.79,85.49,187.5,68.34,163.57,134.99,27.57,0.08,257.04,11.0,0.58
2020-06-11,276.33,226.01,81.38,177.43,64.86,162.39,137.54,40.79,0.08,257.04,11.0,0.47
2020-06-12,279.64,227.81,82.08,178.83,62.35,162.62,136.21,36.09,0.08,257.04,11.0,0.52
2020-06-15,282.25,230.58,83.1,179.98,66.06,162.33,136.29,34.4,0.08,257.04,11.0,0.52
2020-06-16,287.69,234.54,85.3,184.39,65.48,162.25,134.2,33.67,0.08,257.04,11.0,0.54
2020-06-17,286.49,235.28,85.18,185.02,66.12,162.56,134.75,33.47,0.08,257.04,11.0,0.55
2020-06-18,286.6,235.92,85.22,187.01,66.93,162.24,136.18,32.94,0.08,257.04,11.0,0.52
2020-06-19,284.96,235.88,84.73,185.89,66.73,164.03,136.29,35.12,0.08,257.04,11.0,0.51
2020-06-22,286.79,238.71,86.95,191.05,66.29,165.09,136.3,31.77,0.08,257.04,11.0,0.52
2020-06-23,288.11,240.74,88.8,192.33,66.79,166.48,135.37,31.37,0.08,257.04,11.0,0.54
2020-06-24,280.76,235.78,87.24,188.45,64.06,165.9,136.82,33.84,0.08,257.04,11.0,0.5
2020-06-25,283.77,238.02,88.39,190.83,65.73,165.8,137.22,32.22,0.08,257.04,11.0,0.51
2020-06-26,277.03,232.4,85.68,187.01,63.98,166.54,138.69,34.73,0.08,257.04,11.0,0.47
2020-06-29,281.1,234.94,87.65,189.02,67.29,166.63,138.25,31.78,0.08,257.04,11.0,0.48
2020-06-30,284.7,239.54,88.38,193.85,71.99,167.37,137.58,30.43,0.08,257.04,11.0,0.5
2020-07-01,286.7,242.34,88.22,194.99,74.64,166.62,137.31,28.62,0.09,258.35,10.2,0.52
2020-07-02,288.28,243.98,88.22,196.47,80.58,166.98,137.46,27.68,0.09,258.35,10.2,0.52
2020-07-06,292.73,249.98,90.58,200.7,91.44,167.98,136.89,27.94,0.09,258.35,10.2,0.53
2020-07-07,289.71,248.26,90.3,198.37,92.66,169.04,138.82,29.43,0.09,258.35,10.2,0.49
2020-07-08,291.92,251.53,92.4,202.73,91.06,170.09,138.26,28.08,0.09,258.35,10.2,0.51
2020-07-09,290.26,253.65,92.8,204.15,92.95,169.63,140.46,29.26,0.09,258.35,10.2,0.46
2020-07-10,293.23,255.38,92.96,203.53,102.98,169.19,139.76,27.29,0.09,258.35,10.2,0.49
2020-07-13,290.69,250.13,92.53,197.24,99.8,169.4,140.22,32.19,0.09,258.35,10.2,0.48
2020-07-14,294.45,251.9,94.06,198.46,101.12,170.19,140.42,29.52,0.09,258.35,10.2,0.49
2020-07-15,297.16,252.41,94.71,198.17,103.07,170.34,139.77,27.76,0.09,258.35,10.2,0.48
2020-07-16,296.18,250.69,93.54,194.24,100.04,168.73,140.43,28.0,0.09,258.35,10.2,0.46
2020-07-17,297.04,250.98,93.35,193.25,100.06,170.12,140.14,25.68,0.09,258.35,10.2,0.5
2020-07-20,299.44,258.1,95.32,201.56,109.53,170.94,140.48,24.46,0.09,258.35,10.2,0.46
2020-07-21,300.08,255.41,94.0,198.85,104.56,173.0,140.56,24.84,0.09,258.35,10.2,0.47
2020-07-22,301.79,256.31,94.27,201.7,106.16,175.63,140.98,24.32,0.09,258.35,10.2,0.46
2020-07-23,298.18,249.61,89.98,192.93,100.87,177.18,142.63,26.08,0.09,258.35,10.2,0.43
2020-07-24,296.26,247.24,89.76,191.75,94.47,178.7,142.62,25.84,0.09,258.35,10.2,0.45
2020-07-27,298.42,251.65,91.88,194.18,102.64,182.23,142.09,24.74,0.09,258.35,10.2,0.47
2020-07-28,296.53,248.45,90.37,192.43,98.43,183.75,143.08,25.44,0.09,258.35,10.2,0.45
2020-07-29,300.18,251.32,92.11,194.38,99.94,185.13,142.83,24.1,0.09,258.35,10.2,0.46
2020-07-30,299.11,252.63,93.22,194.23,99.17,183.76,143.77,24.76,0.09,258.35,10.2,0.44
2020-07-31,301.47,257.14,102.98,195.28,95.38,185.43,143.68,24.46,0.09,258.35,10.2,0.44
2020-08-03,303.57,260.61,105.57,206.27,99.0,185.64,142.96,24.28,0.09,258.35,10.2,0.45
2020-08-04,304.74,261.58,106.28,203.17,99.13,189.59,144.32,23.76,0.09,258.35,10.2,0.41
2020-08-05,306.63,262.23,106.66,202.84,99.0,191.35,143.06,22.99,0.09,258.35,10.2,0.44
2020-08-06,308.68,265.7,110.39,206.08,99.31,193.89,143.86,22.65,0.09,258.35,10.2,0.44
2020-08-07,308.9,262.63,107.88,202.4,96.85,190.81,142.9,22.21,0.09,258.35,10.2,0.44
2020-08-10,309.83,261.51,109.44,198.37,94.57,190.15,142.26,22.13,0.09,258.35,10.2,0.45
2020-08-11,307.27,256.56,106.19,193.73,91.63,179.94,140.57,24.03,0.09,258.35,10.2,0.48
2020-08-12,311.55,263.01,109.72,199.26,103.65,179.1,139.29,22.28,0.09,258.35,10.2,0.53
2020-08-13,310.99,263.61,111.66,198.8,108.07,183.33,137.8,22.13,0.09,258.35,10.2,0.55
2020-08-14,311.0,263.3,111.56,198.99,110.05,182.54,137.26,22.05,0.09,258.35,10.2,0.57
2020-08-17,311.99,266.36,111.27,200.3,122.38,186.5,137.61,21.35,0.09,258.35,10.2,0.55
2020-08-18,312.66,268.92,112.2,201.46,125.81,188.18,138.59,21.51,0.09,258.35,10.2,0.53
2020-08-19,311.36,267.11,112.34,200.23,125.24,182.24,137.73,22.54,0.09,258.35,10.2,0.54
2020-08-20,312.33,270.82,114.83,204.89,133.46,183.5,138.97,22.72,0.09,258.35,10.2,0.52
2020-08-21,313.44,272.7,120.75,203.4,136.67,182.03,139.8,22.54,0.09,258.35,10.2,0.48
2020-08-24,316.61,274.4,122.19,204.04,134.28,181.0,139.58,22.37,0.09,258.35,10.2,0.51
2020-08-25,317.72,276.56,121.19,206.7,134.89,181.22,138.51,22.03,0.09,258.35,10.2,0.54
2020-08-26,320.91,282.46,122.84,211.17,143.54,183.36,137.98,23.27,0.09,258.35,10.2,0.53
2020-08-27,321.61,281.58,121.37,216.35,149.25,181.24,135.63,24.47,0.09,258.35,10.2,0.58
2020-08-28,323.69,283.01,121.17,218.58,147.56,184.39,135.53,22.96,0.09,258.35,10.2,0.6
2020-08-31,322.51,285.28,125.28,215.35,166.11,184.83,136.43,26.41,0.09,258.35,10.2,0.58
2020-09-01,325.55,290.16,130.27,217.01,158.35,185.05,137.99,26.12,0.09,260.0,7.8,0.55
2020-09-02,330.26,292.91,127.57,221.19,149.12,182.62,139.3,26.57,0.09,260.0,7.8,0.52
2020-09-03,318.89,278.06,117.36,207.49,135.67,181.14,139.7,33.6,0.09,260.0,7.8,0.5
2020-09-04,316.29,274.35,117.44,204.58,139.44,181.64,137.05,30.75,0.09,260.0,7.8,0.58
2020-09-08,307.65,261.16,109.53,193.51,110.07,181.29,137.89,31.46,0.09,260.0,7.8,0.55
2020-09-09,313.72,268.84,113.9,201.75,122.09,183.05,137.52,28.81,0.09,260.0,7.8,0.57
2020-09-10,308.28,263.48,110.18,196.1,123.78,182.46,138.22,29.71,0.09,260.0,7.8,0.54
2020-09-11,308.43,261.65,108.74,194.82,124.24,182.45,138.51,26.87,0.09,260.0,7.8,0.54
2020-09-14,312.5,266.2,112.0,196.14,139.87,183.89,138.5,25.85,0.09,260.0,7.8,0.54
2020-09-15,314.07,269.98,112.17,199.35,149.92,183.45,138.17,25.59,0.09,260.0,7.8,0.54
2020-09-16,312.83,265.67,108.86,195.79,147.25,183.97,137.76,26.04,0.09,260.0,7.8,0.55
2020-09-17,310.08,261.52,107.13,193.75,141.14,182.96,138.18,26.46,0.09,260.0,7.8,0.56
2020-09-18,306.51,258.18,103.73,191.34,147.38,183.2,137.75,25.83,0.09,260.0,7.8,0.56
2020-09-21,303.1,258.8,106.87,193.4,149.8,179.52,138.45,27.78,0.09,260.0,7.8,0.54
2020-09-22,306.18,263.61,108.55,198.06,141.41,178.65,138.34,26.86,0.09,260.0,7.8,0.55
2020-09-23,299.08,255.56,104.0,191.53,126.79,174.79,138.52,28.58,0.09,260.0,7.8,0.54
2020-09-24,299.88,256.75,105.07,194.02,129.26,175.44,139.05,28.51,0.09,260.0,7.8,0.53
2020-09-25,304.73,262.72,109.01,198.44,135.78,174.94,139.05,26.38,0.09,260.0,7.8,0.54
2020-09-28,309.79,268.18,111.61,199.98,140.4,176.7,138.66,26.19,0.09,260.0,7.8,0.53
2020-09-29,308.1,266.97,110.77,197.9,139.69,178.19,138.82,26.27,0.09,260.0,7.8,0.55
2020-09-30,310.44,268.8,112.44,200.83,143.0,177.12,137.49,26.37,0.09,260.0,7.8,0.56
2020-10-01,312.43,273.06,113.39,202.87,149.39,178.7,137.71,26.7,0.09,260.32,6.9,0.54
2020-10-02,309.46,265.38,109.73,196.88,138.36,178.54,137.2,27.63,0.09,260.32,6.9,0.57
2020-10-05,314.95,271.04,113.11,200.88,141.89,179.41,134.52,27.96,0.09,260.32,6.9,0.64
2020-10-06,310.47,266.2,109.86,196.61,137.99,177.3,135.24,29.48,0.09,260.32,6.9,0.62
2020-10-07,315.88,270.81,111.73,200.36,141.77,177.22,134.26,28.06,0.09,260.32,6.9,0.65
2020-10-08,318.68,272.25,111.62,201.07,141.97,177.85,134.98,26.36,0.09,260.32,6.9,0.65
2020-10-09,321.52,276.41,113.56,206.07,144.67,181.08,134.96,25.0,0.09,260.32,6.9,0.63
2020-10-12,326.7,284.94,120.78,211.4,147.43,180.56,135.39,25.07,0.09,260.32,6.9,0.63
2020-10-13,324.56,284.93,117.57,212.8,148.88,177.72,136.36,26.07,0.09,260.32,6.9,0.58
2020-10-14,322.52,282.55,117.66,210.89,153.77,178.27,136.67,26.4,0.09,260.32,6.9,0.59
2020-10-15,322.13,280.66,117.19,209.74,149.63,178.92,136.43,26.97,0.09,260.32,6.9,0.6
2020-10-16,321.93,279.12,115.55,209.74,146.56,178.3,136.05,27.41,0.09,260.32,6.9,0.62
2020-10-19,317.04,274.56,112.6,204.55,143.61,178.39,135.54,29.18,0.09,260.32,6.9,0.62
2020-10-20,318.31,275.15,114.09,204.96,140.65,179.25,134.25,29.35,0.09,260.32,6.9,0.67
2020-10-21,317.7,274.94,113.47,205.1,140.88,180.6,133.78,28.65,0.09,260.32,6.9,0.69
2020-10-22,319.45,274.93,112.38,205.19,141.93,178.83,132.39,28.11,0.09,260.32,6.9,0.71
2020-10-23,320.53,275.47,111.69,206.47,140.21,178.64,133.2,27.55,0.09,260.32,6.9,0.67
2020-10-26,314.61,271.34,111.7,200.6,140.09,178.55,134.44,32.46,0.09,260.32,6.9,0.65
2020-10-27,313.52,273.46,113.2,203.62,141.56,179.02,135.34,33.35,0.09,260.32,6.9,0.63
2020-10-28,302.81,262.8,107.96,193.53,135.34,176.13,135.47,40.28,0.09,260.32,6.9,0.63
2020-10-29,305.89,267.39,111.96,195.48,136.94,175.4,134.16,37.59,0.09,260.32,6.9,0.69
2020-10-30,302.7,260.61,105.69,193.33,129.35,176.2,132.83,38.02,0.09,260.32,6.9,0.74
2020-11-02,306.09,261.19,105.6,193.2,133.5,177.91,133.83,37.13,0.09,260.32,6.9,0.71
2020-11-03,311.49,265.71,107.22,197.11,141.3,178.92,133.05,35.55,0.09,260.32,6.9,0.73
2020-11-04,318.46,277.57,111.6,206.62,140.33,178.82,135.94,29.57,0.09,260.32,6.9,0.64
2020-11-05,324.67,284.81,115.56,213.21,146.03,182.93,136.17,27.58,0.09,260.32,6.9,0.65
2020-11-06,324.59,285.02,115.43,213.62,143.32,183.19,134.53,24.86,0.09,260.32,6.9,0.67
2020-11-09,328.67,279.2,113.13,208.53,140.42,175.08,131.7,25.75,0.09,260.32,6.9,0.79
2020-11-10,328.19,274.2,112.79,201.48,136.79,175.66,130.94,24.8,0.09,260.32,6.9,0.79
2020-11-11,330.63,280.33,116.21,206.77,139.04,174.9,131.41,23.45,0.09,260.32,6.9,0.79
2020-11-12,327.42,279.01,115.94,205.71,137.25,175.96,133.65,25.35,0.09,260.32,6.9,0.71
2020-11-13,331.95,281.46,115.99,206.74,136.17,177.16,133.47,23.1,0.09,260.32,6.9,0.72
2020-11-16,336.1,283.66,117.0,207.42,136.03,177.15,133.15,22.45,0.09,260.32,6.9,0.72
2020-11-17,334.29,282.76,116.11,204.78,147.2,176.5,134.02,22.71,0.09,260.32,6.9,0.69
2020-11-18,330.27,280.67,114.79,202.08,162.21,175.49,134.41,23.84,0.09,260.32,6.9,0.72
2020-11-19,331.66,282.86,115.38,203.36,166.42,175.16,135.1,23.11,0.09,260.32,6.9,0.68
2020-11-20,329.38,280.93,114.12,201.42,163.2,175.69,136.3,23.7,0.09,260.32,6.9,0.67
2020-11-23,331.36,280.94,110.72,201.15,173.95,172.23,135.67,22.66,0.09,260.32,6.9,0.7
2020-11-24,336.7,284.89,112.01,204.74,185.13,169.59,134.32,21.64,0.09,260.32,6.9,0.72
2020-11-25,336.18,286.64,112.84,204.75,191.33,169.51,133.91,21.25,0.09,260.32,6.9,0.71
2020-11-27,337.12,289.28,113.39,206.05,195.25,167.79,135.21,20.84,0.09,260.32,6.9,0.68
2020-11-30,335.62,289.87,115.78,204.94,189.2,166.67,135.04,20.57,0.09,260.32,6.9,0.68
2020-12-01,339.29,293.58,119.35,206.99,194.92,170.18,133.05,20.77,0.09,262.04,6.7,0.75
2020-12-02,340.01,293.96,119.7,206.19,189.61,171.46,131.99,21.17,0.09,262.04,6.7,0.79
2020-12-03,339.92,294.38,119.56,205.1,197.79,172.81,133.06,21.28,0.09,262.04,6.7,0.76
2020-12-04,342.84,295.58,118.89,205.22,199.68,172.32,131.11,20.79,0.09,262.04,6.7,0.81
2020-12-07,342.14,297.25,120.35,205.15,213.92,174.89,132.29,21.3,0.09,262.04,6.7,0.8
2020-12-08,343.14,298.26,120.96,206.8,216.63,175.5,132.92,20.68,0.09,262.04,6.7,0.78
2020-12-09,340.06,291.5,118.44,202.77,201.49,172.5,132.48,22.27,0.09,262.04,6.7,0.79
2020-12-10,339.95,292.67,119.86,201.54,209.02,172.17,133.65,22.52,0.09,262.04,6.7,0.78
2020-12-11,339.55,292.03,119.05,204.17,203.33,172.49,134.12,23.31,0.09,262.04,6.7,0.79
2020-12-14,338.03,294.14,118.44,205.07,213.28,171.54,133.75,24.72,0.09,262.04,6.7,0.77
2020-12-15,342.6,297.29,124.37,205.0,211.08,173.94,133.3,22.89,0.09,262.04,6.7,0.81
2020-12-16,343.14,298.92,124.3,209.93,207.59,174.9,132.95,22.5,0.09,262.04,6.7,0.79
2020-12-17,345.06,300.88,125.17,210.06,218.63,176.74,132.6,21.93,0.09,262.04,6.7,0.81
2020-12-18,343.68,299.97,123.18,209.27,231.67,176.44,132.2,21.57,0.09,262.04,6.7,0.82
2020-12-21,342.45,299.41,124.71,213.1,216.62,175.88,132.72,25.16,0.09,262.04,6.7,0.82
2020-12-22,341.88,300.22,128.26,214.39,213.45,174.49,133.41,24.23,0.09,262.04,6.7,0.8
2020-12-23,342.18,298.71,127.36,211.59,215.33,175.65,132.49,23.31,0.09,262.04,6.7,0.83
2020-12-24,343.51,300.03,128.35,213.25,220.59,176.35,133.01,21.53,0.09,262.04,6.7,0.81
2020-12-28,346.47,303.05,132.94,215.37,221.23,175.71,133.07,21.7,0.09,262.04,6.7,0.81
2020-12-29,345.8,303.32,131.17,214.59,222.0,176.35,132.9,23.08,0.09,262.04,6.7,0.82
2020-12-30,346.3,303.33,130.05,212.23,231.59,177.7,133.19,22.77,0.09,262.04,6.7,0.81
2020-12-31,348.06,304.08,129.05,212.93,235.22,178.36,133.38,22.75,0.09,262.04,6.7,0.8
2021-01-04,343.32,299.79,125.86,208.41,243.26,182.33,133.22,26.97,0.09,262.04,6.7,0.82
2021-01-05,345.68,302.26,127.41,208.61,245.04,182.87,132.23,25.34,0.09,262.04,6.7,0.83
2021-01-06,347.75,298.07,123.12,203.2,251.99,179.9,129.52,25.07,0.09,262.04,6.7,0.9
2021-01-07,352.92,305.28,127.33,208.98,272.01,179.48,128.38,22.37,0.09,262.04,6.7,0.94
2021-01-08,354.93,309.21,128.42,210.25,293.34,173.34,127.96,21.56,0.09,262.04,6.7,0.99
2021-01-11,352.54,304.74,125.44,208.22,270.4,173.0,127.75,24.08,0.09,262.04,6.7,1.01
2021-01-12,352.61,304.25,125.26,205.76,283.15,174.12,127.65,23.33,0.09,262.04,6.7,1.01
2021-01-13,353.56,306.31,127.3,207.11,284.8,173.37,129.09,22.21,0.09,262.04,6.7,0.96
2021-01-14,352.32,304.67,125.37,203.94,281.67,173.28,127.88,23.25,0.09,262.04,6.7,0.99
2021-01-15,349.75,302.26,123.65,203.58,275.39,171.13,128.39,24.34,0.09,262.04,6.7,0.98
2021-01-19,352.5,306.67,124.32,207.21,281.52,172.58,128.8,23.24,0.09,262.04,6.7,0.96
2021-01-20,357.38,313.8,128.4,214.77,283.48,175.39,128.93,21.58,0.09,262.04,6.7,0.97
2021-01-21,357.7,316.31,133.11,215.38,281.66,175.28,128.02,21.32,0.09,262.04,6.7,0.99
2021-01-22,356.44,315.4,135.25,216.31,282.21,173.9,128.44,21.91,0.09,262.04,6.7,0.97
2021-01-25,357.84,318.01,139.0,219.74,293.6,174.05,129.95,23.19,0.09,262.04,6.7,0.92
2021-01-26,357.28,318.47,139.23,222.42,294.36,173.62,129.71,23.02,0.09,262.04,6.7,0.94
2021-01-27,348.55,309.59,138.16,222.97,288.05,172.52,130.04,37.21,0.09,262.04,6.7,0.92
2021-01-28,351.55,311.43,133.33,228.74,278.48,172.68,129.32,30.21,0.09,262.04,6.7,0.95
2021-01-29,344.51,304.87,128.34,222.07,264.51,172.61,128.54,33.09,0.09,262.04,6.7,1.0
2021-02-01,350.25,312.49,130.46,229.43,279.94,174.23,128.69,30.24,0.08,263.58,6.2,0.98
2021-02-02,355.2,317.59,131.28,229.3,290.93,172.11,127.86,25.56,0.08,263.58,6.2,1.01
2021-02-03,355.48,316.33,130.26,232.64,284.9,171.85,126.72,22.91,0.08,263.58,6.2,1.04
2021-02-04,359.52,320.07,133.62,231.69,283.33,168.15,126.38,21.77,0.08,263.58,6.2,1.04
2021-02-05,360.93,321.16,133.2,231.87,284.08,169.81,125.33,20.87,0.08,263.58,6.2,1.1
2021-02-08,363.54,323.31,133.35,232.13,287.81,171.52,125.88,21.24,0.08,263.58,6.2,1.08
2021-02-09,363.3,323.24,132.47,233.37,283.15,172.08,125.97,21.63,0.08,263.58,6.2,1.07
2021-02-10,363.14,322.5,131.87,232.46,268.27,172.71,126.81,21.99,0.08,263.58,6.2,1.04
2021-02-11,363.73,324.28,131.62,234.06,270.55,171.21,126.11,21.25,0.08,263.58,6.2,1.05
2021-02-12,365.52,326.09,131.85,234.54,272.04,170.69,124.55,19.97,0.08,263.58,6.2,1.09
2021-02-16,365.21,325.21,129.73,233.31,265.41,168.24,122.65,21.46,0.08,263.58,6.2,1.17
2021-02-17,365.29,323.65,127.44,234.32,266.05,166.33,123.43,21.5,0.08,263.58,6.2,1.18
2021-02-18,363.73,322.23,126.34,233.93,262.46,166.32,122.93,22.49,0.08,263.58,6.2,1.18
2021-02-19,363.09,320.83,126.49,231.23,260.43,167.01,121.3,22.05,0.08,263.58,6.2,1.23
2021-02-22,360.3,312.51,122.72,225.03,238.17,169.51,120.37,23.45,0.08,263.58,6.2,1.26
2021-02-23,360.74,311.58,122.59,223.84,232.95,169.12,120.03,23.11,0.08,263.58,6.2,1.26
2021-02-24,364.71,314.15,122.09,225.06,247.34,169.0,119.24,21.34,0.08,263.58,6.2,1.26
2021-02-25,355.92,303.2,117.84,219.73,227.41,165.82,117.29,28.89,0.08,263.58,6.2,1.37
2021-02-26,354.09,304.47,118.11,222.98,225.17,161.81,121.17,27.95,0.08,263.58,6.2,1.3
2021-03-01,362.67,313.63,124.47,227.36,239.48,161.53,119.57,23.35,0.07,264.96,6.1,1.32
2021-03-02,359.84,308.6,121.87,224.41,228.81,162.41,119.58,24.1,0.07,264.96,6.1,1.29
2021-03-03,355.08,299.64,118.89,218.36,217.73,160.62,118.28,26.67,0.07,264.96,6.1,1.33
2021-03-04,350.68,294.74,117.01,217.56,207.15,159.04,117.52,28.57,0.07,264.96,6.1,1.4
2021-03-05,357.13,299.17,118.26,222.23,199.32,159.14,117.75,24.66,0.07,264.96,6.1,1.42
2021-03-08,355.36,290.7,113.33,218.19,187.67,157.49,116.83,25.47,0.07,264.96,6.1,1.42
2021-03-09,360.43,302.17,117.94,224.33,224.53,160.84,118.45,24.03,0.07,264.96,6.1,1.38
2021-03-10,362.67,301.31,116.86,223.02,222.69,161.66,118.69,22.56,0.07,264.96,6.1,1.37
2021-03-11,366.35,308.25,118.79,227.54,233.2,161.52,117.83,21.91,0.07,264.96,6.1,1.4
2021-03-12,366.84,305.75,117.88,226.22,231.24,161.49,115.33,20.69,0.07,264.96,6.1,1.5
2021-03-15,369.03,309.01,120.77,225.31,235.98,162.2,116.01,20.03,0.07,264.96,6.1,1.48
2021-03-16,368.57,310.71,122.3,228.1,225.63,162.35,115.54,19.79,0.07,264.96,6.1,1.47
2021-03-17,369.82,311.99,121.52,227.45,233.94,163.51,114.68,19.23,0.07,264.96,6.1,1.5
2021-03-18,364.44,302.43,117.4,221.39,217.72,162.56,113.52,21.58,0.07,264.96,6.1,1.55
2021-03-19,363.77,303.5,116.87,221.03,218.29,163.24,114.22,20.95,0.07,264.96,6.1,1.58
2021-03-22,366.67,309.19,120.18,226.45,223.33,163.0,115.5,18.88,0.07,264.96,6.1,1.54
2021-03-23,363.79,307.84,119.35,227.97,220.72,161.81,116.54,20.3,0.07,264.96,6.1,1.48
2021-03-24,361.94,302.65,116.97,225.94,210.09,162.37,117.17,21.2,0.07,264.96,6.1,1.48
2021-03-25,363.97,302.12,117.45,222.94,213.46,161.78,116.25,19.81,0.07,264.96,6.1,1.49
2021-03-26,369.84,306.66,118.06,226.92,206.24,162.24,115.84,18.86,0.07,264.96,6.1,1.53
2021-03-29,369.65,306.57,118.23,225.73,203.76,160.31,114.86,20.74,0.07,264.96,6.1,1.59
2021-03-30,368.67,305.03,116.78,222.47,211.87,157.57,115.46,19.61,0.07,264.96,6.1,1.57
2021-03-31,370.17,309.69,118.97,226.24,222.64,159.96,114.81,19.4,0.07,264.96,6.1,1.58
2021-04-01,374.16,314.97,119.8,232.55,220.58,161.98,116.72,17.33,0.07,266.61,6.1,1.52
2021-04-05,379.53,321.26,122.63,239.0,230.35,161.92,116.21,17.91,0.07,266.61,6.1,1.56
2021-04-06,379.31,321.04,122.93,237.84,230.54,163.22,117.0,18.12,0.07,266.61,6.1,1.51
2021-04-07,379.75,321.81,124.57,239.79,223.66,162.76,116.18,17.16,0.07,266.61,6.1,1.52
2021-04-08,381.55,325.17,126.97,243.01,227.93,164.51,117.14,16.95,0.07,266.61,6.1,1.5
2021-04-09,384.32,327.14,129.54,245.5,225.67,163.27,116.72,16.69,0.07,266.61,6.1,1.51
2021-04-12,384.46,326.71,127.83,245.56,233.99,162.28,116.67,16.91,0.07,266.61,6.1,1.51
2021-04-13,385.6,330.53,130.93,248.04,254.11,163.43,117.54,16.65,0.07,266.61,6.1,1.48
2021-04-14,384.29,326.56,128.6,245.25,244.08,162.72,117.17,16.99,0.07,266.61,6.1,1.48
2021-04-15,388.42,331.51,131.0,249.01,246.28,165.35,119.13,16.57,0.07,266.61,6.1,1.4
2021-04-16,389.71,331.9,130.67,250.2,246.59,166.35,118.2,16.25,0.07,266.61,6.1,1.43
2021-04-19,387.8,328.86,131.33,248.28,238.21,165.89,117.87,17.29,0.07,266.61,6.1,1.45
2021-04-20,384.96,326.46,129.65,247.82,239.66,166.48,118.41,18.68,0.07,266.61,6.1,1.43
2021-04-21,388.6,329.26,130.03,250.04,248.04,168.13,118.65,17.5,0.07,266.61,6.1,1.42
2021-04-22,385.05,325.29,128.51,246.77,239.9,167.04,119.16,18.71,0.07,266.61,6.1,1.41
2021-04-23,389.23,329.38,130.83,250.59,243.13,166.4,118.88,17.33,0.07,266.61,6.1,1.42
2021-04-26,390.04,331.53,131.22,250.97,246.07,166.84,118.71,17.64,0.07,266.61,6.1,1.4
2021-04-27,389.96,330.09,130.9,251.38,234.91,166.42,117.68,17.56,0.07,266.61,6.1,1.46
2021-04-28,389.84,328.98,130.11,244.27,231.47,166.91,117.75,17.28,0.07,266.61,6.1,1.46
2021-04-29,392.33,330.16,130.01,242.3,225.67,166.22,117.41,17.61,0.07,266.61,6.1,1.49
2021-04-30,389.75,328.0,128.04,241.98,236.48,165.66,117.68,18.61,0.07,266.61,6.1,1.49
2021-05-03,390.59,326.25,129.09,241.67,228.3,167.81,117.75,18.31,0.07,266.61,6.1,1.47
2021-05-04,388.18,320.38,124.53,237.77,224.53,166.58,118.55,19.48,0.07,266.61,6.1,1.45
2021-05-05,388.3,319.3,124.77,236.5,223.65,167.27,118.74,19.15,0.07,266.61,6.1,1.43
2021-05-06,391.4,321.71,126.37,239.63,221.18,170.06,118.94,18.39,0.07,266.61,6.1,1.42
2021-05-07,394.25,324.32,127.04,242.25,224.12,171.59,118.35,16.69,0.07,266.61,6.1,1.46
2021-05-10,390.35,316.13,123.76,237.18,209.68,172.11,117.15,19.66,0.07,266.61,6.1,1.47
2021-05-11,386.87,315.69,122.84,236.27,205.73,172.14,116.49,21.84,0.07,266.61,6.1,1.48
2021-05-12,378.65,307.52,119.78,229.33,196.63,170.43,115.27,27.59,0.07,266.61,6.1,1.53
2021-05-13,383.19,309.9,121.93,233.2,190.56,171.13,115.45,23.13,0.07,266.61,6.1,1.5
2021-05-14,389.08,316.74,124.35,238.11,196.58,172.69,116.52,18.81,0.07,266.61,6.1,1.47
2021-05-17,388.09,314.82,123.2,235.26,192.28,174.7,116.28,19.72,0.07,266.61,6.1,1.48
2021-05-18,384.75,312.69,121.81,233.25,192.62,175.04,115.98,21.34,0.07,266.61,6.1,1.48
2021-05-19,383.74,313.05,121.65,233.83,187.82,175.16,115.7,22.18,0.07,266.61,6.1,1.52
2021-05-20,387.86,319.11,124.21,237.06,195.59,175.96,116.65,20.67,0.07,266.61,6.1,1.48
2021-05-21,387.55,317.34,122.38,235.8,193.63,176.04,117.03,20.15,0.07,266.61,6.1,1.46
2021-05-24,391.5,322.68,124.01,241.19,202.15,176.35,117.46,18.4,0.07,266.61,6.1,1.46
2021-05-25,390.63,323.12,123.81,242.1,201.56,177.95,118.55,18.84,0.07,266.61,6.1,1.41
2021-05-26,391.4,324.25,123.76,241.88,206.38,177.64,118.34,17.36,0.07,266.61,6.1,1.44
2021-05-27,391.61,323.04,122.23,239.78,210.28,177.71,117.87,16.74,0.07,266.61,6.1,1.47
2021-05-28,392.31,324.06,121.58,240.14,208.41,178.38,117.68,16.76,0.07,266.61,6.1,1.44
2021-06-01,391.96,322.98,121.25,237.94,207.97,177.9,117.65,17.9,0.08,270.65,5.9,1.46
2021-06-02,392.58,323.61,122.01,237.85,201.71,178.77,117.93,17.48,0.08,270.65,5.9,1.46
2021-06-03,391.12,320.24,120.53,236.32,190.95,175.27,117.48,18.04,0.08,270.65,5.9,1.47
2021-06-04,394.7,325.68,122.82,241.2,199.68,177.16,119.09,16.42,0.08,270.65,5.9,1.42
2021-06-07,394.32,326.65,122.83,244.11,201.71,177.87,118.73,16.42,0.08,270.65,5.9,1.41
2021-06-08,394.4,326.8,123.65,242.92,201.2,177.32,119.56,17.07,0.08,270.65,5.9,1.39
2021-06-09,393.81,326.88,124.03,243.9,199.59,176.98,120.62,17.89,0.08,270.65,5.9,1.34
2021-06-10,395.64,330.29,123.04,247.41,203.37,177.74,121.34,16.1,0.08,270.65,5.9,1.31
2021-06-11,396.3,331.15,124.25,248.03,203.3,175.74,121.14,15.65,0.08,270.65,5.9,1.31
2021-06-14,397.19,334.32,127.3,249.96,205.9,174.71,120.22,16.39,0.08,270.65,5.9,1.35
2021-06-15,396.46,332.14,126.48,248.48,199.79,174.05,120.07,17.02,0.08,270.65,5.9,1.35
2021-06-16,394.24,330.93,126.98,247.54,201.62,171.11,119.97,18.15,0.08,270.65,5.9,1.36
2021-06-17,394.11,335.13,128.58,250.93,205.53,165.85,121.77,17.75,0.08,270.65,5.9,1.29
2021-06-18,388.8,332.5,127.28,249.51,207.77,164.93,124.06,20.7,0.08,270.65,5.9,1.19
2021-06-21,394.36,334.57,129.08,252.59,206.94,166.95,121.98,17.89,0.08,270.65,5.9,1.23
2021-06-22,396.47,337.68,130.72,255.36,207.9,166.25,122.28,16.66,0.08,270.65,5.9,1.23
2021-06-23,395.99,337.85,130.44,255.13,218.86,166.14,121.96,16.32,0.08,270.65,5.9,1.24
2021-06-24,398.34,339.94,130.16,256.5,226.61,166.04,122.16,15.97,0.08,270.65,5.9,1.23
2021-06-25,399.75,339.52,129.87,254.89,223.96,166.59,120.89,15.62,0.08,270.65,5.9,1.26
2021-06-28,400.56,343.65,131.5,258.45,229.57,166.58,122.13,15.76,0.08,270.65,5.9,1.24
2021-06-29,400.77,344.89,133.01,261.03,226.92,164.83,122.34,16.02,0.08,270.65,5.9,1.22
2021-06-30,401.11,344.35,133.63,260.54,226.57,165.63,122.88,15.83,0.08,270.65,5.9,1.2
2021-07-01,403.33,344.48,133.93,261.22,225.97,166.2,122.89,15.48,0.1,271.9,5.4,1.23
2021-07-02,406.41,348.44,136.55,267.04,226.3,167.29,123.63,15.07,0.1,271.9,5.4,1.2
2021-07-06,405.67,349.94,138.56,267.05,219.86,168.12,125.08,16.44,0.1,271.9,5.4,1.15
2021-07-07,407.11,350.68,141.05,269.23,214.88,168.76,126.19,16.2,0.1,271.9,5.4,1.11
2021-07-08,403.79,348.57,139.75,266.82,217.6,168.65,126.68,19.0,0.1,271.9,5.4,1.11
2021-07-09,408.1,350.74,141.58,267.32,218.98,169.21,124.9,16.18,0.1,271.9,5.4,1.14
2021-07-12,409.56,352.11,140.98,266.72,228.57,169.0,124.74,16.17,0.1,271.9,5.4,1.15
2021-07-13,408.16,352.11,142.09,270.24,222.85,169.22,123.78,17.12,0.1,271.9,5.4,1.16
2021-07-14,408.77,352.74,145.52,271.71,217.79,171.04,125.19,16.33,0.1,271.9,5.4,1.14
2021-07-15,407.38,350.27,144.86,270.29,216.87,171.07,126.57,17.01,0.1,271.9,5.4,1.08
2021-07-16,404.18,347.43,142.83,270.02,214.74,169.41,126.33,18.45,0.1,271.9,5.4,1.06
2021-07-19,398.21,344.58,138.98,266.42,215.41,169.61,129.1,22.5,0.1,271.9,5.4,0.98
2021-07-20,403.92,348.58,142.59,268.64,220.17,169.39,127.86,19.73,0.1,271.9,5.4,1.03
2021-07-21,407.19,351.28,141.86,270.64,218.43,168.76,126.24,17.91,0.1,271.9,5.4,1.08
2021-07-22,408.04,353.6,143.23,275.2,216.42,169.09,127.43,17.69,0.1,271.9,5.4,1.07
2021-07-23,412.24,357.73,144.94,278.6,214.46,168.56,126.58,17.2,0.1,271.9,5.4,1.08
2021-07-26,413.25,358.01,145.36,278.0,219.21,168.16,126.2,17.58,0.1,271.9,5.4,1.07
2021-07-27,411.37,354.06,143.2,275.59,214.93,168.44,127.55,19.36,0.1,271.9,5.4,1.05
2021-07-28,411.2,355.42,141.45,275.28,215.66,169.29,127.56,18.31,0.1,271.9,5.4,1.06
2021-07-29,412.91,356.06,142.09,275.55,225.78,171.17,126.85,17.7,0.1,271.9,5.4,1.08
2021-07-30,410.9,354.2,142.31,274.02,229.07,169.82,127.45,18.24,0.1,271.9,5.4,1.05
2021-08-02,410.04,354.23,141.98,273.93,236.56,169.61,128.59,19.46,0.1,271.9,5.4,1.03
2021-08-03,413.37,356.38,143.77,276.15,236.58,169.49,128.65,18.04,0.1,271.9,5.4,1.02
2021-08-04,411.34,356.89,143.37,275.56,236.97,169.53,128.92,17.97,0.1,271.9,5.4,1.02
2021-08-05,413.95,359.16,143.48,278.45,238.21,168.86,128.26,17.28,0.1,271.9,5.4,1.02
2021-08-06,414.63,357.58,142.8,278.4,233.03,164.64,126.12,16.15,0.1,271.9,5.4,1.1
2021-08-09,414.29,358.24,142.75,277.31,237.92,161.72,125.67,16.72,0.1,271.9,5.4,1.1
2021-08-10,414.81,356.41,142.27,275.49,236.66,161.77,125.09,16.79,0.1,271.9,5.4,1.12
2021-08-11,415.84,355.79,142.52,275.98,235.94,164.0,125.01,16.06,0.1,271.9,5.4,1.12
2021-08-12,417.09,357.08,145.48,278.73,240.75,164.04,124.8,15.59,0.1,271.9,5.4,1.13
2021-08-13,417.84,358.33,145.69,281.66,239.06,166.39,126.78,15.45,0.1,271.9,5.4,1.06
2021-08-16,418.83,358.48,147.66,283.34,228.72,167.22,127.08,16.12,0.1,271.9,5.4,1.05
2021-08-17,416.08,355.33,146.75,281.88,221.9,166.97,127.03,17.91,0.1,271.9,5.4,1.03
2021-08-18,411.53,351.91,143.01,280.15,229.66,167.1,127.46,21.57,0.1,271.9,5.4,1.04
2021-08-19,412.17,353.61,143.34,285.97,224.49,166.61,128.4,21.67,0.1,271.9,5.4,1.02
2021-08-20,415.45,357.27,144.8,293.29,226.75,166.7,128.48,18.56,0.1,271.9,5.4,1.03
2021-08-23,419.1,362.61,146.28,293.57,235.43,168.73,128.4,17.15,0.1,271.9,5.4,1.02
2021-08-24,419.77,363.72,146.2,291.61,236.16,168.65,127.4,17.22,0.1,271.9,5.4,1.05
2021-08-25,420.65,364.14,144.96,291.02,237.07,167.48,126.34,16.79,0.1,271.9,5.4,1.12
2021-08-26,418.16,361.83,144.16,288.21,233.72,167.67,126.69,18.84,0.1,271.9,5.4,1.09
2021-08-27,421.9,365.34,145.2,288.82,237.31,170.19,127.55,16.39,0.1,271.9,5.4,1.09
2021-08-30,423.76,369.44,149.62,292.54,243.64,169.35,127.89,16.19,0.1,271.9,5.4,1.09
2021-08-31,423.13,369.14,148.35,290.9,245.24,169.69,127.01,16.48,0.1,271.9,5.4,1.1
2021-09-01,423.35,369.75,149.02,290.85,244.7,169.7,127.23,16.11,0.08,273.91,4.7,1.11
2021-09-02,424.66,369.58,150.13,290.19,244.13,169.25,127.78,16.41,0.08,273.91,4.7,1.09
2021-09-03,424.55,370.72,150.77,290.18,244.52,171.06,126.62,16.41,0.08,273.91,4.7,1.12
2021-09-07,423.04,371.24,153.1,289.26,250.97,167.71,125.55,18.14,0.08,273.91,4.7,1.16
2021-09-08,422.52,369.95,151.56,289.29,251.29,167.29,126.41,17.96,0.08,273.91,4.7,1.13
2021-09-09,420.71,368.68,150.54,286.44,251.62,168.03,127.94,18.8,0.08,273.91,4.7,1.07
2021-09-10,417.39,365.88,145.56,284.95,245.42,167.18,126.81,20.95,0.08,273.91,4.7,1.12
2021-09-13,418.46,365.63,146.13,286.18,247.67,167.74,127.58,19.37,0.08,273.91,4.7,1.12
2021-09-14,416.2,364.59,144.73,288.88,248.16,168.82,129.12,19.46,0.08,273.91,4.7,1.07
2021-09-15,419.68,367.3,145.62,293.73,251.94,167.83,128.67,18.18,0.08,273.91,4.7,1.1
2021-09-16,419.02,367.55,145.38,294.12,252.33,164.03,128.08,18.69,0.08,273.91,4.7,1.11
2021-09-17,414.93,363.2,142.72,288.96,253.16,163.77,127.47,20.81,0.08,273.91,4.7,1.14
2021-09-20,408.02,355.69,139.67,283.59,243.39,164.94,129.05,25.71,0.08,273.91,4.7,1.08
2021-09-21,407.63,356.13,140.15,284.07,246.46,166.04,128.94,24.36,0.08,273.91,4.7,1.11
2021-09-22,411.61,359.46,142.51,287.72,250.65,165.42,129.71,20.87,0.08,273.91,4.7,1.07
2021-09-23,416.61,362.77,143.47,288.66,251.21,163.51,126.77,18.63,0.08,273.91,4.7,1.14
2021-09-24,417.29,363.11,143.56,288.46,258.13,163.3,125.54,17.75,0.08,273.91,4.7,1.18
2021-09-27,416.1,360.21,142.04,283.47,263.79,163.64,125.07,18.76,0.08,273.91,4.7,1.17
2021-09-28,407.71,350.02,138.66,273.2,259.19,162.05,123.13,23.25,0.08,273.91,4.7,1.23
2021-09-29,408.4,349.45,139.56,273.67,260.44,161.32,123.34,22.56,0.08,273.91,4.7,1.25
2021-09-30,403.41,348.16,138.26,271.66,258.49,164.22,123.32,23.14,0.08,273.91,4.7,1.24
2021-10-01,408.2,350.32,139.39,278.58,258.41,164.59,124.36,21.15,0.08,276.55,4.5,1.21
2021-10-04,402.94,342.97,135.96,272.81,260.51,165.36,124.04,22.96,0.08,276.55,4.5,1.22
2021-10-05,407.13,347.6,137.88,278.25,260.2,164.59,122.85,21.3,0.08,276.55,4.5,1.26
2021-10-06,408.82,349.83,138.75,282.45,260.92,165.03,123.54,21.0,0.08,276.55,4.5,1.23
2021-10-07,412.36,353.04,140.01,284.12,264.54,164.16,122.25,19.54,0.08,276.55,4.5,1.26
2021-10-08,411.61,351.28,139.63,284.12,261.83,164.23,121.39,18.77,0.08,276.55,4.5,1.29
2021-10-11,408.63,348.58,139.54,283.52,263.98,163.92,121.08,20.0,0.08,276.55,4.5,1.29
2021-10-12,407.62,347.37,138.27,282.22,268.57,164.66,123.15,19.85,0.08,276.55,4.5,1.24
2021-10-13,409.09,350.15,137.68,285.53,270.36,167.59,124.35,18.64,0.08,276.55,4.5,1.19
2021-10-14,415.97,356.6,140.47,291.73,272.77,168.0,124.81,16.86,0.08,276.55,4.5,1.16
2021-10-15,419.14,358.84,141.52,293.14,281.01,165.33,124.09,16.3,0.08,276.55,4.5,1.18
2021-10-18,420.38,362.45,143.2,296.11,290.04,164.92,124.67,16.31,0.08,276.55,4.5,1.15
2021-10-19,423.62,365.19,145.36,297.02,288.09,165.45,122.95,15.7,0.08,276.55,4.5,1.24
2021-10-20,425.28,364.72,145.84,296.23,288.6,166.9,122.12,15.49,0.08,276.55,4.5,1.25
2021-10-21,426.39,366.95,146.06,299.45,298.0,166.75,121.97,15.01,0.08,276.55,4.5,1.23
2021-10-22,425.95,363.86,145.29,297.91,303.23,167.77,123.32,15.43,0.08,276.55,4.5,1.18
2021-10-25,428.24,367.59,145.24,296.92,341.62,168.93,123.13,15.24,0.08,276.55,4.5,1.17
2021-10-26,428.62,368.74,145.9,298.83,339.48,167.68,124.15,15.98,0.08,276.55,4.5,1.16
2021-10-27,426.72,369.6,145.44,311.41,345.95,168.12,126.41,16.98,0.08,276.55,4.5,1.04
2021-10-28,430.84,373.71,149.08,312.55,359.01,168.08,125.98,16.53,0.08,276.55,4.5,1.07
2021-10-29,431.71,375.54,146.37,319.55,371.33,166.65,126.36,16.26,0.08,276.55,4.5,1.07
2021-11-01,432.46,376.83,145.55,317.39,402.86,167.52,125.45,16.41,0.08,278.92,4.1,1.08
2021-11-02,434.2,378.4,146.59,321.01,390.67,167.16,126.01,16.03,0.08,278.92,4.1,1.1
2021-11-03,436.86,382.42,148.02,321.85,404.62,165.77,124.71,15.1,0.08,278.92,4.1,1.13
2021-11-04,438.91,387.32,147.5,324.2,409.97,167.65,126.02,15.44,0.08,278.92,4.1,1.12
2021-11-05,440.44,387.69,148.03,323.83,407.36,169.84,127.9,16.48,0.08,278.92,4.1,1.06
2021-11-08,440.81,387.17,147.21,324.73,387.65,170.45,127.66,17.22,0.08,278.92,4.1,1.06
2021-11-09,439.36,384.5,147.57,323.73,341.17,171.29,129.32,17.78,0.08,278.92,4.1,1.05
2021-11-10,435.82,378.85,144.75,318.76,355.98,173.15,126.96,18.73,0.08,278.92,4.1,1.05
2021-11-11,435.96,379.9,144.7,320.34,354.5,174.12,126.77,17.66,0.08,278.92,4.1,1.05
2021-11-12,439.25,383.9,146.77,324.47,344.47,174.45,126.22,16.29,0.08,278.92,4.1,1.05
2021-11-15,439.4,383.81,146.78,323.84,337.8,174.18,124.63,16.49,0.08,278.92,4.1,1.1
2021-11-16,441.14,386.54,147.76,327.16,351.58,172.92,124.31,16.37,0.08,278.92,4.1,1.09
2021-11-17,440.07,386.75,150.2,327.38,363.0,174.5,125.3,17.11,0.08,278.92,4.1,1.08
2021-11-18,441.57,390.76,154.48,329.46,365.46,173.94,125.77,17.59,0.08,278.92,4.1,1.07
2021-11-19,440.78,392.93,157.1,331.23,379.02,172.61,127.1,17.91,0.08,278.92,4.1,1.02
2021-11-22,439.53,388.37,157.56,328.06,385.62,168.74,125.61,19.17,0.08,278.92,4.1,1.0
2021-11-23,440.12,386.6,157.95,325.99,369.68,167.28,123.79,19.38,0.08,278.92,4.1,1.07
2021-11-24,441.29,387.85,158.46,326.21,372.0,167.12,125.78,18.58,0.08,278.92,4.1,1.0
2021-11-26,431.45,380.49,153.44,318.27,360.64,166.85,128.96,28.62,0.08,278.92,4.1,0.98
2021-11-29,436.74,388.75,156.8,324.98,379.0,166.62,127.92,22.96,0.08,278.92,4.1,1.01
2021-11-30,428.24,383.04,161.75,319.14,381.59,165.5,129.86,27.19,0.08,278.92,4.1,0.91
2021-12-01,423.49,376.53,161.23,318.65,365.0,166.16,130.67,31.12,0.08,280.85,3.9,0.87
2021-12-02,429.97,379.24,160.25,318.08,361.53,165.24,130.83,27.95,0.08,280.85,3.9,0.81
2021-12-03,426.23,372.64,158.37,311.83,338.32,166.63,132.39,30.67,0.08,280.85,3.9,0.75
2021-12-06,431.28,375.63,161.77,314.9,336.34,166.22,130.57,27.18,0.08,280.85,3.9,0.78
2021-12-07,440.2,386.94,167.51,323.32,350.58,166.81,129.52,21.89,0.08,280.85,3.9,0.78
2021-12-08,441.37,388.67,171.32,323.37,356.32,166.9,127.28,19.9,0.08,280.85,3.9,0.84
2021-12-09,438.39,382.95,170.81,321.57,334.6,165.88,127.99,21.58,0.08,280.85,3.9,0.79
2021-12-10,442.51,387.12,175.6,330.68,339.01,166.58,127.68,18.69,0.08,280.85,3.9,0.81
2021-12-13,438.59,381.53,171.97,327.65,322.14,167.0,129.57,20.31,0.08,280.85,3.9,0.76
2021-12-14,435.58,377.58,170.59,316.97,319.5,165.44,129.26,21.89,0.08,280.85,3.9,0.77
2021-12-15,442.38,386.18,175.45,323.06,325.33,166.15,128.02,19.29,0.08,280.85,3.9,0.78
2021-12-16,438.48,376.25,168.56,313.65,308.97,168.16,128.07,20.57,0.08,280.85,3.9,0.8
2021-12-17,433.82,374.38,167.47,312.59,310.86,167.8,129.52,21.57,0.08,280.85,3.9,0.75
2021-12-20,429.2,370.74,166.11,308.83,299.98,167.09,128.55,22.87,0.08,280.85,3.9,0.78
2021-12-21,436.82,379.04,169.28,315.96,312.84,167.02,128.06,21.01,0.08,280.85,3.9,0.78
2021-12-22,441.19,383.66,171.87,321.66,336.29,168.59,128.65,18.63,0.08,280.85,3.9,0.78
2021-12-23,443.94,386.55,172.5,323.1,355.67,168.97,127.53,17.96,0.08,280.85,3.9,0.79
2021-12-27,450.22,392.94,176.46,330.59,364.65,169.37,127.84,17.68,0.08,280.85,3.9,0.72
2021-12-28,449.85,391.12,175.44,329.44,362.82,168.64,127.34,17.54,0.08,280.85,3.9,0.75
2021-12-29,450.43,391.06,175.53,330.11,362.06,168.59,125.94,16.95,0.08,280.85,3.9,0.8
2021-12-30,449.18,389.89,174.38,327.57,356.78,169.8,127.0,17.33,0.08,280.85,3.9,0.79
2021-12-31,448.05,387.46,173.76,324.68,352.26,170.96,127.25,17.22,0.08,280.85,3.9,0.79
2022-01-03,450.64,391.19,178.1,323.16,399.93,168.33,123.91,16.6,0.08,280.85,3.9,0.85
2022-01-04,450.49,386.11,175.84,317.62,383.2,169.57,123.39,16.91,0.08,280.85,3.9,0.89
2022-01-05,441.84,374.25,171.17,305.43,362.71,169.06,122.72,19.73,0.08,280.85,3.9,0.88
2022-01-06,441.43,373.99,168.31,303.01,354.9,166.99,123.04,19.61,0.08,280.85,3.9,0.85
2022-01-07,439.68,369.94,168.47,303.17,342.32,167.75,122.16,18.76,0.08,280.85,3.9,0.89
2022-01-10,439.14,370.18,168.49,303.39,352.71,168.26,122.46,19.4,0.08,280.85,3.9,0.86
2022-01-11,443.14,375.74,171.32,304.08,354.8,170.29,123.27,18.41,0.08,280.85,3.9,0.85
2022-01-12,444.33,377.23,171.76,307.25,368.74,170.74,122.8,17.62,0.08,280.85,3.9,0.82
2022-01-13,438.21,367.79,168.49,294.25,343.85,170.16,123.89,20.31,0.08,280.85,3.9,0.79
2022-01-14,438.39,370.08,169.36,299.46,349.87,169.67,122.02,19.19,0.08,280.85,3.9,0.79
2022-01-18,430.63,360.87,166.16,292.17,343.5,169.39,120.3,22.79,0.08,280.85,3.9,0.81
2022-01-19,426.16,356.91,162.66,292.83,331.88,172.08,121.14,23.85,0.08,280.85,3.9,0.79
2022-01-20,421.44,352.27,160.98,291.16,332.09,171.65,121.88,25.59,0.08,280.85,3.9,0.75
2022-01-21,413.17,342.5,158.92,285.78,314.63,171.09,123.33,28.85,0.08,280.85,3.9,0.74
2022-01-24,414.92,344.07,158.15,286.11,310.0,172.03,122.32,29.9,0.08,280.85,3.9,0.76
2022-01-25,409.85,336.09,156.35,278.5,306.13,172.58,122.12,31.16,0.08,280.85,3.9,0.76
2022-01-26,408.83,335.57,156.26,286.44,312.47,169.79,120.65,31.96,0.08,280.85,3.9,0.72
2022-01-27,406.81,332.19,155.8,289.46,276.37,167.6,122.86,30.49,0.08,280.85,3.9,0.63
2022-01-28,416.91,342.61,166.67,297.59,282.12,167.1,122.9,27.66,0.08,280.85,3.9,0.63
2022-01-31,424.42,353.57,171.03,300.21,312.24,168.09,122.27,24.83,0.08,280.85,3.9,0.61
2022-02-01,427.29,355.97,170.86,298.07,310.42,168.23,121.86,21.96,0.08,284.5,3.9,0.63
2022-02-02,431.44,358.86,172.07,302.61,301.89,168.84,122.28,22.09,0.08,284.5,3.9,0.62
2022-02-03,421.3,344.31,169.19,290.82,297.05,168.6,121.32,24.35,0.08,284.5,3.9,0.63
2022-02-04,423.28,348.66,168.91,295.35,307.77,168.86,119.53,23.22,0.08,284.5,3.9,0.62
2022-02-07,421.92,345.85,168.19,290.53,302.45,170.11,119.61,22.86,0.08,284.5,3.9,0.62
2022-02-08,425.39,349.74,171.3,294.02,307.33,170.63,118.81,21.44,0.08,284.5,3.9,0.61
2022-02-09,431.62,357.15,172.72,300.44,310.67,171.21,119.03,19.96,0.08,284.5,3.9,0.58
2022-02-10,423.86,349.07,168.64,291.91,301.52,170.56,117.14,23.91,0.08,284.5,3.9,0.42
2022-02-11,415.5,337.99,165.23,284.83,286.67,173.81,118.88,27.36,0.08,284.5,3.9,0.42
2022-02-14,414.15,338.41,165.47,284.79,291.92,174.74,117.4,28.33,0.08,284.5,3.9,0.4
2022-02-15,420.83,346.83,169.3,290.07,307.48,173.08,116.07,25.7,0.08,284.5,3.9,0.47
2022-02-16,421.3,346.74,169.06,289.73,307.8,174.86,116.76,24.29,0.08,284.5,3.9,0.51
2022-02-17,412.3,336.43,165.47,281.25,292.12,177.25,117.62,28.11,0.08,284.5,3.9,0.48
2022-02-18,409.63,332.59,163.92,278.54,285.66,177.12,118.86,27.75,0.08,284.5,3.9,0.45
2022-02-22,405.23,329.25,161.0,278.33,273.84,177.49,119.17,28.81,0.08,284.5,3.9,0.38
2022-02-23,398.04,320.81,156.83,271.13,254.68,178.29,117.53,31.02,0.08,284.5,3.9,0.41
2022-02-24,404.03,331.59,159.45,284.98,266.92,177.14,117.61,30.32,0.08,284.5,3.9,0.42
2022-02-25,412.95,336.74,161.52,287.61,269.96,176.55,117.69,27.59,0.08,284.5,3.9,0.42
2022-02-28,411.89,337.74,161.78,289.04,290.14,178.38,120.27,30.15,0.08,284.5,3.9,0.39
2022-03-01,405.62,332.57,159.9,285.33,288.12,181.62,121.66,33.32,0.2,287.67,3.7,0.41
2022-03-02,413.08,338.15,163.19,290.4,293.3,179.73,117.5,30.74,0.2,287.67,3.7,0.36
2022-03-03,411.02,333.32,162.87,286.27,279.76,180.8,118.7,30.48,0.2,287.67,3.7,0.33
2022-03-04,407.68,328.49,159.87,280.4,279.43,183.68,120.75,31.98,0.2,287.67,3.7,0.24
2022-03-07,395.67,316.37,156.08,269.81,268.19,186.41,119.83,36.45,0.2,287.67,3.7,0.23
2022-03-08,392.67,314.9,154.26,266.85,274.8,191.51,118.62,35.13,0.2,287.67,3.7,0.23
2022-03-09,403.19,326.24,159.66,279.09,286.32,185.82,117.46,32.45,0.2,287.67,3.7,0.26
2022-03-10,401.37,322.62,155.32,276.27,279.43,186.4,115.77,30.23,0.2,287.67,3.7,0.26
2022-03-11,396.27,315.93,151.6,270.93,265.12,185.09,116.16,30.75,0.2,287.67,3.7,0.25
2022-03-14,393.37,309.86,147.58,267.42,255.46,182.3,113.45,31.77,0.2,287.67,3.7,0.27
2022-03-15,402.02,319.58,151.95,277.78,267.3,178.89,113.25,29.83,0.2,287.67,3.7,0.3
2022-03-16,410.94,331.43,156.36,284.79,280.08,180.01,114.36,26.67,0.2,287.67,3.7,0.24
2022-03-17,416.08,335.44,157.37,285.59,290.53,180.89,113.51,25.67,0.2,287.67,3.7,0.26
2022-03-18,420.64,342.31,160.67,290.63,301.8,179.3,114.9,23.87,0.2,287.67,3.7,0.17
2022-03-21,420.51,341.36,162.04,289.4,307.05,180.67,112.23,23.53,0.2,287.67,3.7,0.18
2022-03-22,425.44,348.06,165.41,294.14,331.33,179.36,110.8,22.94,0.2,287.67,3.7,0.2
2022-03-23,419.96,343.06,166.77,289.72,333.04,181.81,113.22,23.57,0.2,287.67,3.7,0.19
2022-03-24,426.29,350.69,170.55,294.18,337.97,183.13,112.34,21.67,0.2,287.67,3.7,0.21
2022-03-25,428.37,350.39,171.19,293.77,336.88,182.38,110.78,20.81,0.2,287.67,3.7,0.18
2022-03-28,431.42,355.82,172.05,300.56,363.95,179.06,111.73,19.63,0.2,287.67,3.7,0.11
2022-03-29,436.75,361.94,175.34,305.12,366.52,179.14,112.57,18.9,0.2,287.67,3.7,0.06
2022-03-30,434.06,357.94,174.18,303.62,364.66,180.58,113.45,19.33,0.2,287.67,3.7,0.04
2022-03-31,427.38,353.51,171.08,298.25,359.2,180.65,113.72,20.56,0.2,287.67,3.7,0.04
2022-04-01,428.59,352.83,170.79,299.33,361.53,179.5,114.16,19.63,0.33,288.56,3.7,-0.05
2022-04-04,432.26,360.1,174.83,304.69,381.82,180.37,113.36,18.57,0.33,288.56,3.7,-0.01
2022-04-05,426.8,352.1,171.52,300.74,363.75,179.24,110.8,21.03,0.33,288.56,3.7,0.03
2022-04-06,422.53,344.46,168.36,289.73,348.59,179.66,109.91,22.1,0.33,288.56,3.7,0.11
2022-04-07,424.66,345.28,168.66,291.54,352.42,180.34,109.08,21.55,0.33,288.56,3.7,0.19
2022-04-08,423.52,340.45,166.65,287.28,341.83,181.47,107.9,21.16,0.33,288.56,3.7,0.19
2022-04-11,416.28,332.39,162.4,275.95,325.31,182.37,106.19,24.37,0.33,288.56,3.7,0.29
2022-04-12,414.74,330.99,164.27,272.86,328.98,183.77,106.04,24.26,0.33,288.56,3.7,0.33
2022-04-13,419.49,337.72,166.96,278.24,340.79,184.65,106.26,21.82,0.33,288.56,3.7,0.33
2022-04-14,414.27,330.0,161.95,270.7,328.33,184.04,104.13,22.7,0.33,288.56,3.7,0.36
2022-04-18,414.44,330.25,161.73,271.37,334.76,184.61,103.61,22.17,0.33,288.56,3.7,0.39
2022-04-19,421.13,337.63,164.02,275.99,342.72,181.82,102.83,21.37,0.33,288.56,3.7,0.32
2022-04-20,420.82,332.71,163.85,277.02,325.73,182.71,104.9,20.32,0.33,288.56,3.7,0.25
2022-04-21,414.52,325.82,163.06,271.65,336.26,182.06,104.13,22.68,0.33,288.56,3.7,0.22
2022-04-22,403.15,317.29,158.52,265.09,335.02,180.29,103.47,28.21,0.33,288.56,3.7,0.18
2022-04-25,405.49,321.37,159.59,271.56,332.67,177.05,104.51,27.02,0.33,288.56,3.7,0.18
2022-04-26,393.74,309.24,153.63,261.4,292.14,177.32,105.56,33.52,0.33,288.56,3.7,0.23
2022-04-27,394.85,308.87,153.4,273.98,293.84,175.98,104.21,31.6,0.33,288.56,3.7,0.24
2022-04-28,404.83,319.84,160.33,280.18,292.5,176.93,104.36,29.99,0.33,288.56,3.7,0.22
2022-04-29,389.86,305.44,154.46,268.47,290.25,176.91,103.01,33.4,0.33,288.56,3.7,0.19
2022-05-02,392.21,310.54,154.77,275.19,300.98,173.63,101.22,32.34,0.33,288.56,3.7,0.26
2022-05-03,394.01,310.87,156.26,272.59,303.08,174.09,101.9,29.25,0.33,288.56,3.7,0.19
2022-05-04,406.01,321.39,162.66,280.52,317.54,175.8,102.47,25.42,0.33,288.56,3.7,0.27
2022-05-05,391.58,305.2,153.6,268.3,291.09,175.13,99.66,31.2,0.33,288.56,3.7,0.34
2022-05-06,389.24,301.54,154.33,265.77,288.55,175.42,98.19,30.19,0.33,288.56,3.7,0.4
2022-05-09,376.78,289.74,149.2,255.95,262.37,172.88,99.05,34.75,0.33,288.56,3.7,0.44
2022-05-10,377.65,293.26,151.61,260.71,266.68,171.42,99.95,32.99,0.33,288.56,3.7,0.37
2022-05-11,371.65,284.57,143.75,252.05,244.67,172.82,101.88,32.56,0.33,288.56,3.7,0.25
2022-05-12,371.26,283.89,139.88,247.02,242.67,170.17,101.69,31.77,0.33,288.56,3.7,0.28
2022-05-13,380.14,294.42,144.35,252.6,256.53,168.79,100.19,28.87,0.33,288.56,3.7,0.32
2022-05-16,378.59,291.0,142.81,252.97,241.46,170.4,100.08,27.47,0.33,288.56,3.7,0.3
2022-05-17,386.38,298.54,146.44,258.12,253.87,169.33,98.87,26.1,0.33,288.56,3.7,0.27
2022-05-18,370.81,283.88,138.18,246.36,236.6,169.42,100.98,30.96,0.33,288.56,3.7,0.21
2022-05-19,368.54,282.36,134.77,245.45,236.47,171.91,101.22,29.35,0.33,288.56,3.7,0.21
2022-05-20,368.7,281.49,135.01,244.89,221.3,172.03,102.37,29.43,0.33,288.56,3.7,0.18
2022-05-23,375.6,286.17,140.42,252.73,224.97,172.83,100.69,28.48,0.33,288.56,3.7,0.21
2022-05-24,372.73,280.08,137.72,251.74,209.39,174.13,102.67,29.45,0.33,288.56,3.7,0.26
2022-05-25,376.02,284.0,137.88,254.55,219.6,173.08,103.08,28.37,0.33,288.56,3.7,0.27
2022-05-26,383.53,291.87,141.08,257.82,235.91,172.76,102.61,27.5,0.33,288.56,3.7,0.29
2022-05-27,392.95,301.4,146.83,264.94,253.21,172.85,102.86,25.72,0.33,288.56,3.7,0.27
2022-05-31,390.74,300.6,146.05,263.61,252.75,171.14,100.69,26.19,0.33,288.56,3.7,0.32
2022-06-01,387.58,298.37,145.92,264.15,246.79,172.23,100.57,25.69,1.21,294.96,3.6,0.28
2022-06-02,394.97,306.55,148.37,266.24,258.33,174.35,100.62,24.72,1.21,294.96,3.6,0.27
2022-06-03,388.48,298.57,142.65,261.82,234.52,172.58,100.41,24.79,1.21,294.96,3.6,0.3
2022-06-06,389.67,299.56,143.4,260.59,238.28,171.82,98.55,25.07,1.21,294.96,3.6,0.31
2022-06-07,393.4,302.15,145.92,264.22,238.89,172.94,99.62,24.02,1.21,294.96,3.6,0.23
2022-06-08,389.13,299.97,145.18,262.2,241.87,172.78,98.74,23.96,1.21,294.96,3.6,0.25
2022-06-09,379.87,291.94,139.96,256.75,239.71,172.23,99.07,26.09,1.21,294.96,3.6,0.21
2022-06-10,368.86,281.64,134.56,245.31,232.23,174.54,98.45,27.75,1.21,294.96,3.6,0.09
2022-06-13,354.85,268.55,129.4,234.9,215.74,169.93,95.36,34.02,1.21,294.96,3.6,0.03
2022-06-14,353.78,269.03,130.27,237.06,220.89,168.57,94.16,32.69,1.21,294.96,3.6,0.04
2022-06-15,358.83,275.75,132.89,244.11,233.0,170.77,95.92,29.62,1.21,294.96,3.6,0.13
2022-06-16,346.95,264.63,127.62,237.53,213.1,172.69,96.68,32.95,1.21,294.96,3.6,0.14
2022-06-17,347.7,267.84,129.09,240.13,216.76,171.27,96.99,31.13,1.21,294.96,3.6,0.08
2022-06-21,356.45,274.6,133.32,246.03,237.04,170.63,95.34,30.19,1.21,294.96,3.6,0.1
2022-06-22,355.81,274.2,132.81,245.44,236.09,171.31,97.97,28.95,1.21,294.96,3.6,0.1
2022-06-23,359.29,278.29,135.67,251.0,235.07,170.26,98.77,29.05,1.21,294.96,3.6,0.08
2022-06-24,370.72,287.82,139.0,259.57,245.71,170.09,97.4,27.23,1.21,294.96,3.6,0.09
2022-06-27,369.3,285.71,139.0,256.84,244.92,169.9,96.57,26.95,1.21,294.96,3.6,0.12
2022-06-28,361.76,277.01,134.86,248.69,232.66,169.62,97.02,28.36,1.21,294.96,3.6,0.1
2022-06-29,361.46,277.26,136.62,252.36,228.49,169.49,98.54,28.16,1.21,294.96,3.6,0.04
2022-06-30,358.52,273.82,134.15,249.03,224.47,168.46,99.4,28.71,1.21,294.96,3.6,0.06
2022-07-01,362.32,275.63,136.32,251.7,227.26,168.32,100.42,26.7,1.68,294.91,3.5,0.04
2022-07-05,363.0,280.35,138.9,254.87,233.07,164.75,101.21,27.54,1.68,294.91,3.5,0.0
2022-07-06,364.23,282.14,140.24,258.12,231.73,162.14,99.51,26.73,1.68,294.91,3.5,-0.04
2022-07-07,369.68,288.18,143.6,260.25,244.54,162.23,98.64,26.08,1.68,294.91,3.5,-0.02
2022-07-08,369.38,288.54,144.28,259.53,250.76,162.3,97.54,24.64,1.68,294.91,3.5,-0.03
2022-07-11,365.16,282.38,142.15,256.48,234.34,161.43,99.23,26.17,1.68,294.91,3.5,-0.08
2022-07-12,361.93,279.64,143.12,245.97,233.07,160.83,99.82,27.29,1.68,294.91,3.5,-0.07
2022-07-13,360.03,279.07,142.76,245.04,237.04,161.6,100.96,26.82,1.68,294.91,3.5,-0.22
2022-07-14,359.15,280.06,145.68,246.36,238.31,159.33,100.14,26.4,1.68,294.91,3.5,-0.19
2022-07-15,366.01,285.14,147.35,248.92,240.07,159.01,100.7,24.23,1.68,294.91,3.5,-0.2
2022-07-18,362.99,282.73,144.31,246.53,240.55,159.16,99.65,25.3,1.68,294.91,3.5,-0.19
2022-07-19,372.8,291.43,148.16,251.65,245.53,159.54,99.11,24.5,1.68,294.91,3.5,-0.22
2022-07-20,375.17,296.05,150.17,254.3,247.5,158.04,99.37,23.88,1.68,294.91,3.5,-0.21
2022-07-21,378.99,300.3,152.43,256.8,271.71,160.27,101.09,23.11,1.68,294.91,3.5,-0.19
2022-07-22,375.48,295.03,151.2,252.45,272.24,160.67,102.79,23.03,1.68,294.91,3.5,-0.21
2022-07-25,375.93,293.35,150.08,250.97,268.43,160.23,101.78,23.36,1.68,294.91,3.5,-0.19
2022-07-26,371.49,287.59,148.75,244.25,258.86,160.04,101.86,24.69,1.68,294.91,3.5,-0.21
2022-07-27,381.13,299.74,153.85,260.58,274.82,161.67,101.29,23.24,1.68,294.91,3.5,-0.18
2022-07-28,385.91,302.67,154.4,268.02,280.9,163.64,102.1,22.33,1.68,294.91,3.5,-0.17
2022-07-29,391.54,308.19,159.46,272.21,297.15,164.1,101.82,21.33,1.68,294.91,3.5,-0.22
2022-08-01,390.38,308.0,158.48,269.57,297.28,165.03,104.27,22.84,2.33,295.1,3.6,-0.3
2022-08-02,387.8,307.09,157.01,266.47,300.59,164.05,102.07,23.93,2.33,295.1,3.6,-0.31
2022-08-03,393.88,315.45,163.01,273.89,307.4,164.45,103.67,21.95,2.33,295.1,3.6,-0.37
2022-08-04,393.61,316.92,162.7,275.04,308.63,167.17,103.64,21.44,2.33,295.1,3.6,-0.35
2022-08-05,392.95,314.33,162.47,274.32,288.17,165.29,101.17,21.15,2.33,295.1,3.6,-0.41
2022-08-08,392.49,313.32,162.0,271.81,290.42,166.69,102.8,21.29,2.33,295.1,3.6,-0.44
2022-08-09,390.93,309.77,162.05,273.73,283.33,167.2,102.4,21.77,2.33,295.1,3.6,-0.48
2022-08-10,399.14,318.42,166.29,280.38,294.36,166.78,101.73,19.74,2.33,295.1,3.6,-0.45
2022-08-11,399.14,316.61,165.56,278.3,286.63,166.34,99.36,20.2,2.33,295.1,3.6,-0.36
2022-08-12,405.9,322.78,169.1,283.04,300.03,167.87,100.37,19.53,2.33,295.1,3.6,-0.41
2022-08-15,407.57,325.38,170.17,284.56,309.32,165.71,100.28,19.95,2.33,295.1,3.6,-0.41
2022-08-16,408.37,324.62,170.02,283.82,306.56,165.42,100.7,19.69,2.33,295.1,3.6,-0.43
2022-08-17,405.47,320.92,171.51,283.07,304.0,164.35,99.65,19.9,2.33,295.1,3.6,-0.39
2022-08-18,406.65,321.69,171.12,281.95,302.87,163.92,99.8,19.56,2.33,295.1,3.6,-0.34
2022-08-19,401.19,315.42,168.53,278.05,296.67,162.72,98.19,20.6,2.33,295.1,3.6,-0.27
2022-08-22,392.83,307.12,164.65,269.89,289.91,161.64,97.86,23.8,2.33,295.1,3.6,-0.29
2022-08-23,391.88,306.86,164.32,268.61,296.45,162.77,97.32,24.11,2.33,295.1,3.6,-0.24
2022-08-24,393.14,307.75,164.61,267.98,297.1,163.25,96.61,22.82,2.33,295.1,3.6,-0.25
2022-08-25,398.69,313.19,167.07,270.95,296.07,163.75,97.96,21.78,2.33,295.1,3.6,-0.32
2022-08-26,385.19,300.35,160.77,260.5,288.09,161.76,98.69,25.56,2.33,295.1,3.6,-0.33
2022-08-29,382.64,297.39,158.57,257.72,284.82,161.86,97.88,26.21,2.33,295.1,3.6,-0.3
2022-08-30,378.44,294.08,156.14,255.52,277.7,160.51,98.12,26.21,2.33,295.1,3.6,-0.35
2022-08-31,375.56,292.37,154.48,254.07,275.61,159.27,97.18,25.87,2.33,295.1,3.6,-0.3
2022-09-01,376.74,292.5,155.21,253.03,277.16,157.87,95.4,25.56,2.56,296.35,3.5,-0.25
2022-09-02,372.77,288.37,153.1,248.81,270.21,159.26,95.94,25.47,2.56,296.35,3.5,-0.2
2022-09-06,371.36,286.3,151.84,246.08,274.42,158.33,93.57,26.91,2.56,296.35,3.5,-0.17
2022-09-07,378.03,292.08,153.24,250.78,283.7,159.94,95.05,24.64,2.56,296.35,3.5,-0.18
2022-09-08,380.51,293.59,151.77,251.2,289.26,158.98,94.07,23.61,2.56,296.35,3.5,-0.19
2022-09-09,386.42,300.01,154.63,256.97,299.68,159.82,94.28,22.79,2.56,296.35,3.5,-0.23
2022-09-12,390.57,303.58,160.58,259.1,304.42,160.63,93.51,23.87,2.56,296.35,3.5,-0.21
2022-09-13,373.59,286.93,151.16,244.86,292.13,158.54,93.72,27.27,2.56,296.35,3.5,-0.33
2022-09-14,375.01,289.21,152.61,245.08,302.61,157.93,94.05,26.16,2.56,296.35,3.5,-0.37
2022-09-15,370.75,284.39,149.72,238.43,303.75,154.98,93.99,26.27,2.56,296.35,3.5,-0.42
2022-09-16,367.93,282.65,148.08,237.81,303.35,155.84,93.2,26.3,2.56,296.35,3.5,-0.4
2022-09-19,370.78,284.85,151.79,237.6,309.07,155.96,93.42,25.76,2.56,296.35,3.5,-0.46
2022-09-20,366.52,282.58,154.17,235.59,308.73,155.07,92.49,27.16,2.56,296.35,3.5,-0.39
2022-09-21,360.13,277.52,151.04,232.18,300.8,155.79,94.04,27.99,2.56,296.35,3.5,-0.51
2022-09-22,357.11,274.11,150.08,234.16,288.59,155.7,91.63,27.35,2.56,296.35,3.5,-0.41
2022-09-23,351.12,269.64,147.81,231.18,275.33,153.01,92.01,29.92,2.56,296.35,3.5,-0.51
2022-09-26,347.65,268.53,148.14,230.73,276.01,151.23,90.25,32.26,2.56,296.35,3.5,-0.39
2022-09-27,346.76,268.64,149.12,229.72,282.94,151.54,87.87,32.6,2.56,296.35,3.5,-0.33
2022-09-28,353.58,273.98,147.23,234.24,287.81,154.69,90.82,30.18,2.56,296.35,3.5,-0.35
2022-09-29,346.2,266.08,140.0,230.78,268.21,154.66,90.35,31.84,2.56,296.35,3.5,-0.4
2022-09-30,340.84,261.57,135.79,226.31,265.25,154.67,89.18,31.62,2.56,296.35,3.5,-0.39
2022-10-03,349.84,267.71,139.97,233.92,242.4,158.43,90.6,30.1,2.56,296.35,3.5,-0.45
2022-10-04,360.68,276.12,143.56,241.83,249.44,160.7,90.34,29.07,2.56,296.35,3.5,-0.48
2022-10-05,359.84,275.98,143.85,242.14,240.81,159.81,89.48,28.55,2.56,296.35,3.5,-0.39
2022-10-06,356.13,273.8,142.9,239.8,238.13,159.63,88.98,30.52,2.56,296.35,3.5,-0.4
2022-10-07,346.2,263.37,137.65,227.61,223.07,157.88,88.12,31.36,2.56,296.35,3.5,-0.41
2022-10-10,343.55,260.74,137.97,222.76,222.96,155.48,86.75,32.45,2.56,296.35,3.5,-0.41
2022-10-11,341.38,257.16,136.56,219.03,216.5,155.16,87.13,33.63,2.56,296.35,3.5,-0.37
2022-10-12,340.25,257.07,135.93,219.36,217.24,155.99,87.56,33.57,2.56,296.35,3.5,-0.37
2022-10-13,349.23,263.1,140.5,227.61,221.72,154.91,86.72,31.94,2.56,296.35,3.5,-0.5
2022-10-14,341.27,255.19,135.97,222.09,204.99,152.98,86.01,32.02,2.56,296.35,3.5,-0.48
2022-10-17,350.04,263.62,139.93,230.8,219.35,153.42,85.59,31.37,2.56,296.35,3.5,-0.43
2022-10-18,354.16,265.7,141.25,231.75,220.19,153.75,85.79,30.5,2.56,296.35,3.5,-0.42
2022-10-19,351.65,264.73,141.35,229.78,222.04,151.69,84.23,30.76,2.56,296.35,3.5,-0.41
2022-10-20,348.7,263.38,140.89,229.46,207.28,151.45,82.79,29.98,2.56,296.35,3.5,-0.38
2022-10-21,357.17,269.56,144.71,235.26,214.44,154.15,81.3,29.69,2.56,296.35,3.5,-0.28
2022-10-24,361.54,272.52,146.85,240.25,211.25,153.65,80.62,29.85,2.56,296.35,3.5,-0.25
2022-10-25,367.32,278.16,149.69,243.56,222.42,154.0,82.97,28.46,2.56,296.35,3.5,-0.32
2022-10-26,364.55,272.01,146.75,224.77,224.64,154.98,84.17,27.28,2.56,296.35,3.5,-0.35
2022-10-27,362.6,267.06,142.28,220.33,225.09,154.74,85.05,27.39,2.56,296.35,3.5,-0.34
2022-10-28,371.23,275.23,153.03,229.19,228.52,153.16,84.46,25.75,2.56,296.35,3.5,-0.39
2022-10-31,368.55,272.03,150.67,225.56,227.54,151.91,83.86,25.88,2.56,296.35,3.5,-0.41
2022-11-01,366.93,269.25,148.03,221.71,227.82,153.46,84.64,25.81,3.78,298.79,3.6,-0.47
2022-11-02,357.73,260.02,142.5,213.87,214.98,152.39,84.28,25.86,3.78,298.79,3.6,-0.51
2022-11-03,354.04,254.94,136.46,208.18,215.31,151.81,83.82,25.3,3.78,298.79,3.6,-0.57
2022-11-04,359.14,259.04,136.2,215.12,207.47,156.47,82.41,24.55,3.78,298.79,3.6,-0.49
2022-11-07,362.57,261.89,136.73,221.42,197.08,155.85,81.59,24.35,3.78,298.79,3.6,-0.5
2022-11-08,364.53,263.8,137.3,222.39,191.3,159.45,82.48,25.54,3.78,298.79,3.6,-0.53
2022-11-09,357.02,257.71,132.74,218.15,177.59,158.65,82.76,26.09,3.78,298.79,3.6,-0.49
2022-11-10,376.64,276.73,144.55,236.1,190.72,163.48,85.94,23.53,3.78,298.79,3.6,-0.52
2022-11-11,380.28,281.83,147.34,240.11,195.97,164.56,85.62,22.52,3.78,298.79,3.6,-0.52
2022-11-14,377.05,279.36,145.94,234.71,190.95,164.92,85.41,23.73,3.78,298.79,3.6,-0.52
2022-11-15,380.27,283.23,147.67,235.12,194.42,165.5,86.8,24.54,3.78,298.79,3.6,-0.57
2022-11-16,377.36,279.36,146.44,235.55,186.92,165.12,88.69,24.11,3.78,298.79,3.6,-0.68
2022-11-17,376.21,278.75,148.34,235.5,183.17,163.92,87.76,23.93,3.78,298.79,3.6,-0.66
2022-11-18,377.92,278.76,148.9,235.05,180.19,162.79,87.16,23.12,3.78,298.79,3.6,-0.69
2022-11-21,376.54,275.89,145.67,235.86,167.87,161.88,87.52,22.36,3.78,298.79,3.6,-0.65
2022-11-22,381.61,279.86,147.81,238.76,169.91,162.07,88.76,21.29,3.78,298.79,3.6,-0.71
2022-11-23,384.02,282.67,148.69,241.25,183.2,163.08,90.31,20.35,3.78,298.79,3.6,-0.75
2022-11-25,383.93,280.81,145.77,241.16,182.86,163.22,90.01,20.5,3.78,298.79,3.6,-0.74
2022-11-28,377.8,276.69,141.94,235.58,182.92,161.93,90.26,22.21,3.78,298.79,3.6,-0.77
2022-11-29,377.15,274.6,138.94,234.18,180.83,162.73,89.2,21.89,3.78,298.79,3.6,-0.73
2022-11-30,389.03,287.11,145.69,248.61,194.7,164.81,89.86,20.58,3.78,298.79,3.6,-0.7
2022-12-01,388.75,287.47,145.97,248.18,194.7,167.84,92.73,19.84,4.1,298.83,3.5,-0.72
2022-12-02,388.3,286.32,145.48,248.5,194.86,167.26,93.89,19.06,4.1,298.83,3.5,-0.77
2022-12-05,381.31,281.52,144.32,243.8,182.45,164.39,92.58,20.75,4.1,298.83,3.5,-0.81
2022-12-06,375.82,275.68,140.65,238.85,179.82,164.84,93.77,22.17,4.1,298.83,3.5,-0.83
2022-12-07,375.18,274.56,138.72,238.12,174.04,166.33,95.98,22.68,4.1,298.83,3.5,-0.84
2022-12-08,378.12,277.81,140.4,241.07,173.44,166.47,95.72,22.29,4.1,298.83,3.5,-0.83
2022-12-09,375.29,276.04,139.92,239.14,179.05,167.06,93.23,22.83,4.1,298.83,3.5,-0.76
2022-12-12,380.7,279.5,142.21,246.05,167.82,165.68,93.53,25.0,4.1,298.83,3.5,-0.78
2022-12-13,383.59,282.5,143.17,250.35,160.95,168.51,94.43,22.55,4.1,298.83,3.5,-0.71
2022-12-14,381.13,280.41,140.95,250.64,156.8,168.1,94.83,21.14,4.1,298.83,3.5,-0.74
2022-12-15,371.81,270.99,134.35,242.64,157.67,165.35,95.2,22.83,4.1,298.83,3.5,-0.79
2022-12-16,367.42,268.41,132.39,238.43,150.23,166.79,94.14,22.62,4.1,298.83,3.5,-0.69
2022-12-19,364.31,264.64,130.28,234.3,149.87,166.32,92.56,22.42,4.1,298.83,3.5,-0.68
2022-12-20,364.8,264.43,130.21,235.62,137.8,169.08,90.91,21.48,4.1,298.83,3.5,-0.56
2022-12-21,370.26,268.27,133.31,238.18,137.57,168.8,91.14,20.07,4.1,298.83,3.5,-0.53
2022-12-22,364.98,261.71,130.14,232.1,125.35,166.76,91.12,21.97,4.1,298.83,3.5,-0.57
2022-12-23,367.08,262.29,129.78,232.62,123.15,167.26,89.79,20.87,4.1,298.83,3.5,-0.56
2022-12-27,365.63,258.59,127.98,230.9,109.1,168.67,88.01,21.65,4.1,298.83,3.5,-0.48
2022-12-28,361.08,255.17,124.05,228.53,112.71,167.91,87.49,22.14,4.1,298.83,3.5,-0.43
2022-12-29,367.58,261.39,127.56,234.85,121.82,168.85,88.49,21.44,4.1,298.83,3.5,-0.51
2022-12-30,366.62,261.23,127.88,233.69,123.18,169.64,87.5,21.67,4.1,298.83,3.5,-0.53
2023-01-03,365.07,259.47,123.1,233.45,108.1,171.06,89.17,22.9,4.1,298.83,3.5,-0.61
2023-01-04,367.89,260.7,124.37,223.24,113.64,172.67,90.4,22.01,4.1,298.83,3.5,-0.67
2023-01-05,363.69,256.62,123.05,216.62,110.34,170.52,90.77,22.46,4.1,298.83,3.5,-0.74
2023-01-06,372.03,263.71,127.57,219.18,113.06,173.71,92.44,21.13,4.1,298.83,3.5,-0.69
2023-01-09,371.82,265.41,128.1,221.31,119.77,174.1,92.94,21.97,4.1,298.83,3.5,-0.66
2023-01-10,374.43,267.66,128.67,223.0,118.85,174.74,91.4,20.58,4.1,298.83,3.5,-0.63
2023-01-11,379.16,272.29,131.38,229.74,123.22,174.62,92.88,21.09,4.1,298.83,3.5,-0.66
2023-01-12,380.54,273.76,131.3,232.41,123.56,176.64,94.71,18.83,4.1,298.83,3.5,-0.69
2023-01-13,382.02,275.65,132.63,233.11,122.4,178.76,93.82,18.35,4.1,298.83,3.5,-0.73
2023-01-17,381.32,276.21,133.79,234.2,131.49,177.59,93.22,19.36,4.1,298.83,3.5,-0.65
2023-01-18,375.3,272.61,133.08,229.78,128.78,177.08,95.48,20.34,4.1,298.83,3.5,-0.69
2023-01-19,372.57,269.94,133.14,226.0,127.17,179.89,94.88,20.52,4.1,298.83,3.5,-0.7
2023-01-20,379.51,277.32,135.69,234.08,133.42,179.29,93.34,19.85,4.1,298.83,3.5,-0.66
2023-01-23,384.06,283.48,138.88,236.38,143.75,179.63,92.9,19.81,4.1,298.83,3.5,-0.69
2023-01-24,383.65,282.91,140.28,235.85,143.89,180.28,94.24,19.2,4.1,298.83,3.5,-0.66
2023-01-25,383.79,282.28,139.62,234.46,144.43,181.11,94.46,19.08,4.1,298.83,3.5,-0.65
2023-01-26,388.01,287.78,141.69,241.66,160.27,179.47,94.03,18.73,4.1,298.83,3.5,-0.68
2023-01-27,388.9,290.65,143.63,241.81,177.9,179.22,93.79,18.51,4.1,298.83,3.5,-0.67
2023-01-30,384.02,284.77,140.74,236.5,166.66,178.76,93.45,19.94,4.1,298.83,3.5,-0.7
2023-01-31,389.67,289.04,142.01,241.47,173.22,179.41,94.19,19.4,4.1,298.83,3.5,-0.69
2023-02-01,393.81,295.22,143.13,246.29,181.41,181.67,95.32,17.87,4.57,301.45,3.6,-0.7
2023-02-02,399.55,305.81,148.44,257.83,188.27,177.9,95.45,18.73,4.57,301.45,3.6,-0.69
2023-02-03,395.3,300.38,152.06,251.74,189.98,173.46,94.02,18.33,4.57,301.45,3.6,-0.77
2023-02-06,392.88,297.84,149.34,250.2,194.76,173.82,93.32,19.43,4.57,301.45,3.6,-0.81
2023-02-07,398.02,304.01,152.21,260.72,196.81,173.98,92.58,18.66,4.57,301.45,3.6,-0.8
2023-02-08,393.67,298.6,149.52,259.91,201.29,174.41,93.02,19.63,4.57,301.45,3.6,-0.82
2023-02-09,390.26,295.96,148.49,256.88,207.32,173.03,92.13,20.71,4.57,301.45,3.6,-0.81
2023-02-10,391.17,294.02,148.85,256.37,196.89,173.36,91.1,20.53,4.57,301.45,3.6,-0.76
2023-02-13,395.76,298.73,151.65,264.38,194.64,172.48,91.87,20.34,4.57,301.45,3.6,-0.8
2023-02-14,395.58,300.94,151.01,265.21,209.25,172.61,91.66,18.91,4.57,301.45,3.6,-0.83
2023-02-15,396.86,303.24,153.11,263.09,214.24,170.89,90.8,18.23,4.57,301.45,3.6,-0.81
2023-02-16,391.4,297.55,151.51,256.09,202.04,170.75,89.52,20.17,4.57,301.45,3.6,-0.76
2023-02-17,390.42,295.45,150.37,252.09,208.31,171.26,90.21,20.02,4.57,301.45,3.6,-0.78
2023-02-21,382.59,288.46,146.36,246.82,197.37,170.62,88.46,22.87,4.57,301.45,3.6,-0.72
2023-02-22,382.06,288.67,146.78,245.69,200.86,169.66,89.27,22.29,4.57,301.45,3.6,-0.73
2023-02-23,384.09,291.2,147.27,248.88,202.07,169.57,90.14,21.14,4.57,301.45,3.6,-0.78
2023-02-24,379.99,286.32,144.61,243.45,196.88,168.35,88.97,21.67,4.57,301.45,3.6,-0.83
2023-02-27,381.28,288.37,145.81,244.37,207.63,169.01,89.22,20.95,4.57,301.45,3.6,-0.86
2023-02-28,379.87,288.0,145.3,243.65,205.71,169.78,89.62,20.7,4.57,301.45,3.6,-0.89
2023-03-01,378.42,285.68,143.23,240.57,202.77,170.76,88.66,20.58,4.65,301.82,3.5,-0.88
2023-03-02,381.36,288.05,143.83,245.3,190.9,170.66,87.87,19.59,4.65,301.82,3.5,-0.81
2023-03-03,387.48,294.0,148.87,249.38,197.79,172.49,90.0,18.49,4.65,301.82,3.5,-0.89
2023-03-06,387.74,294.34,151.63,250.93,193.81,171.62,89.31,18.61,4.65,301.82,3.5,-0.91
2023-03-07,381.8,290.73,149.44,248.27,187.71,168.62,89.85,19.59,4.65,301.82,3.5,-1.03
2023-03-08,382.42,292.18,150.69,247.83,182.0,168.54,89.94,19.11,4.65,301.82,3.5,-1.07
2023-03-09,375.37,287.11,148.44,246.48,172.92,170.2,90.16,22.61,4.65,301.82,3.5,-0.97
2023-03-10,369.95,283.08,146.38,242.84,173.44,173.87,93.27,24.8,4.65,301.82,3.5,-0.9
2023-03-13,369.42,285.18,148.32,248.05,174.48,177.86,93.48,26.52,4.65,301.82,3.5,-0.48
2023-03-14,375.53,291.74,150.41,254.76,183.26,176.83,91.95,23.73,4.65,301.82,3.5,-0.56
2023-03-15,373.18,293.27,150.81,259.3,180.45,178.21,93.72,26.14,4.65,301.82,3.5,-0.42
2023-03-16,379.73,301.0,153.62,269.81,184.13,178.57,92.99,22.99,4.65,301.82,3.5,-0.58
2023-03-17,375.29,299.57,152.79,272.97,180.13,183.77,94.38,25.51,4.65,301.82,3.5,-0.42
2023-03-20,378.9,300.64,155.15,265.93,183.25,183.84,93.55,24.15,4.65,301.82,3.5,-0.45
2023-03-21,383.87,304.93,157.01,267.45,197.58,180.37,92.75,21.38,4.65,301.82,3.5,-0.58
2023-03-22,377.33,300.78,155.58,265.99,191.15,183.44,93.99,22.26,4.65,301.82,3.5,-0.48
2023-03-23,378.35,304.35,156.66,271.24,192.22,185.74,93.99,22.61,4.65,301.82,3.5,-0.38
2023-03-24,380.83,305.47,157.96,274.08,190.41,183.65,94.38,21.74,4.65,301.82,3.5,-0.38
2023-03-27,381.54,303.38,156.02,269.99,191.81,181.95,92.17,20.6,4.65,301.82,3.5,-0.41
2023-03-28,380.69,301.77,155.4,268.86,189.19,183.44,92.34,19.97,4.65,301.82,3.5,-0.47
2023-03-29,386.22,307.27,158.47,274.02,193.88,182.53,92.15,19.12,4.65,301.82,3.5,-0.51
2023-03-30,388.48,310.18,160.04,277.48,195.28,184.18,92.57,19.02,4.65,301.82,3.5,-0.55
2023-03-31,393.96,315.34,162.55,281.63,207.46,183.22,93.96,18.7,4.65,301.82,3.5,-0.58
2023-04-03,395.46,314.57,163.8,280.59,194.77,184.54,94.4,18.55,4.65,301.82,3.5,-0.54
2023-04-04,393.27,313.51,163.26,280.54,192.58,187.98,94.87,19.0,4.65,301.82,3.5,-0.49
2023-04-05,392.24,310.41,161.42,277.76,185.52,187.83,95.86,19.08,4.65,301.82,3.5,-0.49
2023-04-06,393.77,312.51,162.31,284.85,185.06,186.49,96.11,18.4,4.65,301.82,3.5,-0.52
2023-04-10,394.17,312.33,159.72,282.7,184.51,185.11,94.56,18.97,4.65,301.82,3.5,-0.59
2023-04-11,394.28,310.33,158.5,276.29,186.79,186.28,94.76,19.1,4.65,301.82,3.5,-0.6
2023-04-12,392.67,307.58,157.81,276.93,180.54,187.19,94.66,19.09,4.65,301.82,3.5,-0.54
2023-04-13,397.88,313.61,163.2,283.13,185.9,189.72,93.92,17.8,4.65,301.82,3.5,-0.51
2023-04-14,396.91,313.02,162.85,279.52,185.0,186.36,93.06,17.07,4.65,301.82,3.5,-0.56
2023-04-17,398.34,313.28,162.87,282.12,187.04,185.53,91.95,16.95,4.65,301.82,3.5,-0.58
2023-04-18,398.6,313.3,164.09,281.7,184.31,186.25,92.28,16.83,4.65,301.82,3.5,-0.61
2023-04-19,398.53,313.16,165.24,281.78,180.59,185.36,92.19,16.46,4.65,301.82,3.5,-0.64
2023-04-20,396.35,310.77,164.27,279.49,162.99,186.09,92.98,17.17,4.65,301.82,3.5,-0.6
2023-04-21,396.66,311.09,162.66,279.15,165.08,184.25,92.45,16.77,4.65,301.82,3.5,-0.6
2023-04-24,397.08,310.44,162.97,275.25,162.55,184.81,93.35,16.89,4.65,301.82,3.5,-0.6
2023-04-25,390.77,304.59,161.43,269.05,160.67,185.75,94.72,18.76,4.65,301.82,3.5,-0.46
2023-04-26,389.12,306.43,161.42,288.54,153.75,184.74,93.71,18.84,4.65,301.82,3.5,-0.47
2023-04-27,396.86,314.77,166.01,297.78,160.19,184.75,92.78,17.03,4.65,301.82,3.5,-0.54
2023-04-28,400.25,316.94,167.26,300.15,164.31,184.8,94.28,15.78,4.65,301.82,3.5,-0.6
2023-05-01,399.85,316.57,167.17,298.49,161.83,183.97,91.56,16.08,5.06,303.33,3.6,-0.55
2023-05-02,395.35,313.81,166.13,298.34,160.31,187.52,93.84,17.78,5.06,303.33,3.6,-0.53
2023-05-03,392.64,311.76,165.06,297.36,160.61,189.11,94.37,18.34,5.06,303.33,3.6,-0.51
2023-05-04,389.86,310.66,163.42,298.34,161.2,190.44,93.43,20.09,5.06,303.33,3.6,-0.38
2023-05-05,397.08,317.26,171.09,303.46,170.06,187.46,93.12,17.19,5.06,303.33,3.6,-0.48
2023-05-08,397.18,318.05,171.02,301.51,171.79,187.69,91.82,16.98,5.06,303.33,3.6,-0.48
2023-05-09,395.44,316.03,169.32,299.9,169.15,189.02,91.49,17.71,5.06,303.33,3.6,-0.48
2023-05-10,397.29,319.47,171.08,305.08,168.54,188.75,92.38,16.94,5.06,303.33,3.6,-0.47
2023-05-11,396.6,320.51,171.27,302.94,172.08,187.13,93.35,16.93,5.06,303.33,3.6,-0.5
2023-05-12,396.08,319.37,170.34,301.82,167.98,186.81,92.57,17.03,5.06,303.33,3.6,-0.52
2023-05-15,397.44,321.09,169.85,302.3,166.35,187.21,91.61,17.12,5.06,303.33,3.6,-0.49
2023-05-16,394.79,321.46,169.85,304.53,166.52,184.87,91.34,17.99,5.06,303.33,3.6,-0.52
2023-05-17,399.58,325.35,170.46,307.41,173.86,184.23,91.07,16.87,5.06,303.33,3.6,-0.55
2023-05-18,403.43,331.39,172.79,311.83,176.89,181.84,90.4,16.05,5.06,303.33,3.6,-0.59
2023-05-19,402.84,330.64,172.9,311.66,180.14,183.64,89.76,16.81,5.06,303.33,3.6,-0.58
2023-05-22,403.0,331.76,171.95,314.44,188.87,183.21,89.44,17.21,5.06,303.33,3.6,-0.57
2023-05-23,398.48,327.55,169.34,308.64,185.77,183.43,89.7,18.53,5.06,303.33,3.6,-0.56
2023-05-24,395.59,325.87,169.62,307.26,182.9,181.95,89.25,20.03,5.06,303.33,3.6,-0.58
2023-05-25,399.02,333.8,170.76,319.08,184.47,180.2,89.03,19.14,5.06,303.33,3.6,-0.67
2023-05-26,404.19,342.33,173.16,325.9,193.17,180.92,89.75,17.95,5.06,303.33,3.6,-0.74
2023-05-30,404.34,343.88,175.01,324.26,201.16,182.04,90.65,17.46,5.06,303.33,3.6,-0.77
2023-05-31,402.1,341.92,174.96,321.49,203.93,182.32,91.44,17.94,5.06,303.33,3.6,-0.76
2023-06-01,405.92,345.87,177.76,325.6,207.52,183.76,91.79,15.65,5.08,304.01,3.6,-0.72
2023-06-02,411.79,348.47,178.61,328.36,213.97,181.05,90.79,14.6,5.08,304.01,3.6,-0.81
2023-06-05,411.0,348.71,177.26,328.89,217.61,182.14,90.62,14.73,5.08,304.01,3.6,-0.77
2023-06-06,411.9,348.66,176.9,326.67,221.31,182.34,91.15,13.96,5.08,304.01,3.6,-0.81
2023-06-07,410.47,342.74,175.52,316.59,224.57,180.15,89.8,13.94,5.08,304.01,3.6,-0.77
2023-06-08,412.95,347.0,178.24,318.43,234.86,182.53,90.85,13.65,5.08,304.01,3.6,-0.79
2023-06-09,413.7,348.32,178.62,319.93,244.4,182.04,90.73,13.83,5.08,304.01,3.6,-0.84
2023-06-12,417.45,354.21,181.42,324.88,249.83,181.88,90.99,15.01,5.08,304.01,3.6,-0.82
2023-06-13,420.2,356.93,180.94,327.27,258.71,180.54,90.09,14.61,5.08,304.01,3.6,-0.83
2023-06-14,420.7,359.52,181.57,330.26,256.79,180.64,90.82,13.88,5.08,304.01,3.6,-0.91
2023-06-15,425.92,363.81,183.61,340.79,255.9,181.91,91.69,14.5,5.08,304.01,3.6,-0.9
2023-06-16,424.47,361.52,182.53,335.14,260.54,181.63,91.33,13.54,5.08,304.01,3.6,-0.93
2023-06-20,422.26,361.0,182.62,330.95,274.45,179.75,91.96,13.88,5.08,304.01,3.6,-0.94
2023-06-21,420.1,356.08,181.58,326.56,259.46,179.49,92.19,13.2,5.08,304.01,3.6,-0.96
2023-06-22,421.62,360.28,184.58,332.58,264.61,177.71,91.07,12.91,5.08,304.01,3.6,-0.97
2023-06-23,418.43,356.71,184.27,327.99,256.6,178.2,91.98,13.44,5.08,304.01,3.6,-0.97
2023-06-26,416.72,351.93,182.88,321.7,241.05,178.51,92.08,14.25,5.08,304.01,3.6,-0.93
2023-06-27,421.29,357.98,185.63,327.54,250.21,177.69,91.84,13.74,5.08,304.01,3.6,-0.97
2023-06-28,421.5,358.68,186.81,328.8,256.24,177.28,92.23,13.43,5.08,304.01,3.6,-1.0
2023-06-29,423.16,357.96,187.14,328.01,257.5,177.09,90.57,13.54,5.08,304.01,3.6,-1.02
2023-06-30,428.16,363.48,191.46,333.39,261.77,178.27,91.63,13.59,5.08,304.01,3.6,-1.06
2023-07-03,428.65,364.34,189.97,330.89,279.82,178.47,91.11,13.57,5.08,304.01,3.6,-1.08
2023-07-05,428.01,364.33,188.86,331.05,282.48,177.84,90.25,14.18,5.08,304.01,3.6,-0.99
2023-07-06,424.66,361.55,189.33,334.1,276.54,177.31,88.97,15.44,5.08,304.01,3.6,-0.94
2023-07-07,423.59,360.35,188.22,330.14,274.43,178.64,88.44,14.83,5.08,304.01,3.6,-0.88
2023-07-10,424.66,360.47,186.17,324.86,269.61,178.78,88.55,15.07,5.08,304.01,3.6,-0.84
2023-07-11,427.36,362.25,185.65,325.49,269.79,179.45,89.01,14.84,5.08,304.01,3.6,-0.89
2023-07-12,430.8,366.82,187.32,330.12,271.99,181.88,90.0,13.54,5.08,304.01,3.6,-0.86
2023-07-13,434.22,373.05,188.08,335.46,277.9,182.01,90.95,13.61,5.08,304.01,3.6,-0.83
2023-07-14,433.95,372.97,188.23,337.99,281.38,181.43,90.41,13.34,5.08,304.01,3.6,-0.91
2023-07-17,435.46,376.46,191.48,338.47,290.38,181.56,90.45,13.48,5.08,304.01,3.6,-0.93
2023-07-18,438.69,379.54,191.23,351.94,293.34,183.64,90.86,13.3,5.08,304.01,3.6,-0.94
2023-07-19,439.67,379.45,192.58,347.62,291.26,183.67,91.89,13.76,5.08,304.01,3.6,-0.99
2023-07-20,436.75,370.7,190.64,339.59,262.9,182.74,90.78,13.99,5.08,304.01,3.6,-0.95
2023-07-21,436.75,369.59,189.46,336.55,260.02,182.18,90.8,13.6,5.08,304.01,3.6,-0.98
2023-07-24,438.7,370.18,190.26,337.86,269.06,181.4,90.47,13.91,5.08,304.01,3.6,-0.95
2023-07-25,439.9,372.69,191.12,343.61,265.28,182.41,90.3,13.86,5.08,304.01,3.6,-0.94
2023-07-26,439.97,371.45,191.99,330.68,264.35,183.3,90.39,13.19,5.08,304.01,3.6,-0.96
2023-07-27,437.05,370.56,190.72,323.78,255.71,180.42,88.63,14.41,5.08,304.01,3.6,-0.9
2023-07-28,441.33,377.31,193.3,331.26,266.44,181.86,89.09,13.33,5.08,304.01,3.6,-0.91
2023-07-31,442.17,377.51,193.91,328.87,267.43,182.35,89.3,13.63,5.08,304.01,3.6,-0.91
2023-08-01,440.91,376.63,193.08,329.28,261.07,180.46,87.84,13.93,5.33,306.08,3.7,-0.87
2023-08-02,434.77,368.37,190.09,320.62,254.11,179.6,86.9,16.09,5.33,306.08,3.7,-0.8
2023-08-03,433.53,367.78,188.7,319.8,259.32,179.54,84.89,15.92,5.33,306.08,3.7,-0.7
2023-08-04,431.57,366.06,179.64,320.9,253.86,180.19,86.4,17.1,5.33,306.08,3.7,-0.73
2023-08-07,435.33,369.16,176.54,323.18,251.45,179.78,85.55,15.77,5.33,306.08,3.7,-0.67
2023-08-08,433.44,366.02,177.48,319.2,249.7,178.64,86.54,15.99,5.33,306.08,3.7,-0.72
2023-08-09,430.54,361.99,175.89,315.46,242.19,177.79,86.99,15.96,5.33,306.08,3.7,-0.79
2023-08-10,430.7,362.66,175.67,316.15,245.34,177.6,85.56,15.85,5.33,306.08,3.7,-0.73
2023-08-11,430.44,360.35,175.73,314.27,242.65,177.6,85.36,14.84,5.33,306.08,3.7,-0.73
2023-08-14,432.82,364.39,177.38,317.24,239.76,177.06,85.17,14.82,5.33,306.08,3.7,-0.77
2023-08-15,427.78,360.53,175.39,315.1,232.96,176.59,84.65,16.46,5.33,306.08,3.7,-0.71
2023-08-16,424.64,356.71,174.52,314.34,225.6,175.57,83.99,16.78,5.33,306.08,3.7,-0.69
2023-08-17,421.4,352.81,171.98,310.88,219.22,175.3,83.63,17.89,5.33,306.08,3.7,-0.64
2023-08-18,421.61,352.37,172.47,310.49,215.49,175.33,83.93,17.3,5.33,306.08,3.7,-0.66
2023-08-21,424.35,358.05,173.8,315.79,231.28,175.81,82.81,17.13,5.33,306.08,3.7,-0.63
2023-08-22,423.2,357.54,175.18,316.36,233.19,176.1,83.44,16.97,5.33,306.08,3.7,-0.68
2023-08-23,427.91,363.17,179.02,320.81,236.86,177.89,85.51,15.98,5.33,306.08,3.7,-0.76
2023-08-24,421.98,355.41,174.34,313.91,230.04,177.85,84.95,17.2,5.33,306.08,3.7,-0.75
2023-08-25,424.96,358.17,176.54,316.87,238.59,177.62,85.23,15.68,5.33,306.08,3.7,-0.78
2023-08-28,427.65,360.86,178.1,317.57,238.82,178.13,85.32,15.08,5.33,306.08,3.7,-0.78
2023-08-29,433.83,368.74,181.99,322.19,257.18,179.87,86.2,14.45,5.33,306.08,3.7,-0.75
2023-08-30,435.62,370.8,185.48,322.57,256.9,180.32,86.11,13.88,5.33,306.08,3.7,-0.78
2023-08-31,434.98,371.91,185.69,321.56,258.08,180.02,86.5,13.57,5.33,306.08,3.7,-0.76
2023-09-01,435.8,371.52,187.27,322.44,245.01,180.11,85.15,13.09,5.33,307.28,3.7,-0.69
2023-09-05,433.91,371.99,187.5,327.24,256.49,178.64,83.96,14.01,5.33,307.28,3.7,-0.67
2023-09-06,431.0,368.71,180.79,326.58,251.92,177.83,84.16,14.45,5.33,307.28,3.7,-0.71
2023-09-07,429.67,366.08,175.5,323.67,251.49,178.02,84.4,14.4,5.33,307.28,3.7,-0.67
2023-09-08,430.32,366.59,176.12,327.94,248.5,178.08,84.72,13.84,5.33,307.28,3.7,-0.72
2023-09-11,433.15,370.91,177.28,331.54,273.58,178.41,84.11,13.8,5.33,307.28,3.7,-0.68
2023-09-12,430.77,366.8,174.26,325.49,267.48,177.49,84.59,14.23,5.33,307.28,3.7,-0.71
2023-09-13,431.28,368.19,172.19,329.7,271.3,177.08,84.57,13.48,5.33,307.28,3.7,-0.71
2023-09-14,434.99,371.2,173.7,332.29,276.04,177.17,83.96,12.82,5.33,307.28,3.7,-0.71
2023-09-15,429.75,364.85,172.98,323.97,274.39,178.34,83.45,13.79,5.33,307.28,3.7,-0.69
2023-09-18,430.01,365.23,175.91,322.83,265.28,179.39,83.93,14.0,5.33,307.28,3.7,-0.73
2023-09-19,429.11,364.45,177.0,322.43,266.5,179.22,83.31,14.11,5.33,307.28,3.7,-0.71
2023-09-20,425.17,359.2,173.46,314.7,262.59,179.35,83.57,15.14,5.33,307.28,3.7,-0.77
2023-09-21,418.14,352.61,171.92,313.48,255.7,178.05,81.42,17.54,5.33,307.28,3.7,-0.63
2023-09-22,417.2,352.66,172.77,311.01,244.88,178.62,82.08,17.2,5.33,307.28,3.7,-0.66
2023-09-25,418.96,354.34,174.04,311.53,246.99,177.7,80.06,16.9,5.33,307.28,3.7,-0.54
2023-09-26,412.8,349.02,169.97,306.23,244.12,176.28,79.78,18.94,5.33,307.28,3.7,-0.48
2023-09-27,412.96,349.84,168.46,306.87,240.5,174.1,79.37,18.22,5.33,307.28,3.7,-0.49
2023-09-28,415.36,352.76,168.71,307.7,246.38,173.23,79.61,17.34,5.33,307.28,3.7,-0.45
2023-09-29,414.35,353.02,169.23,309.77,250.22,171.45,79.62,17.52,5.33,307.28,3.7,-0.44
2023-10-02,414.19,355.97,171.74,315.71,251.6,169.65,78.29,17.61,5.33,307.28,3.7,-0.43
2023-10-03,408.64,349.72,170.4,307.46,246.53,169.16,76.6,19.78,5.33,307.28,3.7,-0.34
2023-10-04,411.62,354.48,171.65,312.92,261.16,169.14,77.68,18.58,5.33,307.28,3.7,-0.32
2023-10-05,411.46,353.43,172.88,313.32,260.05,168.83,77.3,18.49,5.33,307.28,3.7,-0.31
2023-10-06,416.35,359.35,175.43,321.07,260.53,169.7,76.36,17.45,5.33,307.28,3.7,-0.3
2023-10-09,419.01,361.19,176.92,323.58,259.67,172.82,78.15,17.7,5.33,307.28,3.7,-0.3
2023-10-10,421.19,363.19,176.32,322.17,263.62,172.53,78.04,17.03,5.33,307.28,3.7,-0.3
2023-10-11,422.92,365.78,177.72,326.13,262.99,173.79,79.67,16.09,5.33,307.28,3.7,-0.41
2023-10-12,420.34,364.51,178.62,324.89,258.87,173.26,77.51,16.69,5.33,307.28,3.7,-0.36
2023-10-13,418.25,359.93,176.78,321.53,251.12,178.83,78.9,19.32,5.33,307.28,3.7,-0.41
2023-10-16,422.65,364.0,176.65,326.34,253.92,177.96,77.63,17.21,5.33,307.28,3.7,-0.38
2023-10-17,422.63,362.8,175.1,325.78,254.85,178.29,76.77,17.88,5.33,307.28,3.7,-0.36
2023-10-18,417.0,358.04,173.8,323.86,242.68,180.87,76.1,19.22,5.33,307.28,3.7,-0.28
2023-10-19,413.33,354.69,173.43,325.05,220.11,183.09,74.54,21.4,5.33,307.28,3.7,-0.16
2023-10-20,408.25,349.4,170.88,320.49,211.99,183.59,74.96,21.71,5.33,307.28,3.7,-0.14
2023-10-23,407.55,350.46,171.0,323.09,212.08,182.97,75.86,20.37,5.33,307.28,3.7,-0.19
2023-10-24,410.62,353.87,171.43,324.27,216.52,182.95,76.86,18.97,5.33,307.28,3.7,-0.19
2023-10-25,404.73,345.21,169.12,334.22,212.42,183.72,75.15,20.19,5.33,307.28,3.7,-0.13
2023-10-26,399.88,338.62,164.96,321.68,205.76,184.01,76.31,20.68,5.33,307.28,3.7,-0.16
2023-10-27,398.07,340.25,166.27,323.57,207.3,186.15,75.98,21.27,5.33,307.28,3.7,-0.15
2023-10-30,402.83,344.08,168.32,330.93,197.36,185.1,75.64,19.75,5.33,307.28,3.7,-0.15
2023-10-31,405.36,345.73,168.79,331.71,200.84,184.09,75.27,18.14,5.33,307.28,3.7,-0.19
2023-11-01,409.68,351.73,171.95,339.52,205.66,183.51,76.9,16.87,5.33,308.15,3.7,-0.18
2023-11-02,417.53,358.11,175.51,341.73,218.51,184.12,78.65,15.66,5.33,308.15,3.7,-0.31
2023-11-03,421.34,362.32,174.6,346.12,219.96,184.79,79.19,14.91,5.33,308.15,3.7,-0.26
2023-11-06,422.31,363.8,177.15,349.78,219.27,183.35,78.42,14.89,5.33,308.15,3.7,-0.26
2023-11-07,423.51,367.24,179.71,353.71,222.18,182.59,79.58,14.81,5.33,308.15,3.7,-0.33
2023-11-08,423.82,367.47,180.77,356.33,222.11,180.77,80.93,14.45,5.33,308.15,3.7,-0.44
2023-11-09,420.52,364.65,180.3,353.86,209.98,181.49,79.07,15.29,5.33,308.15,3.7,-0.41
2023-11-10,427.08,372.84,184.48,362.67,214.65,179.51,79.51,14.17,5.33,308.15,3.7,-0.43
2023-11-13,426.67,371.68,182.9,359.74,223.71,180.51,79.33,14.76,5.33,308.15,3.7,-0.39
2023-11-14,434.95,379.68,185.51,363.26,237.41,182.12,81.13,14.16,5.33,308.15,3.7,-0.36
2023-11-15,435.87,379.97,186.08,363.41,242.84,181.64,79.99,14.18,5.33,308.15,3.7,-0.37
2023-11-16,436.4,380.29,187.76,369.8,233.59,183.69,80.99,14.32,5.33,308.15,3.7,-0.38
2023-11-17,436.95,380.38,187.74,363.59,234.3,183.67,81.37,13.8,5.33,308.15,3.7,-0.44
2023-11-20,440.31,385.01,189.48,371.05,235.6,183.37,81.86,13.41,5.33,308.15,3.7,-0.47
2023-11-21,439.35,382.78,188.68,366.75,241.2,185.35,81.83,13.35,5.33,308.15,3.7,-0.45
2023-11-22,441.05,384.34,189.34,371.45,234.21,184.56,82.12,12.85,5.33,308.15,3.7,-0.47
2023-11-24,441.32,383.8,188.02,371.04,235.45,185.52,81.15,12.46,5.33,308.15,3.7,-0.45
2023-11-27,440.52,383.47,187.84,372.2,236.08,186.77,82.5,12.69,5.33,308.15,3.7,-0.45
2023-11-28,440.96,384.47,188.44,376.22,246.72,189.26,82.67,12.69,5.33,308.15,3.7,-0.39
2023-11-29,440.65,384.1,187.42,372.43,244.14,189.54,83.71,12.98,5.33,308.15,3.7,-0.37
2023-11-30,442.38,383.13,188.0,372.49,240.08,188.75,82.74,12.92,5.33,308.15,3.7,-0.36
2023-12-01,445.0,384.22,189.27,368.17,238.83,192.01,84.3,12.63,5.33,308.74,3.8,-0.34
2023-12-04,442.66,380.66,187.48,362.89,235.58,187.86,83.96,13.08,5.33,308.74,3.8,-0.36
2023-12-05,442.58,381.61,191.43,366.21,238.72,187.15,85.77,12.85,5.33,308.74,3.8,-0.39
2023-12-06,440.79,379.41,190.34,362.55,239.37,187.84,86.91,12.97,5.33,308.74,3.8,-0.48
2023-12-07,444.16,384.71,192.27,364.67,242.64,188.15,86.41,13.06,5.33,308.74,3.8,-0.44
2023-12-08,446.07,386.42,193.7,367.89,243.84,185.64,85.7,12.35,5.33,308.74,3.8,-0.48
2023-12-11,447.8,389.72,191.19,365.01,239.74,183.59,85.52,12.63,5.33,308.74,3.8,-0.48
2023-12-12,449.85,392.83,192.71,368.04,237.01,183.49,85.78,12.07,5.33,308.74,3.8,-0.53
2023-12-13,456.05,397.82,195.92,368.03,239.29,187.63,87.79,12.19,5.33,308.74,3.8,-0.42
2023-12-14,457.51,397.48,196.07,359.73,251.05,188.73,90.07,12.48,5.33,308.74,3.8,-0.45
2023-12-15,456.76,399.4,195.54,364.45,253.5,187.0,90.17,12.28,5.33,308.74,3.8,-0.53
2023-12-18,459.33,401.91,193.88,366.34,252.08,187.85,89.45,12.56,5.33,308.74,3.8,-0.48
2023-12-19,462.12,403.97,194.92,366.94,257.22,189.13,89.93,12.53,5.33,308.74,3.8,-0.48
2023-12-20,455.72,397.97,192.83,364.34,247.14,188.1,90.54,13.67,5.33,308.74,3.8,-0.48
2023-12-21,460.04,402.6,192.68,367.21,254.5,189.43,89.97,13.65,5.33,308.74,3.8,-0.44
2023-12-22,460.96,403.2,191.61,368.24,252.54,190.27,89.56,13.03,5.33,308.74,3.8,-0.41
2023-12-26,462.91,405.67,191.07,368.32,256.61,191.72,89.82,12.99,5.33,308.74,3.8,-0.37
2023-12-27,463.75,406.49,191.16,367.74,261.44,192.59,91.41,12.43,5.33,308.74,3.8,-0.41
2023-12-28,463.92,406.29,191.59,368.92,253.18,191.47,90.74,12.47,5.33,308.74,3.8,-0.42
2023-12-29,463.92,406.29,191.59,368.92,253.18,191.47,90.74,12.45,5.33,308.74,3.8,-0.35
2024-01-02,463.92,406.29,191.59,368.92,253.18,191.47,90.74,13.2,5.33,308.74,3.8,-0.38
2024-01-03,463.92,406.29,191.59,368.92,253.18,191.47,90.74,14.04,5.33,308.74,3.8,-0.42
2024-01-04,463.92,406.29,191.59,368.92,253.18,191.47,90.74,14.13,5.33,308.74,3.8,-0.39
2024-01-05,463.92,406.29,191.59,368.92,253.18,191.47,90.74,13.35,5.33,308.74,3.8,-0.35
2024-01-08,463.92,406.29,191.59,368.92,253.18,191.47,90.74,13.08,5.33,308.74,3.8,-0.35
2024-01-09,463.92,406.29,191.59,368.92,253.18,191.47,90.74,12.76,5.33,308.74,3.8,-0.34
2024-01-10,463.92,406.29,191.59,368.92,253.18,191.47,90.74,12.69,5.33,308.74,3.8,-0.33
2024-01-11,463.92,406.29,191.59,368.92,253.18,191.47,90.74,12.44,5.33,308.74,3.8,-0.28
2024-01-12,463.92,406.29,191.59,368.92,253.18,191.47,90.74,12.7,5.33,308.74,3.8,-0.18
2024-01-16,463.92,406.29,191.59,368.92,253.18,191.47,90.74,13.84,5.33,308.74,3.8,-0.15
2024-01-17,463.92,406.29,191.59,368.92,253.18,191.47,90.74,14.79,5.33,308.74,3.8,-0.24
2024-01-18,463.92,406.29,191.59,368.92,253.18,191.47,90.74,14.13,5.33,308.74,3.8,-0.2
2024-01-19,463.92,406.29,191.59,368.92,253.18,191.47,90.74,13.3,5.33,308.74,3.8,-0.24
2024-01-22,463.92,406.29,191.59,368.92,253.18,191.47,90.74,13.19,5.33,308.74,3.8,-0.26
2024-01-23,463.92,406.29,191.59,368.92,253.18,191.47,90.74,12.55,5.33,308.74,3.8,-0.17
2024-01-24,463.92,406.29,191.59,368.92,253.18,191.47,90.74,13.14,5.33,308.74,3.8,-0.16
2024-01-25,463.92,406.29,191.59,368.92,253.18,191.47,90.74,13.45,5.33,308.74,3.8,-0.14
2024-01-26,463.92,406.29,191.59,368.92,253.18,191.47,90.74,13.26,5.33,308.74,3.8,-0.19
2024-01-29,463.92,406.29,191.59,368.92,253.18,191.47,90.74,13.6,5.33,308.74,3.8,-0.21
2024-01-30,463.92,406.29,191.59,368.92,253.18,191.47,90.74,13.31,5.33,308.74,3.8,-0.3
2024-01-31,463.92,406.29,191.59,368.92,253.18,191.47,90.74,14.35,5.33,308.74,3.8,-0.28
2024-02-01,463.92,406.29,191.59,368.92,253.18,191.47,90.74,13.88,5.33,310.97,3.9,-0.33
2024-02-02,463.92,406.29,191.59,368.92,253.18,191.47,90.74,13.85,5.33,310.97,3.9,-0.33
2024-02-05,463.92,406.29,191.59,368.92,253.18,191.47,90.74,13.67,5.33,310.97,3.9,-0.29
2024-02-06,463.92,406.29,191.59,368.92,253.18,191.47,90.74,13.06,5.33,310.97,3.9,-0.3
2024-02-07,463.92,406.29,191.59,368.92,253.18,191.47,90.74,12.83,5.33,310.97,3.9,-0.32
2024-02-08,463.92,406.29,191.59,368.92,253.18,191.47,90.74,12.79,5.33,310.97,3.9,-0.31
2024-02-09,463.92,406.29,191.59,368.92,253.18,191.47,90.74,12.93,5.33,310.97,3.9,-0.31
2024-02-12,463.92,406.29,191.59,368.92,253.18,191.47,90.74,13.93,5.33,310.97,3.9,-0.29
2024-02-13,463.92,406.29,191.59,368.92,253.18,191.47,90.74,15.85,5.33,310.97,3.9,-0.33
2024-02-14,463.92,406.29,191.59,368.92,253.18,191.47,90.74,14.38,5.33,310.97,3.9,-0.29
2024-02-15,463.92,406.29,191.59,368.92,253.18,191.47,90.74,14.01,5.33,310.97,3.9,-0.32
2024-02-16,463.92,406.29,191.59,368.92,253.18,191.47,90.74,14.24,5.33,310.97,3.9,-0.34
2024-02-20,463.92,406.29,191.59,368.92,253.18,191.47,90.74,15.42,5.33,310.97,3.9,-0.32
2024-02-21,463.92,406.29,191.59,368.92,253.18,191.47,90.74,15.34,5.33,310.97,3.9,-0.32
2024-02-22,463.92,406.29,191.59,368.92,253.18,191.47,90.74,14.54,5.33,310.97,3.9,-0.36
2024-02-23,463.92,406.29,191.59,368.92,253.18,191.47,90.74,13.75,5.33,310.97,3.9,-0.41
2024-02-26,463.92,406.29,191.59,368.92,253.18,191.47,90.74,13.74,5.33,310.97,3.9,-0.41
2024-02-27,463.92,406.29,191.59,368.92,253.18,191.47,90.74,13.43,5.33,310.97,3.9,-0.39
2024-02-28,463.92,406.29,191.59,368.92,253.18,191.47,90.74,13.84,5.33,310.97,3.9,-0.37
2024-02-29,463.92,406.29,191.59,368.92,253.18,191.47,90.74,13.4,5.33,310.97,3.9,-0.39
2024-03-01,463.92,406.29,191.59,368.92,253.18,191.47,90.74,13.11,5.33,312.35,3.9,-0.35
2024-03-04,463.92,406.29,191.59,368.92,253.18,191.47,90.74,13.49,5.33,312.35,3.9,-0.39
2024-03-05,463.92,406.29,191.59,368.92,253.18,191.47,90.74,14.46,5.33,312.35,3.9,-0.41
2024-03-06,463.92,406.29,191.59,368.92,253.18,191.47,90.74,14.5,5.33,312.35,3.9,-0.44
2024-03-07,463.92,406.29,191.59,368.92,253.18,191.47,90.74,14.44,5.33,312.35,3.9,-0.41
2024-03-08,463.92,406.29,191.59,368.92,253.18,191.47,90.74,14.74,5.33,312.35,3.9,-0.39
2024-03-11,463.92,406.29,191.59,368.92,253.18,191.47,90.74,15.22,5.33,312.35,3.9,-0.41
2024-03-12,463.92,406.29,191.59,368.92,253.18,191.47,90.74,13.84,5.33,312.35,3.9,-0.42
2024-03-13,463.92,406.29,191.59,368.92,253.18,191.47,90.74,13.75,5.33,312.35,3.9,-0.42
2024-03-14,463.92,406.29,191.59,368.92,253.18,191.47,90.74,14.4,5.33,312.35,3.9,-0.39
2024-03-15,463.92,406.29,191.59,368.92,253.18,191.47,90.74,14.41,5.33,312.35,3.9,-0.41
2024-03-18,463.92,406.29,191.59,368.92,253.18,191.47,90.74,14.33,5.33,312.35,3.9,-0.39
2024-03-19,463.92,406.29,191.59,368.92,253.18,191.47,90.74,13.82,5.33,312.35,3.9,-0.38
2024-03-20,463.92,406.29,191.59,368.92,253.18,191.47,90.74,13.04,5.33,312.35,3.9,-0.32
2024-03-21,463.92,406.29,191.59,368.92,253.18,191.47,90.74,12.92,5.33,312.35,3.9,-0.35
2024-03-22,463.92,406.29,191.59,368.92,253.18,191.47,90.74,13.06,5.33,312.35,3.9,-0.37
2024-03-25,463.92,406.29,191.59,368.92,253.18,191.47,90.74,13.19,5.33,312.35,3.9,-0.29
2024-03-26,463.92,406.29,191.59,368.92,253.18,191.47,90.74,13.24,5.33,312.35,3.9,-0.32
2024-03-27,463.92,406.29,191.59,368.92,253.18,191.47,90.74,12.78,5.33,312.35,3.9,-0.34
2024-03-28,463.92,406.29,191.59,368.92,253.18,191.47,90.74,13.01,5.33,312.35,3.9,-0.39
2024-04-01,463.92,406.29,191.59,368.92,253.18,191.47,90.74,13.65,5.33,313.02,3.9,-0.39
2024-04-02,463.92,406.29,191.59,368.92,253.18,191.47,90.74,14.61,5.33,313.02,3.9,-0.34
2024-04-03,463.92,406.29,191.59,368.92,253.18,191.47,90.74,14.33,5.33,313.02,3.9,-0.32
2024-04-04,463.92,406.29,191.59,368.92,253.18,191.47,90.74,16.35,5.33,313.02,3.9,-0.34
2024-04-05,463.92,406.29,191.59,368.92,253.18,191.47,90.74,16.03,5.33,313.02,3.9,-0.34
2024-04-08,463.92,406.29,191.59,368.92,253.18,191.47,90.74,15.19,5.33,313.02,3.9,-0.36
2024-04-09,463.92,406.29,191.59,368.92,253.18,191.47,90.74,14.98,5.33,313.02,3.9,-0.38
2024-04-10,463.92,406.29,191.59,368.92,253.18,191.47,90.74,15.8,5.33,313.02,3.9,-0.42
2024-04-11,463.92,406.29,191.59,368.92,253.18,191.47,90.74,14.91,5.33,313.02,3.9,-0.37
2024-04-12,463.92,406.29,191.59,368.92,253.18,191.47,90.74,17.31,5.33,313.02,3.9,-0.38
2024-04-15,463.92,406.29,191.59,368.92,253.18,191.47,90.74,19.23,5.33,313.02,3.9,-0.3
2024-04-16,463.92,406.29,191.59,368.92,253.18,191.47,90.74,18.4,5.33,313.02,3.9,-0.3
2024-04-17,463.92,406.29,191.59,368.92,253.18,191.47,90.74,18.21,5.33,313.02,3.9,-0.34
2024-04-18,463.92,406.29,191.59,368.92,253.18,191.47,90.74,18.0,5.33,313.02,3.9,-0.34
2024-04-19,463.92,406.29,191.59,368.92,253.18,191.47,90.74,18.71,5.33,313.02,3.9,-0.35
2024-04-22,463.92,406.29,191.59,368.92,253.18,191.47,90.74,16.94,5.33,313.02,3.9,-0.35
2024-04-23,463.92,406.29,191.59,368.92,253.18,191.47,90.74,15.69,5.33,313.02,3.9,-0.25
2024-04-24,463.92,406.29,191.59,368.92,253.18,191.47,90.74,15.97,5.33,313.02,3.9,-0.24
2024-04-25,463.92,406.29,191.59,368.92,253.18,191.47,90.74,15.37,5.33,313.02,3.9,-0.26
2024-04-26,463.92,406.29,191.59,368.92,253.18,191.47,90.74,15.03,5.33,313.02,3.9,-0.29
2024-04-29,463.92,406.29,191.59,368.92,253.18,191.47,90.74,14.67,5.33,313.02,3.9,-0.34
2024-04-30,463.92,406.29,191.59,368.92,253.18,191.47,90.74,15.65,5.33,313.02,3.9,-0.35
2024-05-01,463.92,406.29,191.59,368.92,253.18,191.47,90.74,15.39,5.33,313.18,3.9,-0.33
2024-05-02,463.92,406.29,191.59,368.92,253.18,191.47,90.74,14.68,5.33,313.18,3.9,-0.29
2024-05-03,463.92,406.29,191.59,368.92,253.18,191.47,90.74,13.49,5.33,313.18,3.9,-0.31
2024-05-06,463.92,406.29,191.59,368.92,253.18,191.47,90.74,13.49,5.33,313.18,3.9,-0.33
2024-05-07,463.92,406.29,191.59,368.92,253.18,191.47,90.74,13.23,5.33,313.18,3.9,-0.35
2024-05-08,463.92,406.29,191.59,368.92,253.18,191.47,90.74,13.0,5.33,313.18,3.9,-0.36
2024-05-09,463.92,406.29,191.59,368.92,253.18,191.47,90.74,12.69,5.33,313.18,3.9,-0.35
2024-05-10,463.92,406.29,191.59,368.92,253.18,191.47,90.74,12.55,5.33,313.18,3.9,-0.37
2024-05-13,463.92,406.29,191.59,368.92,253.18,191.47,90.74,13.6,5.33,313.18,3.9,-0.37
2024-05-14,463.92,406.29,191.59,368.92,253.18,191.47,90.74,13.42,5.33,313.18,3.9,-0.36
2024-05-15,463.92,406.29,191.59,368.92,253.18,191.47,90.74,12.45,5.33,313.18,3.9,-0.37
2024-05-16,463.92,406.29,191.59,368.92,253.18,191.47,90.74,12.42,5.33,313.18,3.9,-0.4
2024-05-17,463.92,406.29,191.59,368.92,253.18,191.47,90.74,11.99,5.33,313.18,3.9,-0.41
2024-05-20,463.92,406.29,191.59,368.92,253.18,191.47,90.74,12.15,5.33,313.18,3.9,-0.38
2024-05-21,463.92,406.29,191.59,368.92,253.18,191.47,90.74,11.86,5.33,313.18,3.9,-0.41
2024-05-22,463.92,406.29,191.59,368.92,253.18,191.47,90.74,12.29,5.33,313.18,3.9,-0.43
2024-05-23,463.92,406.29,191.59,368.92,253.18,191.47,90.74,12.77,5.33,313.18,3.9,-0.44
2024-05-24,463.92,406.29,191.59,368.92,253.18,191.47,90.74,11.93,5.33,313.18,3.9,-0.47
2024-05-28,463.92,406.29,191.59,368.92,253.18,191.47,90.74,12.92,5.33,313.18,3.9,-0.4
2024-05-29,463.92,406.29,191.59,368.92,253.18,191.47,90.74,14.28,5.33,313.18,3.9,-0.35
2024-05-30,463.92,406.29,191.59,368.92,253.18,191.47,90.74,14.47,5.33,313.18,3.9,-0.37
2024-05-31,463.92,406.29,191.59,368.92,253.18,191.47,90.74,12.92,5.33,313.18,3.9,-0.38
2024-06-03,463.92,406.29,191.59,368.92,253.18,191.47,90.74,13.11,5.33,313.18,3.9,-0.41
2024-06-04,463.92,406.29,191.59,368.92,253.18,191.47,90.74,13.16,5.33,313.18,3.9,-0.44
2024-06-05,463.92,406.29,191.59,368.92,253.18,191.47,90.74,12.63,5.33,313.18,3.9,-0.43
2024-06-06,463.92,406.29,191.59,368.92,253.18,191.47,90.74,12.58,5.33,313.18,3.9,-0.44
2024-06-07,463.92,406.29,191.59,368.92,253.18,191.47,90.74,12.22,5.33,313.18,3.9,-0.44
2024-06-10,463.92,406.29,191.59,368.92,253.18,191.47,90.74,12.74,5.33,313.18,3.9,-0.4
2024-06-11,463.92,406.29,191.59,368.92,253.18,191.47,90.74,12.85,5.33,313.18,3.9,-0.42
2024-06-12,463.92,406.29,191.59,368.92,253.18,191.47,90.74,12.04,5.33,313.18,3.9,-0.44
2024-06-13,463.92,406.29,191.59,368.92,253.18,191.47,90.74,11.94,5.33,313.18,3.9,-0.44
2024-06-14,463.92,406.29,191.59,368.92,253.18,191.47,90.74,12.66,5.33,313.18,3.9,-0.47
2024-06-17,463.92,406.29,191.59,368.92,253.18,191.47,90.74,12.75,5.33,313.18,3.9,-0.47
2024-06-18,463.92,406.29,191.59,368.92,253.18,191.47,90.74,12.3,5.33,313.18,3.9,-0.47
2024-06-20,463.92,406.29,191.59,368.92,253.18,191.47,90.74,13.28,5.33,313.18,3.9,-0.45
2024-06-21,463.92,406.29,191.59,368.92,253.18,191.47,90.74,13.2,5.33,313.18,3.9,-0.45
2024-06-24,463.92,406.29,191.59,368.92,253.18,191.47,90.74,13.33,5.33,313.18,3.9,-0.46
2024-06-25,463.92,406.29,191.59,368.92,253.18,191.47,90.74,12.84,5.33,313.18,3.9,-0.42
2024-06-26,463.92,406.29,191.59,368.92,253.18,191.47,90.74,12.55,5.33,313.18,3.9,-0.39
2024-06-27,463.92,406.29,191.59,368.92,253.18,191.47,90.74,12.24,5.33,313.18,3.9,-0.41
2024-06-28,463.92,406.29,191.59,368.92,253.18,191.47,90.74,12.44,5.33,313.18,3.9,-0.35
2024-07-01,463.92,406.29,191.59,368.92,253.18,191.47,90.74,12.22,5.33,313.57,4.2,-0.29
2024-07-02,463.92,406.29,191.59,368.92,253.18,191.47,90.74,12.03,5.33,313.57,4.2,-0.31
2024-07-03,463.92,406.29,191.59,368.92,253.18,191.47,90.74,12.09,5.33,313.57,4.2,-0.35
2024-07-05,463.92,406.29,191.59,368.92,253.18,191.47,90.74,12.48,5.33,313.57,4.2,-0.32
2024-07-08,463.92,406.29,191.59,368.92,253.18,191.47,90.74,12.37,5.33,313.57,4.2,-0.34
2024-07-09,463.92,406.29,191.59,368.92,253.18,191.47,90.74,12.51,5.33,313.57,4.2,-0.32
2024-07-10,463.92,406.29,191.59,368.92,253.18,191.47,90.74,12.85,5.33,313.57,4.2,-0.34
2024-07-11,463.92,406.29,191.59,368.92,253.18,191.47,90.74,12.92,5.33,313.57,4.2,-0.3
2024-07-12,463.92,406.29,191.59,368.92,253.18,191.47,90.74,12.46,5.33,313.57,4.2,-0.27
2024-07-15,463.92,406.29,191.59,368.92,253.18,191.47,90.74,13.12,5.33,313.57,4.2,-0.21
2024-07-16,463.92,406.29,191.59,368.92,253.18,191.47,90.74,13.19,5.33,313.57,4.2,-0.26
2024-07-17,463.92,406.29,191.59,368.92,253.18,191.47,90.74,14.48,5.33,313.57,4.2,-0.26
2024-07-18,463.92,406.29,191.59,368.92,253.18,191.47,90.74,15.93,5.33,313.57,4.2,-0.26
2024-07-19,463.92,406.29,191.59,368.92,253.18,191.47,90.74,16.52,5.33,313.57,4.2,-0.24
2024-07-22,463.92,406.29,191.59,368.92,253.18,191.47,90.74,14.91,5.33,313.57,4.2,-0.24
2024-07-23,463.92,406.29,191.59,368.92,253.18,191.47,90.74,14.72,5.33,313.57,4.2,-0.15
2024-07-24,463.92,406.29,191.59,368.92,253.18,191.47,90.74,18.04,5.33,313.57,4.2,-0.09
2024-07-25,463.92,406.29,191.59,368.92,253.18,191.47,90.74,18.46,5.33,313.57,4.2,-0.14
2024-07-26,463.92,406.29,191.59,368.92,253.18,191.47,90.74,16.39,5.33,313.57,4.2,-0.16
2024-07-29,463.92,406.29,191.59,368.92,253.18,191.47,90.74,16.6,5.33,313.57,4.2,-0.19
2024-07-30,463.92,406.29,191.59,368.92,253.18,191.47,90.74,17.69,5.33,313.57,4.2,-0.2
2024-07-31,463.92,406.29,191.59,368.92,253.18,191.47,90.74,16.36,5.33,313.57,4.2,-0.2
2024-08-01,463.92,406.29,191.59,368.92,253.18,191.47,90.74,18.59,5.33,314.06,4.2,-0.17
2024-08-02,463.92,406.29,191.59,368.92,253.18,191.47,90.74,23.39,5.33,314.06,4.2,-0.08
2024-08-05,463.92,406.29,191.59,368.92,253.18,191.47,90.74,38.57,5.33,314.06,4.2,-0.11
2024-08-06,463.92,406.29,191.59,368.92,253.18,191.47,90.74,27.71,5.33,314.06,4.2,-0.09
2024-08-07,463.92,406.29,191.59,368.92,253.18,191.47,90.74,27.85,5.33,314.06,4.2,-0.04
2024-08-08,463.92,406.29,191.59,368.92,253.18,191.47,90.74,23.79,5.33,314.06,4.2,-0.05
2024-08-09,463.92,406.29,191.59,368.92,253.18,191.47,90.74,20.37,5.33,314.06,4.2,-0.11
2024-08-12,463.92,406.29,191.59,368.92,253.18,191.47,90.74,20.71,5.33,314.06,4.2,-0.11
2024-08-13,463.92,406.29,191.59,368.92,253.18,191.47,90.74,18.12,5.33,314.06,4.2,-0.08
2024-08-14,463.92,406.29,191.59,368.92,253.18,191.47,90.74,16.19,5.33,314.06,4.2,-0.11
2024-08-15,463.92,406.29,191.59,368.92,253.18,191.47,90.74,15.23,5.33,314.06,4.2,-0.16
2024-08-16,463.92,406.29,191.59,368.92,253.18,191.47,90.74,14.8,5.33,314.06,4.2,-0.17
2024-08-19,463.92,406.29,191.59,368.92,253.18,191.47,90.74,14.65,5.33,314.06,4.2,-0.2
2024-08-20,463.92,406.29,191.59,368.92,253.18,191.47,90.74,15.88,5.33,314.06,4.2,-0.17
2024-08-21,463.92,406.29,191.59,368.92,253.18,191.47,90.74,16.27,5.33,314.06,4.2,-0.13
2024-08-22,463.92,406.29,191.59,368.92,253.18,191.47,90.74,17.55,5.33,314.06,4.2,-0.13
2024-08-23,463.92,406.29,191.59,368.92,253.18,191.47,90.74,15.86,5.33,314.06,4.2,-0.09
2024-08-26,463.92,406.29,191.59,368.92,253.18,191.47,90.74,16.15,5.33,314.06,4.2,-0.09
2024-08-27,463.92,406.29,191.59,368.92,253.18,191.47,90.74,15.43,5.33,314.06,4.2,0.0
2024-08-28,463.92,406.29,191.59,368.92,253.18,191.47,90.74,17.11,5.33,314.06,4.2,0.01
2024-08-29,463.92,406.29,191.59,368.92,253.18,191.47,90.74,15.65,5.33,314.06,4.2,0.0
2024-08-30,463.92,406.29,191.59,368.92,253.18,191.47,90.74,15.0,5.33,314.06,4.2,0.0
2024-09-03,463.92,406.29,191.59,368.92,253.18,191.47,90.74,20.72,5.33,314.06,4.2,-0.04
2024-09-04,463.92,406.29,191.59,368.92,253.18,191.47,90.74,21.32,5.33,314.06,4.2,0.01
2024-09-05,463.92,406.29,191.59,368.92,253.18,191.47,90.74,19.9,5.33,314.06,4.2,-0.02
2024-09-06,463.92,406.29,191.59,368.92,253.18,191.47,90.74,22.38,5.33,314.06,4.2,0.06
2024-09-09,463.92,406.29,191.59,368.92,253.18,191.47,90.74,19.45,5.33,314.06,4.2,0.02
2024-09-10,463.92,406.29,191.59,368.92,253.18,191.47,90.74,19.08,5.33,314.06,4.2,0.06
2024-09-11,463.92,406.29,191.59,368.92,253.18,191.47,90.74,17.69,5.33,314.06,4.2,0.03
2024-09-12,463.92,406.29,191.59,368.92,253.18,191.47,90.74,17.07,5.33,314.06,4.2,0.04
2024-09-13,463.92,406.29,191.59,368.92,253.18,191.47,90.74,16.56,5.33,314.06,4.2,0.09
2024-09-16,463.92,406.29,191.59,368.92,253.18,191.47,90.74,17.14,5.33,314.06,4.2,0.07
2024-09-17,463.92,406.29,191.59,368.92,253.18,191.47,90.74,17.61,5.33,314.06,4.2,0.06
2024-09-18,463.92,406.29,191.59,368.92,253.18,191.47,90.74,18.23,5.33,314.06,4.2,0.09
2024-09-19,463.92,406.29,191.59,368.92,253.18,191.47,90.74,16.33,5.33,314.06,4.2,0.14
2024-09-20,463.92,406.29,191.59,368.92,253.18,191.47,90.74,16.15,5.33,314.06,4.2,0.18
2024-09-23,463.92,406.29,191.59,368.92,253.18,191.47,90.74,15.89,5.33,314.06,4.2,0.18
2024-09-24,463.92,406.29,191.59,368.92,253.18,191.47,90.74,15.39,5.33,314.06,4.2,0.25
2024-09-25,463.92,406.29,191.59,368.92,253.18,191.47,90.74,15.41,5.33,314.06,4.2,0.26
2024-09-26,463.92,406.29,191.59,368.92,253.18,191.47,90.74,15.37,5.33,314.06,4.2,0.19
2024-09-27,463.92,406.29,191.59,368.92,253.18,191.47,90.74,16.96,5.33,314.06,4.2,0.2
2024-09-30,463.92,406.29,191.59,368.92,253.18,191.47,90.74,16.73,5.33,314.06,4.2,0.15
2024-10-01,463.92,406.29,191.59,368.92,253.18,191.47,90.74,19.26,4.83,315.63,4.1,0.13
2024-10-02,463.92,406.29,191.59,368.92,253.18,191.47,90.74,18.9,4.83,315.63,4.1,0.16
2024-10-03,463.92,406.29,191.59,368.92,253.18,191.47,90.74,20.49,4.83,315.63,4.1,0.15
2024-10-04,463.92,406.29,191.59,368.92,253.18,191.47,90.74,19.21,4.83,315.63,4.1,0.05
2024-10-07,463.92,406.29,191.59,368.92,253.18,191.47,90.74,22.64,4.83,315.63,4.1,0.04
2024-10-08,463.92,406.29,191.59,368.92,253.18,191.47,90.74,21.42,4.83,315.63,4.1,0.06
2024-10-09,463.92,406.29,191.59,368.92,253.18,191.47,90.74,20.86,4.83,315.63,4.1,0.07
2024-10-10,463.92,406.29,191.59,368.92,253.18,191.47,90.74,20.93,4.83,315.63,4.1,0.11
2024-10-11,463.92,406.29,191.59,368.92,253.18,191.47,90.74,20.46,4.83,315.63,4.1,0.13
2024-10-14,463.92,406.29,191.59,368.92,253.18,191.47,90.74,19.7,4.83,315.63,4.1,0.13
2024-10-15,463.92,406.29,191.59,368.92,253.18,191.47,90.74,20.64,4.83,315.63,4.1,0.08
2024-10-16,463.92,406.29,191.59,368.92,253.18,191.47,90.74,19.58,4.83,315.63,4.1,0.09
2024-10-17,463.92,406.29,191.59,368.92,253.18,191.47,90.74,19.11,4.83,315.63,4.1,0.13
2024-10-18,463.92,406.29,191.59,368.92,253.18,191.47,90.74,18.03,4.83,315.63,4.1,0.13
2024-10-21,463.92,406.29,191.59,368.92,253.18,191.47,90.74,18.37,4.83,315.63,4.1,0.17
2024-10-22,463.92,406.29,191.59,368.92,253.18,191.47,90.74,18.2,4.83,315.63,4.1,0.17
2024-10-23,463.92,406.29,191.59,368.92,253.18,191.47,90.74,19.24,4.83,315.63,4.1,0.17
2024-10-24,463.92,406.29,191.59,368.92,253.18,191.47,90.74,19.08,4.83,315.63,4.1,0.14
2024-10-25,463.92,406.29,191.59,368.92,253.18,191.47,90.74,20.33,4.83,315.63,4.1,0.14
2024-10-28,463.92,406.29,191.59,368.92,253.18,191.47,90.74,19.8,4.83,315.63,4.1,0.16
2024-10-29,463.92,406.29,191.59,368.92,253.18,191.47,90.74,19.34,4.83,315.63,4.1,0.17
2024-10-30,463.92,406.29,191.59,368.92,253.18,191.47,90.74,20.35,4.83,315.63,4.1,0.14
2024-10-31,463.92,406.29,191.59,368.92,253.18,191.47,90.74,23.16,4.83,315.63,4.1,0.12
2024-11-01,463.92,406.29,191.59,368.92,253.18,191.47,90.74,21.88,4.64,316.53,4.2,0.16
2024-11-04,463.92,406.29,191.59,368.92,253.18,191.47,90.74,21.98,4.64,316.53,4.2,0.14
2024-11-05,463.92,406.29,191.59,368.92,253.18,191.47,90.74,20.49,4.64,316.53,4.2,0.07
2024-11-06,463.92,406.29,191.59,368.92,253.18,191.47,90.74,16.27,4.64,316.53,4.2,0.15
2024-11-07,463.92,406.29,191.59,368.92,253.18,191.47,90.74,15.2,4.64,316.53,4.2,0.1
2024-11-08,463.92,406.29,191.59,368.92,253.18,191.47,90.74,14.94,4.64,316.53,4.2,0.04
2024-11-11,463.92,406.29,191.59,368.92,253.18,191.47,90.74,14.97,4.64,316.53,4.2,0.04
2024-11-12,463.92,406.29,191.59,368.92,253.18,191.47,90.74,14.71,4.64,316.53,4.2,0.09
2024-11-13,463.92,406.29,191.59,368.92,253.18,191.47,90.74,14.02,4.64,316.53,4.2,0.17
2024-11-14,463.92,406.29,191.59,368.92,253.18,191.47,90.74,14.31,4.64,316.53,4.2,0.09
2024-11-15,463.92,406.29,191.59,368.92,253.18,191.47,90.74,16.14,4.64,316.53,4.2,0.12
2024-11-18,463.92,406.29,191.59,368.92,253.18,191.47,90.74,15.58,4.64,316.53,4.2,0.13
2024-11-19,463.92,406.29,191.59,368.92,253.18,191.47,90.74,16.35,4.64,316.53,4.2,0.12
2024-11-20,463.92,406.29,191.59,368.92,253.18,191.47,90.74,17.16,4.64,316.53,4.2,0.1
2024-11-21,463.92,406.29,191.59,368.92,253.18,191.47,90.74,16.87,4.64,316.53,4.2,0.09
2024-11-22,463.92,406.29,191.59,368.92,253.18,191.47,90.74,15.24,4.64,316.53,4.2,0.04
2024-11-25,463.92,406.29,191.59,368.92,253.18,191.47,90.74,14.6,4.64,316.53,4.2,0.06
2024-11-26,463.92,406.29,191.59,368.92,253.18,191.47,90.74,14.1,4.64,316.53,4.2,0.09
2024-11-27,463.92,406.29,191.59,368.92,253.18,191.47,90.74,14.1,4.64,316.53,4.2,0.06
2024-11-29,463.92,406.29,191.59,368.92,253.18,191.47,90.74,13.51,4.64,316.53,4.2,0.05
2024-12-02,463.92,406.29,191.59,368.92,253.18,191.47,90.74,13.34,4.64,316.53,4.2,0.02
2024-12-03,463.92,406.29,191.59,368.92,253.18,191.47,90.74,13.3,4.64,316.53,4.2,0.06
2024-12-04,463.92,406.29,191.59,368.92,253.18,191.47,90.74,13.45,4.64,316.53,4.2,0.06
2024-12-05,463.92,406.29,191.59,368.92,253.18,191.47,90.74,13.54,4.64,316.53,4.2,0.02
2024-12-06,463.92,406.29,191.59,368.92,253.18,191.47,90.74,12.77,4.64,316.53,4.2,0.05
2024-12-09,463.92,406.29,191.59,368.92,253.18,191.47,90.74,14.19,4.64,316.53,4.2,0.07
2024-12-10,463.92,406.29,191.59,368.92,253.18,191.47,90.74,14.18,4.64,316.53,4.2,0.07
2024-12-11,463.92,406.29,191.59,368.92,253.18,191.47,90.74,13.58,4.64,316.53,4.2,0.11
2024-12-12,463.92,406.29,191.59,368.92,253.18,191.47,90.74,13.92,4.64,316.53,4.2,0.14
2024-12-13,463.92,406.29,191.59,368.92,253.18,191.47,90.74,13.81,4.64,316.53,4.2,0.15
2024-12-16,463.92,406.29,191.59,368.92,253.18,191.47,90.74,14.69,4.64,316.53,4.2,0.14
2024-12-17,463.92,406.29,191.59,368.92,253.18,191.47,90.74,15.87,4.64,316.53,4.2,0.15
2024-12-18,463.92,406.29,191.59,368.92,253.18,191.47,90.74,27.62,4.64,316.53,4.2,0.15
2024-12-19,463.92,406.29,191.59,368.92,253.18,191.47,90.74,24.09,4.64,316.53,4.2,0.25
2024-12-20,463.92,406.29,191.59,368.92,253.18,191.47,90.74,18.36,4.64,316.53,4.2,0.22
2024-12-23,463.92,406.29,191.59,368.92,253.18,191.47,90.74,16.78,4.64,316.53,4.2,0.29
2024-12-24,463.92,406.29,191.59,368.92,253.18,191.47,90.74,14.27,4.64,316.53,4.2,0.3
2024-12-26,463.92,406.29,191.59,368.92,253.18,191.47,90.74,14.73,4.64,316.53,4.2,0.28
2024-12-27,463.92,406.29,191.59,368.92,253.18,191.47,90.74,15.95,4.64,316.53,4.2,0.31
2024-12-30,463.92,406.29,191.59,368.92,253.18,191.47,90.74,17.4,4.64,316.53,4.2,0.31
2024-12-31,463.92,406.29,191.59,368.92,253.18,191.47,90.74,17.35,4.64,316.53,4.2,0.33
2025-01-02,463.92,406.29,191.59,368.92,253.18,191.47,90.74,17.93,4.64,316.53,4.2,0.32
2025-01-03,463.92,406.29,191.59,368.92,253.18,191.47,90.74,16.13,4.64,316.53,4.2,0.32
2025-01-06,463.92,406.29,191.59,368.92,253.18,191.47,90.74,16.04,4.64,316.53,4.2,0.34
2025-01-07,463.92,406.29,191.59,368.92,253.18,191.47,90.74,17.82,4.64,316.53,4.2,0.37
2025-01-08,463.92,406.29,191.59,368.92,253.18,191.47,90.74,17.7,4.64,316.53,4.2,0.39
2025-01-10,463.92,406.29,191.59,368.92,253.18,191.47,90.74,19.54,4.64,316.53,4.2,0.37
2025-01-13,463.92,406.29,191.59,368.92,253.18,191.47,90.74,19.19,4.64,316.53,4.2,0.39
2025-01-14,463.92,406.29,191.59,368.92,253.18,191.47,90.74,18.71,4.64,316.53,4.2,0.41
2025-01-15,463.92,406.29,191.59,368.92,253.18,191.47,90.74,16.12,4.64,316.53,4.2,0.39
2025-01-16,463.92,406.29,191.59,368.92,253.18,191.47,90.74,16.6,4.64,316.53,4.2,0.38
2025-01-17,463.92,406.29,191.59,368.92,253.18,191.47,90.74,15.97,4.64,316.53,4.2,0.34
2025-01-21,463.92,406.29,191.59,368.92,253.18,191.47,90.74,15.06,4.64,316.53,4.2,0.28
2025-01-22,463.92,406.29,191.59,368.92,253.18,191.47,90.74,15.1,4.64,316.53,4.2,0.31
2025-01-23,463.92,406.29,191.59,368.92,253.18,191.47,90.74,15.02,4.64,316.53,4.2,0.36
2025-01-24,463.92,406.29,191.59,368.92,253.18,191.47,90.74,14.85,4.64,316.53,4.2,0.36
2025-01-27,463.92,406.29,191.59,368.92,253.18,191.47,90.74,17.9,4.64,316.53,4.2,0.36
2025-01-28,463.92,406.29,191.59,368.92,253.18,191.47,90.74,16.41,4.64,316.53,4.2,0.36
2025-01-29,463.92,406.29,191.59,368.92,253.18,191.47,90.74,16.56,4.64,316.53,4.2,0.34
2025-01-30,463.92,406.29,191.59,368.92,253.18,191.47,90.74,15.84,4.64,316.53,4.2,0.34
2025-01-31,463.92,406.29,191.59,368.92,253.18,191.47,90.74,16.43,4.64,316.53,4.2,0.36
2025-02-03,463.92,406.29,191.59,368.92,253.18,191.47,90.74,18.62,4.64,316.53,4.2,0.28
2025-02-04,463.92,406.29,191.59,368.92,253.18,191.47,90.74,17.21,4.64,316.53,4.2,0.31
2025-02-05,463.92,406.29,191.59,368.92,253.18,191.47,90.74,15.77,4.64,316.53,4.2,0.26
2025-02-06,463.92,406.29,191.59,368.92,253.18,191.47,90.74,15.5,4.64,316.53,4.2,0.24
2025-02-07,463.92,406.29,191.59,368.92,253.18,191.47,90.74,16.54,4.64,316.53,4.2,0.2
2025-02-10,463.92,406.29,191.59,368.92,253.18,191.47,90.74,15.81,4.64,316.53,4.2,0.23
2025-02-11,463.92,406.29,191.59,368.92,253.18,191.47,90.74,16.02,4.64,316.53,4.2,0.25
2025-02-12,463.92,406.29,191.59,368.92,253.18,191.47,90.74,15.89,4.64,316.53,4.2,0.26
2025-02-13,463.92,406.29,191.59,368.92,253.18,191.47,90.74,15.1,4.64,316.53,4.2,0.21
2025-02-14,463.92,406.29,191.59,368.92,253.18,191.47,90.74,14.77,4.64,316.53,4.2,0.21
2025-02-18,463.92,406.29,191.59,368.92,253.18,191.47,90.74,15.35,4.64,316.53,4.2,0.26
2025-02-19,463.92,406.29,191.59,368.92,253.18,191.47,90.74,15.27,4.64,316.53,4.2,0.25
2025-02-20,463.92,406.29,191.59,368.92,253.18,191.47,90.74,15.66,4.64,316.53,4.2,0.22
2025-02-21,463.92,406.29,191.59,368.92,253.18,191.47,90.74,18.21,4.64,316.53,4.2,0.23
2025-02-24,463.92,406.29,191.59,368.92,253.18,191.47,90.74,18.98,4.64,316.53,4.2,0.27
2025-02-25,463.92,406.29,191.59,368.92,253.18,191.47,90.74,19.43,4.64,316.53,4.2,0.23
2025-02-26,463.92,406.29,191.59,368.92,253.18,191.47,90.74,19.1,4.64,316.53,4.2,0.2
2025-02-27,463.92,406.29,191.59,368.92,253.18,191.47,90.74,21.13,4.64,316.53,4.2,0.22
2025-02-28,463.92,406.29,191.59,368.92,253.18,191.47,90.74,19.63,4.64,316.53,4.2,0.25
2025-03-03,463.92,406.29,191.59,368.92,253.18,191.47,90.74,22.78,4.64,316.53,4.2,0.2
2025-03-04,463.92,406.29,191.59,368.92,253.18,191.47,90.74,23.51,4.64,316.53,4.2,0.26
2025-03-05,463.92,406.29,191.59,368.92,253.18,191.47,90.74,21.93,4.64,316.53,4.2,0.29
2025-03-06,463.92,406.29,191.59,368.92,253.18,191.47,90.74,24.87,4.64,316.53,4.2,0.33
2025-03-07,463.92,406.29,191.59,368.92,253.18,191.47,90.74,23.37,4.64,316.53,4.2,0.33
2025-03-10,463.92,406.29,191.59,368.92,253.18,191.47,90.74,27.86,4.64,316.53,4.2,0.33
2025-03-11,463.92,406.29,191.59,368.92,253.18,191.47,90.74,26.92,4.64,316.53,4.2,0.34
2025-03-12,463.92,406.29,191.59,368.92,253.18,191.47,90.74,24.23,4.64,316.53,4.2,0.31
2025-03-13,463.92,406.29,191.59,368.92,253.18,191.47,90.74,24.66,4.64,316.53,4.2,0.33
2025-03-14,463.92,406.29,191.59,368.92,253.18,191.47,90.74,21.77,4.64,316.53,4.2,0.29
2025-03-17,463.92,406.29,191.59,368.92,253.18,191.47,90.74,20.51,4.64,316.53,4.2,0.25
2025-03-18,463.92,406.29,191.59,368.92,253.18,191.47,90.74,21.7,4.64,316.53,4.2,0.25
2025-03-19,463.92,406.29,191.59,368.92,253.18,191.47,90.74,19.9,4.64,316.53,4.2,0.26
2025-03-20,463.92,406.29,191.59,368.92,253.18,191.47,90.74,19.8,4.64,316.53,4.2,0.29
2025-03-21,463.92,406.29,191.59,368.92,253.18,191.47,90.74,19.28,4.64,316.53,4.2,0.31
2025-03-24,463.92,406.29,191.59,368.92,253.18,191.47,90.74,17.48,4.64,316.53,4.2,0.3
2025-03-25,463.92,406.29,191.59,368.92,253.18,191.47,90.74,17.15,4.64,316.53,4.2,0.35
2025-03-26,463.92,406.29,191.59,368.92,253.18,191.47,90.74,18.33,4.64,316.53,4.2,0.37
2025-03-27,463.92,406.29,191.59,368.92,253.18,191.47,90.74,18.69,4.64,316.53,4.2,0.41
2025-03-28,463.92,406.29,191.59,368.92,253.18,191.47,90.74,21.65,4.64,316.53,4.2,0.38
2025-03-31,463.92,406.29,191.59,368.92,253.18,191.47,90.74,22.28,4.64,316.53,4.2,0.34
2025-04-01,463.92,406.29,191.59,368.92,253.18,191.47,90.74,21.77,4.33,320.3,4.2,0.3
2025-04-02,463.92,406.29,191.59,368.92,253.18,191.47,90.74,21.51,4.33,320.3,4.2,0.29
2025-04-03,463.92,406.29,191.59,368.92,253.18,191.47,90.74,30.02,4.33,320.3,4.2,0.35
2025-04-04,463.92,406.29,191.59,368.92,253.18,191.47,90.74,45.31,4.33,320.3,4.2,0.33
2025-04-07,463.92,406.29,191.59,368.92,253.18,191.47,90.74,46.98,4.33,320.3,4.2,0.42
2025-04-08,463.92,406.29,191.59,368.92,253.18,191.47,90.74,52.33,4.33,320.3,4.2,0.55
2025-04-09,463.92,406.29,191.59,368.92,253.18,191.47,90.74,33.62,4.33,320.3,4.2,0.43
2025-04-10,463.92,406.29,191.59,368.92,253.18,191.47,90.74,40.72,4.33,320.3,4.2,0.56
2025-04-11,463.92,406.29,191.59,368.92,253.18,191.47,90.74,37.56,4.33,320.3,4.2,0.52
2025-04-14,463.92,406.29,191.59,368.92,253.18,191.47,90.74,30.89,4.33,320.3,4.2,0.54
2025-04-15,463.92,406.29,191.59,368.92,253.18,191.47,90.74,30.12,4.33,320.3,4.2,0.51
2025-04-16,463.92,406.29,191.59,368.92,253.18,191.47,90.74,32.64,4.33,320.3,4.2,0.52
2025-04-17,463.92,406.29,191.59,368.92,253.18,191.47,90.74,29.65,4.33,320.3,4.2,0.53
2025-04-21,463.92,406.29,191.59,368.92,253.18,191.47,90.74,33.82,4.33,320.3,4.2,0.67
2025-04-22,463.92,406.29,191.59,368.92,253.18,191.47,90.74,30.57,4.33,320.3,4.2,0.65
2025-04-23,463.92,406.29,191.59,368.92,253.18,191.47,90.74,28.45,4.33,320.3,4.2,0.59
2025-04-24,463.92,406.29,191.59,368.92,253.18,191.47,90.74,26.47,4.33,320.3,4.2,0.55
2025-04-25,463.92,406.29,191.59,368.92,253.18,191.47,90.74,24.84,4.33,320.3,4.2,0.55
2025-04-28,463.92,406.29,191.59,368.92,253.18,191.47,90.74,25.15,4.33,320.3,4.2,0.56
2025-04-29,463.92,406.29,191.59,368.92,253.18,191.47,90.74,24.17,4.33,320.3,4.2,0.54
2025-04-30,463.92,406.29,191.59,368.92,253.18,191.47,90.74,24.7,4.33,320.3,4.2,0.57
2025-05-01,463.92,406.29,191.59,368.92,253.18,191.47,90.74,24.6,4.33,320.62,4.3,0.55
2025-05-02,463.92,406.29,191.59,368.92,253.18,191.47,90.74,22.68,4.33,320.62,4.3,0.5
2025-05-05,463.92,406.29,191.59,368.92,253.18,191.47,90.74,23.64,4.33,320.62,4.3,0.53
2025-05-06,463.92,406.29,191.59,368.92,253.18,191.47,90.74,24.76,4.33,320.62,4.3,0.52
2025-05-07,463.92,406.29,191.59,368.92,253.18,191.47,90.74,23.55,4.33,320.62,4.3,0.48
2025-05-08,463.92,406.29,191.59,368.92,253.18,191.47,90.74,22.48,4.33,320.62,4.3,0.47
2025-05-09,463.92,406.29,191.59,368.92,253.18,191.47,90.74,21.9,4.33,320.62,4.3,0.49
2025-05-12,463.92,406.29,191.59,368.92,253.18,191.47,90.74,18.39,4.33,320.62,4.3,0.47
2025-05-13,463.92,406.29,191.59,368.92,253.18,191.47,90.74,18.22,4.33,320.62,4.3,0.47
2025-05-14,463.92,406.29,191.59,368.92,253.18,191.47,90.74,18.62,4.33,320.62,4.3,0.48
2025-05-15,463.92,406.29,191.59,368.92,253.18,191.47,90.74,17.83,4.33,320.62,4.3,0.49
2025-05-16,463.92,406.29,191.59,368.92,253.18,191.47,90.74,17.24,4.33,320.62,4.3,0.45
2025-05-19,463.92,406.29,191.59,368.92,253.18,191.47,90.74,18.14,4.33,320.62,4.3,0.49
2025-05-20,463.92,406.29,191.59,368.92,253.18,191.47,90.74,18.09,4.33,320.62,4.3,0.51
2025-05-21,463.92,406.29,191.59,368.92,253.18,191.47,90.74,20.87,4.33,320.62,4.3,0.58
2025-05-22,463.92,406.29,191.59,368.92,253.18,191.47,90.74,20.28,4.33,320.62,4.3,0.54
2025-05-23,463.92,406.29,191.59,368.92,253.18,191.47,90.74,22.29,4.33,320.62,4.3,0.51
2025-05-27,463.92,406.29,191.59,368.92,253.18,191.47,90.74,18.96,4.33,320.62,4.3,0.51
2025-05-28,463.92,406.29,191.59,368.92,253.18,191.47,90.74,19.31,4.33,320.62,4.3,0.51
2025-05-29,463.92,406.29,191.59,368.92,253.18,191.47,90.74,19.18,4.33,320.62,4.3,0.51
2025-05-30,463.92,406.29,191.59,368.92,253.18,191.47,90.74,18.57,4.33,320.62,4.3,0.52
2025-06-02,463.92,406.29,191.59,368.92,253.18,191.47,90.74,18.36,4.33,320.62,4.3,0.52
2025-06-03,463.92,406.29,191.59,368.92,253.18,191.47,90.74,17.69,4.33,320.62,4.3,0.5
2025-06-04,463.92,406.29,191.59,368.92,253.18,191.47,90.74,17.61,4.33,320.62,4.3,0.5
2025-06-05,463.92,406.29,191.59,368.92,253.18,191.47,90.74,18.48,4.33,320.62,4.3,0.48
2025-06-06,463.92,406.29,191.59,368.92,253.18,191.47,90.74,16.77,4.33,320.62,4.3,0.47
2025-06-09,463.92,406.29,191.59,368.92,253.18,191.47,90.74,17.16,4.33,320.62,4.3,0.48
2025-06-10,463.92,406.29,191.59,368.92,253.18,191.47,90.74,16.95,4.33,320.62,4.3,0.46
2025-06-11,463.92,406.29,191.59,368.92,253.18,191.47,90.74,17.26,4.33,320.62,4.3,0.47
2025-06-12,463.92,406.29,191.59,368.92,253.18,191.47,90.74,18.02,4.33,320.62,4.3,0.46
2025-06-13,463.92,406.29,191.59,368.92,253.18,191.47,90.74,20.82,4.33,320.62,4.3,0.45
2025-06-16,463.92,406.29,191.59,368.92,253.18,191.47,90.74,19.11,4.33,320.62,4.3,0.49
2025-06-17,463.92,406.29,191.59,368.92,253.18,191.47,90.74,21.6,4.33,320.62,4.3,0.45
2025-06-18,463.92,406.29,191.59,368.92,253.18,191.47,90.74,20.14,4.33,320.62,4.3,0.44
2025-06-20,463.92,406.29,191.59,368.92,253.18,191.47,90.74,20.62,4.33,320.62,4.3,0.48
2025-06-23,463.92,406.29,191.59,368.92,253.18,191.47,90.74,19.83,4.33,320.62,4.3,0.5
2025-06-24,463.92,406.29,191.59,368.92,253.18,191.47,90.74,17.48,4.33,320.62,4.3,0.55
2025-06-25,463.92,406.29,191.59,368.92,253.18,191.47,90.74,16.76,4.33,320.62,4.3,0.55
2025-06-26,463.92,406.29,191.59,368.92,253.18,191.47,90.74,16.59,4.33,320.62,4.3,0.56
2025-06-27,463.92,406.29,191.59,368.92,253.18,191.47,90.74,16.32,4.33,320.62,4.3,0.56
2025-06-30,463.92,406.29,191.59,368.92,253.18,191.47,90.74,16.73,4.33,320.62,4.3,0.52
2025-07-01,463.92,406.29,191.59,368.92,253.18,191.47,90.74,16.83,4.33,322.17,4.3,0.48
2025-07-02,463.92,406.29,191.59,368.92,253.18,191.47,90.74,16.64,4.33,322.17,4.3,0.52
2025-07-03,463.92,406.29,191.59,368.92,253.18,191.47,90.74,16.38,4.33,322.17,4.3,0.47
2025-07-07,463.92,406.29,191.59,368.92,253.18,191.47,90.74,17.79,4.33,322.17,4.3,0.5
2025-07-08,463.92,406.29,191.59,368.92,253.18,191.47,90.74,16.81,4.33,322.17,4.3,0.52
2025-07-09,463.92,406.29,191.59,368.92,253.18,191.47,90.74,15.94,4.33,322.17,4.3,0.48
2025-07-10,463.92,406.29,191.59,368.92,253.18,191.47,90.74,15.78,4.33,322.17,4.3,0.49
2025-07-11,463.92,406.29,191.59,368.92,253.18,191.47,90.74,16.4,4.33,322.17,4.3,0.53
2025-07-14,463.92,406.29,191.59,368.92,253.18,191.47,90.74,17.2,4.33,322.17,4.3,0.53
2025-07-15,463.92,406.29,191.59,368.92,253.18,191.47,90.74,17.38,4.33,322.17,4.3,0.55
2025-07-16,463.92,406.29,191.59,368.92,253.18,191.47,90.74,17.16,4.33,322.17,4.3,0.58
2025-07-17,463.92,406.29,191.59,368.92,253.18,191.47,90.74,16.52,4.33,322.17,4.3,0.56
2025-07-18,463.92,406.29,191.59,368.92,253.18,191.47,90.74,16.41,4.33,322.17,4.3,0.56
2025-07-21,463.92,406.29,191.59,368.92,253.18,191.47,90.74,16.65,4.33,322.17,4.3,0.53
2025-07-22,463.92,406.29,191.59,368.92,253.18,191.47,90.74,16.5,4.33,322.17,4.3,0.52
2025-07-23,463.92,406.29,191.59,368.92,253.18,191.47,90.74,15.37,4.33,322.17,4.3,0.52
2025-07-24,463.92,406.29,191.59,368.92,253.18,191.47,90.74,15.39,4.33,322.17,4.3,0.52
2025-07-25,463.92,406.29,191.59,368.92,253.18,191.47,90.74,14.93,4.33,322.17,4.3,0.49
2025-07-28,463.92,406.29,191.59,368.92,253.18,191.47,90.74,15.03,4.33,322.17,4.3,0.51
2025-07-29,463.92,406.29,191.59,368.92,253.18,191.47,90.74,15.98,4.33,322.17,4.3,0.48
2025-07-30,463.92,406.29,191.59,368.92,253.18,191.47,90.74,15.48,4.33,322.17,4.3,0.44
2025-07-31,463.92,406.29,191.59,368.92,253.18,191.47,90.74,16.72,4.33,322.17,4.3,0.43
2025-08-01,463.92,406.29,191.59,368.92,253.18,191.47,90.74,20.38,4.33,323.29,4.3,0.54
2025-08-04,463.92,406.29,191.59,368.92,253.18,191.47,90.74,17.52,4.33,323.29,4.3,0.53
2025-08-05,463.92,406.29,191.59,368.92,253.18,191.47,90.74,17.85,4.33,323.29,4.3,0.5
2025-08-06,463.92,406.29,191.59,368.92,253.18,191.47,90.74,16.77,4.33,323.29,4.3,0.53
2025-08-07,463.92,406.29,191.59,368.92,253.18,191.47,90.74,16.57,4.33,323.29,4.3,0.51
2025-08-08,463.92,406.29,191.59,368.92,253.18,191.47,90.74,15.15,4.33,323.29,4.3,0.51
2025-08-11,463.92,406.29,191.59,368.92,253.18,191.47,90.74,16.25,4.33,323.29,4.3,0.51
2025-08-12,463.92,406.29,191.59,368.92,253.18,191.47,90.74,14.73,4.33,323.29,4.3,0.57
2025-08-13,463.92,406.29,191.59,368.92,253.18,191.47,90.74,14.49,4.33,323.29,4.3,0.57
2025-08-14,463.92,406.29,191.59,368.92,253.18,191.47,90.74,14.83,4.33,323.29,4.3,0.55
2025-08-15,463.92,406.29,191.59,368.92,253.18,191.47,90.74,15.09,4.33,323.29,4.3,0.58
2025-08-18,463.92,406.29,191.59,368.92,253.18,191.47,90.74,14.99,4.33,323.29,4.3,0.57
2025-08-19,463.92,406.29,191.59,368.92,253.18,191.47,90.74,15.57,4.33,323.29,4.3,0.55
2025-08-20,463.92,406.29,191.59,368.92,253.18,191.47,90.74,15.69,4.33,323.29,4.3,0.55
2025-08-21,463.92,406.29,191.59,368.92,253.18,191.47,90.74,16.6,4.33,323.29,4.3,0.54
2025-08-22,463.92,406.29,191.59,368.92,253.18,191.47,90.74,14.22,4.33,323.29,4.3,0.58
2025-08-25,463.92,406.29,191.59,368.92,253.18,191.47,90.74,14.79,4.33,323.29,4.3,0.55
2025-08-26,463.92,406.29,191.59,368.92,253.18,191.47,90.74,14.62,4.33,323.29,4.3,0.65
2025-08-27,463.92,406.29,191.59,368.92,253.18,191.47,90.74,14.85,4.33,323.29,4.3,0.65
2025-08-28,463.92,406.29,191.59,368.92,253.18,191.47,90.74,14.43,4.33,323.29,4.3,0.6
2025-08-29,463.92,406.29,191.59,368.92,253.18,191.47,90.74,15.36,4.33,323.29,4.3,0.64
2025-09-02,463.92,406.29,191.59,368.92,253.18,191.47,90.74,17.17,4.33,323.29,4.3,0.62
2025-09-03,463.92,406.29,191.59,368.92,253.18,191.47,90.74,16.35,4.33,323.29,4.3,0.61
2025-09-04,463.92,406.29,191.59,368.92,253.18,191.47,90.74,15.3,4.33,323.29,4.3,0.58
2025-09-05,463.92,406.29,191.59,368.92,253.18,191.47,90.74,15.18,4.33,323.29,4.3,0.59
2025-09-08,463.92,406.29,191.59,368.92,253.18,191.47,90.74,15.11,4.33,323.29,4.3,0.56
2025-09-09,463.92,406.29,191.59,368.92,253.18,191.47,90.74,15.04,4.33,323.29,4.3,0.54
2025-09-10,463.92,406.29,191.59,368.92,253.18,191.47,90.74,15.35,4.33,323.29,4.3,0.5
2025-09-11,463.92,406.29,191.59,368.92,253.18,191.47,90.74,14.71,4.33,323.29,4.3,0.49
2025-09-12,463.92,406.29,191.59,368.92,253.18,191.47,90.74,14.76,4.33,323.29,4.3,0.5
2025-09-15,463.92,406.29,191.59,368.92,253.18,191.47,90.74,15.69,4.33,323.29,4.3,0.51
2025-09-16,463.92,406.29,191.59,368.92,253.18,191.47,90.74,16.36,4.33,323.29,4.3,0.53
2025-09-17,463.92,406.29,191.59,368.92,253.18,191.47,90.74,15.72,4.33,323.29,4.3,0.54
2025-09-18,463.92,406.29,191.59,368.92,253.18,191.47,90.74,15.7,4.33,323.29,4.3,0.54
2025-09-19,463.92,406.29,191.59,368.92,253.18,191.47,90.74,15.45,4.33,323.29,4.3,0.57
2025-09-22,463.92,406.29,191.59,368.92,253.18,191.47,90.74,16.1,4.33,323.29,4.3,0.54
2025-09-23,463.92,406.29,191.59,368.92,253.18,191.47,90.74,16.64,4.33,323.29,4.3,0.59
2025-09-24,463.92,406.29,191.59,368.92,253.18,191.47,90.74,16.18,4.33,323.29,4.3,0.59
2025-09-25,463.92,406.29,191.59,368.92,253.18,191.47,90.74,16.74,4.33,323.29,4.3,0.54
2025-09-26,463.92,406.29,191.59,368.92,253.18,191.47,90.74,15.29,4.33,323.29,4.3,0.57
2025-09-29,463.92,406.29,191.59,368.92,253.18,191.47,90.74,16.12,4.33,323.29,4.3,0.52
2025-09-30,463.92,406.29,191.59,368.92,253.18,191.47,90.74,16.28,4.33,323.29,4.3,0.56
2025-10-01,463.92,406.29,191.59,368.92,253.18,191.47,90.74,16.29,4.09,323.29,4.3,0.57
2025-10-02,463.92,406.29,191.59,368.92,253.18,191.47,90.74,16.63,4.09,323.29,4.3,0.55
2025-10-03,463.92,406.29,191.59,368.92,253.18,191.47,90.74,16.65,4.09,323.29,4.3,0.55
2025-10-06,463.92,406.29,191.59,368.92,253.18,191.47,90.74,16.37,4.09,323.29,4.3,0.58
2025-10-07,463.92,406.29,191.59,368.92,253.18,191.47,90.74,17.24,4.09,323.29,4.3,0.57
2025-10-08,463.92,406.29,191.59,368.92,253.18,191.47,90.74,16.3,4.09,323.29,4.3,0.55
2025-10-09,463.92,406.29,191.59,368.92,253.18,191.47,90.74,16.43,4.09,323.29,4.3,0.54
2025-10-10,463.92,406.29,191.59,368.92,253.18,191.47,90.74,21.66,4.09,323.29,4.3,0.53
2025-10-13,463.92,406.29,191.59,368.92,253.18,191.47,90.74,19.03,4.09,323.29,4.3,0.53
2025-10-14,463.92,406.29,191.59,368.92,253.18,191.47,90.74,20.81,4.09,323.29,4.3,0.55
2025-10-15,463.92,406.29,191.59,368.92,253.18,191.47,90.74,20.64,4.09,323.29,4.3,0.55
2025-10-16,463.92,406.29,191.59,368.92,253.18,191.47,90.74,25.31,4.09,323.29,4.3,0.58
2025-10-17,463.92,406.29,191.59,368.92,253.18,191.47,90.74,20.78,4.09,323.29,4.3,0.56
2025-10-20,463.92,406.29,191.59,368.92,253.18,191.47,90.74,18.23,4.09,323.29,4.3,0.54
2025-10-21,463.92,406.29,191.59,368.92,253.18,191.47,90.74,17.87,4.09,323.29,4.3,0.53
2025-10-22,463.92,406.29,191.59,368.92,253.18,191.47,90.74,18.6,4.09,323.29,4.3,0.52
2025-10-23,463.92,406.29,191.59,368.92,253.18,191.47,90.74,17.3,4.09,323.29,4.3,0.53
2025-10-24,463.92,406.29,191.59,368.92,253.18,191.47,90.74,16.37,4.09,323.29,4.3,0.54
2025-10-27,463.92,406.29,191.59,368.92,253.18,191.47,90.74,15.79,4.09,323.29,4.3,0.53
2025-10-28,463.92,406.29,191.59,368.92,253.18,191.47,90.74,16.42,4.09,323.29,4.3,0.52
2025-10-29,463.92,406.29,191.59,368.92,253.18,191.47,90.74,16.92,4.09,323.29,4.3,0.49
2025-10-30,463.92,406.29,191.59,368.92,253.18,191.47,90.74,16.91,4.09,323.29,4.3,0.5
2025-10-31,463.92,406.29,191.59,368.92,253.18,191.47,90.74,17.44,4.09,323.29,4.3,0.51
2025-11-03,463.92,406.29,191.59,368.92,253.18,191.47,90.74,17.17,4.09,323.29,4.3,0.53
2025-11-04,463.92,406.29,191.59,368.92,253.18,191.47,90.74,19.0,4.09,323.29,4.3,0.52
2025-11-05,463.92,406.29,191.59,368.92,253.18,191.47,90.74,18.01,4.09,323.29,4.3,0.54
2025-11-06,463.92,406.29,191.59,368.92,253.18,191.47,90.74,19.5,4.09,323.29,4.3,0.54
2025-11-07,463.92,406.29,191.59,368.92,253.18,191.47,90.74,19.08,4.09,323.29,4.3,0.56
2025-11-10,463.92,406.29,191.59,368.92,253.18,191.47,90.74,17.6,4.09,323.29,4.3,0.55
2025-11-11,463.92,406.29,191.59,368.92,253.18,191.47,90.74,17.28,4.09,323.29,4.3,0.55
2025-11-12,463.92,406.29,191.59,368.92,253.18,191.47,90.74,17.51,4.09,323.29,4.3,0.52
2025-11-13,463.92,406.29,191.59,368.92,253.18,191.47,90.74,20.0,4.09,323.29,4.3,0.53
2025-11-14,463.92,406.29,191.59,368.92,253.18,191.47,90.74,19.83,4.09,323.29,4.3,0.52
2025-11-17,463.92,406.29,191.59,368.92,253.18,191.47,90.74,22.38,4.09,323.29,4.3,0.53
2025-11-18,463.92,406.29,191.59,368.92,253.18,191.47,90.74,24.69,4.09,323.29,4.3,0.54
2025-11-19,463.92,406.29,191.59,368.92,253.18,191.47,90.74,23.66,4.09,323.29,4.3,0.55
2025-11-20,463.92,406.29,191.59,368.92,253.18,191.47,90.74,26.42,4.09,323.29,4.3,0.55
2025-11-21,463.92,406.29,191.59,368.92,253.18,191.47,90.74,23.43,4.09,323.29,4.3,0.55
2025-11-24,463.92,406.29,191.59,368.92,253.18,191.47,90.74,20.52,4.09,323.29,4.3,0.58
2025-11-25,463.92,406.29,191.59,368.92,253.18,191.47,90.74,18.56,4.09,323.29,4.3,0.58
2025-11-26,463.92,406.29,191.59,368.92,253.18,191.47,90.74,17.19,4.09,323.29,4.3,0.55
2025-11-28,463.92,406.29,191.59,368.92,253.18,191.47,90.74,16.35,4.09,323.29,4.3,0.55
2025-12-01,463.92,406.29,191.59,368.92,253.18,191.47,90.74,17.24,3.72,326.03,4.4,0.55
2025-12-02,463.92,406.29,191.59,368.92,253.18,191.47,90.74,16.59,3.72,326.03,4.4,0.58
2025-12-03,463.92,406.29,191.59,368.92,253.18,191.47,90.74,16.08,3.72,326.03,4.4,0.57
2025-12-04,463.92,406.29,191.59,368.92,253.18,191.47,90.74,15.78,3.72,326.03,4.4,0.59
2025-12-05,463.92,406.29,191.59,368.92,253.18,191.47,90.74,15.41,3.72,326.03,4.4,0.58
2025-12-08,463.92,406.29,191.59,368.92,253.18,191.47,90.74,16.66,3.72,326.03,4.4,0.6
2025-12-09,463.92,406.29,191.59,368.92,253.18,191.47,90.74,16.93,3.72,326.03,4.4,0.57
2025-12-10,463.92,406.29,191.59,368.92,253.18,191.47,90.74,15.77,3.72,326.03,4.4,0.59
2025-12-11,463.92,406.29,191.59,368.92,253.18,191.47,90.74,14.85,3.72,326.03,4.4,0.62
2025-12-12,463.92,406.29,191.59,368.92,253.18,191.47,90.74,15.74,3.72,326.03,4.4,0.67
2025-12-15,463.92,406.29,191.59,368.92,253.18,191.47,90.74,16.5,3.72,326.03,4.4,0.67
2025-12-16,463.92,406.29,191.59,368.92,253.18,191.47,90.74,16.48,3.72,326.03,4.4,0.67
2025-12-17,463.92,406.29,191.59,368.92,253.18,191.47,90.74,17.62,3.72,326.03,4.4,0.67
2025-12-18,463.92,406.29,191.59,368.92,253.18,191.47,90.74,16.87,3.72,326.03,4.4,0.66
2025-12-19,463.92,406.29,191.59,368.92,253.18,191.47,90.74,14.91,3.72,326.03,4.4,0.68
2025-12-22,463.92,406.29,191.59,368.92,253.18,191.47,90.74,14.08,3.72,326.03,4.4,0.73
2025-12-23,463.92,406.29,191.59,368.92,253.18,191.47,90.74,14.0,3.72,326.03,4.4,0.7
2025-12-24,463.92,406.29,191.59,368.92,253.18,191.47,90.74,13.47,3.72,326.03,4.4,0.68
2025-12-26,463.92,406.29,191.59,368.92,253.18,191.47,90.74,13.6,3.72,326.03,4.4,0.68
2025-12-29,463.92,406.29,191.59,368.92,253.18,191.47,90.74,14.2,3.72,326.03,4.4,0.67
2025-12-30,463.92,406.29,191.59,368.92,253.18,191.47,90.74,14.33,3.72,326.03,4.4,0.69
2025-12-31,463.92,406.29,191.59,368.92,253.18,191.47,90.74,14.95,3.72,326.03,4.4,0.71
2026-01-02,463.92,406.29,191.59,368.92,253.18,191.47,90.74,14.51,3.72,326.03,4.4,0.72
2026-01-05,463.92,406.29,191.59,368.92,253.18,191.47,90.74,14.9,3.72,326.03,4.4,0.71
2026-01-06,463.92,406.29,191.59,368.92,253.18,191.47,90.74,14.75,3.72,326.03,4.4,0.71
2026-01-07,463.92,406.29,191.59,368.92,253.18,191.47,90.74,15.38,3.72,326.03,4.4,0.68
2026-01-08,463.92,406.29,191.59,368.92,253.18,191.47,90.74,15.45,3.72,326.03,4.4,0.7
2026-01-09,463.92,406.29,191.59,368.92,253.18,191.47,90.74,14.49,3.72,326.03,4.4,0.64
2026-01-12,463.92,406.29,191.59,368.92,253.18,191.47,90.74,15.12,3.72,326.03,4.4,0.65
2026-01-13,463.92,406.29,191.59,368.92,253.18,191.47,90.74,15.98,3.72,326.03,4.4,0.65
2026-01-14,463.92,406.29,191.59,368.92,253.18,191.47,90.74,16.75,3.72,326.03,4.4,0.64
2026-01-15,463.92,406.29,191.59,368.92,253.18,191.47,90.74,15.84,3.72,326.03,4.4,0.61
2026-01-16,463.92,406.29,191.59,368.92,253.18,191.47,90.74,15.86,3.72,326.03,4.4,0.65
2026-01-20,463.92,406.29,191.59,368.92,253.18,191.47,90.74,20.09,3.72,326.03,4.4,0.7
2026-01-21,463.92,406.29,191.59,368.92,253.18,191.47,90.74,16.9,3.72,326.03,4.4,0.66
2026-01-22,463.92,406.29,191.59,368.92,253.18,191.47,90.74,15.64,3.72,326.03,4.4,0.65
2026-01-23,463.92,406.29,191.59,368.92,253.18,191.47,90.74,16.09,3.72,326.03,4.4,0.64
2026-01-26,463.92,406.29,191.59,368.92,253.18,191.47,90.74,16.15,3.72,326.03,4.4,0.66
2026-01-27,463.92,406.29,191.59,368.92,253.18,191.47,90.74,16.35,3.72,326.03,4.4,0.71
2026-01-28,463.92,406.29,191.59,368.92,253.18,191.47,90.74,16.35,3.72,326.03,4.4,0.7
2026-01-29,463.92,406.29,191.59,368.92,253.18,191.47,90.74,16.88,3.72,326.03,4.4,0.71
2026-01-30,463.92,406.29,191.59,368.92,253.18,191.47,90.74,17.44,3.72,326.03,4.4,0.74
2026-02-02,463.92,406.29,191.59,368.92,253.18,191.47,90.74,16.34,3.72,326.03,4.4,0.72
2026-02-03,463.92,406.29,191.59,368.92,253.18,191.47,90.74,18.0,3.72,326.03,4.4,0.71
2026-02-04,463.92,406.29,191.59,368.92,253.18,191.47,90.74,18.64,3.72,326.03,4.4,0.72
2026-02-05,463.92,406.29,191.59,368.92,253.18,191.47,90.74,21.77,3.72,326.03,4.4,0.74
2026-02-06,463.92,406.29,191.59,368.92,253.18,191.47,90.74,17.76,3.72,326.03,4.4,0.72
2026-02-09,463.92,406.29,191.59,368.92,253.18,191.47,90.74,17.36,3.72,326.03,4.4,0.74
2026-02-10,463.92,406.29,191.59,368.92,253.18,191.47,90.74,17.79,3.72,326.03,4.4,0.71
2026-02-11,463.92,406.29,191.59,368.92,253.18,191.47,90.74,17.65,3.72,326.03,4.4,0.66
2026-02-12,463.92,406.29,191.59,368.92,253.18,191.47,90.74,20.82,3.72,326.03,4.4,0.62
2026-02-13,463.92,406.29,191.59,368.92,253.18,191.47,90.74,20.6,3.72,326.03,4.4,0.64
2026-02-17,463.92,406.29,191.59,368.92,253.18,191.47,90.74,20.29,3.72,326.03,4.4,0.62
2026-02-18,463.92,406.29,191.59,368.92,253.18,191.47,90.74,19.62,3.72,326.03,4.4,0.62
2026-02-19,463.92,406.29,191.59,368.92,253.18,191.47,90.74,20.23,3.72,326.03,4.4,0.61
2026-02-20,463.92,406.29,191.59,368.92,253.18,191.47,90.74,19.09,3.72,326.03,4.4,0.6
2026-02-23,463.92,406.29,191.59,368.92,253.18,191.47,90.74,21.01,3.72,326.03,4.4,0.6
2026-02-24,463.92,406.29,191.59,368.92,253.18,191.47,90.74,19.55,3.72,326.03,4.4,0.61
2026-02-25,463.92,406.29,191.59,368.92,253.18,191.47,90.74,17.93,3.72,326.03,4.4,0.6
2026-02-26,463.92,406.29,191.59,368.92,253.18,191.47,90.74,18.63,3.72,326.03,4.4,0.6
2026-02-27,463.92,406.29,191.59,368.92,253.18,191.47,90.74,19.86,3.72,326.03,4.4,0.59
2026-03-02,463.92,406.29,191.59,368.92,253.18,191.47,90.74,21.44,3.72,326.03,4.4,0.58
2026-03-03,463.92,406.29,191.59,368.92,253.18,191.47,90.74,23.57,3.72,326.03,4.4,0.55
2026-03-04,463.92,406.29,191.59,368.92,253.18,191.47,90.74,21.15,3.72,326.03,4.4,0.55
2026-03-05,463.92,406.29,191.59,368.92,253.18,191.47,90.74,23.75,3.72,326.03,4.4,0.56
2026-03-06,463.92,406.29,191.59,368.92,253.18,191.47,90.74,29.49,3.72,326.03,4.4,0.59
2026-03-09,463.92,406.29,191.59,368.92,253.18,191.47,90.74,25.5,3.72,326.03,4.4,0.56
2026-03-10,463.92,406.29,191.59,368.92,253.18,191.47,90.74,24.93,3.72,326.03,4.4,0.58
2026-03-11,463.92,406.29,191.59,368.92,253.18,191.47,90.74,24.23,3.72,326.03,4.4,0.57
2026-03-12,463.92,406.29,191.59,368.92,253.18,191.47,90.74,27.29,3.72,326.03,4.4,0.51
2026-03-13,463.92,406.29,191.59,368.92,253.18,191.47,90.74,27.19,3.72,326.03,4.4,0.55
2026-03-16,463.92,406.29,191.59,368.92,253.18,191.47,90.74,23.51,3.72,326.03,4.4,0.55
2026-03-17,463.92,406.29,191.59,368.92,253.18,191.47,90.74,22.37,3.72,326.03,4.4,0.52
2026-03-18,463.92,406.29,191.59,368.92,253.18,191.47,90.74,25.09,3.72,326.03,4.4,0.5
2026-03-19,463.92,406.29,191.59,368.92,253.18,191.47,90.74,24.06,3.72,326.03,4.4,0.46
2026-03-20,463.92,406.29,191.59,368.92,253.18,191.47,90.74,26.78,3.72,326.03,4.4,0.51
2026-03-23,463.92,406.29,191.59,368.92,253.18,191.47,90.74,26.15,3.72,326.03,4.4,0.51
2026-03-24,463.92,406.29,191.59,368.92,253.18,191.47,90.74,26.95,3.72,326.03,4.4,0.49
2026-03-25,463.92,406.29,191.59,368.92,253.18,191.47,90.74,25.33,3.72,326.03,4.4,0.49
2026-03-26,463.92,406.29,191.59,368.92,253.18,191.47,90.74,27.44,3.72,326.03,4.4,0.46
2026-03-27,463.92,406.29,191.59,368.92,253.18,191.47,90.74,31.05,3.72,326.03,4.4,0.56
2026-03-30,463.92,406.29,191.59,368.92,253.18,191.47,90.74,30.61,3.72,326.03,4.4,0.53
2026-03-31,463.92,406.29,191.59,368.92,253.18,191.47,90.74,25.25,3.72,326.03,4.4,0.51
2026-04-01,463.92,406.29,191.59,368.92,253.18,191.47,90.74,24.54,3.72,326.03,4.4,0.52
2026-04-02,463.92,406.29,191.59,368.92,253.18,191.47,90.74,24.54,3.72,326.03,4.4,0.52
