date,sentiment_mean,sentiment_3d_ma,bullish_ratio
2018-01-02,0.341,0.341,0.5682
2018-01-03,0.36166666666666664,0.36166666666666664,0.5723333333333334
2018-01-04,0.35933333333333334,0.35933333333333334,0.5718666666666666
2018-01-05,0.35933333333333334,0.35933333333333334,0.5718666666666666
2018-01-08,0.34933333333333333,0.34933333333333333,0.5698666666666666
2018-01-09,0.33066666666666666,0.33066666666666666,0.5661333333333334
2018-01-10,0.3393333333333333,0.3393333333333333,0.5678666666666666
2018-01-11,0.3373333333333333,0.3373333333333333,0.5674666666666667
2018-01-12,0.328,0.328,0.5656
2018-01-16,0.27799999999999997,0.27799999999999997,0.5556
2018-01-17,0.26966666666666667,0.26966666666666667,0.5539333333333334
2018-01-18,0.2593333333333333,0.2593333333333333,0.5518666666666666
2018-01-19,0.29100000000000004,0.29100000000000004,0.5582
2018-01-22,0.29900000000000004,0.29900000000000004,0.5598
2018-01-23,0.2966666666666667,0.2966666666666667,0.5593333333333333
2018-01-24,0.2843333333333333,0.2843333333333333,0.5568666666666666
2018-01-25,0.2806666666666667,0.2806666666666667,0.5561333333333334
2018-01-26,0.29733333333333334,0.29733333333333334,0.5594666666666667
2018-01-29,0.20533333333333334,0.20533333333333334,0.5410666666666667
2018-01-30,0.1736666666666667,0.1736666666666667,0.5347333333333333
2018-01-31,0.21533333333333335,0.21533333333333335,0.5430666666666667
2018-02-01,0.21766666666666665,0.21766666666666665,0.5435333333333333
2018-02-02,0.08966666666666671,0.08966666666666671,0.5179333333333334
2018-02-05,-0.5773333333333334,-0.5773333333333334,0.38453333333333334
2018-02-06,-0.33266666666666667,-0.33266666666666667,0.43346666666666667
2018-02-07,-0.25766666666666665,-0.25766666666666665,0.4484666666666667
2018-02-08,-0.4486666666666667,-0.4486666666666667,0.41026666666666667
2018-02-09,-0.30199999999999994,-0.30199999999999994,0.4396
2018-02-12,-0.18699999999999997,-0.18699999999999997,0.4626
2018-02-13,-0.16566666666666663,-0.16566666666666663,0.46686666666666665
2018-02-14,0.024666666666666615,0.024666666666666615,0.5049333333333333
2018-02-15,0.029000000000000033,0.029000000000000033,0.5058
2018-02-16,0.01799999999999997,0.01799999999999997,0.5036
2018-02-20,-0.02000000000000005,-0.02000000000000005,0.496
2018-02-21,-0.0006666666666666524,-0.0006666666666666524,0.4998666666666667
2018-02-22,0.04266666666666671,0.04266666666666671,0.5085333333333334
2018-02-23,0.11700000000000005,0.11700000000000005,0.5234
2018-02-26,0.13999999999999999,0.13999999999999999,0.528
2018-02-27,0.04700000000000001,0.04700000000000001,0.5094
2018-02-28,0.004999999999999952,0.004999999999999952,0.501
2018-03-01,-0.0823333333333333,-0.0823333333333333,0.4835333333333333
2018-03-02,0.01366666666666667,0.01366666666666667,0.5027333333333334
2018-03-05,0.04233333333333332,0.04233333333333332,0.5084666666666666
2018-03-06,0.05466666666666668,0.05466666666666668,0.5109333333333334
2018-03-07,0.07466666666666662,0.07466666666666662,0.5149333333333334
2018-03-08,0.11533333333333336,0.11533333333333336,0.5230666666666667
2018-03-09,0.17866666666666664,0.17866666666666664,0.5357333333333333
2018-03-12,0.1406666666666667,0.1406666666666667,0.5281333333333333
2018-03-13,0.12166666666666662,0.12166666666666662,0.5243333333333333
2018-03-14,0.09233333333333332,0.09233333333333332,0.5184666666666666
2018-03-15,0.11366666666666667,0.11366666666666667,0.5227333333333334
2018-03-16,0.13999999999999999,0.13999999999999999,0.528
2018-03-19,0.032666666666666684,0.032666666666666684,0.5065333333333334
2018-03-20,0.060000000000000026,0.060000000000000026,0.512
2018-03-21,0.07133333333333335,0.07133333333333335,0.5142666666666666
2018-03-22,-0.11133333333333333,-0.11133333333333333,0.47773333333333334
2018-03-23,-0.16233333333333336,-0.16233333333333336,0.46753333333333336
2018-03-26,-0.03433333333333337,-0.03433333333333337,0.4931333333333333
2018-03-27,-0.08333333333333333,-0.08333333333333333,0.48333333333333334
2018-03-28,-0.0956666666666667,-0.0956666666666667,0.48086666666666666
2018-03-29,0.001000000000000038,0.001000000000000038,0.5002
2018-04-02,-0.1206666666666667,-0.1206666666666667,0.47586666666666666
2018-04-03,-0.036666666666666715,-0.036666666666666715,0.49266666666666664
2018-04-04,-0.0019999999999999575,-0.0019999999999999575,0.4996
2018-04-05,0.03533333333333329,0.03533333333333329,0.5070666666666667
2018-04-06,-0.049666666666666616,-0.049666666666666616,0.49006666666666665
2018-04-09,-0.05899999999999998,-0.05899999999999998,0.4882
2018-04-10,-0.015666666666666627,-0.015666666666666627,0.4968666666666667
2018-04-11,-0.007999999999999948,-0.007999999999999948,0.4984
2018-04-12,0.05033333333333338,0.05033333333333338,0.5100666666666667
2018-04-13,0.08633333333333333,0.08633333333333333,0.5172666666666667
2018-04-16,0.11466666666666671,0.11466666666666671,0.5229333333333334
2018-04-17,0.15833333333333333,0.15833333333333333,0.5316666666666666
2018-04-18,0.14666666666666667,0.14666666666666667,0.5293333333333333
2018-04-19,0.13466666666666663,0.13466666666666663,0.5269333333333334
2018-04-20,0.10400000000000004,0.10400000000000004,0.5208
2018-04-23,0.12200000000000001,0.12200000000000001,0.5244
2018-04-24,0.06600000000000002,0.06600000000000002,0.5132
2018-04-25,0.07200000000000001,0.07200000000000001,0.5144
2018-04-26,0.12533333333333338,0.12533333333333338,0.5250666666666667
2018-04-27,0.153,0.153,0.5306
2018-04-30,0.13566666666666669,0.13566666666666669,0.5271333333333333
2018-05-01,0.15033333333333332,0.15033333333333332,0.5300666666666667
2018-05-02,0.1343333333333333,0.1343333333333333,0.5268666666666667
2018-05-03,0.13666666666666666,0.13666666666666666,0.5273333333333333
2018-05-04,0.17433333333333334,0.17433333333333334,0.5348666666666667
2018-05-07,0.175,0.175,0.535
2018-05-08,0.17633333333333331,0.17633333333333331,0.5352666666666667
2018-05-09,0.21933333333333332,0.21933333333333332,0.5438666666666667
2018-05-10,0.22566666666666665,0.22566666666666665,0.5451333333333334
2018-05-11,0.245,0.245,0.549
2018-05-14,0.23566666666666666,0.23566666666666666,0.5471333333333334
2018-05-15,0.17899999999999996,0.17899999999999996,0.5357999999999999
2018-05-16,0.21933333333333332,0.21933333333333332,0.5438666666666667
2018-05-17,0.219,0.219,0.5438000000000001
2018-05-18,0.21933333333333332,0.21933333333333332,0.5438666666666667
2018-05-21,0.23066666666666666,0.23066666666666666,0.5461333333333334
2018-05-22,0.22599999999999998,0.22599999999999998,0.5452
2018-05-23,0.24733333333333332,0.24733333333333332,0.5494666666666667
2018-05-24,0.24900000000000003,0.24900000000000003,0.5498000000000001
2018-05-25,0.22599999999999998,0.22599999999999998,0.5452
2018-05-29,0.09933333333333334,0.09933333333333334,0.5198666666666667
2018-05-30,0.1686666666666667,0.1686666666666667,0.5337333333333334
2018-05-31,0.15233333333333335,0.15233333333333335,0.5304666666666666
2018-06-01,0.21799999999999997,0.21799999999999997,0.5436
2018-06-04,0.242,0.242,0.5484
2018-06-05,0.2533333333333333,0.2533333333333333,0.5506666666666666
2018-06-06,0.2786666666666667,0.2786666666666667,0.5557333333333333
2018-06-07,0.2623333333333333,0.2623333333333333,0.5524666666666667
2018-06-08,0.26066666666666666,0.26066666666666666,0.5521333333333334
2018-06-11,0.255,0.255,0.551
2018-06-12,0.25533333333333336,0.25533333333333336,0.5510666666666667
2018-06-13,0.23533333333333334,0.23533333333333334,0.5470666666666667
2018-06-14,0.2626666666666667,0.2626666666666667,0.5525333333333333
2018-06-15,0.2673333333333333,0.2673333333333333,0.5534666666666667
2018-06-18,0.2563333333333333,0.2563333333333333,0.5512666666666667
2018-06-19,0.22166666666666668,0.22166666666666668,0.5443333333333333
2018-06-20,0.24033333333333337,0.24033333333333337,0.5480666666666667
2018-06-21,0.17866666666666664,0.17866666666666664,0.5357333333333333
2018-06-22,0.2076666666666667,0.2076666666666667,0.5415333333333333
2018-06-25,0.08900000000000005,0.08900000000000005,0.5178
2018-06-26,0.136,0.136,0.5272
2018-06-27,0.06966666666666667,0.06966666666666667,0.5139333333333334
2018-06-28,0.10499999999999995,0.10499999999999995,0.521
2018-06-29,0.13033333333333333,0.13033333333333333,0.5260666666666667
2018-07-02,0.14666666666666667,0.14666666666666667,0.5293333333333333
2018-07-03,0.12866666666666665,0.12866666666666665,0.5257333333333334
2018-07-05,0.16766666666666666,0.16766666666666666,0.5335333333333333
2018-07-06,0.22100000000000003,0.22100000000000003,0.5442
2018-07-09,0.24366666666666667,0.24366666666666667,0.5487333333333333
2018-07-10,0.24533333333333332,0.24533333333333332,0.5490666666666667
2018-07-11,0.21233333333333332,0.21233333333333332,0.5424666666666667
2018-07-12,0.24733333333333332,0.24733333333333332,0.5494666666666667
2018-07-13,0.26066666666666666,0.26066666666666666,0.5521333333333334
2018-07-16,0.239,0.239,0.5478
2018-07-17,0.26466666666666666,0.26466666666666666,0.5529333333333333
2018-07-18,0.26333333333333336,0.26333333333333336,0.5526666666666666
2018-07-19,0.2376666666666667,0.2376666666666667,0.5475333333333333
2018-07-20,0.23800000000000002,0.23800000000000002,0.5476
2018-07-23,0.24600000000000002,0.24600000000000002,0.5492
2018-07-24,0.253,0.253,0.5506
2018-07-25,0.257,0.257,0.5514
2018-07-26,0.26199999999999996,0.26199999999999996,0.5524
2018-07-27,0.23233333333333336,0.23233333333333336,0.5464666666666667
2018-07-30,0.19133333333333333,0.19133333333333333,0.5382666666666667
2018-07-31,0.239,0.239,0.5478
2018-08-01,0.22833333333333333,0.22833333333333333,0.5456666666666666
2018-08-02,0.26033333333333336,0.26033333333333336,0.5520666666666667
2018-08-03,0.2786666666666667,0.2786666666666667,0.5557333333333333
2018-08-06,0.29100000000000004,0.29100000000000004,0.5582
2018-08-07,0.30233333333333334,0.30233333333333334,0.5604666666666667
2018-08-08,0.305,0.305,0.5609999999999999
2018-08-09,0.29100000000000004,0.29100000000000004,0.5582
2018-08-10,0.228,0.228,0.5456
2018-08-13,0.17400000000000002,0.17400000000000002,0.5348
2018-08-14,0.22299999999999998,0.22299999999999998,0.5446
2018-08-15,0.17866666666666664,0.17866666666666664,0.5357333333333333
2018-08-16,0.21833333333333335,0.21833333333333335,0.5436666666666666
2018-08-17,0.24533333333333332,0.24533333333333332,0.5490666666666667
2018-08-20,0.25033333333333335,0.25033333333333335,0.5500666666666667
2018-08-21,0.23800000000000002,0.23800000000000002,0.5476
2018-08-22,0.25833333333333336,0.25833333333333336,0.5516666666666666
2018-08-23,0.253,0.253,0.5506
2018-08-24,0.267,0.267,0.5534
2018-08-27,0.2613333333333333,0.2613333333333333,0.5522666666666667
2018-08-28,0.25,0.25,0.55
2018-08-29,0.25833333333333336,0.25833333333333336,0.5516666666666666
2018-08-30,0.2156666666666667,0.2156666666666667,0.5431333333333334
2018-08-31,0.23800000000000002,0.23800000000000002,0.5476
2018-09-04,0.228,0.228,0.5456
2018-09-05,0.20299999999999999,0.20299999999999999,0.5406
2018-09-06,0.17833333333333332,0.17833333333333332,0.5356666666666666
2018-09-07,0.17066666666666663,0.17066666666666663,0.5341333333333333
2018-09-10,0.19466666666666665,0.19466666666666665,0.5389333333333334
2018-09-11,0.22599999999999998,0.22599999999999998,0.5452
2018-09-12,0.22866666666666666,0.22866666666666666,0.5457333333333333
2018-09-13,0.25433333333333336,0.25433333333333336,0.5508666666666666
2018-09-14,0.2643333333333333,0.2643333333333333,0.5528666666666666
2018-09-17,0.21066666666666667,0.21066666666666667,0.5421333333333334
2018-09-18,0.24033333333333337,0.24033333333333337,0.5480666666666667
2018-09-19,0.275,0.275,0.555
2018-09-20,0.2733333333333333,0.2733333333333333,0.5546666666666666
2018-09-21,0.2773333333333333,0.2773333333333333,0.5554666666666667
2018-09-24,0.26,0.26,0.552
2018-09-25,0.25266666666666665,0.25266666666666665,0.5505333333333333
2018-09-26,0.237,0.237,0.5474
2018-09-27,0.253,0.253,0.5506
2018-09-28,0.2626666666666667,0.2626666666666667,0.5525333333333333
2018-10-01,0.26666666666666666,0.26666666666666666,0.5533333333333333
2018-10-02,0.26499999999999996,0.26499999999999996,0.5529999999999999
2018-10-03,0.2796666666666667,0.2796666666666667,0.5559333333333334
2018-10-04,0.19266666666666665,0.19266666666666665,0.5385333333333333
2018-10-05,0.17266666666666666,0.17266666666666666,0.5345333333333333
2018-10-08,0.1436666666666667,0.1436666666666667,0.5287333333333334
2018-10-09,0.13500000000000004,0.13500000000000004,0.527
2018-10-10,-0.0986666666666667,-0.0986666666666667,0.4802666666666667
2018-10-11,-0.166,-0.166,0.4668
2018-10-12,-0.043666666666666624,-0.043666666666666624,0.4912666666666667
2018-10-15,-0.043333333333333356,-0.043333333333333356,0.49133333333333334
2018-10-16,0.0793333333333333,0.0793333333333333,0.5158666666666667
2018-10-17,0.08666666666666671,0.08666666666666671,0.5173333333333333
2018-10-18,-0.0019999999999999575,-0.0019999999999999575,0.4996
2018-10-19,0.0036666666666666475,0.0036666666666666475,0.5007333333333334
2018-10-22,0.011999999999999981,0.011999999999999981,0.5024
2018-10-23,-0.023666666666666693,-0.023666666666666693,0.49526666666666663
2018-10-24,-0.17433333333333334,-0.17433333333333334,0.46513333333333334
2018-10-25,-0.14066666666666663,-0.14066666666666663,0.47186666666666666
2018-10-26,-0.13866666666666666,-0.13866666666666666,0.47226666666666667
2018-10-29,-0.15666666666666665,-0.15666666666666665,0.4686666666666667
2018-10-30,-0.11166666666666672,-0.11166666666666672,0.4776666666666667
2018-10-31,-0.041000000000000016,-0.041000000000000016,0.4918
2018-11-01,0.022000000000000006,0.022000000000000006,0.5044
2018-11-02,0.01633333333333328,0.01633333333333328,0.5032666666666666
2018-11-05,0.0013333333333333049,0.0013333333333333049,0.5002666666666666
2018-11-06,0.0029999999999999953,0.0029999999999999953,0.5006
2018-11-07,0.12133333333333335,0.12133333333333335,0.5242666666666667
2018-11-08,0.10933333333333337,0.10933333333333337,0.5218666666666667
2018-11-09,0.08800000000000002,0.08800000000000002,0.5176000000000001
2018-11-12,-0.014999999999999977,-0.014999999999999977,0.497
2018-11-13,-0.0006666666666666524,-0.0006666666666666524,0.4998666666666667
2018-11-14,-0.041666666666666664,-0.041666666666666664,0.49166666666666664
2018-11-15,0.0006666666666666524,0.0006666666666666524,0.5001333333333333
2018-11-16,0.06199999999999998,0.06199999999999998,0.5124
2018-11-19,-0.003333333333333381,-0.003333333333333381,0.49933333333333335
2018-11-20,-0.08266666666666668,-0.08266666666666668,0.48346666666666666
2018-11-21,-0.02666666666666669,-0.02666666666666669,0.49466666666666664
2018-11-23,-0.05066666666666665,-0.05066666666666665,0.4898666666666667
2018-11-26,0.036666666666666715,0.036666666666666715,0.5073333333333333
2018-11-27,0.032666666666666684,0.032666666666666684,0.5065333333333334
2018-11-28,0.05033333333333338,0.05033333333333338,0.5100666666666667
2018-11-29,0.04033333333333336,0.04033333333333336,0.5080666666666667
2018-11-30,0.06433333333333333,0.06433333333333333,0.5128666666666667
2018-12-03,0.11866666666666663,0.11866666666666663,0.5237333333333334
2018-12-04,-0.024666666666666615,-0.024666666666666615,0.49506666666666665
2018-12-06,-0.03966666666666671,-0.03966666666666671,0.49206666666666665
2018-12-07,-0.10766666666666667,-0.10766666666666667,0.47846666666666665
2018-12-10,-0.08800000000000002,-0.08800000000000002,0.4824
2018-12-11,-0.05866666666666672,-0.05866666666666672,0.4882666666666666
2018-12-12,-0.0486666666666667,-0.0486666666666667,0.4902666666666667
2018-12-13,-0.02166666666666662,-0.02166666666666662,0.4956666666666667
2018-12-14,-0.0543333333333333,-0.0543333333333333,0.48913333333333336
2018-12-17,-0.15066666666666664,-0.15066666666666664,0.46986666666666665
2018-12-18,-0.18599999999999994,-0.18599999999999994,0.4628
2018-12-19,-0.18599999999999994,-0.18599999999999994,0.4628
2018-12-20,-0.2793333333333333,-0.2793333333333333,0.4441333333333333
2018-12-21,-0.33699999999999997,-0.33699999999999997,0.4326
2018-12-24,-0.5356666666666666,-0.5356666666666666,0.3928666666666667
2018-12-26,-0.34700000000000003,-0.34700000000000003,0.4306
2018-12-27,-0.332,-0.332,0.4336
2018-12-28,-0.27799999999999997,-0.27799999999999997,0.4444
2018-12-31,-0.18066666666666673,-0.18066666666666673,0.46386666666666665
2019-01-02,-0.1073333333333333,-0.1073333333333333,0.47853333333333337
2019-01-03,-0.18166666666666664,-0.18166666666666664,0.46366666666666667
2019-01-04,-0.045999999999999965,-0.045999999999999965,0.4908
2019-01-07,-0.04666666666666662,-0.04666666666666662,0.4906666666666667
2019-01-08,-0.015666666666666627,-0.015666666666666627,0.4968666666666667
2019-01-09,0.0006666666666666524,0.0006666666666666524,0.5001333333333333
2019-01-10,0.016666666666666666,0.016666666666666666,0.5033333333333333
2019-01-11,0.06033333333333329,0.06033333333333329,0.5120666666666667
2019-01-14,0.03099999999999999,0.03099999999999999,0.5062
2019-01-15,0.04666666666666662,0.04666666666666662,0.5093333333333333
2019-01-16,0.03200000000000003,0.03200000000000003,0.5064
2019-01-17,0.0646666666666667,0.0646666666666667,0.5129333333333334
2019-01-18,0.0733333333333333,0.0733333333333333,0.5146666666666666
2019-01-22,-0.02666666666666669,-0.02666666666666669,0.49466666666666664
2019-01-23,0.016000000000000014,0.016000000000000014,0.5032
2019-01-24,0.036999999999999984,0.036999999999999984,0.5074
2019-01-25,0.08599999999999994,0.08599999999999994,0.5172
2019-01-28,0.03766666666666663,0.03766666666666663,0.5075333333333333
2019-01-29,0.029000000000000033,0.029000000000000033,0.5058
2019-01-30,0.078,0.078,0.5156
2019-01-31,0.11433333333333333,0.11433333333333333,0.5228666666666667
2019-02-01,0.12866666666666665,0.12866666666666665,0.5257333333333334
2019-02-04,0.1423333333333333,0.1423333333333333,0.5284666666666666
2019-02-05,0.14766666666666667,0.14766666666666667,0.5295333333333333
2019-02-06,0.15399999999999997,0.15399999999999997,0.5307999999999999
2019-02-07,0.12099999999999997,0.12099999999999997,0.5242
2019-02-08,0.14266666666666664,0.14266666666666664,0.5285333333333333
2019-02-11,0.1343333333333333,0.1343333333333333,0.5268666666666667
2019-02-12,0.15233333333333335,0.15233333333333335,0.5304666666666666
2019-02-13,0.145,0.145,0.529
2019-02-14,0.12600000000000003,0.12600000000000003,0.5252
2019-02-15,0.16966666666666666,0.16966666666666666,0.5339333333333334
2019-02-19,0.17066666666666663,0.17066666666666663,0.5341333333333333
2019-02-20,0.19933333333333333,0.19933333333333333,0.5398666666666667
2019-02-21,0.18466666666666665,0.18466666666666665,0.5369333333333334
2019-02-22,0.21633333333333335,0.21633333333333335,0.5432666666666667
2019-02-25,0.1716666666666667,0.1716666666666667,0.5343333333333333
2019-02-26,0.161,0.161,0.5322
2019-02-27,0.1766666666666667,0.1766666666666667,0.5353333333333333
2019-02-28,0.17400000000000002,0.17400000000000002,0.5348
2019-03-01,0.21433333333333332,0.21433333333333332,0.5428666666666666
2019-03-04,0.17899999999999996,0.17899999999999996,0.5357999999999999
2019-03-05,0.1753333333333333,0.1753333333333333,0.5350666666666667
2019-03-06,0.142,0.142,0.5284
2019-03-07,0.11366666666666667,0.11366666666666667,0.5227333333333334
2019-03-08,0.13166666666666665,0.13166666666666665,0.5263333333333333
2019-03-11,0.189,0.189,0.5378000000000001
2019-03-12,0.2076666666666667,0.2076666666666667,0.5415333333333333
2019-03-13,0.21966666666666665,0.21966666666666665,0.5439333333333334
2019-03-14,0.21666666666666667,0.21666666666666667,0.5433333333333333
2019-03-15,0.2373333333333333,0.2373333333333333,0.5474666666666667
2019-03-18,0.23,0.23,0.546
2019-03-19,0.21466666666666664,0.21466666666666664,0.5429333333333334
2019-03-20,0.20299999999999999,0.20299999999999999,0.5406
2019-03-21,0.21233333333333332,0.21233333333333332,0.5424666666666667
2019-03-22,0.11733333333333332,0.11733333333333332,0.5234666666666666
2019-03-25,0.12233333333333339,0.12233333333333339,0.5244666666666666
2019-03-26,0.17733333333333334,0.17733333333333334,0.5354666666666666
2019-03-27,0.16166666666666665,0.16166666666666665,0.5323333333333333
2019-03-28,0.18566666666666667,0.18566666666666667,0.5371333333333334
2019-03-29,0.20966666666666664,0.20966666666666664,0.5419333333333334
2019-04-01,0.22,0.22,0.544
2019-04-02,0.22133333333333335,0.22133333333333335,0.5442666666666667
2019-04-03,0.20866666666666667,0.20866666666666667,0.5417333333333333
2019-04-04,0.214,0.214,0.5428
2019-04-05,0.23933333333333331,0.23933333333333331,0.5478666666666667
2019-04-08,0.22733333333333333,0.22733333333333333,0.5454666666666667
2019-04-09,0.19066666666666668,0.19066666666666668,0.5381333333333334
2019-04-10,0.2233333333333333,0.2233333333333333,0.5446666666666666
2019-04-11,0.2326666666666667,0.2326666666666667,0.5465333333333333
2019-04-12,0.26633333333333337,0.26633333333333337,0.5532666666666667
2019-04-15,0.256,0.256,0.5512
2019-04-16,0.26066666666666666,0.26066666666666666,0.5521333333333334
2019-04-17,0.24666666666666667,0.24666666666666667,0.5493333333333333
2019-04-18,0.26366666666666666,0.26366666666666666,0.5527333333333333
2019-04-22,0.25266666666666665,0.25266666666666665,0.5505333333333333
2019-04-23,0.25733333333333336,0.25733333333333336,0.5514666666666667
2019-04-24,0.22866666666666666,0.22866666666666666,0.5457333333333333
2019-04-25,0.225,0.225,0.545
2019-04-26,0.24233333333333332,0.24233333333333332,0.5484666666666667
2019-04-29,0.22966666666666669,0.22966666666666669,0.5459333333333334
2019-04-30,0.22933333333333336,0.22933333333333336,0.5458666666666667
2019-05-01,0.1733333333333333,0.1733333333333333,0.5346666666666666
2019-05-02,0.186,0.186,0.5372
2019-05-03,0.2376666666666667,0.2376666666666667,0.5475333333333333
2019-05-06,0.15200000000000002,0.15200000000000002,0.5304
2019-05-07,0.022666666666666658,0.022666666666666658,0.5045333333333333
2019-05-08,0.02000000000000005,0.02000000000000005,0.504
2019-05-09,0.029999999999999954,0.029999999999999954,0.506
2019-05-10,0.13200000000000003,0.13200000000000003,0.5264
2019-05-13,-0.018333333333333358,-0.018333333333333358,0.49633333333333335
2019-05-14,0.0646666666666667,0.0646666666666667,0.5129333333333334
2019-05-15,0.11866666666666663,0.11866666666666663,0.5237333333333334
2019-05-16,0.15700000000000003,0.15700000000000003,0.5314
2019-05-17,0.13466666666666663,0.13466666666666663,0.5269333333333334
2019-05-20,0.12300000000000004,0.12300000000000004,0.5246
2019-05-21,0.16833333333333336,0.16833333333333336,0.5336666666666666
2019-05-22,0.175,0.175,0.535
2019-05-23,0.10266666666666661,0.10266666666666661,0.5205333333333333
2019-05-24,0.13833333333333334,0.13833333333333334,0.5276666666666666
2019-05-28,0.08333333333333333,0.08333333333333333,0.5166666666666667
2019-05-29,0.07000000000000005,0.07000000000000005,0.514
2019-05-30,0.08999999999999998,0.08999999999999998,0.518
2019-05-31,0.04299999999999997,0.04299999999999997,0.5085999999999999
2019-06-03,0.03800000000000002,0.03800000000000002,0.5076
2019-06-04,0.10100000000000003,0.10100000000000003,0.5202
2019-06-05,0.13033333333333333,0.13033333333333333,0.5260666666666667
2019-06-06,0.13566666666666669,0.13566666666666669,0.5271333333333333
2019-06-07,0.12333333333333331,0.12333333333333331,0.5246666666666666
2019-06-10,0.13533333333333336,0.13533333333333336,0.5270666666666667
2019-06-11,0.13366666666666666,0.13366666666666666,0.5267333333333333
2019-06-12,0.13633333333333333,0.13633333333333333,0.5272666666666667
2019-06-13,0.13933333333333334,0.13933333333333334,0.5278666666666667
2019-06-14,0.15733333333333335,0.15733333333333335,0.5314666666666666
2019-06-17,0.155,0.155,0.531
2019-06-18,0.16166666666666665,0.16166666666666665,0.5323333333333333
2019-06-19,0.189,0.189,0.5378000000000001
2019-06-20,0.175,0.175,0.535
2019-06-21,0.15333333333333332,0.15333333333333332,0.5306666666666666
2019-06-24,0.158,0.158,0.5316
2019-06-25,0.12399999999999996,0.12399999999999996,0.5248
2019-06-26,0.1263333333333333,0.1263333333333333,0.5252666666666667
2019-06-27,0.13933333333333334,0.13933333333333334,0.5278666666666667
2019-06-28,0.164,0.164,0.5328
2019-07-01,0.19799999999999998,0.19799999999999998,0.5396
2019-07-02,0.23566666666666666,0.23566666666666666,0.5471333333333334
2019-07-03,0.24766666666666665,0.24766666666666665,0.5495333333333333
2019-07-05,0.22400000000000003,0.22400000000000003,0.5448
2019-07-08,0.2013333333333333,0.2013333333333333,0.5402666666666667
2019-07-09,0.197,0.197,0.5394
2019-07-10,0.23233333333333336,0.23233333333333336,0.5464666666666667
2019-07-11,0.23566666666666666,0.23566666666666666,0.5471333333333334
2019-07-12,0.25366666666666665,0.25366666666666665,0.5507333333333333
2019-07-15,0.24400000000000002,0.24400000000000002,0.5488
2019-07-16,0.23800000000000002,0.23800000000000002,0.5476
2019-07-17,0.20099999999999998,0.20099999999999998,0.5402
2019-07-18,0.2156666666666667,0.2156666666666667,0.5431333333333334
2019-07-19,0.18500000000000003,0.18500000000000003,0.537
2019-07-22,0.2156666666666667,0.2156666666666667,0.5431333333333334
2019-07-23,0.24633333333333335,0.24633333333333335,0.5492666666666667
2019-07-24,0.2643333333333333,0.2643333333333333,0.5528666666666666
2019-07-25,0.242,0.242,0.5484
2019-07-26,0.2613333333333333,0.2613333333333333,0.5522666666666667
2019-07-29,0.239,0.239,0.5478
2019-07-30,0.202,0.202,0.5404
2019-07-31,0.1293333333333333,0.1293333333333333,0.5258666666666667
2019-08-01,0.07099999999999997,0.07099999999999997,0.5142
2019-08-02,0.07966666666666669,0.07966666666666669,0.5159333333333334
2019-08-05,-0.153,-0.153,0.4694
2019-08-06,-0.0056666666666667235,-0.0056666666666667235,0.4988666666666667
2019-08-07,0.017000000000000053,0.017000000000000053,0.5034
2019-08-08,0.103,0.103,0.5206
2019-08-09,0.06766666666666671,0.06766666666666671,0.5135333333333334
2019-08-12,-0.03633333333333333,-0.03633333333333333,0.49273333333333336
2019-08-13,0.08266666666666668,0.08266666666666668,0.5165333333333333
2019-08-14,-0.07000000000000005,-0.07000000000000005,0.486
2019-08-15,-0.039333333333333324,-0.039333333333333324,0.4921333333333333
2019-08-16,0.05100000000000004,0.05100000000000004,0.5102
2019-08-19,0.10400000000000004,0.10400000000000004,0.5208
2019-08-20,0.08333333333333333,0.08333333333333333,0.5166666666666667
2019-08-21,0.13999999999999999,0.13999999999999999,0.528
2019-08-22,0.11066666666666668,0.11066666666666668,0.5221333333333333
2019-08-23,0.0043333333333333,0.0043333333333333,0.5008666666666667
2019-08-26,0.022666666666666658,0.022666666666666658,0.5045333333333333
2019-08-27,-0.01033333333333329,-0.01033333333333329,0.49793333333333334
2019-08-28,0.02166666666666662,0.02166666666666662,0.5043333333333333
2019-08-29,0.0706666666666667,0.0706666666666667,0.5141333333333333
2019-08-30,0.03399999999999999,0.03399999999999999,0.5068
2019-09-03,0.011333333333333329,0.011333333333333329,0.5022666666666666
2019-09-04,0.08900000000000005,0.08900000000000005,0.5178
2019-09-05,0.12433333333333335,0.12433333333333335,0.5248666666666667
2019-09-06,0.16666666666666666,0.16666666666666666,0.5333333333333333
2019-09-09,0.15766666666666668,0.15766666666666668,0.5315333333333333
2019-09-10,0.16000000000000003,0.16000000000000003,0.532
2019-09-11,0.1796666666666667,0.1796666666666667,0.5359333333333334
2019-09-12,0.19266666666666665,0.19266666666666665,0.5385333333333333
2019-09-13,0.20866666666666667,0.20866666666666667,0.5417333333333333
2019-09-16,0.17766666666666667,0.17766666666666667,0.5355333333333333
2019-09-17,0.18533333333333335,0.18533333333333335,0.5370666666666667
2019-09-18,0.2016666666666667,0.2016666666666667,0.5403333333333333
2019-09-19,0.1983333333333333,0.1983333333333333,0.5396666666666666
2019-09-20,0.156,0.156,0.5312
2019-09-23,0.16966666666666666,0.16966666666666666,0.5339333333333334
2019-09-24,0.09833333333333331,0.09833333333333331,0.5196666666666667
2019-09-25,0.13466666666666663,0.13466666666666663,0.5269333333333334
2019-09-26,0.13099999999999998,0.13099999999999998,0.5262
2019-09-27,0.0926666666666667,0.0926666666666667,0.5185333333333333
2019-09-30,0.12533333333333338,0.12533333333333338,0.5250666666666667
2019-10-01,0.04800000000000004,0.04800000000000004,0.5096
2019-10-02,-0.018666666666666623,-0.018666666666666623,0.4962666666666667
2019-10-03,0.0293333333333333,0.0293333333333333,0.5058666666666667
2019-10-04,0.0986666666666667,0.0986666666666667,0.5197333333333334
2019-10-07,0.07133333333333335,0.07133333333333335,0.5142666666666666
2019-10-08,-0.00933333333333337,-0.00933333333333337,0.4981333333333333
2019-10-09,0.045333333333333316,0.045333333333333316,0.5090666666666667
2019-10-10,0.08099999999999999,0.08099999999999999,0.5162
2019-10-11,0.14733333333333334,0.14733333333333334,0.5294666666666666
2019-10-14,0.181,0.181,0.5362
2019-10-15,0.21533333333333335,0.21533333333333335,0.5430666666666667
2019-10-16,0.21066666666666667,0.21066666666666667,0.5421333333333334
2019-10-17,0.20700000000000002,0.20700000000000002,0.5414
2019-10-18,0.19166666666666668,0.19166666666666668,0.5383333333333333
2019-10-21,0.2,0.2,0.54
2019-10-22,0.18466666666666665,0.18466666666666665,0.5369333333333334
2019-10-23,0.1996666666666667,0.1996666666666667,0.5399333333333334
2019-10-24,0.20966666666666664,0.20966666666666664,0.5419333333333334
2019-10-25,0.245,0.245,0.549
2019-10-28,0.22966666666666669,0.22966666666666669,0.5459333333333334
2019-10-29,0.22666666666666668,0.22666666666666668,0.5453333333333333
2019-10-30,0.25566666666666665,0.25566666666666665,0.5511333333333334
2019-10-31,0.22599999999999998,0.22599999999999998,0.5452
2019-11-01,0.25666666666666665,0.25666666666666665,0.5513333333333333
2019-11-04,0.239,0.239,0.5478
2019-11-05,0.23,0.23,0.546
2019-11-06,0.24600000000000002,0.24600000000000002,0.5492
2019-11-07,0.24233333333333332,0.24233333333333332,0.5484666666666667
2019-11-08,0.2643333333333333,0.2643333333333333,0.5528666666666666
2019-11-11,0.24366666666666667,0.24366666666666667,0.5487333333333333
2019-11-12,0.24400000000000002,0.24400000000000002,0.5488
2019-11-13,0.23333333333333334,0.23333333333333334,0.5466666666666666
2019-11-14,0.23166666666666663,0.23166666666666663,0.5463333333333333
2019-11-15,0.26499999999999996,0.26499999999999996,0.5529999999999999
2019-11-18,0.2513333333333333,0.2513333333333333,0.5502666666666667
2019-11-19,0.23800000000000002,0.23800000000000002,0.5476
2019-11-20,0.2406666666666667,0.2406666666666667,0.5481333333333334
2019-11-21,0.22899999999999998,0.22899999999999998,0.5458
2019-11-22,0.25533333333333336,0.25533333333333336,0.5510666666666667
2019-11-25,0.271,0.271,0.5542
2019-11-26,0.28200000000000003,0.28200000000000003,0.5564
2019-11-27,0.275,0.275,0.555
2019-11-29,0.24600000000000002,0.24600000000000002,0.5492
2019-12-02,0.16966666666666666,0.16966666666666666,0.5339333333333334
2019-12-03,0.13466666666666663,0.13466666666666663,0.5269333333333334
2019-12-04,0.1733333333333333,0.1733333333333333,0.5346666666666666
2019-12-05,0.18266666666666667,0.18266666666666667,0.5365333333333333
2019-12-06,0.2126666666666667,0.2126666666666667,0.5425333333333333
2019-12-09,0.138,0.138,0.5276
2019-12-10,0.14400000000000002,0.14400000000000002,0.5288
2019-12-11,0.16699999999999998,0.16699999999999998,0.5334
2019-12-12,0.202,0.202,0.5404
2019-12-13,0.24566666666666664,0.24566666666666664,0.5491333333333334
2019-12-16,0.26199999999999996,0.26199999999999996,0.5524
2019-12-17,0.257,0.257,0.5514
2019-12-18,0.24733333333333332,0.24733333333333332,0.5494666666666667
2019-12-19,0.25,0.25,0.55
2019-12-20,0.24966666666666668,0.24966666666666668,0.5499333333333334
2019-12-23,0.24633333333333335,0.24633333333333335,0.5492666666666667
2019-12-24,0.24433333333333335,0.24433333333333335,0.5488666666666666
2019-12-26,0.245,0.245,0.549
2019-12-27,0.219,0.219,0.5438000000000001
2019-12-30,0.17266666666666666,0.17266666666666666,0.5345333333333333
2019-12-31,0.20733333333333334,0.20733333333333334,0.5414666666666667
2020-01-02,0.251,0.251,0.5502
2020-01-03,0.19933333333333333,0.19933333333333333,0.5398666666666667
2020-01-06,0.20500000000000002,0.20500000000000002,0.541
2020-01-07,0.20700000000000002,0.20700000000000002,0.5414
2020-01-08,0.21833333333333335,0.21833333333333335,0.5436666666666666
2020-01-09,0.2486666666666667,0.2486666666666667,0.5497333333333333
2020-01-10,0.24799999999999997,0.24799999999999997,0.5496
2020-01-13,0.256,0.256,0.5512
2020-01-14,0.25366666666666665,0.25366666666666665,0.5507333333333333
2020-01-15,0.25266666666666665,0.25266666666666665,0.5505333333333333
2020-01-16,0.256,0.256,0.5512
2020-01-17,0.26333333333333336,0.26333333333333336,0.5526666666666666
2020-01-21,0.23833333333333334,0.23833333333333334,0.5476666666666666
2020-01-22,0.23633333333333334,0.23633333333333334,0.5472666666666667
2020-01-23,0.23399999999999999,0.23399999999999999,0.5468
2020-01-24,0.18133333333333332,0.18133333333333332,0.5362666666666667
2020-01-27,0.05899999999999998,0.05899999999999998,0.5118
2020-01-28,0.12399999999999996,0.12399999999999996,0.5248
2020-01-29,0.12033333333333332,0.12033333333333332,0.5240666666666667
2020-01-30,0.15033333333333332,0.15033333333333332,0.5300666666666667
2020-01-31,0.03866666666666667,0.03866666666666667,0.5077333333333334
2020-02-03,0.06766666666666671,0.06766666666666671,0.5135333333333334
2020-02-04,0.13166666666666665,0.13166666666666665,0.5263333333333333
2020-02-05,0.16166666666666665,0.16166666666666665,0.5323333333333333
2020-02-06,0.16799999999999998,0.16799999999999998,0.5336
2020-02-07,0.15099999999999997,0.15099999999999997,0.5302
2020-02-10,0.16533333333333336,0.16533333333333336,0.5330666666666667
2020-02-11,0.16066666666666668,0.16066666666666668,0.5321333333333333
2020-02-12,0.20866666666666667,0.20866666666666667,0.5417333333333333
2020-02-13,0.19499999999999998,0.19499999999999998,0.539
2020-02-14,0.21066666666666667,0.21066666666666667,0.5421333333333334
2020-02-18,0.17233333333333334,0.17233333333333334,0.5344666666666666
2020-02-19,0.1873333333333333,0.1873333333333333,0.5374666666666666
2020-02-20,0.148,0.148,0.5296
2020-02-21,0.0973333333333334,0.0973333333333334,0.5194666666666666
2020-02-24,-0.1676666666666667,-0.1676666666666667,0.46646666666666664
2020-02-25,-0.2616666666666667,-0.2616666666666667,0.44766666666666666
2020-02-26,-0.25199999999999995,-0.25199999999999995,0.4496
2020-02-27,-0.6386666666666666,-0.6386666666666666,0.37226666666666663
2020-02-28,-0.6703333333333333,-0.6703333333333333,0.36593333333333333
2020-03-02,-0.4473333333333334,-0.4473333333333334,0.4105333333333333
2020-03-03,-0.5606666666666666,-0.5606666666666666,0.3878666666666667
2020-03-04,-0.3996666666666666,-0.3996666666666666,0.4200666666666667
2020-03-05,-0.6539999999999999,-0.6539999999999999,0.3692
2020-03-06,-0.7313333333333333,-0.7313333333333333,0.35373333333333334
2020-03-09,-1.0,-1.0,0.3
2020-03-10,-0.9099999999999999,-0.9099999999999999,0.318
2020-03-11,-1.0,-1.0,0.3
2020-03-12,-1.0,-1.0,0.3
2020-03-13,-1.0,-1.0,0.3
2020-03-16,-1.0,-1.0,0.3
2020-03-17,-1.0,-1.0,0.3
2020-03-18,-1.0,-1.0,0.3
2020-03-19,-1.0,-1.0,0.3
2020-03-20,-1.0,-1.0,0.3
2020-03-23,-1.0,-1.0,0.3
2020-03-24,-1.0,-1.0,0.3
2020-03-25,-1.0,-1.0,0.3
2020-03-26,-1.0,-1.0,0.3
2020-03-27,-1.0,-1.0,0.3
2020-03-30,-1.0,-1.0,0.3
2020-03-31,-1.0,-1.0,0.3
2020-04-01,-1.0,-1.0,0.3
2020-04-02,-1.0,-1.0,0.3
2020-04-03,-0.8933333333333332,-0.8933333333333332,0.32133333333333336
2020-04-06,-0.8413333333333334,-0.8413333333333334,0.3317333333333333
2020-04-07,-0.8900000000000001,-0.8900000000000001,0.32199999999999995
2020-04-08,-0.7783333333333334,-0.7783333333333334,0.34433333333333327
2020-04-09,-0.7223333333333334,-0.7223333333333334,0.3555333333333333
2020-04-13,-0.7056666666666668,-0.7056666666666668,0.35886666666666667
2020-04-14,-0.592,-0.592,0.3816
2020-04-15,-0.6946666666666668,-0.6946666666666668,0.36106666666666665
2020-04-16,-0.6703333333333333,-0.6703333333333333,0.36593333333333333
2020-04-17,-0.605,-0.605,0.379
2020-04-20,-0.7943333333333332,-0.7943333333333332,0.34113333333333334
2020-04-21,-0.8469999999999999,-0.8469999999999999,0.3306
2020-04-22,-0.7326666666666666,-0.7326666666666666,0.3534666666666667
2020-04-23,-0.7126666666666668,-0.7126666666666668,0.3574666666666666
2020-04-24,-0.531,-0.531,0.3938
2020-04-27,-0.44299999999999995,-0.44299999999999995,0.4114
2020-04-28,-0.45233333333333337,-0.45233333333333337,0.4095333333333333
2020-04-29,-0.37433333333333335,-0.37433333333333335,0.4251333333333333
2020-04-30,-0.4716666666666666,-0.4716666666666666,0.4056666666666667
2020-05-01,-0.573,-0.573,0.3854
2020-05-04,-0.5323333333333333,-0.5323333333333333,0.39353333333333335
2020-05-05,-0.45366666666666666,-0.45366666666666666,0.40926666666666667
2020-05-06,-0.47066666666666657,-0.47066666666666657,0.4058666666666667
2020-05-07,-0.38133333333333336,-0.38133333333333336,0.4237333333333333
2020-05-08,-0.266,-0.266,0.4468
2020-05-11,-0.25233333333333335,-0.25233333333333335,0.44953333333333334
2020-05-12,-0.43466666666666665,-0.43466666666666665,0.4130666666666667
2020-05-13,-0.5093333333333334,-0.5093333333333334,0.39813333333333334
2020-05-14,-0.42033333333333334,-0.42033333333333334,0.4159333333333333
2020-05-15,-0.39633333333333337,-0.39633333333333337,0.4207333333333333
2020-05-18,-0.31,-0.31,0.438
2020-05-19,-0.35100000000000003,-0.35100000000000003,0.42979999999999996
2020-05-20,-0.26633333333333326,-0.26633333333333326,0.4467333333333333
2020-05-21,-0.3176666666666667,-0.3176666666666667,0.43646666666666667
2020-05-22,-0.272,-0.272,0.4456
2020-05-26,-0.26700000000000007,-0.26700000000000007,0.4466
2020-05-27,-0.25400000000000006,-0.25400000000000006,0.4492
2020-05-28,-0.28633333333333333,-0.28633333333333333,0.4427333333333333
2020-05-29,-0.2503333333333334,-0.2503333333333334,0.4499333333333333
2020-06-01,-0.2743333333333334,-0.2743333333333334,0.4451333333333333
2020-06-02,-0.228,-0.228,0.4544
2020-06-03,-0.18866666666666668,-0.18866666666666668,0.46226666666666666
2020-06-04,-0.19366666666666663,-0.19366666666666663,0.46126666666666666
2020-06-05,-0.15066666666666664,-0.15066666666666664,0.46986666666666665
2020-06-08,-0.19366666666666663,-0.19366666666666663,0.46126666666666666
2020-06-09,-0.25233333333333335,-0.25233333333333335,0.44953333333333334
2020-06-10,-0.25233333333333335,-0.25233333333333335,0.44953333333333334
2020-06-11,-0.693,-0.693,0.3614
2020-06-12,-0.5363333333333334,-0.5363333333333334,0.3927333333333333
2020-06-15,-0.4799999999999999,-0.4799999999999999,0.404
2020-06-16,-0.4556666666666667,-0.4556666666666667,0.40886666666666666
2020-06-17,-0.44899999999999995,-0.44899999999999995,0.4102
2020-06-18,-0.43133333333333324,-0.43133333333333324,0.41373333333333334
2020-06-19,-0.5039999999999999,-0.5039999999999999,0.3992
2020-06-22,-0.3923333333333333,-0.3923333333333333,0.4215333333333333
2020-06-23,-0.37900000000000006,-0.37900000000000006,0.42419999999999997
2020-06-24,-0.46133333333333343,-0.46133333333333343,0.4077333333333333
2020-06-25,-0.40733333333333327,-0.40733333333333327,0.4185333333333333
2020-06-26,-0.4909999999999999,-0.4909999999999999,0.40180000000000005
2020-06-29,-0.3926666666666667,-0.3926666666666667,0.42146666666666666
2020-06-30,-0.3476666666666667,-0.3476666666666667,0.43046666666666666
2020-07-01,-0.2873333333333334,-0.2873333333333334,0.44253333333333333
2020-07-02,-0.256,-0.256,0.4488
2020-07-06,-0.2646666666666667,-0.2646666666666667,0.44706666666666667
2020-07-07,-0.3143333333333333,-0.3143333333333333,0.4371333333333333
2020-07-08,-0.26933333333333326,-0.26933333333333326,0.4461333333333333
2020-07-09,-0.3086666666666667,-0.3086666666666667,0.43826666666666664
2020-07-10,-0.24299999999999997,-0.24299999999999997,0.4514
2020-07-13,-0.40633333333333327,-0.40633333333333327,0.41873333333333335
2020-07-14,-0.3173333333333333,-0.3173333333333333,0.43653333333333333
2020-07-15,-0.2586666666666667,-0.2586666666666667,0.44826666666666665
2020-07-16,-0.26666666666666666,-0.26666666666666666,0.44666666666666666
2020-07-17,-0.18933333333333333,-0.18933333333333333,0.46213333333333334
2020-07-20,-0.1486666666666667,-0.1486666666666667,0.47026666666666667
2020-07-21,-0.16133333333333333,-0.16133333333333333,0.46773333333333333
2020-07-22,-0.14400000000000002,-0.14400000000000002,0.4712
2020-07-23,-0.2026666666666666,-0.2026666666666666,0.4594666666666667
2020-07-24,-0.19466666666666665,-0.19466666666666665,0.4610666666666667
2020-07-27,-0.15799999999999995,-0.15799999999999995,0.46840000000000004
2020-07-28,-0.18133333333333337,-0.18133333333333337,0.46373333333333333
2020-07-29,-0.13666666666666671,-0.13666666666666671,0.4726666666666667
2020-07-30,-0.1586666666666667,-0.1586666666666667,0.46826666666666666
2020-07-31,-0.1486666666666667,-0.1486666666666667,0.47026666666666667
2020-08-03,-0.1426666666666667,-0.1426666666666667,0.47146666666666665
2020-08-04,-0.12533333333333338,-0.12533333333333338,0.4749333333333333
2020-08-05,-0.09966666666666661,-0.09966666666666661,0.4800666666666667
2020-08-06,-0.08833333333333329,-0.08833333333333329,0.48233333333333334
2020-08-07,-0.0736666666666667,-0.0736666666666667,0.4852666666666667
2020-08-10,-0.07099999999999997,-0.07099999999999997,0.4858
2020-08-11,-0.13433333333333336,-0.13433333333333336,0.47313333333333335
2020-08-12,-0.07600000000000004,-0.07600000000000004,0.4848
2020-08-13,-0.07099999999999997,-0.07099999999999997,0.4858
2020-08-14,-0.06833333333333336,-0.06833333333333336,0.48633333333333334
2020-08-17,-0.04500000000000005,-0.04500000000000005,0.491
2020-08-18,-0.05033333333333338,-0.05033333333333338,0.48993333333333333
2020-08-19,-0.08466666666666664,-0.08466666666666664,0.48306666666666664
2020-08-20,-0.09066666666666663,-0.09066666666666663,0.48186666666666667
2020-08-21,-0.08466666666666664,-0.08466666666666664,0.48306666666666664
2020-08-24,-0.07900000000000003,-0.07900000000000003,0.4842
2020-08-25,-0.06766666666666671,-0.06766666666666671,0.48646666666666666
2020-08-26,-0.10899999999999999,-0.10899999999999999,0.4782
2020-08-27,-0.14899999999999997,-0.14899999999999997,0.4702
2020-08-28,-0.0986666666666667,-0.0986666666666667,0.4802666666666667
2020-08-31,-0.21366666666666667,-0.21366666666666667,0.45726666666666665
2020-09-01,-0.20400000000000004,-0.20400000000000004,0.4592
2020-09-02,-0.219,-0.219,0.4562
2020-09-03,-0.45333333333333337,-0.45333333333333337,0.4093333333333333
2020-09-04,-0.35833333333333334,-0.35833333333333334,0.42833333333333334
2020-09-08,-0.382,-0.382,0.4236
2020-09-09,-0.29366666666666663,-0.29366666666666663,0.4412666666666667
2020-09-10,-0.3236666666666667,-0.3236666666666667,0.43526666666666664
2020-09-11,-0.22900000000000004,-0.22900000000000004,0.4542
2020-09-14,-0.19500000000000003,-0.19500000000000003,0.46099999999999997
2020-09-15,-0.18633333333333332,-0.18633333333333332,0.46273333333333333
2020-09-16,-0.2013333333333333,-0.2013333333333333,0.4597333333333333
2020-09-17,-0.21533333333333335,-0.21533333333333335,0.4569333333333333
2020-09-18,-0.19433333333333327,-0.19433333333333327,0.46113333333333334
2020-09-21,-0.25933333333333336,-0.25933333333333336,0.44813333333333333
2020-09-22,-0.22866666666666666,-0.22866666666666666,0.45426666666666665
2020-09-23,-0.2859999999999999,-0.2859999999999999,0.4428
2020-09-24,-0.28366666666666673,-0.28366666666666673,0.44326666666666664
2020-09-25,-0.21266666666666664,-0.21266666666666664,0.4574666666666667
2020-09-28,-0.20633333333333337,-0.20633333333333337,0.4587333333333333
2020-09-29,-0.209,-0.209,0.4582
2020-09-30,-0.21233333333333337,-0.21233333333333337,0.45753333333333335
2020-10-01,-0.2233333333333333,-0.2233333333333333,0.45533333333333337
2020-10-02,-0.2543333333333333,-0.2543333333333333,0.44913333333333333
2020-10-05,-0.26533333333333337,-0.26533333333333337,0.4469333333333333
2020-10-06,-0.316,-0.316,0.43679999999999997
2020-10-07,-0.2686666666666666,-0.2686666666666666,0.4462666666666667
2020-10-08,-0.212,-0.212,0.4576
2020-10-09,-0.16666666666666666,-0.16666666666666666,0.4666666666666667
2020-10-12,-0.169,-0.169,0.4662
2020-10-13,-0.20233333333333334,-0.20233333333333334,0.45953333333333335
2020-10-14,-0.2133333333333333,-0.2133333333333333,0.45733333333333337
2020-10-15,-0.2323333333333333,-0.2323333333333333,0.45353333333333334
2020-10-16,-0.247,-0.247,0.4506
2020-10-19,-0.306,-0.306,0.43879999999999997
2020-10-20,-0.3116666666666667,-0.3116666666666667,0.43766666666666665
2020-10-21,-0.2883333333333333,-0.2883333333333333,0.44233333333333336
2020-10-22,-0.2703333333333333,-0.2703333333333333,0.44593333333333335
2020-10-23,-0.2516666666666667,-0.2516666666666667,0.44966666666666666
2020-10-26,-0.4153333333333334,-0.4153333333333334,0.4169333333333333
2020-10-27,-0.44500000000000006,-0.44500000000000006,0.411
2020-10-28,-0.676,-0.676,0.3648
2020-10-29,-0.5863333333333335,-0.5863333333333335,0.3827333333333333
2020-10-30,-0.6006666666666668,-0.6006666666666668,0.37986666666666663
2020-11-02,-0.5710000000000001,-0.5710000000000001,0.3858
2020-11-03,-0.5183333333333332,-0.5183333333333332,0.39633333333333337
2020-11-04,-0.319,-0.319,0.4362
2020-11-05,-0.2526666666666666,-0.2526666666666666,0.4494666666666667
2020-11-06,-0.16199999999999998,-0.16199999999999998,0.4676
2020-11-09,-0.19166666666666668,-0.19166666666666668,0.46166666666666667
2020-11-10,-0.16000000000000003,-0.16000000000000003,0.46799999999999997
2020-11-11,-0.11499999999999998,-0.11499999999999998,0.477
2020-11-12,-0.17833333333333337,-0.17833333333333337,0.4643333333333333
2020-11-13,-0.10333333333333337,-0.10333333333333337,0.47933333333333333
2020-11-16,-0.08166666666666664,-0.08166666666666664,0.4836666666666667
2020-11-17,-0.09033333333333336,-0.09033333333333336,0.4819333333333333
2020-11-18,-0.128,-0.128,0.4744
2020-11-19,-0.10366666666666664,-0.10366666666666664,0.4792666666666667
2020-11-20,-0.12333333333333331,-0.12333333333333331,0.47533333333333333
2020-11-23,-0.08866666666666667,-0.08866666666666667,0.4822666666666667
2020-11-24,-0.05466666666666668,-0.05466666666666668,0.48906666666666665
2020-11-25,-0.041666666666666664,-0.041666666666666664,0.49166666666666664
2020-11-27,-0.027999999999999994,-0.027999999999999994,0.4944
2020-11-30,-0.01900000000000001,-0.01900000000000001,0.4962
2020-12-01,-0.025666666666666654,-0.025666666666666654,0.4948666666666667
2020-12-02,-0.039000000000000055,-0.039000000000000055,0.49219999999999997
2020-12-03,-0.04266666666666671,-0.04266666666666671,0.49146666666666666
2020-12-04,-0.026333333333333306,-0.026333333333333306,0.49473333333333336
2020-12-07,-0.043333333333333356,-0.043333333333333356,0.49133333333333334
2020-12-08,-0.022666666666666658,-0.022666666666666658,0.49546666666666667
2020-12-09,-0.07566666666666665,-0.07566666666666665,0.48486666666666667
2020-12-10,-0.08399999999999999,-0.08399999999999999,0.4832
2020-12-11,-0.1103333333333333,-0.1103333333333333,0.4779333333333333
2020-12-14,-0.1573333333333333,-0.1573333333333333,0.46853333333333336
2020-12-15,-0.09633333333333335,-0.09633333333333335,0.48073333333333335
2020-12-16,-0.08333333333333333,-0.08333333333333333,0.48333333333333334
2020-12-17,-0.06433333333333333,-0.06433333333333333,0.4871333333333333
2020-12-18,-0.05233333333333334,-0.05233333333333334,0.4895333333333333
2020-12-21,-0.17200000000000001,-0.17200000000000001,0.4656
2020-12-22,-0.14100000000000001,-0.14100000000000001,0.4718
2020-12-23,-0.1103333333333333,-0.1103333333333333,0.4779333333333333
2020-12-24,-0.05100000000000004,-0.05100000000000004,0.4898
2020-12-28,-0.05666666666666664,-0.05666666666666664,0.4886666666666667
2020-12-29,-0.10266666666666661,-0.10266666666666661,0.47946666666666665
2020-12-30,-0.09233333333333332,-0.09233333333333332,0.4815333333333333
2020-12-31,-0.09166666666666666,-0.09166666666666666,0.4816666666666667
2021-01-04,-0.2323333333333333,-0.2323333333333333,0.45353333333333334
2021-01-05,-0.178,-0.178,0.4644
2021-01-06,-0.169,-0.169,0.4662
2021-01-07,-0.07900000000000003,-0.07900000000000003,0.4842
2021-01-08,-0.051999999999999956,-0.051999999999999956,0.48960000000000004
2021-01-11,-0.13599999999999995,-0.13599999999999995,0.4728
2021-01-12,-0.11099999999999995,-0.11099999999999995,0.4778
2021-01-13,-0.0736666666666667,-0.0736666666666667,0.4852666666666667
2021-01-14,-0.10833333333333334,-0.10833333333333334,0.47833333333333333
2021-01-15,-0.14466666666666667,-0.14466666666666667,0.4710666666666667
2021-01-19,-0.10799999999999994,-0.10799999999999994,0.4784
2021-01-20,-0.05266666666666661,-0.05266666666666661,0.48946666666666666
2021-01-21,-0.04400000000000001,-0.04400000000000001,0.49119999999999997
2021-01-22,-0.06366666666666668,-0.06366666666666668,0.4872666666666667
2021-01-25,-0.10633333333333338,-0.10633333333333338,0.47873333333333334
2021-01-26,-0.10066666666666665,-0.10066666666666665,0.47986666666666666
2021-01-27,-0.5736666666666667,-0.5736666666666667,0.38526666666666665
2021-01-28,-0.3403333333333334,-0.3403333333333334,0.43193333333333334
2021-01-29,-0.43633333333333346,-0.43633333333333346,0.4127333333333333
2021-02-01,-0.34133333333333327,-0.34133333333333327,0.43173333333333336
2021-02-02,-0.1853333333333333,-0.1853333333333333,0.46293333333333336
2021-02-03,-0.097,-0.097,0.4806
2021-02-04,-0.05899999999999998,-0.05899999999999998,0.4882
2021-02-05,-0.029000000000000033,-0.029000000000000033,0.4942
2021-02-08,-0.041333333333333284,-0.041333333333333284,0.49173333333333336
2021-02-09,-0.0543333333333333,-0.0543333333333333,0.48913333333333336
2021-02-10,-0.06633333333333329,-0.06633333333333329,0.48673333333333335
2021-02-11,-0.041666666666666664,-0.041666666666666664,0.49166666666666664
2021-02-12,0.001000000000000038,0.001000000000000038,0.5002
2021-02-16,-0.0486666666666667,-0.0486666666666667,0.4902666666666667
2021-02-17,-0.05,-0.05,0.49
2021-02-18,-0.08299999999999995,-0.08299999999999995,0.4834
2021-02-19,-0.06833333333333336,-0.06833333333333336,0.48633333333333334
2021-02-22,-0.11499999999999998,-0.11499999999999998,0.477
2021-02-23,-0.10366666666666664,-0.10366666666666664,0.4792666666666667
2021-02-24,-0.04466666666666666,-0.04466666666666666,0.49106666666666665
2021-02-25,-0.29633333333333334,-0.29633333333333334,0.4407333333333333
2021-02-26,-0.26499999999999996,-0.26499999999999996,0.447
2021-03-01,-0.11166666666666672,-0.11166666666666672,0.4776666666666667
2021-03-02,-0.13666666666666671,-0.13666666666666671,0.4726666666666667
2021-03-03,-0.22233333333333338,-0.22233333333333338,0.45553333333333335
2021-03-04,-0.2856666666666667,-0.2856666666666667,0.44286666666666663
2021-03-05,-0.15533333333333335,-0.15533333333333335,0.4689333333333333
2021-03-08,-0.1823333333333333,-0.1823333333333333,0.46353333333333335
2021-03-09,-0.13433333333333336,-0.13433333333333336,0.47313333333333335
2021-03-10,-0.08533333333333329,-0.08533333333333329,0.4829333333333333
2021-03-11,-0.06366666666666668,-0.06366666666666668,0.4872666666666667
2021-03-12,-0.02300000000000004,-0.02300000000000004,0.4954
2021-03-15,-0.001000000000000038,-0.001000000000000038,0.49979999999999997
2021-03-16,0.007000000000000029,0.007000000000000029,0.5014
2021-03-17,0.025666666666666654,0.025666666666666654,0.5051333333333333
2021-03-18,-0.05266666666666661,-0.05266666666666661,0.48946666666666666
2021-03-19,-0.03166666666666664,-0.03166666666666664,0.4936666666666667
2021-03-22,0.037333333333333364,0.037333333333333364,0.5074666666666666
2021-03-23,-0.010000000000000024,-0.010000000000000024,0.498
2021-03-24,-0.03999999999999997,-0.03999999999999997,0.492
2021-03-25,0.006333333333333376,0.006333333333333376,0.5012666666666666
2021-03-26,0.03800000000000002,0.03800000000000002,0.5076
2021-03-29,-0.024666666666666615,-0.024666666666666615,0.49506666666666665
2021-03-30,0.013000000000000018,0.013000000000000018,0.5026
2021-03-31,0.02000000000000005,0.02000000000000005,0.504
2021-04-01,0.08900000000000005,0.08900000000000005,0.5178
2021-04-05,0.06966666666666667,0.06966666666666667,0.5139333333333334
2021-04-06,0.06266666666666663,0.06266666666666663,0.5125333333333333
2021-04-07,0.09466666666666666,0.09466666666666666,0.5189333333333334
2021-04-08,0.1016666666666667,0.1016666666666667,0.5203333333333333
2021-04-09,0.1103333333333333,0.1103333333333333,0.5220666666666667
2021-04-12,0.103,0.103,0.5206
2021-04-13,0.11166666666666672,0.11166666666666672,0.5223333333333333
2021-04-14,0.10033333333333339,0.10033333333333339,0.5200666666666667
2021-04-15,0.11433333333333333,0.11433333333333333,0.5228666666666667
2021-04-16,0.125,0.125,0.525
2021-04-19,0.09033333333333336,0.09033333333333336,0.5180666666666667
2021-04-20,0.04400000000000001,0.04400000000000001,0.5088
2021-04-21,0.08333333333333333,0.08333333333333333,0.5166666666666667
2021-04-22,0.04299999999999997,0.04299999999999997,0.5085999999999999
2021-04-23,0.08900000000000005,0.08900000000000005,0.5178
2021-04-26,0.07866666666666665,0.07866666666666665,0.5157333333333334
2021-04-27,0.08133333333333338,0.08133333333333338,0.5162666666666667
2021-04-28,0.09066666666666663,0.09066666666666663,0.5181333333333333
2021-04-29,0.07966666666666669,0.07966666666666669,0.5159333333333334
2021-04-30,0.04633333333333335,0.04633333333333335,0.5092666666666666
2021-05-03,0.056333333333333374,0.056333333333333374,0.5112666666666666
2021-05-04,0.01733333333333332,0.01733333333333332,0.5034666666666666
2021-05-05,0.02833333333333338,0.02833333333333338,0.5056666666666667
2021-05-06,0.05366666666666665,0.05366666666666665,0.5107333333333334
2021-05-07,0.1103333333333333,0.1103333333333333,0.5220666666666667
2021-05-10,0.011333333333333329,0.011333333333333329,0.5022666666666666
2021-05-11,-0.06133333333333333,-0.06133333333333333,0.48773333333333335
2021-05-12,-0.253,-0.253,0.4494
2021-05-13,-0.1043333333333333,-0.1043333333333333,0.47913333333333336
2021-05-14,0.03966666666666671,0.03966666666666671,0.5079333333333333
2021-05-17,0.00933333333333337,0.00933333333333337,0.5018666666666667
2021-05-18,-0.04466666666666666,-0.04466666666666666,0.49106666666666665
2021-05-19,-0.07266666666666666,-0.07266666666666666,0.48546666666666666
2021-05-20,-0.02233333333333339,-0.02233333333333339,0.4955333333333333
2021-05-21,-0.004999999999999952,-0.004999999999999952,0.499
2021-05-24,0.05333333333333338,0.05333333333333338,0.5106666666666667
2021-05-25,0.03866666666666667,0.03866666666666667,0.5077333333333334
2021-05-26,0.08800000000000002,0.08800000000000002,0.5176000000000001
2021-05-27,0.10866666666666672,0.10866666666666672,0.5217333333333334
2021-05-28,0.10799999999999994,0.10799999999999994,0.5216
2021-06-01,0.07000000000000005,0.07000000000000005,0.514
2021-06-02,0.08399999999999999,0.08399999999999999,0.5168
2021-06-03,0.06533333333333337,0.06533333333333337,0.5130666666666667
2021-06-04,0.11933333333333328,0.11933333333333328,0.5238666666666667
2021-06-07,0.11933333333333328,0.11933333333333328,0.5238666666666667
2021-06-08,0.09766666666666665,0.09766666666666665,0.5195333333333333
2021-06-09,0.07033333333333332,0.07033333333333332,0.5140666666666667
2021-06-10,0.12999999999999995,0.12999999999999995,0.526
2021-06-11,0.145,0.145,0.529
2021-06-14,0.12033333333333332,0.12033333333333332,0.5240666666666667
2021-06-15,0.09933333333333334,0.09933333333333334,0.5198666666666667
2021-06-16,0.06166666666666672,0.06166666666666672,0.5123333333333333
2021-06-17,0.075,0.075,0.515
2021-06-18,-0.02333333333333331,-0.02333333333333331,0.49533333333333335
2021-06-21,0.07033333333333332,0.07033333333333332,0.5140666666666667
2021-06-22,0.11133333333333333,0.11133333333333333,0.5222666666666667
2021-06-23,0.12266666666666666,0.12266666666666666,0.5245333333333333
2021-06-24,0.1343333333333333,0.1343333333333333,0.5268666666666667
2021-06-25,0.14600000000000002,0.14600000000000002,0.5292
2021-06-28,0.14133333333333334,0.14133333333333334,0.5282666666666667
2021-06-29,0.13266666666666668,0.13266666666666668,0.5265333333333333
2021-06-30,0.13899999999999998,0.13899999999999998,0.5278
2021-07-01,0.15066666666666664,0.15066666666666664,0.5301333333333333
2021-07-02,0.16433333333333333,0.16433333333333333,0.5328666666666667
2021-07-06,0.11866666666666663,0.11866666666666663,0.5237333333333334
2021-07-07,0.12666666666666668,0.12666666666666668,0.5253333333333333
2021-07-08,0.03333333333333333,0.03333333333333333,0.5066666666666667
2021-07-09,0.12733333333333335,0.12733333333333335,0.5254666666666666
2021-07-12,0.12766666666666662,0.12766666666666662,0.5255333333333333
2021-07-13,0.09599999999999996,0.09599999999999996,0.5192
2021-07-14,0.12233333333333339,0.12233333333333339,0.5244666666666666
2021-07-15,0.09966666666666661,0.09966666666666661,0.5199333333333334
2021-07-16,0.05166666666666669,0.05166666666666669,0.5103333333333333
2021-07-19,-0.08333333333333333,-0.08333333333333333,0.48333333333333334
2021-07-20,0.008999999999999985,0.008999999999999985,0.5018
2021-07-21,0.06966666666666667,0.06966666666666667,0.5139333333333334
2021-07-22,0.07699999999999996,0.07699999999999996,0.5154
2021-07-23,0.09333333333333335,0.09333333333333335,0.5186666666666667
2021-07-26,0.08066666666666672,0.08066666666666672,0.5161333333333333
2021-07-27,0.021333333333333353,0.021333333333333353,0.5042666666666666
2021-07-28,0.056333333333333374,0.056333333333333374,0.5112666666666666
2021-07-29,0.07666666666666669,0.07666666666666669,0.5153333333333333
2021-07-30,0.05866666666666672,0.05866666666666672,0.5117333333333334
2021-08-02,0.01799999999999997,0.01799999999999997,0.5036
2021-08-03,0.06533333333333337,0.06533333333333337,0.5130666666666667
2021-08-04,0.06766666666666671,0.06766666666666671,0.5135333333333334
2021-08-05,0.09066666666666663,0.09066666666666663,0.5181333333333333
2021-08-06,0.12833333333333338,0.12833333333333338,0.5256666666666667
2021-08-09,0.10933333333333337,0.10933333333333337,0.5218666666666667
2021-08-10,0.10700000000000003,0.10700000000000003,0.5214
2021-08-11,0.13133333333333339,0.13133333333333339,0.5262666666666667
2021-08-12,0.147,0.147,0.5294
2021-08-13,0.1516666666666667,0.1516666666666667,0.5303333333333333
2021-08-16,0.1293333333333333,0.1293333333333333,0.5258666666666667
2021-08-17,0.06966666666666667,0.06966666666666667,0.5139333333333334
2021-08-18,-0.05233333333333334,-0.05233333333333334,0.4895333333333333
2021-08-19,-0.055666666666666725,-0.055666666666666725,0.48886666666666667
2021-08-20,0.04800000000000004,0.04800000000000004,0.5096
2021-08-23,0.09500000000000004,0.09500000000000004,0.519
2021-08-24,0.0926666666666667,0.0926666666666667,0.5185333333333333
2021-08-25,0.10700000000000003,0.10700000000000003,0.5214
2021-08-26,0.03866666666666667,0.03866666666666667,0.5077333333333334
2021-08-27,0.12033333333333332,0.12033333333333332,0.5240666666666667
2021-08-30,0.12699999999999995,0.12699999999999995,0.5254
2021-08-31,0.11733333333333332,0.11733333333333332,0.5234666666666666
2021-09-01,0.12966666666666668,0.12966666666666668,0.5259333333333334
2021-09-02,0.11966666666666666,0.11966666666666666,0.5239333333333334
2021-09-03,0.11966666666666666,0.11966666666666666,0.5239333333333334
2021-09-07,0.06199999999999998,0.06199999999999998,0.5124
2021-09-08,0.06799999999999998,0.06799999999999998,0.5136
2021-09-09,0.03999999999999997,0.03999999999999997,0.508
2021-09-10,-0.03166666666666664,-0.03166666666666664,0.4936666666666667
2021-09-13,0.020999999999999967,0.020999999999999967,0.5042
2021-09-14,0.01799999999999997,0.01799999999999997,0.5036
2021-09-15,0.060666666666666674,0.060666666666666674,0.5121333333333333
2021-09-16,0.043666666666666624,0.043666666666666624,0.5087333333333334
2021-09-17,-0.026999999999999958,-0.026999999999999958,0.4946
2021-09-20,-0.19033333333333335,-0.19033333333333335,0.4619333333333333
2021-09-21,-0.14533333333333331,-0.14533333333333331,0.4709333333333333
2021-09-22,-0.029000000000000033,-0.029000000000000033,0.4942
2021-09-23,0.0456666666666667,0.0456666666666667,0.5091333333333333
2021-09-24,0.075,0.075,0.515
2021-09-27,0.041333333333333284,0.041333333333333284,0.5082666666666666
2021-09-28,-0.10833333333333334,-0.10833333333333334,0.47833333333333333
2021-09-29,-0.08533333333333329,-0.08533333333333329,0.4829333333333333
2021-09-30,-0.10466666666666669,-0.10466666666666669,0.47906666666666664
2021-10-01,-0.03833333333333329,-0.03833333333333329,0.49233333333333335
2021-10-04,-0.0986666666666667,-0.0986666666666667,0.4802666666666667
2021-10-05,-0.043333333333333356,-0.043333333333333356,0.49133333333333334
2021-10-06,-0.03333333333333333,-0.03333333333333333,0.49333333333333335
2021-10-07,0.015333333333333362,0.015333333333333362,0.5030666666666667
2021-10-08,0.041000000000000016,0.041000000000000016,0.5082
2021-10-11,-0.0,-0.0,0.5
2021-10-12,0.004999999999999952,0.004999999999999952,0.501
2021-10-13,0.045333333333333316,0.045333333333333316,0.5090666666666667
2021-10-14,0.10466666666666669,0.10466666666666669,0.5209333333333334
2021-10-15,0.12333333333333331,0.12333333333333331,0.5246666666666666
2021-10-18,0.12300000000000004,0.12300000000000004,0.5246
2021-10-19,0.14333333333333337,0.14333333333333337,0.5286666666666666
2021-10-20,0.15033333333333332,0.15033333333333332,0.5300666666666667
2021-10-21,0.16633333333333333,0.16633333333333333,0.5332666666666667
2021-10-22,0.15233333333333335,0.15233333333333335,0.5304666666666666
2021-10-25,0.15866666666666665,0.15866666666666665,0.5317333333333333
2021-10-26,0.13399999999999998,0.13399999999999998,0.5268
2021-10-27,0.10066666666666665,0.10066666666666665,0.5201333333333333
2021-10-28,0.11566666666666663,0.11566666666666663,0.5231333333333333
2021-10-29,0.12466666666666662,0.12466666666666662,0.5249333333333334
2021-11-01,0.11966666666666666,0.11966666666666666,0.5239333333333334
2021-11-02,0.1323333333333333,0.1323333333333333,0.5264666666666666
2021-11-03,0.16333333333333336,0.16333333333333336,0.5326666666666666
2021-11-04,0.15200000000000002,0.15200000000000002,0.5304
2021-11-05,0.11733333333333332,0.11733333333333332,0.5234666666666666
2021-11-08,0.0926666666666667,0.0926666666666667,0.5185333333333333
2021-11-09,0.07399999999999997,0.07399999999999997,0.5148
2021-11-10,0.04233333333333332,0.04233333333333332,0.5084666666666666
2021-11-11,0.078,0.078,0.5156
2021-11-12,0.12366666666666669,0.12366666666666669,0.5247333333333334
2021-11-15,0.11700000000000005,0.11700000000000005,0.5234
2021-11-16,0.12099999999999997,0.12099999999999997,0.5242
2021-11-17,0.09633333333333335,0.09633333333333335,0.5192666666666667
2021-11-18,0.08033333333333334,0.08033333333333334,0.5160666666666667
2021-11-19,0.06966666666666667,0.06966666666666667,0.5139333333333334
2021-11-22,0.02766666666666661,0.02766666666666661,0.5055333333333333
2021-11-23,0.0206666666666667,0.0206666666666667,0.5041333333333333
2021-11-24,0.04733333333333339,0.04733333333333339,0.5094666666666667
2021-11-26,-0.2873333333333334,-0.2873333333333334,0.44253333333333333
2021-11-29,-0.0986666666666667,-0.0986666666666667,0.4802666666666667
2021-11-30,-0.23966666666666672,-0.23966666666666672,0.45206666666666667
2021-12-01,-0.3706666666666667,-0.3706666666666667,0.42586666666666667
2021-12-02,-0.26499999999999996,-0.26499999999999996,0.447
2021-12-03,-0.35566666666666674,-0.35566666666666674,0.4288666666666666
2021-12-06,-0.23933333333333331,-0.23933333333333331,0.45213333333333333
2021-12-07,-0.06300000000000001,-0.06300000000000001,0.4874
2021-12-08,0.003333333333333381,0.003333333333333381,0.5006666666666667
2021-12-09,-0.05266666666666661,-0.05266666666666661,0.48946666666666666
2021-12-10,0.043666666666666624,0.043666666666666624,0.5087333333333334
2021-12-13,-0.01033333333333329,-0.01033333333333329,0.49793333333333334
2021-12-14,-0.06300000000000001,-0.06300000000000001,0.4874
2021-12-15,0.023666666666666693,0.023666666666666693,0.5047333333333334
2021-12-16,-0.01900000000000001,-0.01900000000000001,0.4962
2021-12-17,-0.05233333333333334,-0.05233333333333334,0.4895333333333333
2021-12-20,-0.0956666666666667,-0.0956666666666667,0.48086666666666666
2021-12-21,-0.03366666666666672,-0.03366666666666672,0.49326666666666663
2021-12-22,0.0456666666666667,0.0456666666666667,0.5091333333333333
2021-12-23,0.06799999999999998,0.06799999999999998,0.5136
2021-12-27,0.07733333333333334,0.07733333333333334,0.5154666666666666
2021-12-28,0.08200000000000003,0.08200000000000003,0.5164
2021-12-29,0.1016666666666667,0.1016666666666667,0.5203333333333333
2021-12-30,0.08900000000000005,0.08900000000000005,0.5178
2021-12-31,0.0926666666666667,0.0926666666666667,0.5185333333333333
2022-01-03,0.11333333333333329,0.11333333333333329,0.5226666666666666
2022-01-04,0.103,0.103,0.5206
2022-01-05,0.008999999999999985,0.008999999999999985,0.5018
2022-01-06,0.013000000000000018,0.013000000000000018,0.5026
2022-01-07,0.041333333333333284,0.041333333333333284,0.5082666666666666
2022-01-10,0.02000000000000005,0.02000000000000005,0.504
2022-01-11,0.053,0.053,0.5106
2022-01-12,0.0793333333333333,0.0793333333333333,0.5158666666666667
2022-01-13,-0.01033333333333329,-0.01033333333333329,0.49793333333333334
2022-01-14,0.026999999999999958,0.026999999999999958,0.5054
2022-01-18,-0.09299999999999997,-0.09299999999999997,0.4814
2022-01-19,-0.12833333333333338,-0.12833333333333338,0.47433333333333333
2022-01-20,-0.18633333333333332,-0.18633333333333332,0.46273333333333333
2022-01-21,-0.29500000000000004,-0.29500000000000004,0.441
2022-01-24,-0.32999999999999996,-0.32999999999999996,0.434
2022-01-25,-0.372,-0.372,0.4256
2022-01-26,-0.39866666666666667,-0.39866666666666667,0.4202666666666667
2022-01-27,-0.3496666666666666,-0.3496666666666666,0.43006666666666665
2022-01-28,-0.25533333333333336,-0.25533333333333336,0.4489333333333333
2022-01-31,-0.16099999999999995,-0.16099999999999995,0.4678
2022-02-01,-0.06533333333333337,-0.06533333333333337,0.48693333333333333
2022-02-02,-0.06966666666666667,-0.06966666666666667,0.48606666666666665
2022-02-03,-0.14500000000000005,-0.14500000000000005,0.471
2022-02-04,-0.1073333333333333,-0.1073333333333333,0.47853333333333337
2022-02-07,-0.09533333333333331,-0.09533333333333331,0.4809333333333333
2022-02-08,-0.04800000000000004,-0.04800000000000004,0.4904
2022-02-09,0.0013333333333333049,0.0013333333333333049,0.5002666666666666
2022-02-10,-0.13033333333333333,-0.13033333333333333,0.4739333333333333
2022-02-11,-0.24533333333333332,-0.24533333333333332,0.45093333333333335
2022-02-14,-0.2776666666666666,-0.2776666666666666,0.4444666666666667
2022-02-15,-0.18999999999999997,-0.18999999999999997,0.462
2022-02-16,-0.14299999999999996,-0.14299999999999996,0.4714
2022-02-17,-0.2703333333333333,-0.2703333333333333,0.44593333333333335
2022-02-18,-0.25833333333333336,-0.25833333333333336,0.4483333333333333
2022-02-22,-0.29366666666666663,-0.29366666666666663,0.4412666666666667
2022-02-23,-0.36733333333333335,-0.36733333333333335,0.4265333333333333
2022-02-24,-0.34400000000000003,-0.34400000000000003,0.43119999999999997
2022-02-25,-0.253,-0.253,0.4494
2022-02-28,-0.33833333333333326,-0.33833333333333326,0.43233333333333335
2022-03-01,-0.444,-0.444,0.4112
2022-03-02,-0.35799999999999993,-0.35799999999999993,0.4284
2022-03-03,-0.34933333333333333,-0.34933333333333333,0.4301333333333333
2022-03-04,-0.3993333333333334,-0.3993333333333334,0.4201333333333333
2022-03-07,-0.5483333333333335,-0.5483333333333335,0.3903333333333333
2022-03-08,-0.5043333333333334,-0.5043333333333334,0.39913333333333334
2022-03-09,-0.4150000000000001,-0.4150000000000001,0.417
2022-03-10,-0.341,-0.341,0.43179999999999996
2022-03-11,-0.35833333333333334,-0.35833333333333334,0.42833333333333334
2022-03-14,-0.3923333333333333,-0.3923333333333333,0.4215333333333333
2022-03-15,-0.3276666666666666,-0.3276666666666666,0.43446666666666667
2022-03-16,-0.22233333333333338,-0.22233333333333338,0.45553333333333335
2022-03-17,-0.18900000000000006,-0.18900000000000006,0.4622
2022-03-18,-0.12900000000000003,-0.12900000000000003,0.4742
2022-03-21,-0.11766666666666671,-0.11766666666666671,0.47646666666666665
2022-03-22,-0.09800000000000005,-0.09800000000000005,0.4804
2022-03-23,-0.11900000000000001,-0.11900000000000001,0.4762
2022-03-24,-0.055666666666666725,-0.055666666666666725,0.48886666666666667
2022-03-25,-0.026999999999999958,-0.026999999999999958,0.4946
2022-03-28,0.012333333333333366,0.012333333333333366,0.5024666666666667
2022-03-29,0.036666666666666715,0.036666666666666715,0.5073333333333333
2022-03-30,0.02233333333333339,0.02233333333333339,0.5044666666666667
2022-03-31,-0.018666666666666623,-0.018666666666666623,0.4962666666666667
2022-04-01,0.012333333333333366,0.012333333333333366,0.5024666666666667
2022-04-04,0.047666666666666656,0.047666666666666656,0.5095333333333333
2022-04-05,-0.03433333333333337,-0.03433333333333337,0.4931333333333333
2022-04-06,-0.07000000000000005,-0.07000000000000005,0.486
2022-04-07,-0.05166666666666669,-0.05166666666666669,0.48966666666666664
2022-04-08,-0.03866666666666667,-0.03866666666666667,0.4922666666666667
2022-04-11,-0.1456666666666667,-0.1456666666666667,0.47086666666666666
2022-04-12,-0.14200000000000004,-0.14200000000000004,0.4716
2022-04-13,-0.060666666666666674,-0.060666666666666674,0.48786666666666667
2022-04-14,-0.08999999999999998,-0.08999999999999998,0.482
2022-04-18,-0.07233333333333339,-0.07233333333333339,0.4855333333333333
2022-04-19,-0.0456666666666667,-0.0456666666666667,0.4908666666666667
2022-04-20,-0.010666666666666677,-0.010666666666666677,0.4978666666666667
2022-04-21,-0.08933333333333332,-0.08933333333333332,0.48213333333333336
2022-04-22,-0.27366666666666667,-0.27366666666666667,0.44526666666666664
2022-04-25,-0.23399999999999999,-0.23399999999999999,0.4532
2022-04-26,-0.45066666666666677,-0.45066666666666677,0.40986666666666666
2022-04-27,-0.3866666666666667,-0.3866666666666667,0.42266666666666663
2022-04-28,-0.33299999999999996,-0.33299999999999996,0.4334
2022-04-29,-0.4466666666666666,-0.4466666666666666,0.4106666666666667
2022-05-02,-0.41133333333333344,-0.41133333333333344,0.4177333333333333
2022-05-03,-0.30833333333333335,-0.30833333333333335,0.43833333333333335
2022-05-04,-0.18066666666666673,-0.18066666666666673,0.46386666666666665
2022-05-05,-0.3733333333333333,-0.3733333333333333,0.42533333333333334
2022-05-06,-0.33966666666666673,-0.33966666666666673,0.43206666666666665
2022-05-09,-0.49166666666666664,-0.49166666666666664,0.40166666666666667
2022-05-10,-0.43300000000000005,-0.43300000000000005,0.4134
2022-05-11,-0.41866666666666674,-0.41866666666666674,0.4162666666666667
2022-05-12,-0.3923333333333333,-0.3923333333333333,0.4215333333333333
2022-05-13,-0.2956666666666667,-0.2956666666666667,0.44086666666666663
2022-05-16,-0.24899999999999997,-0.24899999999999997,0.4502
2022-05-17,-0.2033333333333334,-0.2033333333333334,0.4593333333333333
2022-05-18,-0.36533333333333334,-0.36533333333333334,0.42693333333333333
2022-05-19,-0.3116666666666667,-0.3116666666666667,0.43766666666666665
2022-05-20,-0.3143333333333333,-0.3143333333333333,0.4371333333333333
2022-05-23,-0.2826666666666667,-0.2826666666666667,0.4434666666666667
2022-05-24,-0.315,-0.315,0.437
2022-05-25,-0.279,-0.279,0.4442
2022-05-26,-0.25,-0.25,0.45
2022-05-27,-0.19066666666666662,-0.19066666666666662,0.46186666666666665
2022-05-31,-0.20633333333333337,-0.20633333333333337,0.4587333333333333
2022-06-01,-0.1896666666666667,-0.1896666666666667,0.4620666666666666
2022-06-02,-0.1573333333333333,-0.1573333333333333,0.46853333333333336
2022-06-03,-0.15966666666666665,-0.15966666666666665,0.4680666666666667
2022-06-06,-0.169,-0.169,0.4662
2022-06-07,-0.13399999999999998,-0.13399999999999998,0.4732
2022-06-08,-0.13200000000000003,-0.13200000000000003,0.4736
2022-06-09,-0.20299999999999999,-0.20299999999999999,0.45940000000000003
2022-06-10,-0.25833333333333336,-0.25833333333333336,0.4483333333333333
2022-06-13,-0.46733333333333343,-0.46733333333333343,0.4065333333333333
2022-06-14,-0.42299999999999993,-0.42299999999999993,0.4154
2022-06-15,-0.3206666666666667,-0.3206666666666667,0.4358666666666666
2022-06-16,-0.43166666666666675,-0.43166666666666675,0.4136666666666666
2022-06-17,-0.37099999999999994,-0.37099999999999994,0.4258
2022-06-21,-0.33966666666666673,-0.33966666666666673,0.43206666666666665
2022-06-22,-0.2983333333333333,-0.2983333333333333,0.44033333333333335
2022-06-23,-0.3016666666666667,-0.3016666666666667,0.43966666666666665
2022-06-24,-0.24100000000000002,-0.24100000000000002,0.4518
2022-06-27,-0.23166666666666663,-0.23166666666666663,0.45366666666666666
2022-06-28,-0.2786666666666667,-0.2786666666666667,0.44426666666666664
2022-06-29,-0.272,-0.272,0.4456
2022-06-30,-0.2903333333333334,-0.2903333333333334,0.4419333333333333
2022-07-01,-0.2233333333333333,-0.2233333333333333,0.45533333333333337
2022-07-05,-0.2513333333333333,-0.2513333333333333,0.4497333333333333
2022-07-06,-0.22433333333333336,-0.22433333333333336,0.45513333333333333
2022-07-07,-0.2026666666666666,-0.2026666666666666,0.4594666666666667
2022-07-08,-0.15466666666666667,-0.15466666666666667,0.4690666666666667
2022-07-11,-0.20566666666666672,-0.20566666666666672,0.45886666666666664
2022-07-12,-0.24299999999999997,-0.24299999999999997,0.4514
2022-07-13,-0.22733333333333333,-0.22733333333333333,0.45453333333333334
2022-07-14,-0.2133333333333333,-0.2133333333333333,0.45733333333333337
2022-07-15,-0.14100000000000001,-0.14100000000000001,0.4718
2022-07-18,-0.1766666666666667,-0.1766666666666667,0.4646666666666667
2022-07-19,-0.15,-0.15,0.47
2022-07-20,-0.1293333333333333,-0.1293333333333333,0.47413333333333335
2022-07-21,-0.10366666666666664,-0.10366666666666664,0.4792666666666667
2022-07-22,-0.10100000000000003,-0.10100000000000003,0.4798
2022-07-25,-0.11199999999999997,-0.11199999999999997,0.4776
2022-07-26,-0.15633333333333338,-0.15633333333333338,0.46873333333333334
2022-07-27,-0.10799999999999994,-0.10799999999999994,0.4784
2022-07-28,-0.0776666666666666,-0.0776666666666666,0.48446666666666666
2022-07-29,-0.04433333333333327,-0.04433333333333327,0.49113333333333337
2022-08-01,-0.09466666666666666,-0.09466666666666666,0.48106666666666664
2022-08-02,-0.13099999999999998,-0.13099999999999998,0.4738
2022-08-03,-0.06499999999999997,-0.06499999999999997,0.487
2022-08-04,-0.04800000000000004,-0.04800000000000004,0.4904
2022-08-05,-0.03833333333333329,-0.03833333333333329,0.49233333333333335
2022-08-08,-0.04299999999999997,-0.04299999999999997,0.4914
2022-08-09,-0.05899999999999998,-0.05899999999999998,0.4882
2022-08-10,0.008666666666666718,0.008666666666666718,0.5017333333333334
2022-08-11,-0.006666666666666643,-0.006666666666666643,0.49866666666666665
2022-08-12,0.015666666666666627,0.015666666666666627,0.5031333333333333
2022-08-15,0.0016666666666666904,0.0016666666666666904,0.5003333333333333
2022-08-16,0.01033333333333329,0.01033333333333329,0.5020666666666667
2022-08-17,0.003333333333333381,0.003333333333333381,0.5006666666666667
2022-08-18,0.01466666666666671,0.01466666666666671,0.5029333333333333
2022-08-19,-0.02000000000000005,-0.02000000000000005,0.496
2022-08-22,-0.12666666666666668,-0.12666666666666668,0.4746666666666667
2022-08-23,-0.13699999999999998,-0.13699999999999998,0.4726
2022-08-24,-0.09400000000000001,-0.09400000000000001,0.4812
2022-08-25,-0.05933333333333337,-0.05933333333333337,0.4881333333333333
2022-08-26,-0.1853333333333333,-0.1853333333333333,0.46293333333333336
2022-08-29,-0.20700000000000002,-0.20700000000000002,0.4586
2022-08-30,-0.20700000000000002,-0.20700000000000002,0.4586
2022-08-31,-0.1956666666666667,-0.1956666666666667,0.46086666666666665
2022-09-01,-0.1853333333333333,-0.1853333333333333,0.46293333333333336
2022-09-02,-0.1823333333333333,-0.1823333333333333,0.46353333333333335
2022-09-06,-0.23033333333333333,-0.23033333333333333,0.4539333333333333
2022-09-07,-0.15466666666666667,-0.15466666666666667,0.4690666666666667
2022-09-08,-0.12033333333333332,-0.12033333333333332,0.4759333333333333
2022-09-09,-0.09299999999999997,-0.09299999999999997,0.4814
2022-09-12,-0.12900000000000003,-0.12900000000000003,0.4742
2022-09-13,-0.24233333333333332,-0.24233333333333332,0.45153333333333334
2022-09-14,-0.20533333333333334,-0.20533333333333334,0.4589333333333333
2022-09-15,-0.209,-0.209,0.4582
2022-09-16,-0.21000000000000002,-0.21000000000000002,0.45799999999999996
2022-09-19,-0.19200000000000006,-0.19200000000000006,0.4616
2022-09-20,-0.23866666666666667,-0.23866666666666667,0.45226666666666665
2022-09-21,-0.26633333333333326,-0.26633333333333326,0.4467333333333333
2022-09-22,-0.24500000000000005,-0.24500000000000005,0.45099999999999996
2022-09-23,-0.3306666666666667,-0.3306666666666667,0.4338666666666666
2022-09-26,-0.4086666666666666,-0.4086666666666666,0.4182666666666667
2022-09-27,-0.42000000000000004,-0.42000000000000004,0.416
2022-09-28,-0.3393333333333333,-0.3393333333333333,0.4321333333333333
2022-09-29,-0.39466666666666667,-0.39466666666666667,0.42106666666666664
2022-09-30,-0.38733333333333336,-0.38733333333333336,0.4225333333333333
2022-10-03,-0.3366666666666667,-0.3366666666666667,0.43266666666666664
2022-10-04,-0.30233333333333334,-0.30233333333333334,0.43953333333333333
2022-10-05,-0.28500000000000003,-0.28500000000000003,0.443
2022-10-06,-0.3506666666666666,-0.3506666666666666,0.4298666666666667
2022-10-07,-0.37866666666666665,-0.37866666666666665,0.4242666666666667
2022-10-10,-0.4150000000000001,-0.4150000000000001,0.417
2022-10-11,-0.4543333333333334,-0.4543333333333334,0.4091333333333333
2022-10-12,-0.45233333333333337,-0.45233333333333337,0.4095333333333333
2022-10-13,-0.398,-0.398,0.4204
2022-10-14,-0.4006666666666668,-0.4006666666666668,0.4198666666666666
2022-10-17,-0.37900000000000006,-0.37900000000000006,0.42419999999999997
2022-10-18,-0.35,-0.35,0.43
2022-10-19,-0.35866666666666674,-0.35866666666666674,0.42826666666666663
2022-10-20,-0.33266666666666667,-0.33266666666666667,0.43346666666666667
2022-10-21,-0.32300000000000006,-0.32300000000000006,0.4354
2022-10-24,-0.32833333333333337,-0.32833333333333337,0.43433333333333335
2022-10-25,-0.28200000000000003,-0.28200000000000003,0.4436
2022-10-26,-0.2426666666666667,-0.2426666666666667,0.4514666666666667
2022-10-27,-0.24633333333333335,-0.24633333333333335,0.4507333333333333
2022-10-28,-0.19166666666666668,-0.19166666666666668,0.46166666666666667
2022-10-31,-0.19599999999999998,-0.19599999999999998,0.4608
2022-11-01,-0.19366666666666663,-0.19366666666666663,0.46126666666666666
2022-11-02,-0.1953333333333333,-0.1953333333333333,0.4609333333333333
2022-11-03,-0.1766666666666667,-0.1766666666666667,0.4646666666666667
2022-11-04,-0.1516666666666667,-0.1516666666666667,0.4696666666666667
2022-11-07,-0.14500000000000005,-0.14500000000000005,0.471
2022-11-08,-0.18466666666666665,-0.18466666666666665,0.4630666666666667
2022-11-09,-0.20299999999999999,-0.20299999999999999,0.45940000000000003
2022-11-10,-0.11766666666666671,-0.11766666666666671,0.47646666666666665
2022-11-11,-0.08399999999999999,-0.08399999999999999,0.4832
2022-11-14,-0.12433333333333335,-0.12433333333333335,0.47513333333333335
2022-11-15,-0.1513333333333333,-0.1513333333333333,0.46973333333333334
2022-11-16,-0.13699999999999998,-0.13699999999999998,0.4726
2022-11-17,-0.13099999999999998,-0.13099999999999998,0.4738
2022-11-18,-0.10400000000000004,-0.10400000000000004,0.4792
2022-11-21,-0.07866666666666665,-0.07866666666666665,0.4842666666666667
2022-11-22,-0.04299999999999997,-0.04299999999999997,0.4914
2022-11-23,-0.011666666666666714,-0.011666666666666714,0.49766666666666665
2022-11-25,-0.016666666666666666,-0.016666666666666666,0.49666666666666665
2022-11-28,-0.0736666666666667,-0.0736666666666667,0.4852666666666667
2022-11-29,-0.06300000000000001,-0.06300000000000001,0.4874
2022-11-30,-0.019333333333333275,-0.019333333333333275,0.49613333333333337
2022-12-01,0.005333333333333338,0.005333333333333338,0.5010666666666667
2022-12-02,0.03133333333333337,0.03133333333333337,0.5062666666666666
2022-12-05,-0.025,-0.025,0.495
2022-12-06,-0.07233333333333339,-0.07233333333333339,0.4855333333333333
2022-12-07,-0.08933333333333332,-0.08933333333333332,0.48213333333333336
2022-12-08,-0.07633333333333331,-0.07633333333333331,0.48473333333333335
2022-12-09,-0.09433333333333328,-0.09433333333333328,0.48113333333333336
2022-12-12,-0.16666666666666666,-0.16666666666666666,0.4666666666666667
2022-12-13,-0.08500000000000002,-0.08500000000000002,0.483
2022-12-14,-0.03800000000000002,-0.03800000000000002,0.4924
2022-12-15,-0.09433333333333328,-0.09433333333333328,0.48113333333333336
2022-12-16,-0.08733333333333336,-0.08733333333333336,0.4825333333333333
2022-12-19,-0.08066666666666672,-0.08066666666666672,0.48386666666666667
2022-12-20,-0.04933333333333335,-0.04933333333333335,0.4901333333333333
2022-12-21,-0.0023333333333333426,-0.0023333333333333426,0.49953333333333333
2022-12-22,-0.06566666666666662,-0.06566666666666662,0.48686666666666667
2022-12-23,-0.029000000000000033,-0.029000000000000033,0.4942
2022-12-27,-0.05499999999999995,-0.05499999999999995,0.489
2022-12-28,-0.07133333333333335,-0.07133333333333335,0.48573333333333335
2022-12-29,-0.04800000000000004,-0.04800000000000004,0.4904
2022-12-30,-0.055666666666666725,-0.055666666666666725,0.48886666666666667
2023-01-03,-0.09666666666666662,-0.09666666666666662,0.4806666666666667
2023-01-04,-0.06700000000000005,-0.06700000000000005,0.4866
2023-01-05,-0.08200000000000003,-0.08200000000000003,0.4836
2023-01-06,-0.03766666666666663,-0.03766666666666663,0.49246666666666666
2023-01-09,-0.06566666666666662,-0.06566666666666662,0.48686666666666667
2023-01-10,-0.019333333333333275,-0.019333333333333275,0.49613333333333337
2023-01-11,-0.03633333333333333,-0.03633333333333333,0.49273333333333336
2023-01-12,0.039000000000000055,0.039000000000000055,0.5078
2023-01-13,0.05499999999999995,0.05499999999999995,0.511
2023-01-17,0.021333333333333353,0.021333333333333353,0.5042666666666666
2023-01-18,-0.011333333333333329,-0.011333333333333329,0.49773333333333336
2023-01-19,-0.01733333333333332,-0.01733333333333332,0.4965333333333333
2023-01-20,0.004999999999999952,0.004999999999999952,0.501
2023-01-23,0.006333333333333376,0.006333333333333376,0.5012666666666666
2023-01-24,0.02666666666666669,0.02666666666666669,0.5053333333333333
2023-01-25,0.030666666666666724,0.030666666666666724,0.5061333333333333
2023-01-26,0.04233333333333332,0.04233333333333332,0.5084666666666666
2023-01-27,0.049666666666666616,0.049666666666666616,0.5099333333333333
2023-01-30,0.0019999999999999575,0.0019999999999999575,0.5004
2023-01-31,0.02000000000000005,0.02000000000000005,0.504
2023-02-01,0.07099999999999997,0.07099999999999997,0.5142
2023-02-02,0.04233333333333332,0.04233333333333332,0.5084666666666666
2023-02-03,0.055666666666666725,0.055666666666666725,0.5111333333333333
2023-02-06,0.01900000000000001,0.01900000000000001,0.5038
2023-02-07,0.04466666666666666,0.04466666666666666,0.5089333333333333
2023-02-08,0.012333333333333366,0.012333333333333366,0.5024666666666667
2023-02-09,-0.023666666666666693,-0.023666666666666693,0.49526666666666663
2023-02-10,-0.017666666666666705,-0.017666666666666705,0.49646666666666667
2023-02-13,-0.011333333333333329,-0.011333333333333329,0.49773333333333336
2023-02-14,0.03633333333333333,0.03633333333333333,0.5072666666666666
2023-02-15,0.05899999999999998,0.05899999999999998,0.5118
2023-02-16,-0.0056666666666667235,-0.0056666666666667235,0.4988666666666667
2023-02-17,-0.0006666666666666524,-0.0006666666666666524,0.4998666666666667
2023-02-21,-0.0956666666666667,-0.0956666666666667,0.48086666666666666
2023-02-22,-0.07633333333333331,-0.07633333333333331,0.48473333333333335
2023-02-23,-0.03800000000000002,-0.03800000000000002,0.4924
2023-02-24,-0.055666666666666725,-0.055666666666666725,0.48886666666666667
2023-02-27,-0.03166666666666664,-0.03166666666666664,0.4936666666666667
2023-02-28,-0.02333333333333331,-0.02333333333333331,0.49533333333333335
2023-03-01,-0.019333333333333275,-0.019333333333333275,0.49613333333333337
2023-03-02,0.01366666666666667,0.01366666666666667,0.5027333333333334
2023-03-03,0.05033333333333338,0.05033333333333338,0.5100666666666667
2023-03-06,0.04633333333333335,0.04633333333333335,0.5092666666666666
2023-03-07,0.01366666666666667,0.01366666666666667,0.5027333333333334
2023-03-08,0.029666666666666685,0.029666666666666685,0.5059333333333333
2023-03-09,-0.08699999999999998,-0.08699999999999998,0.48260000000000003
2023-03-10,-0.16000000000000003,-0.16000000000000003,0.46799999999999997
2023-03-13,-0.21733333333333332,-0.21733333333333332,0.45653333333333335
2023-03-14,-0.12433333333333335,-0.12433333333333335,0.47513333333333335
2023-03-15,-0.2046666666666667,-0.2046666666666667,0.4590666666666667
2023-03-16,-0.09966666666666661,-0.09966666666666661,0.4800666666666667
2023-03-17,-0.18366666666666673,-0.18366666666666673,0.46326666666666666
2023-03-20,-0.13833333333333328,-0.13833333333333328,0.4723333333333333
2023-03-21,-0.045999999999999965,-0.045999999999999965,0.4908
2023-03-22,-0.07533333333333339,-0.07533333333333339,0.4849333333333333
2023-03-23,-0.08699999999999998,-0.08699999999999998,0.48260000000000003
2023-03-24,-0.05799999999999995,-0.05799999999999995,0.4884
2023-03-27,-0.02000000000000005,-0.02000000000000005,0.496
2023-03-28,0.001000000000000038,0.001000000000000038,0.5002
2023-03-29,0.0293333333333333,0.0293333333333333,0.5058666666666667
2023-03-30,0.032666666666666684,0.032666666666666684,0.5065333333333334
2023-03-31,0.043333333333333356,0.043333333333333356,0.5086666666666667
2023-04-03,0.04833333333333331,0.04833333333333331,0.5096666666666667
2023-04-04,0.03333333333333333,0.03333333333333333,0.5066666666666667
2023-04-05,0.030666666666666724,0.030666666666666724,0.5061333333333333
2023-04-06,0.05333333333333338,0.05333333333333338,0.5106666666666667
2023-04-10,0.03433333333333337,0.03433333333333337,0.5068666666666667
2023-04-11,0.029999999999999954,0.029999999999999954,0.506
2023-04-12,0.030333333333333337,0.030333333333333337,0.5060666666666667
2023-04-13,0.0733333333333333,0.0733333333333333,0.5146666666666666
2023-04-14,0.09766666666666665,0.09766666666666665,0.5195333333333333
2023-04-17,0.1016666666666667,0.1016666666666667,0.5203333333333333
2023-04-18,0.10566666666666673,0.10566666666666673,0.5211333333333333
2023-04-19,0.11799999999999997,0.11799999999999997,0.5236
2023-04-20,0.09433333333333328,0.09433333333333328,0.5188666666666667
2023-04-21,0.10766666666666667,0.10766666666666667,0.5215333333333333
2023-04-24,0.10366666666666664,0.10366666666666664,0.5207333333333334
2023-04-25,0.041333333333333284,0.041333333333333284,0.5082666666666666
2023-04-26,0.03866666666666667,0.03866666666666667,0.5077333333333334
2023-04-27,0.09899999999999996,0.09899999999999996,0.5198
2023-04-28,0.1406666666666667,0.1406666666666667,0.5281333333333333
2023-05-01,0.13066666666666674,0.13066666666666674,0.5261333333333333
2023-05-02,0.07399999999999997,0.07399999999999997,0.5148
2023-05-03,0.05533333333333334,0.05533333333333334,0.5110666666666667
2023-05-04,-0.0029999999999999953,-0.0029999999999999953,0.4994
2023-05-05,0.09366666666666662,0.09366666666666662,0.5187333333333333
2023-05-08,0.10066666666666665,0.10066666666666665,0.5201333333333333
2023-05-09,0.07633333333333331,0.07633333333333331,0.5152666666666667
2023-05-10,0.10199999999999995,0.10199999999999995,0.5204
2023-05-11,0.10233333333333335,0.10233333333333335,0.5204666666666666
2023-05-12,0.09899999999999996,0.09899999999999996,0.5198
2023-05-15,0.09599999999999996,0.09599999999999996,0.5192
2023-05-16,0.06700000000000005,0.06700000000000005,0.5134
2023-05-17,0.1043333333333333,0.1043333333333333,0.5208666666666667
2023-05-18,0.13166666666666665,0.13166666666666665,0.5263333333333333
2023-05-19,0.10633333333333338,0.10633333333333338,0.5212666666666667
2023-05-22,0.09299999999999997,0.09299999999999997,0.5186
2023-05-23,0.04899999999999996,0.04899999999999996,0.5098
2023-05-24,-0.001000000000000038,-0.001000000000000038,0.49979999999999997
2023-05-25,0.02866666666666665,0.02866666666666665,0.5057333333333334
2023-05-26,0.06833333333333336,0.06833333333333336,0.5136666666666667
2023-05-30,0.08466666666666664,0.08466666666666664,0.5169333333333334
2023-05-31,0.06866666666666663,0.06866666666666663,0.5137333333333334
2023-06-01,0.145,0.145,0.529
2023-06-02,0.18000000000000002,0.18000000000000002,0.536
2023-06-05,0.17566666666666667,0.17566666666666667,0.5351333333333333
2023-06-06,0.2013333333333333,0.2013333333333333,0.5402666666666667
2023-06-07,0.202,0.202,0.5404
2023-06-08,0.21166666666666664,0.21166666666666664,0.5423333333333333
2023-06-09,0.20566666666666666,0.20566666666666666,0.5411333333333334
2023-06-12,0.16633333333333333,0.16633333333333333,0.5332666666666667
2023-06-13,0.1796666666666667,0.1796666666666667,0.5359333333333334
2023-06-14,0.204,0.204,0.5408
2023-06-15,0.18333333333333332,0.18333333333333332,0.5366666666666666
2023-06-16,0.21533333333333335,0.21533333333333335,0.5430666666666667
2023-06-20,0.204,0.204,0.5408
2023-06-21,0.22666666666666668,0.22666666666666668,0.5453333333333333
2023-06-22,0.23633333333333334,0.23633333333333334,0.5472666666666667
2023-06-23,0.21866666666666668,0.21866666666666668,0.5437333333333333
2023-06-26,0.19166666666666668,0.19166666666666668,0.5383333333333333
2023-06-27,0.20866666666666667,0.20866666666666667,0.5417333333333333
2023-06-28,0.219,0.219,0.5438000000000001
2023-06-29,0.21533333333333335,0.21533333333333335,0.5430666666666667
2023-06-30,0.21366666666666667,0.21366666666666667,0.5427333333333333
2023-07-03,0.21433333333333332,0.21433333333333332,0.5428666666666666
2023-07-05,0.194,0.194,0.5388
2023-07-06,0.15200000000000002,0.15200000000000002,0.5304
2023-07-07,0.17233333333333334,0.17233333333333334,0.5344666666666666
2023-07-10,0.16433333333333333,0.16433333333333333,0.5328666666666667
2023-07-11,0.17200000000000001,0.17200000000000001,0.5344
2023-07-12,0.21533333333333335,0.21533333333333335,0.5430666666666667
2023-07-13,0.21300000000000002,0.21300000000000002,0.5426
2023-07-14,0.222,0.222,0.5444
2023-07-17,0.21733333333333332,0.21733333333333332,0.5434666666666667
2023-07-18,0.2233333333333333,0.2233333333333333,0.5446666666666666
2023-07-19,0.20800000000000002,0.20800000000000002,0.5416
2023-07-20,0.20033333333333334,0.20033333333333334,0.5400666666666667
2023-07-21,0.21333333333333335,0.21333333333333335,0.5426666666666666
2023-07-24,0.20299999999999999,0.20299999999999999,0.5406
2023-07-25,0.2046666666666667,0.2046666666666667,0.5409333333333334
2023-07-26,0.227,0.227,0.5454
2023-07-27,0.18633333333333332,0.18633333333333332,0.5372666666666667
2023-07-28,0.22233333333333333,0.22233333333333333,0.5444666666666667
2023-07-31,0.21233333333333332,0.21233333333333332,0.5424666666666667
2023-08-01,0.20233333333333334,0.20233333333333334,0.5404666666666667
2023-08-02,0.13033333333333333,0.13033333333333333,0.5260666666666667
2023-08-03,0.136,0.136,0.5272
2023-08-04,0.09666666666666662,0.09666666666666662,0.5193333333333333
2023-08-07,0.14100000000000001,0.14100000000000001,0.5282
2023-08-08,0.13366666666666666,0.13366666666666666,0.5267333333333333
2023-08-09,0.13466666666666663,0.13466666666666663,0.5269333333333334
2023-08-10,0.13833333333333334,0.13833333333333334,0.5276666666666666
2023-08-11,0.17200000000000001,0.17200000000000001,0.5344
2023-08-14,0.17266666666666666,0.17266666666666666,0.5345333333333333
2023-08-15,0.11799999999999997,0.11799999999999997,0.5236
2023-08-16,0.1073333333333333,0.1073333333333333,0.5214666666666666
2023-08-17,0.07033333333333332,0.07033333333333332,0.5140666666666667
2023-08-18,0.08999999999999998,0.08999999999999998,0.518
2023-08-21,0.0956666666666667,0.0956666666666667,0.5191333333333333
2023-08-22,0.10100000000000003,0.10100000000000003,0.5202
2023-08-23,0.13399999999999998,0.13399999999999998,0.5268
2023-08-24,0.09333333333333335,0.09333333333333335,0.5186666666666667
2023-08-25,0.14400000000000002,0.14400000000000002,0.5288
2023-08-28,0.164,0.164,0.5328
2023-08-29,0.18500000000000003,0.18500000000000003,0.537
2023-08-30,0.204,0.204,0.5408
2023-08-31,0.21433333333333332,0.21433333333333332,0.5428666666666666
2023-09-01,0.23033333333333333,0.23033333333333333,0.5460666666666667
2023-09-05,0.1996666666666667,0.1996666666666667,0.5399333333333334
2023-09-06,0.18500000000000003,0.18500000000000003,0.537
2023-09-07,0.18666666666666665,0.18666666666666665,0.5373333333333333
2023-09-08,0.20533333333333334,0.20533333333333334,0.5410666666666667
2023-09-11,0.20666666666666664,0.20666666666666664,0.5413333333333333
2023-09-12,0.19233333333333333,0.19233333333333333,0.5384666666666666
2023-09-13,0.21733333333333332,0.21733333333333332,0.5434666666666667
2023-09-14,0.23933333333333331,0.23933333333333331,0.5478666666666667
2023-09-15,0.20700000000000002,0.20700000000000002,0.5414
2023-09-18,0.2,0.2,0.54
2023-09-19,0.19633333333333336,0.19633333333333336,0.5392666666666667
2023-09-20,0.16199999999999998,0.16199999999999998,0.5324
2023-09-21,0.08200000000000003,0.08200000000000003,0.5164
2023-09-22,0.09333333333333335,0.09333333333333335,0.5186666666666667
2023-09-25,0.10333333333333337,0.10333333333333337,0.5206666666666667
2023-09-26,0.03533333333333329,0.03533333333333329,0.5070666666666667
2023-09-27,0.05933333333333337,0.05933333333333337,0.5118666666666667
2023-09-28,0.08866666666666667,0.08866666666666667,0.5177333333333334
2023-09-29,0.08266666666666668,0.08266666666666668,0.5165333333333333
2023-10-02,0.07966666666666669,0.07966666666666669,0.5159333333333334
2023-10-03,0.007333333333333295,0.007333333333333295,0.5014666666666666
2023-10-04,0.04733333333333339,0.04733333333333339,0.5094666666666667
2023-10-05,0.05033333333333338,0.05033333333333338,0.5100666666666667
2023-10-06,0.08500000000000002,0.08500000000000002,0.517
2023-10-09,0.07666666666666669,0.07666666666666669,0.5153333333333333
2023-10-10,0.09899999999999996,0.09899999999999996,0.5198
2023-10-11,0.13033333333333333,0.13033333333333333,0.5260666666666667
2023-10-12,0.1103333333333333,0.1103333333333333,0.5220666666666667
2023-10-13,0.022666666666666658,0.022666666666666658,0.5045333333333333
2023-10-16,0.09299999999999997,0.09299999999999997,0.5186
2023-10-17,0.0706666666666667,0.0706666666666667,0.5141333333333333
2023-10-18,0.026000000000000037,0.026000000000000037,0.5052
2023-10-19,-0.04666666666666662,-0.04666666666666662,0.4906666666666667
2023-10-20,-0.05700000000000003,-0.05700000000000003,0.4886
2023-10-23,-0.012333333333333366,-0.012333333333333366,0.4975333333333333
2023-10-24,0.03433333333333337,0.03433333333333337,0.5068666666666667
2023-10-25,-0.006333333333333376,-0.006333333333333376,0.4987333333333333
2023-10-26,-0.022666666666666658,-0.022666666666666658,0.49546666666666667
2023-10-27,-0.04233333333333332,-0.04233333333333332,0.4915333333333333
2023-10-30,0.008333333333333333,0.008333333333333333,0.5016666666666667
2023-10-31,0.06199999999999998,0.06199999999999998,0.5124
2023-11-01,0.1043333333333333,0.1043333333333333,0.5208666666666667
2023-11-02,0.14466666666666667,0.14466666666666667,0.5289333333333334
2023-11-03,0.16966666666666666,0.16966666666666666,0.5339333333333334
2023-11-06,0.1703333333333333,0.1703333333333333,0.5340666666666667
2023-11-07,0.173,0.173,0.5346
2023-11-08,0.18500000000000003,0.18500000000000003,0.537
2023-11-09,0.15700000000000003,0.15700000000000003,0.5314
2023-11-10,0.19433333333333333,0.19433333333333333,0.5388666666666667
2023-11-13,0.17466666666666666,0.17466666666666666,0.5349333333333334
2023-11-14,0.19466666666666665,0.19466666666666665,0.5389333333333334
2023-11-15,0.194,0.194,0.5388
2023-11-16,0.18933333333333333,0.18933333333333333,0.5378666666666667
2023-11-17,0.20666666666666664,0.20666666666666664,0.5413333333333333
2023-11-20,0.21966666666666665,0.21966666666666665,0.5439333333333334
2023-11-21,0.22166666666666668,0.22166666666666668,0.5443333333333333
2023-11-22,0.23833333333333334,0.23833333333333334,0.5476666666666666
2023-11-24,0.2513333333333333,0.2513333333333333,0.5502666666666667
2023-11-27,0.24366666666666667,0.24366666666666667,0.5487333333333333
2023-11-28,0.24366666666666667,0.24366666666666667,0.5487333333333333
2023-11-29,0.23399999999999999,0.23399999999999999,0.5468
2023-11-30,0.23600000000000002,0.23600000000000002,0.5472
2023-12-01,0.24566666666666664,0.24566666666666664,0.5491333333333334
2023-12-04,0.23066666666666666,0.23066666666666666,0.5461333333333334
2023-12-05,0.23833333333333334,0.23833333333333334,0.5476666666666666
2023-12-06,0.2343333333333333,0.2343333333333333,0.5468666666666666
2023-12-07,0.2313333333333333,0.2313333333333333,0.5462666666666667
2023-12-08,0.255,0.255,0.551
2023-12-11,0.24566666666666664,0.24566666666666664,0.5491333333333334
2023-12-12,0.2643333333333333,0.2643333333333333,0.5528666666666666
2023-12-13,0.26033333333333336,0.26033333333333336,0.5520666666666667
2023-12-14,0.25066666666666665,0.25066666666666665,0.5501333333333334
2023-12-15,0.25733333333333336,0.25733333333333336,0.5514666666666667
2023-12-18,0.24799999999999997,0.24799999999999997,0.5496
2023-12-19,0.24900000000000003,0.24900000000000003,0.5498000000000001
2023-12-20,0.211,0.211,0.5422
2023-12-21,0.21166666666666664,0.21166666666666664,0.5423333333333333
2023-12-22,0.23233333333333336,0.23233333333333336,0.5464666666666667
2023-12-26,0.23366666666666666,0.23366666666666666,0.5467333333333333
2023-12-27,0.25233333333333335,0.25233333333333335,0.5504666666666667
2023-12-28,0.251,0.251,0.5502
2023-12-29,0.2516666666666667,0.2516666666666667,0.5503333333333333
2024-01-02,0.22666666666666668,0.22666666666666668,0.5453333333333333
2024-01-03,0.19866666666666669,0.19866666666666669,0.5397333333333334
2024-01-04,0.19566666666666663,0.19566666666666663,0.5391333333333334
2024-01-05,0.22166666666666668,0.22166666666666668,0.5443333333333333
2024-01-08,0.23066666666666666,0.23066666666666666,0.5461333333333334
2024-01-09,0.24133333333333334,0.24133333333333334,0.5482666666666667
2024-01-10,0.24366666666666667,0.24366666666666667,0.5487333333333333
2024-01-11,0.252,0.252,0.5504
2024-01-12,0.24333333333333335,0.24333333333333335,0.5486666666666666
2024-01-16,0.20533333333333334,0.20533333333333334,0.5410666666666667
2024-01-17,0.1736666666666667,0.1736666666666667,0.5347333333333333
2024-01-18,0.19566666666666663,0.19566666666666663,0.5391333333333334
2024-01-19,0.2233333333333333,0.2233333333333333,0.5446666666666666
2024-01-22,0.227,0.227,0.5454
2024-01-23,0.24833333333333332,0.24833333333333332,0.5496666666666666
2024-01-24,0.22866666666666666,0.22866666666666666,0.5457333333333333
2024-01-25,0.21833333333333335,0.21833333333333335,0.5436666666666666
2024-01-26,0.22466666666666668,0.22466666666666668,0.5449333333333334
2024-01-29,0.21333333333333335,0.21333333333333335,0.5426666666666666
2024-01-30,0.22299999999999998,0.22299999999999998,0.5446
2024-01-31,0.18833333333333335,0.18833333333333335,0.5376666666666666
2024-02-01,0.204,0.204,0.5408
2024-02-02,0.20500000000000002,0.20500000000000002,0.541
2024-02-05,0.211,0.211,0.5422
2024-02-06,0.2313333333333333,0.2313333333333333,0.5462666666666667
2024-02-07,0.239,0.239,0.5478
2024-02-08,0.24033333333333337,0.24033333333333337,0.5480666666666667
2024-02-09,0.23566666666666666,0.23566666666666666,0.5471333333333334
2024-02-12,0.20233333333333334,0.20233333333333334,0.5404666666666667
2024-02-13,0.13833333333333334,0.13833333333333334,0.5276666666666666
2024-02-14,0.1873333333333333,0.1873333333333333,0.5374666666666666
2024-02-15,0.1996666666666667,0.1996666666666667,0.5399333333333334
2024-02-16,0.192,0.192,0.5384
2024-02-20,0.15266666666666667,0.15266666666666667,0.5305333333333333
2024-02-21,0.15533333333333335,0.15533333333333335,0.5310666666666667
2024-02-22,0.18200000000000002,0.18200000000000002,0.5364
2024-02-23,0.20833333333333334,0.20833333333333334,0.5416666666666666
2024-02-26,0.20866666666666667,0.20866666666666667,0.5417333333333333
2024-02-27,0.219,0.219,0.5438000000000001
2024-02-28,0.20533333333333334,0.20533333333333334,0.5410666666666667
2024-02-29,0.22,0.22,0.544
2024-03-01,0.22966666666666669,0.22966666666666669,0.5459333333333334
2024-03-04,0.217,0.217,0.5434
2024-03-05,0.18466666666666665,0.18466666666666665,0.5369333333333334
2024-03-06,0.18333333333333332,0.18333333333333332,0.5366666666666666
2024-03-07,0.18533333333333335,0.18533333333333335,0.5370666666666667
2024-03-08,0.1753333333333333,0.1753333333333333,0.5350666666666667
2024-03-11,0.1593333333333333,0.1593333333333333,0.5318666666666667
2024-03-12,0.20533333333333334,0.20533333333333334,0.5410666666666667
2024-03-13,0.20833333333333334,0.20833333333333334,0.5416666666666666
2024-03-14,0.18666666666666665,0.18666666666666665,0.5373333333333333
2024-03-15,0.18633333333333332,0.18633333333333332,0.5372666666666667
2024-03-18,0.189,0.189,0.5378000000000001
2024-03-19,0.206,0.206,0.5412
2024-03-20,0.23200000000000004,0.23200000000000004,0.5464
2024-03-21,0.23600000000000002,0.23600000000000002,0.5472
2024-03-22,0.2313333333333333,0.2313333333333333,0.5462666666666667
2024-03-25,0.227,0.227,0.5454
2024-03-26,0.22533333333333333,0.22533333333333333,0.5450666666666667
2024-03-27,0.2406666666666667,0.2406666666666667,0.5481333333333334
2024-03-28,0.233,0.233,0.5466
2024-04-01,0.21166666666666664,0.21166666666666664,0.5423333333333333
2024-04-02,0.1796666666666667,0.1796666666666667,0.5359333333333334
2024-04-03,0.189,0.189,0.5378000000000001
2024-04-04,0.12166666666666662,0.12166666666666662,0.5243333333333333
2024-04-05,0.1323333333333333,0.1323333333333333,0.5264666666666666
2024-04-08,0.16033333333333336,0.16033333333333336,0.5320666666666667
2024-04-09,0.1673333333333333,0.1673333333333333,0.5334666666666666
2024-04-10,0.13999999999999999,0.13999999999999999,0.528
2024-04-11,0.16966666666666666,0.16966666666666666,0.5339333333333334
2024-04-12,0.08966666666666671,0.08966666666666671,0.5179333333333334
2024-04-15,0.025666666666666654,0.025666666666666654,0.5051333333333333
2024-04-16,0.05333333333333338,0.05333333333333338,0.5106666666666667
2024-04-17,0.05966666666666664,0.05966666666666664,0.5119333333333334
2024-04-18,0.06666666666666667,0.06666666666666667,0.5133333333333333
2024-04-19,0.04299999999999997,0.04299999999999997,0.5085999999999999
2024-04-22,0.10199999999999995,0.10199999999999995,0.5204
2024-04-23,0.1436666666666667,0.1436666666666667,0.5287333333333334
2024-04-24,0.1343333333333333,0.1343333333333333,0.5268666666666667
2024-04-25,0.15433333333333335,0.15433333333333335,0.5308666666666667
2024-04-26,0.16566666666666668,0.16566666666666668,0.5331333333333333
2024-04-29,0.17766666666666667,0.17766666666666667,0.5355333333333333
2024-04-30,0.145,0.145,0.529
2024-05-01,0.15366666666666665,0.15366666666666665,0.5307333333333333
2024-05-02,0.17733333333333334,0.17733333333333334,0.5354666666666666
2024-05-03,0.217,0.217,0.5434
2024-05-06,0.217,0.217,0.5434
2024-05-07,0.22566666666666665,0.22566666666666665,0.5451333333333334
2024-05-08,0.23333333333333334,0.23333333333333334,0.5466666666666666
2024-05-09,0.24366666666666667,0.24366666666666667,0.5487333333333333
2024-05-10,0.24833333333333332,0.24833333333333332,0.5496666666666666
2024-05-13,0.21333333333333335,0.21333333333333335,0.5426666666666666
2024-05-14,0.21933333333333332,0.21933333333333332,0.5438666666666667
2024-05-15,0.2516666666666667,0.2516666666666667,0.5503333333333333
2024-05-16,0.25266666666666665,0.25266666666666665,0.5505333333333333
2024-05-17,0.267,0.267,0.5534
2024-05-20,0.26166666666666666,0.26166666666666666,0.5523333333333333
2024-05-21,0.27133333333333337,0.27133333333333337,0.5542666666666667
2024-05-22,0.257,0.257,0.5514
2024-05-23,0.24100000000000002,0.24100000000000002,0.5482
2024-05-24,0.269,0.269,0.5538
2024-05-28,0.23600000000000002,0.23600000000000002,0.5472
2024-05-29,0.19066666666666668,0.19066666666666668,0.5381333333333334
2024-05-30,0.18433333333333332,0.18433333333333332,0.5368666666666667
2024-05-31,0.23600000000000002,0.23600000000000002,0.5472
2024-06-03,0.22966666666666669,0.22966666666666669,0.5459333333333334
2024-06-04,0.228,0.228,0.5456
2024-06-05,0.24566666666666664,0.24566666666666664,0.5491333333333334
2024-06-06,0.24733333333333332,0.24733333333333332,0.5494666666666667
2024-06-07,0.2593333333333333,0.2593333333333333,0.5518666666666666
2024-06-10,0.242,0.242,0.5484
2024-06-11,0.23833333333333334,0.23833333333333334,0.5476666666666666
2024-06-12,0.26533333333333337,0.26533333333333337,0.5530666666666667
2024-06-13,0.26866666666666666,0.26866666666666666,0.5537333333333333
2024-06-14,0.24466666666666667,0.24466666666666667,0.5489333333333334
2024-06-17,0.24166666666666667,0.24166666666666667,0.5483333333333333
2024-06-18,0.25666666666666665,0.25666666666666665,0.5513333333333333
2024-06-20,0.22400000000000003,0.22400000000000003,0.5448
2024-06-21,0.22666666666666668,0.22666666666666668,0.5453333333333333
2024-06-24,0.22233333333333333,0.22233333333333333,0.5444666666666667
2024-06-25,0.23866666666666667,0.23866666666666667,0.5477333333333333
2024-06-26,0.24833333333333332,0.24833333333333332,0.5496666666666666
2024-06-27,0.25866666666666666,0.25866666666666666,0.5517333333333333
2024-06-28,0.252,0.252,0.5504
2024-07-01,0.2593333333333333,0.2593333333333333,0.5518666666666666
2024-07-02,0.26566666666666666,0.26566666666666666,0.5531333333333334
2024-07-03,0.26366666666666666,0.26366666666666666,0.5527333333333333
2024-07-05,0.25066666666666665,0.25066666666666665,0.5501333333333334
2024-07-08,0.25433333333333336,0.25433333333333336,0.5508666666666666
2024-07-09,0.24966666666666668,0.24966666666666668,0.5499333333333334
2024-07-10,0.23833333333333334,0.23833333333333334,0.5476666666666666
2024-07-11,0.23600000000000002,0.23600000000000002,0.5472
2024-07-12,0.2513333333333333,0.2513333333333333,0.5502666666666667
2024-07-15,0.22933333333333336,0.22933333333333336,0.5458666666666667
2024-07-16,0.227,0.227,0.5454
2024-07-17,0.184,0.184,0.5367999999999999
2024-07-18,0.13566666666666669,0.13566666666666669,0.5271333333333333
2024-07-19,0.11600000000000002,0.11600000000000002,0.5232
2024-07-22,0.16966666666666666,0.16966666666666666,0.5339333333333334
2024-07-23,0.176,0.176,0.5352
2024-07-24,0.06533333333333337,0.06533333333333337,0.5130666666666667
2024-07-25,0.05133333333333331,0.05133333333333331,0.5102666666666666
2024-07-26,0.12033333333333332,0.12033333333333332,0.5240666666666667
2024-07-29,0.11333333333333329,0.11333333333333329,0.5226666666666666
2024-07-30,0.07699999999999996,0.07699999999999996,0.5154
2024-07-31,0.12133333333333335,0.12133333333333335,0.5242666666666667
2024-08-01,0.04700000000000001,0.04700000000000001,0.5094
2024-08-02,-0.11300000000000002,-0.11300000000000002,0.4774
2024-08-05,-0.619,-0.619,0.3762
2024-08-06,-0.257,-0.257,0.4486
2024-08-07,-0.2616666666666667,-0.2616666666666667,0.44766666666666666
2024-08-08,-0.1263333333333333,-0.1263333333333333,0.47473333333333334
2024-08-09,-0.012333333333333366,-0.012333333333333366,0.4975333333333333
2024-08-12,-0.023666666666666693,-0.023666666666666693,0.49526666666666663
2024-08-13,0.06266666666666663,0.06266666666666663,0.5125333333333333
2024-08-14,0.12699999999999995,0.12699999999999995,0.5254
2024-08-15,0.15899999999999997,0.15899999999999997,0.5318
2024-08-16,0.1733333333333333,0.1733333333333333,0.5346666666666666
2024-08-19,0.17833333333333332,0.17833333333333332,0.5356666666666666
2024-08-20,0.1373333333333333,0.1373333333333333,0.5274666666666666
2024-08-21,0.12433333333333335,0.12433333333333335,0.5248666666666667
2024-08-22,0.08166666666666664,0.08166666666666664,0.5163333333333333
2024-08-23,0.138,0.138,0.5276
2024-08-26,0.12833333333333338,0.12833333333333338,0.5256666666666667
2024-08-27,0.15233333333333335,0.15233333333333335,0.5304666666666666
2024-08-28,0.09633333333333335,0.09633333333333335,0.5192666666666667
2024-08-29,0.145,0.145,0.529
2024-08-30,0.16666666666666666,0.16666666666666666,0.5333333333333333
2024-09-03,-0.023999999999999962,-0.023999999999999962,0.49520000000000003
2024-09-04,-0.04400000000000001,-0.04400000000000001,0.49119999999999997
2024-09-05,0.003333333333333381,0.003333333333333381,0.5006666666666667
2024-09-06,-0.0793333333333333,-0.0793333333333333,0.48413333333333336
2024-09-09,0.018333333333333358,0.018333333333333358,0.5036666666666667
2024-09-10,0.030666666666666724,0.030666666666666724,0.5061333333333333
2024-09-11,0.07699999999999996,0.07699999999999996,0.5154
2024-09-12,0.09766666666666665,0.09766666666666665,0.5195333333333333
2024-09-13,0.11466666666666671,0.11466666666666671,0.5229333333333334
2024-09-16,0.09533333333333331,0.09533333333333331,0.5190666666666667
2024-09-17,0.07966666666666669,0.07966666666666669,0.5159333333333334
2024-09-18,0.05899999999999998,0.05899999999999998,0.5118
2024-09-19,0.12233333333333339,0.12233333333333339,0.5244666666666666
2024-09-20,0.12833333333333338,0.12833333333333338,0.5256666666666667
2024-09-23,0.13699999999999998,0.13699999999999998,0.5274
2024-09-24,0.15366666666666665,0.15366666666666665,0.5307333333333333
2024-09-25,0.153,0.153,0.5306
2024-09-26,0.15433333333333335,0.15433333333333335,0.5308666666666667
2024-09-27,0.1013333333333333,0.1013333333333333,0.5202666666666667
2024-09-30,0.10899999999999999,0.10899999999999999,0.5218
2024-10-01,0.024666666666666615,0.024666666666666615,0.5049333333333333
2024-10-02,0.036666666666666715,0.036666666666666715,0.5073333333333333
2024-10-03,-0.01633333333333328,-0.01633333333333328,0.49673333333333336
2024-10-04,0.026333333333333306,0.026333333333333306,0.5052666666666666
2024-10-07,-0.08800000000000002,-0.08800000000000002,0.4824
2024-10-08,-0.04733333333333339,-0.04733333333333339,0.4905333333333333
2024-10-09,-0.02866666666666665,-0.02866666666666665,0.4942666666666667
2024-10-10,-0.03099999999999999,-0.03099999999999999,0.4938
2024-10-11,-0.015333333333333362,-0.015333333333333362,0.49693333333333334
2024-10-14,0.010000000000000024,0.010000000000000024,0.502
2024-10-15,-0.021333333333333353,-0.021333333333333353,0.4957333333333333
2024-10-16,0.014000000000000058,0.014000000000000058,0.5028
2024-10-17,0.029666666666666685,0.029666666666666685,0.5059333333333333
2024-10-18,0.06566666666666662,0.06566666666666662,0.5131333333333333
2024-10-21,0.0543333333333333,0.0543333333333333,0.5108666666666667
2024-10-22,0.060000000000000026,0.060000000000000026,0.512
2024-10-23,0.025333333333333385,0.025333333333333385,0.5050666666666667
2024-10-24,0.030666666666666724,0.030666666666666724,0.5061333333333333
2024-10-25,-0.010999999999999944,-0.010999999999999944,0.4978
2024-10-28,0.006666666666666643,0.006666666666666643,0.5013333333333333
2024-10-29,0.022000000000000006,0.022000000000000006,0.5044
2024-10-30,-0.011666666666666714,-0.011666666666666714,0.49766666666666665
2024-10-31,-0.10533333333333333,-0.10533333333333333,0.4789333333333333
2024-11-01,-0.06266666666666663,-0.06266666666666663,0.48746666666666666
2024-11-04,-0.06600000000000002,-0.06600000000000002,0.4868
2024-11-05,-0.01633333333333328,-0.01633333333333328,0.49673333333333336
2024-11-06,0.12433333333333335,0.12433333333333335,0.5248666666666667
2024-11-07,0.16000000000000003,0.16000000000000003,0.532
2024-11-08,0.1686666666666667,0.1686666666666667,0.5337333333333334
2024-11-11,0.16766666666666666,0.16766666666666666,0.5335333333333333
2024-11-12,0.17633333333333331,0.17633333333333331,0.5352666666666667
2024-11-13,0.19933333333333333,0.19933333333333333,0.5398666666666667
2024-11-14,0.18966666666666665,0.18966666666666665,0.5379333333333334
2024-11-15,0.12866666666666665,0.12866666666666665,0.5257333333333334
2024-11-18,0.14733333333333334,0.14733333333333334,0.5294666666666666
2024-11-19,0.12166666666666662,0.12166666666666662,0.5243333333333333
2024-11-20,0.09466666666666666,0.09466666666666666,0.5189333333333334
2024-11-21,0.1043333333333333,0.1043333333333333,0.5208666666666667
2024-11-22,0.15866666666666665,0.15866666666666665,0.5317333333333333
2024-11-25,0.18000000000000002,0.18000000000000002,0.536
2024-11-26,0.19666666666666668,0.19666666666666668,0.5393333333333333
2024-11-27,0.19666666666666668,0.19666666666666668,0.5393333333333333
2024-11-29,0.21633333333333335,0.21633333333333335,0.5432666666666667
2024-12-02,0.222,0.222,0.5444
2024-12-03,0.2233333333333333,0.2233333333333333,0.5446666666666666
2024-12-04,0.21833333333333335,0.21833333333333335,0.5436666666666666
2024-12-05,0.21533333333333335,0.21533333333333335,0.5430666666666667
2024-12-06,0.24100000000000002,0.24100000000000002,0.5482
2024-12-09,0.19366666666666668,0.19366666666666668,0.5387333333333333
2024-12-10,0.194,0.194,0.5388
2024-12-11,0.214,0.214,0.5428
2024-12-12,0.20266666666666666,0.20266666666666666,0.5405333333333333
2024-12-13,0.2063333333333333,0.2063333333333333,0.5412666666666667
2024-12-16,0.17700000000000002,0.17700000000000002,0.5354
2024-12-17,0.1376666666666667,0.1376666666666667,0.5275333333333333
2024-12-18,-0.25400000000000006,-0.25400000000000006,0.4492
2024-12-19,-0.13633333333333333,-0.13633333333333333,0.47273333333333334
2024-12-20,0.05466666666666668,0.05466666666666668,0.5109333333333334
2024-12-23,0.1073333333333333,0.1073333333333333,0.5214666666666666
2024-12-24,0.191,0.191,0.5382
2024-12-26,0.17566666666666667,0.17566666666666667,0.5351333333333333
2024-12-27,0.13500000000000004,0.13500000000000004,0.527
2024-12-30,0.08666666666666671,0.08666666666666671,0.5173333333333333
2024-12-31,0.08833333333333329,0.08833333333333329,0.5176666666666666
2025-01-02,0.069,0.069,0.5138
2025-01-03,0.12900000000000003,0.12900000000000003,0.5258
2025-01-06,0.13200000000000003,0.13200000000000003,0.5264
2025-01-07,0.07266666666666666,0.07266666666666666,0.5145333333333333
2025-01-08,0.07666666666666669,0.07666666666666669,0.5153333333333333
2025-01-10,0.015333333333333362,0.015333333333333362,0.5030666666666667
2025-01-13,0.026999999999999958,0.026999999999999958,0.5054
2025-01-14,0.04299999999999997,0.04299999999999997,0.5085999999999999
2025-01-15,0.1293333333333333,0.1293333333333333,0.5258666666666667
2025-01-16,0.11333333333333329,0.11333333333333329,0.5226666666666666
2025-01-17,0.1343333333333333,0.1343333333333333,0.5268666666666667
2025-01-21,0.16466666666666666,0.16466666666666666,0.5329333333333334
2025-01-22,0.16333333333333336,0.16333333333333336,0.5326666666666666
2025-01-23,0.166,0.166,0.5332
2025-01-24,0.1716666666666667,0.1716666666666667,0.5343333333333333
2025-01-27,0.07000000000000005,0.07000000000000005,0.514
2025-01-28,0.11966666666666666,0.11966666666666666,0.5239333333333334
2025-01-29,0.11466666666666671,0.11466666666666671,0.5229333333333334
2025-01-30,0.13866666666666666,0.13866666666666666,0.5277333333333334
2025-01-31,0.11900000000000001,0.11900000000000001,0.5238
2025-02-03,0.045999999999999965,0.045999999999999965,0.5092
2025-02-04,0.09299999999999997,0.09299999999999997,0.5186
2025-02-05,0.14100000000000001,0.14100000000000001,0.5282
2025-02-06,0.15,0.15,0.53
2025-02-07,0.11533333333333336,0.11533333333333336,0.5230666666666667
2025-02-10,0.13966666666666666,0.13966666666666666,0.5279333333333334
2025-02-11,0.13266666666666668,0.13266666666666668,0.5265333333333333
2025-02-12,0.13699999999999998,0.13699999999999998,0.5274
2025-02-13,0.16333333333333336,0.16333333333333336,0.5326666666666666
2025-02-14,0.17433333333333334,0.17433333333333334,0.5348666666666667
2025-02-18,0.155,0.155,0.531
2025-02-19,0.15766666666666668,0.15766666666666668,0.5315333333333333
2025-02-20,0.14466666666666667,0.14466666666666667,0.5289333333333334
2025-02-21,0.05966666666666664,0.05966666666666664,0.5119333333333334
2025-02-24,0.03399999999999999,0.03399999999999999,0.5068
2025-02-25,0.01900000000000001,0.01900000000000001,0.5038
2025-02-26,0.029999999999999954,0.029999999999999954,0.506
2025-02-27,-0.03766666666666663,-0.03766666666666663,0.49246666666666666
2025-02-28,0.012333333333333366,0.012333333333333366,0.5024666666666667
2025-03-03,-0.0926666666666667,-0.0926666666666667,0.48146666666666665
2025-03-04,-0.11700000000000005,-0.11700000000000005,0.47659999999999997
2025-03-05,-0.06433333333333333,-0.06433333333333333,0.4871333333333333
2025-03-06,-0.16233333333333336,-0.16233333333333336,0.46753333333333336
2025-03-07,-0.11233333333333337,-0.11233333333333337,0.4775333333333333
2025-03-10,-0.26199999999999996,-0.26199999999999996,0.4476
2025-03-11,-0.23066666666666671,-0.23066666666666671,0.45386666666666664
2025-03-12,-0.14100000000000001,-0.14100000000000001,0.4718
2025-03-13,-0.15533333333333335,-0.15533333333333335,0.4689333333333333
2025-03-14,-0.05899999999999998,-0.05899999999999998,0.4882
2025-03-17,-0.017000000000000053,-0.017000000000000053,0.4966
2025-03-18,-0.05666666666666664,-0.05666666666666664,0.4886666666666667
2025-03-19,0.003333333333333381,0.003333333333333381,0.5006666666666667
2025-03-20,0.006666666666666643,0.006666666666666643,0.5013333333333333
2025-03-21,0.023999999999999962,0.023999999999999962,0.5048
2025-03-24,0.08399999999999999,0.08399999999999999,0.5168
2025-03-25,0.09500000000000004,0.09500000000000004,0.519
2025-03-26,0.055666666666666725,0.055666666666666725,0.5111333333333333
2025-03-27,0.043666666666666624,0.043666666666666624,0.5087333333333334
2025-03-28,-0.05499999999999995,-0.05499999999999995,0.489
2025-03-31,-0.07600000000000004,-0.07600000000000004,0.4848
2025-04-01,-0.05899999999999998,-0.05899999999999998,0.4882
2025-04-02,-0.05033333333333338,-0.05033333333333338,0.48993333333333333
2025-04-03,-0.33399999999999996,-0.33399999999999996,0.43320000000000003
2025-04-04,-0.8436666666666668,-0.8436666666666668,0.3312666666666666
2025-04-07,-0.8993333333333332,-0.8993333333333332,0.3201333333333334
2025-04-08,-1.0,-1.0,0.3
2025-04-09,-0.4539999999999999,-0.4539999999999999,0.4092
2025-04-10,-0.6906666666666667,-0.6906666666666667,0.36186666666666667
2025-04-11,-0.5853333333333334,-0.5853333333333334,0.38293333333333335
2025-04-14,-0.36300000000000004,-0.36300000000000004,0.4274
2025-04-15,-0.3373333333333334,-0.3373333333333334,0.4325333333333333
2025-04-16,-0.42133333333333334,-0.42133333333333334,0.41573333333333334
2025-04-17,-0.3216666666666666,-0.3216666666666666,0.43566666666666665
2025-04-21,-0.46066666666666667,-0.46066666666666667,0.40786666666666666
2025-04-22,-0.35233333333333333,-0.35233333333333333,0.4295333333333333
2025-04-23,-0.2816666666666666,-0.2816666666666666,0.44366666666666665
2025-04-24,-0.21566666666666662,-0.21566666666666662,0.45686666666666664
2025-04-25,-0.16133333333333333,-0.16133333333333333,0.46773333333333333
2025-04-28,-0.1716666666666666,-0.1716666666666666,0.4656666666666667
2025-04-29,-0.13900000000000007,-0.13900000000000007,0.4722
2025-04-30,-0.15666666666666665,-0.15666666666666665,0.4686666666666667
2025-05-01,-0.15333333333333338,-0.15333333333333338,0.4693333333333333
2025-05-02,-0.08933333333333332,-0.08933333333333332,0.48213333333333336
2025-05-05,-0.12133333333333335,-0.12133333333333335,0.47573333333333334
2025-05-06,-0.1586666666666667,-0.1586666666666667,0.46826666666666666
2025-05-07,-0.11833333333333336,-0.11833333333333336,0.47633333333333333
2025-05-08,-0.08266666666666668,-0.08266666666666668,0.48346666666666666
2025-05-09,-0.06333333333333328,-0.06333333333333328,0.48733333333333334
2025-05-12,0.05366666666666665,0.05366666666666665,0.5107333333333334
2025-05-13,0.05933333333333337,0.05933333333333337,0.5118666666666667
2025-05-14,0.045999999999999965,0.045999999999999965,0.5092
2025-05-15,0.07233333333333339,0.07233333333333339,0.5144666666666666
2025-05-16,0.09200000000000005,0.09200000000000005,0.5184
2025-05-19,0.06199999999999998,0.06199999999999998,0.5124
2025-05-20,0.06366666666666668,0.06366666666666668,0.5127333333333334
2025-05-21,-0.029000000000000033,-0.029000000000000033,0.4942
2025-05-22,-0.00933333333333337,-0.00933333333333337,0.4981333333333333
2025-05-23,-0.07633333333333331,-0.07633333333333331,0.48473333333333335
2025-05-27,0.03466666666666664,0.03466666666666664,0.5069333333333333
2025-05-28,0.02300000000000004,0.02300000000000004,0.5046
2025-05-29,0.02733333333333334,0.02733333333333334,0.5054666666666666
2025-05-30,0.047666666666666656,0.047666666666666656,0.5095333333333333
2025-06-02,0.05466666666666668,0.05466666666666668,0.5109333333333334
2025-06-03,0.07699999999999996,0.07699999999999996,0.5154
2025-06-04,0.07966666666666669,0.07966666666666669,0.5159333333333334
2025-06-05,0.05066666666666665,0.05066666666666665,0.5101333333333333
2025-06-06,0.10766666666666667,0.10766666666666667,0.5215333333333333
2025-06-09,0.09466666666666666,0.09466666666666666,0.5189333333333334
2025-06-10,0.1016666666666667,0.1016666666666667,0.5203333333333333
2025-06-11,0.09133333333333328,0.09133333333333328,0.5182666666666667
2025-06-12,0.06600000000000002,0.06600000000000002,0.5132
2025-06-13,-0.02733333333333334,-0.02733333333333334,0.4945333333333333
2025-06-16,0.029666666666666685,0.029666666666666685,0.5059333333333333
2025-06-17,-0.05333333333333338,-0.05333333333333338,0.48933333333333334
2025-06-18,-0.004666666666666685,-0.004666666666666685,0.49906666666666666
2025-06-20,-0.0206666666666667,-0.0206666666666667,0.4958666666666667
2025-06-23,0.0056666666666667235,0.0056666666666667235,0.5011333333333333
2025-06-24,0.08399999999999999,0.08399999999999999,0.5168
2025-06-25,0.10799999999999994,0.10799999999999994,0.5216
2025-06-26,0.11366666666666667,0.11366666666666667,0.5227333333333334
2025-06-27,0.12266666666666666,0.12266666666666666,0.5245333333333333
2025-06-30,0.10899999999999999,0.10899999999999999,0.5218
2025-07-01,0.10566666666666673,0.10566666666666673,0.5211333333333333
2025-07-02,0.11199999999999997,0.11199999999999997,0.5224
2025-07-03,0.1206666666666667,0.1206666666666667,0.5241333333333333
2025-07-07,0.0736666666666667,0.0736666666666667,0.5147333333333334
2025-07-08,0.10633333333333338,0.10633333333333338,0.5212666666666667
2025-07-09,0.13533333333333336,0.13533333333333336,0.5270666666666667
2025-07-10,0.1406666666666667,0.1406666666666667,0.5281333333333333
2025-07-11,0.12000000000000005,0.12000000000000005,0.524
2025-07-14,0.09333333333333335,0.09333333333333335,0.5186666666666667
2025-07-15,0.08733333333333336,0.08733333333333336,0.5174666666666666
2025-07-16,0.09466666666666666,0.09466666666666666,0.5189333333333334
2025-07-17,0.11600000000000002,0.11600000000000002,0.5232
2025-07-18,0.11966666666666666,0.11966666666666666,0.5239333333333334
2025-07-21,0.11166666666666672,0.11166666666666672,0.5223333333333333
2025-07-22,0.11666666666666667,0.11666666666666667,0.5233333333333333
2025-07-23,0.15433333333333335,0.15433333333333335,0.5308666666666667
2025-07-24,0.15366666666666665,0.15366666666666665,0.5307333333333333
2025-07-25,0.169,0.169,0.5338
2025-07-28,0.16566666666666668,0.16566666666666668,0.5331333333333333
2025-07-29,0.13399999999999998,0.13399999999999998,0.5268
2025-07-30,0.15066666666666664,0.15066666666666664,0.5301333333333333
2025-07-31,0.10933333333333337,0.10933333333333337,0.5218666666666667
2025-08-01,-0.012666666666666633,-0.012666666666666633,0.49746666666666667
2025-08-04,0.08266666666666668,0.08266666666666668,0.5165333333333333
2025-08-05,0.07166666666666661,0.07166666666666661,0.5143333333333333
2025-08-06,0.10766666666666667,0.10766666666666667,0.5215333333333333
2025-08-07,0.11433333333333333,0.11433333333333333,0.5228666666666667
2025-08-08,0.16166666666666665,0.16166666666666665,0.5323333333333333
2025-08-11,0.125,0.125,0.525
2025-08-12,0.17566666666666667,0.17566666666666667,0.5351333333333333
2025-08-13,0.18366666666666667,0.18366666666666667,0.5367333333333333
2025-08-14,0.17233333333333334,0.17233333333333334,0.5344666666666666
2025-08-15,0.16366666666666668,0.16366666666666668,0.5327333333333333
2025-08-18,0.16699999999999998,0.16699999999999998,0.5334
2025-08-19,0.14766666666666667,0.14766666666666667,0.5295333333333333
2025-08-20,0.1436666666666667,0.1436666666666667,0.5287333333333334
2025-08-21,0.11333333333333329,0.11333333333333329,0.5226666666666666
2025-08-22,0.19266666666666665,0.19266666666666665,0.5385333333333333
2025-08-25,0.1736666666666667,0.1736666666666667,0.5347333333333333
2025-08-26,0.17933333333333337,0.17933333333333337,0.5358666666666667
2025-08-27,0.1716666666666667,0.1716666666666667,0.5343333333333333
2025-08-28,0.18566666666666667,0.18566666666666667,0.5371333333333334
2025-08-29,0.15466666666666667,0.15466666666666667,0.5309333333333334
2025-09-02,0.09433333333333328,0.09433333333333328,0.5188666666666667
2025-09-03,0.12166666666666662,0.12166666666666662,0.5243333333333333
2025-09-04,0.15666666666666665,0.15666666666666665,0.5313333333333333
2025-09-05,0.16066666666666668,0.16066666666666668,0.5321333333333333
2025-09-08,0.163,0.163,0.5326
2025-09-09,0.16533333333333336,0.16533333333333336,0.5330666666666667
2025-09-10,0.155,0.155,0.531
2025-09-11,0.17633333333333331,0.17633333333333331,0.5352666666666667
2025-09-12,0.17466666666666666,0.17466666666666666,0.5349333333333334
2025-09-15,0.1436666666666667,0.1436666666666667,0.5287333333333334
2025-09-16,0.12133333333333335,0.12133333333333335,0.5242666666666667
2025-09-17,0.14266666666666664,0.14266666666666664,0.5285333333333333
2025-09-18,0.14333333333333337,0.14333333333333337,0.5286666666666666
2025-09-19,0.1516666666666667,0.1516666666666667,0.5303333333333333
2025-09-22,0.12999999999999995,0.12999999999999995,0.526
2025-09-23,0.11199999999999997,0.11199999999999997,0.5224
2025-09-24,0.12733333333333335,0.12733333333333335,0.5254666666666666
2025-09-25,0.10866666666666672,0.10866666666666672,0.5217333333333334
2025-09-26,0.15700000000000003,0.15700000000000003,0.5314
2025-09-29,0.1293333333333333,0.1293333333333333,0.5258666666666667
2025-09-30,0.12399999999999996,0.12399999999999996,0.5248
2025-10-01,0.12366666666666669,0.12366666666666669,0.5247333333333334
2025-10-02,0.11233333333333337,0.11233333333333337,0.5224666666666666
2025-10-03,0.11166666666666672,0.11166666666666672,0.5223333333333333
2025-10-06,0.12099999999999997,0.12099999999999997,0.5242
2025-10-07,0.09200000000000005,0.09200000000000005,0.5184
2025-10-08,0.12333333333333331,0.12333333333333331,0.5246666666666666
2025-10-09,0.11900000000000001,0.11900000000000001,0.5238
2025-10-10,-0.05533333333333334,-0.05533333333333334,0.48893333333333333
2025-10-13,0.0323333333333333,0.0323333333333333,0.5064666666666666
2025-10-14,-0.026999999999999958,-0.026999999999999958,0.4946
2025-10-15,-0.021333333333333353,-0.021333333333333353,0.4957333333333333
2025-10-16,-0.17699999999999996,-0.17699999999999996,0.4646
2025-10-17,-0.026000000000000037,-0.026000000000000037,0.4948
2025-10-20,0.05899999999999998,0.05899999999999998,0.5118
2025-10-21,0.07099999999999997,0.07099999999999997,0.5142
2025-10-22,0.04666666666666662,0.04666666666666662,0.5093333333333333
2025-10-23,0.08999999999999998,0.08999999999999998,0.518
2025-10-24,0.12099999999999997,0.12099999999999997,0.5242
2025-10-27,0.14033333333333337,0.14033333333333337,0.5280666666666667
2025-10-28,0.11933333333333328,0.11933333333333328,0.5238666666666667
2025-10-29,0.10266666666666661,0.10266666666666661,0.5205333333333333
2025-10-30,0.103,0.103,0.5206
2025-10-31,0.08533333333333329,0.08533333333333329,0.5170666666666667
2025-11-03,0.09433333333333328,0.09433333333333328,0.5188666666666667
2025-11-04,0.03333333333333333,0.03333333333333333,0.5066666666666667
2025-11-05,0.06633333333333329,0.06633333333333329,0.5132666666666666
2025-11-06,0.016666666666666666,0.016666666666666666,0.5033333333333333
2025-11-07,0.030666666666666724,0.030666666666666724,0.5061333333333333
2025-11-10,0.07999999999999995,0.07999999999999995,0.516
2025-11-11,0.09066666666666663,0.09066666666666663,0.5181333333333333
2025-11-12,0.08299999999999995,0.08299999999999995,0.5166
2025-11-13,-0.0,-0.0,0.5
2025-11-14,0.0056666666666667235,0.0056666666666667235,0.5011333333333333
2025-11-17,-0.0793333333333333,-0.0793333333333333,0.48413333333333336
2025-11-18,-0.15633333333333338,-0.15633333333333338,0.46873333333333334
2025-11-19,-0.12200000000000001,-0.12200000000000001,0.4756
2025-11-20,-0.21400000000000005,-0.21400000000000005,0.4572
2025-11-21,-0.11433333333333333,-0.11433333333333333,0.47713333333333335
2025-11-24,-0.01733333333333332,-0.01733333333333332,0.4965333333333333
2025-11-25,0.04800000000000004,0.04800000000000004,0.5096
2025-11-26,0.09366666666666662,0.09366666666666662,0.5187333333333333
2025-11-28,0.12166666666666662,0.12166666666666662,0.5243333333333333
2025-12-01,0.09200000000000005,0.09200000000000005,0.5184
2025-12-02,0.11366666666666667,0.11366666666666667,0.5227333333333334
2025-12-03,0.13066666666666674,0.13066666666666674,0.5261333333333333
2025-12-04,0.1406666666666667,0.1406666666666667,0.5281333333333333
2025-12-05,0.153,0.153,0.5306
2025-12-08,0.11133333333333333,0.11133333333333333,0.5222666666666667
2025-12-09,0.10233333333333335,0.10233333333333335,0.5204666666666666
2025-12-10,0.14100000000000001,0.14100000000000001,0.5282
2025-12-11,0.1716666666666667,0.1716666666666667,0.5343333333333333
2025-12-12,0.142,0.142,0.5284
2025-12-15,0.11666666666666667,0.11666666666666667,0.5233333333333333
2025-12-16,0.11733333333333332,0.11733333333333332,0.5234666666666666
2025-12-17,0.0793333333333333,0.0793333333333333,0.5158666666666667
2025-12-18,0.1043333333333333,0.1043333333333333,0.5208666666666667
2025-12-19,0.16966666666666666,0.16966666666666666,0.5339333333333334
2025-12-22,0.19733333333333333,0.19733333333333333,0.5394666666666666
2025-12-23,0.2,0.2,0.54
2025-12-24,0.21766666666666665,0.21766666666666665,0.5435333333333333
2025-12-26,0.21333333333333335,0.21333333333333335,0.5426666666666666
2025-12-29,0.19333333333333336,0.19333333333333336,0.5386666666666666
2025-12-30,0.189,0.189,0.5378000000000001
2025-12-31,0.16833333333333336,0.16833333333333336,0.5336666666666666
2026-01-02,0.183,0.183,0.5366
2026-01-05,0.16999999999999998,0.16999999999999998,0.534
2026-01-06,0.175,0.175,0.535
2026-01-07,0.15399999999999997,0.15399999999999997,0.5307999999999999
2026-01-08,0.1516666666666667,0.1516666666666667,0.5303333333333333
2026-01-09,0.18366666666666667,0.18366666666666667,0.5367333333333333
2026-01-12,0.16266666666666668,0.16266666666666668,0.5325333333333333
2026-01-13,0.13399999999999998,0.13399999999999998,0.5268
2026-01-14,0.10833333333333334,0.10833333333333334,0.5216666666666667
2026-01-15,0.13866666666666666,0.13866666666666666,0.5277333333333334
2026-01-16,0.138,0.138,0.5276
2026-01-20,-0.0029999999999999953,-0.0029999999999999953,0.4994
2026-01-21,0.10333333333333337,0.10333333333333337,0.5206666666666667
2026-01-22,0.14533333333333331,0.14533333333333331,0.5290666666666667
2026-01-23,0.13033333333333333,0.13033333333333333,0.5260666666666667
2026-01-26,0.12833333333333338,0.12833333333333338,0.5256666666666667
2026-01-27,0.12166666666666662,0.12166666666666662,0.5243333333333333
2026-01-28,0.12166666666666662,0.12166666666666662,0.5243333333333333
2026-01-29,0.10400000000000004,0.10400000000000004,0.5208
2026-01-30,0.08533333333333329,0.08533333333333329,0.5170666666666667
2026-02-02,0.12200000000000001,0.12200000000000001,0.5244
2026-02-03,0.06666666666666667,0.06666666666666667,0.5133333333333333
2026-02-04,0.045333333333333316,0.045333333333333316,0.5090666666666667
2026-02-05,-0.05899999999999998,-0.05899999999999998,0.4882
2026-02-06,0.07466666666666662,0.07466666666666662,0.5149333333333334
2026-02-09,0.08800000000000002,0.08800000000000002,0.5176000000000001
2026-02-10,0.0736666666666667,0.0736666666666667,0.5147333333333334
2026-02-11,0.07833333333333338,0.07833333333333338,0.5156666666666667
2026-02-12,-0.02733333333333334,-0.02733333333333334,0.4945333333333333
2026-02-13,-0.02000000000000005,-0.02000000000000005,0.496
2026-02-17,-0.009666666666666638,-0.009666666666666638,0.49806666666666666
2026-02-18,0.012666666666666633,0.012666666666666633,0.5025333333333333
2026-02-19,-0.007666666666666681,-0.007666666666666681,0.49846666666666667
2026-02-20,0.030333333333333337,0.030333333333333337,0.5060666666666667
2026-02-23,-0.03366666666666672,-0.03366666666666672,0.49326666666666663
2026-02-24,0.014999999999999977,0.014999999999999977,0.503
2026-02-25,0.069,0.069,0.5138
2026-02-26,0.0456666666666667,0.0456666666666667,0.5091333333333333
2026-02-27,0.004666666666666685,0.004666666666666685,0.5009333333333333
2026-03-02,-0.04800000000000004,-0.04800000000000004,0.4904
2026-03-03,-0.11900000000000001,-0.11900000000000001,0.4762
2026-03-04,-0.03833333333333329,-0.03833333333333329,0.49233333333333335
2026-03-05,-0.125,-0.125,0.475
2026-03-06,-0.3163333333333333,-0.3163333333333333,0.4367333333333333
2026-03-09,-0.18333333333333332,-0.18333333333333332,0.4633333333333333
2026-03-10,-0.16433333333333333,-0.16433333333333333,0.46713333333333334
2026-03-11,-0.14100000000000001,-0.14100000000000001,0.4718
2026-03-12,-0.24299999999999997,-0.24299999999999997,0.4514
2026-03-13,-0.23966666666666672,-0.23966666666666672,0.45206666666666667
2026-03-16,-0.11700000000000005,-0.11700000000000005,0.47659999999999997
2026-03-17,-0.07900000000000003,-0.07900000000000003,0.4842
2026-03-18,-0.16966666666666666,-0.16966666666666666,0.4660666666666667
2026-03-19,-0.13533333333333328,-0.13533333333333328,0.4729333333333333
2026-03-20,-0.22600000000000003,-0.22600000000000003,0.4548
2026-03-23,-0.20499999999999996,-0.20499999999999996,0.459
2026-03-24,-0.23166666666666663,-0.23166666666666663,0.45366666666666666
2026-03-25,-0.1776666666666666,-0.1776666666666666,0.4644666666666667
2026-03-26,-0.24800000000000005,-0.24800000000000005,0.45039999999999997
2026-03-27,-0.36833333333333335,-0.36833333333333335,0.42633333333333334
2026-03-30,-0.35366666666666663,-0.35366666666666663,0.4292666666666667
2026-03-31,-0.175,-0.175,0.465
2026-04-01,-0.1513333333333333,-0.1513333333333333,0.46973333333333334
2026-04-02,-0.1513333333333333,-0.1513333333333333,0.46973333333333334
