date,signal,composite_score,confidence,rationale
2018-01-02,BUY,0.0687,0.0687,LSTM P_up=0.50 | Regime=BULL
2018-01-03,BUY,0.0722,0.0722,LSTM P_up=0.50 | Regime=BULL
2018-01-04,BUY,0.0717,0.0717,LSTM P_up=0.50 | Regime=BULL
2018-01-05,BUY,0.0719,0.0719,LSTM P_up=0.50 | Regime=BULL
2018-01-08,BUY,0.0702,0.0702,LSTM P_up=0.50 | Regime=BULL
2018-01-09,BUY,0.0646,0.0646,LSTM P_up=0.50 | Regime=BULL
2018-01-10,BUY,0.0634,0.0634,LSTM P_up=0.50 | Regime=BULL
2018-01-11,BUY,0.063,0.063,LSTM P_up=0.50 | Regime=BULL
2018-01-12,BUY,0.0589,0.0589,LSTM P_up=0.50 | Regime=BULL
2018-01-16,BUY,0.0389,0.0389,LSTM P_up=0.50 | Regime=BULL
2018-01-17,BUY,0.0399,0.0399,LSTM P_up=0.50 | Regime=BULL
2018-01-18,BUY,0.034,0.034,LSTM P_up=0.50 | Regime=BULL
2018-01-19,BUY,0.0484,0.0484,LSTM P_up=0.50 | Regime=BULL
2018-01-22,BUY,0.0541,0.0541,LSTM P_up=0.50 | Regime=BULL
2018-01-23,BUY,0.0649,0.0649,LSTM P_up=0.50 | Regime=BULL
2018-01-24,BUY,0.0616,0.0616,LSTM P_up=0.50 | Regime=BULL
2018-01-25,BUY,0.0622,0.0622,LSTM P_up=0.50 | Regime=BULL
2018-01-26,BUY,0.0616,0.0616,LSTM P_up=0.50 | Regime=BULL
2018-01-29,HOLD,0.0204,0.0204,LSTM P_up=0.50 | Regime=BULL
2018-01-30,HOLD,0.0073,0.0073,LSTM P_up=0.50 | Sentiment falling | Regime=BULL
2018-01-31,HOLD,0.0282,0.0282,LSTM P_up=0.50 | Regime=BULL
2018-02-01,BUY,0.0306,0.0306,LSTM P_up=0.50 | Regime=BULL
2018-02-02,SELL,-0.0325,0.0325,LSTM P_up=0.50 | Sentiment falling | Regime=NORMAL
2018-02-05,RISK_ALERT,-0.3057,0.3057,VIX spike | Sentiment crash | LSTM P_up=0.50 | Negative sentiment | Sentiment falling | High VIX | Regime=CRISIS
2018-02-06,SELL,-0.2029,0.2029,LSTM P_up=0.50 | Negative sentiment | Sentiment falling | High VIX | Regime=CRISIS
2018-02-07,SELL,-0.1613,0.1613,LSTM P_up=0.50 | Sentiment falling | High VIX | Regime=RISK_OFF
2018-02-08,RISK_ALERT,-0.25,0.25,VIX spike | Sentiment crash | LSTM P_up=0.50 | Negative sentiment | Sentiment falling | High VIX | Regime=CRISIS
2018-02-09,SELL,-0.1852,0.1852,LSTM P_up=0.50 | Negative sentiment | Sentiment falling | High VIX | Regime=CRISIS
2018-02-12,BUY,0.0588,0.0588,LSTM P_up=0.50 | High VIX | Regime=RISK_OFF
2018-02-13,HOLD,0.0137,0.0137,LSTM P_up=0.50 | Regime=RISK_OFF
2018-02-14,BUY,0.0985,0.0985,LSTM P_up=0.50 | Regime=NORMAL
2018-02-15,BUY,0.1143,0.1143,LSTM P_up=0.50 | Regime=NORMAL
2018-02-16,BUY,0.1064,0.1064,LSTM P_up=0.50 | Regime=NORMAL
2018-02-20,BUY,0.0499,0.0499,LSTM P_up=0.50 | Regime=NORMAL
2018-02-21,BUY,0.0554,0.0554,LSTM P_up=0.50 | Regime=NORMAL
2018-02-22,HOLD,0.0225,0.0225,LSTM P_up=0.50 | Regime=NORMAL
2018-02-23,BUY,0.0622,0.0622,LSTM P_up=0.50 | Regime=NORMAL
2018-02-26,BUY,0.0786,0.0786,LSTM P_up=0.50 | Regime=NORMAL
2018-02-27,BUY,0.0375,0.0375,LSTM P_up=0.50 | Regime=NORMAL
2018-02-28,HOLD,0.0079,0.0079,LSTM P_up=0.50 | Regime=NORMAL
2018-03-01,SELL,-0.0548,0.0548,LSTM P_up=0.50 | Sentiment falling | Regime=RISK_OFF
2018-03-02,HOLD,-0.0227,0.0227,LSTM P_up=0.50 | Sentiment falling | Regime=NORMAL
2018-03-05,HOLD,-0.0129,0.0129,LSTM P_up=0.50 | Regime=NORMAL
2018-03-06,HOLD,0.0217,0.0217,LSTM P_up=0.50 | Regime=NORMAL
2018-03-07,BUY,0.0458,0.0458,LSTM P_up=0.50 | Regime=NORMAL
2018-03-08,BUY,0.0943,0.0943,LSTM P_up=0.50 | Regime=NORMAL
2018-03-09,BUY,0.0778,0.0778,LSTM P_up=0.50 | Regime=BULL
2018-03-12,BUY,0.0709,0.0709,LSTM P_up=0.50 | Regime=NORMAL
2018-03-13,BUY,0.0561,0.0561,LSTM P_up=0.50 | Regime=NORMAL
2018-03-14,BUY,0.033,0.033,LSTM P_up=0.50 | Regime=NORMAL
2018-03-15,BUY,0.0324,0.0324,LSTM P_up=0.50 | Regime=NORMAL
2018-03-16,HOLD,0.0284,0.0284,LSTM P_up=0.50 | Regime=NORMAL
2018-03-19,HOLD,-0.0205,0.0205,LSTM P_up=0.50 | Sentiment falling | Regime=NORMAL
2018-03-20,HOLD,0.0008,0.0008,LSTM P_up=0.50 | Regime=NORMAL
2018-03-21,HOLD,0.0165,0.0165,LSTM P_up=0.50 | Regime=NORMAL
2018-03-22,SELL,-0.0934,0.0934,LSTM P_up=0.50 | Sentiment falling | Regime=RISK_OFF
2018-03-23,SELL,-0.13,0.13,LSTM P_up=0.50 | Sentiment falling | Regime=RISK_OFF
2018-03-26,SELL,-0.0262,0.0262,LSTM P_up=0.50 | Regime=NORMAL
2018-03-27,SELL,-0.062,0.062,LSTM P_up=0.50 | Sentiment falling | Regime=RISK_OFF
2018-03-28,SELL,-0.0729,0.0729,LSTM P_up=0.50 | Sentiment falling | Regime=RISK_OFF
2018-03-29,BUY,0.0359,0.0359,LSTM P_up=0.50 | Regime=NORMAL
2018-04-02,HOLD,-0.0171,0.0171,LSTM P_up=0.50 | Regime=RISK_OFF
2018-04-03,HOLD,-0.0076,0.0076,LSTM P_up=0.50 | Regime=NORMAL
2018-04-04,HOLD,0.0266,0.0266,LSTM P_up=0.50 | Regime=NORMAL
2018-04-05,BUY,0.0517,0.0517,LSTM P_up=0.50 | Regime=NORMAL
2018-04-06,SELL,-0.0257,0.0257,LSTM P_up=0.50 | Regime=NORMAL
2018-04-09,HOLD,0.0053,0.0053,LSTM P_up=0.50 | Regime=NORMAL
2018-04-10,HOLD,0.0043,0.0043,LSTM P_up=0.50 | Regime=NORMAL
2018-04-11,HOLD,-0.002,0.002,LSTM P_up=0.50 | Regime=NORMAL
2018-04-12,HOLD,0.02,0.02,LSTM P_up=0.50 | Regime=NORMAL
2018-04-13,BUY,0.065,0.065,LSTM P_up=0.50 | Regime=NORMAL
2018-04-16,BUY,0.0835,0.0835,LSTM P_up=0.50 | Regime=NORMAL
2018-04-17,BUY,0.0945,0.0945,LSTM P_up=0.50 | Regime=NORMAL
2018-04-18,BUY,0.0864,0.0864,LSTM P_up=0.50 | Regime=NORMAL
2018-04-19,BUY,0.0627,0.0627,LSTM P_up=0.50 | Regime=NORMAL
2018-04-20,BUY,0.0351,0.0351,LSTM P_up=0.50 | Regime=NORMAL
2018-04-23,BUY,0.0365,0.0365,LSTM P_up=0.50 | Regime=NORMAL
2018-04-24,HOLD,-0.0075,0.0075,LSTM P_up=0.50 | Regime=NORMAL
2018-04-25,HOLD,-0.0002,0.0002,LSTM P_up=0.50 | Regime=NORMAL
2018-04-26,BUY,0.0328,0.0328,LSTM P_up=0.50 | Regime=NORMAL
2018-04-27,BUY,0.0568,0.0568,LSTM P_up=0.50 | Regime=NORMAL
2018-04-30,BUY,0.0414,0.0414,LSTM P_up=0.50 | Regime=NORMAL
2018-05-01,BUY,0.0667,0.0667,LSTM P_up=0.50 | Regime=NORMAL
2018-05-02,BUY,0.0561,0.0561,LSTM P_up=0.50 | Regime=NORMAL
2018-05-03,BUY,0.0408,0.0408,LSTM P_up=0.50 | Regime=NORMAL
2018-05-04,BUY,0.04,0.04,LSTM P_up=0.50 | Regime=BULL
2018-05-07,BUY,0.0447,0.0447,LSTM P_up=0.50 | Regime=BULL
2018-05-08,BUY,0.0418,0.0418,LSTM P_up=0.50 | Regime=BULL
2018-05-09,BUY,0.0643,0.0643,LSTM P_up=0.50 | Regime=BULL
2018-05-10,BUY,0.0661,0.0661,LSTM P_up=0.50 | Regime=BULL
2018-05-11,BUY,0.0655,0.0655,LSTM P_up=0.50 | Regime=BULL
2018-05-14,BUY,0.0615,0.0615,LSTM P_up=0.50 | Regime=BULL
2018-05-15,BUY,0.0372,0.0372,LSTM P_up=0.50 | Regime=BULL
2018-05-16,BUY,0.0446,0.0446,LSTM P_up=0.50 | Regime=BULL
2018-05-17,BUY,0.0433,0.0433,LSTM P_up=0.50 | Regime=BULL
2018-05-18,BUY,0.0384,0.0384,LSTM P_up=0.50 | Regime=BULL
2018-05-21,BUY,0.0452,0.0452,LSTM P_up=0.50 | Regime=BULL
2018-05-22,BUY,0.0566,0.0566,LSTM P_up=0.50 | Regime=BULL
2018-05-23,BUY,0.0563,0.0563,LSTM P_up=0.50 | Regime=BULL
2018-05-24,BUY,0.0572,0.0572,LSTM P_up=0.50 | Regime=BULL
2018-05-25,BUY,0.0467,0.0467,LSTM P_up=0.50 | Regime=BULL
2018-05-29,HOLD,-0.0118,0.0118,LSTM P_up=0.50 | Sentiment falling | Regime=NORMAL
2018-05-30,HOLD,0.0197,0.0197,LSTM P_up=0.50 | Regime=BULL
2018-05-31,HOLD,0.0126,0.0126,LSTM P_up=0.50 | Regime=NORMAL
2018-06-01,BUY,0.0357,0.0357,LSTM P_up=0.50 | Regime=BULL
2018-06-04,BUY,0.0516,0.0516,LSTM P_up=0.50 | Regime=BULL
2018-06-05,BUY,0.0871,0.0871,LSTM P_up=0.50 | Regime=BULL
2018-06-06,BUY,0.0817,0.0817,LSTM P_up=0.50 | Regime=BULL
2018-06-07,BUY,0.0783,0.0783,LSTM P_up=0.50 | Regime=BULL
2018-06-08,BUY,0.0618,0.0618,LSTM P_up=0.50 | Regime=BULL
2018-06-11,BUY,0.0537,0.0537,LSTM P_up=0.50 | Regime=BULL
2018-06-12,BUY,0.0509,0.0509,LSTM P_up=0.50 | Regime=BULL
2018-06-13,BUY,0.0357,0.0357,LSTM P_up=0.50 | Regime=BULL
2018-06-14,BUY,0.051,0.051,LSTM P_up=0.50 | Regime=BULL
2018-06-15,BUY,0.0538,0.0538,LSTM P_up=0.50 | Regime=BULL
2018-06-18,BUY,0.0501,0.0501,LSTM P_up=0.50 | Regime=BULL
2018-06-19,BUY,0.0348,0.0348,LSTM P_up=0.50 | Regime=BULL
2018-06-20,BUY,0.048,0.048,LSTM P_up=0.50 | Regime=BULL
2018-06-21,HOLD,0.0142,0.0142,LSTM P_up=0.50 | Regime=BULL
2018-06-22,HOLD,0.0257,0.0257,LSTM P_up=0.50 | Regime=BULL
2018-06-25,SELL,-0.0277,0.0277,LSTM P_up=0.50 | Sentiment falling | Regime=NORMAL
2018-06-26,HOLD,0.0095,0.0095,LSTM P_up=0.50 | Regime=NORMAL
2018-06-27,SELL,-0.0342,0.0342,LSTM P_up=0.50 | Sentiment falling | Regime=NORMAL
2018-06-28,HOLD,0.0044,0.0044,LSTM P_up=0.50 | Regime=NORMAL
2018-06-29,HOLD,0.0101,0.0101,LSTM P_up=0.50 | Regime=NORMAL
2018-07-02,BUY,0.0543,0.0543,LSTM P_up=0.50 | Regime=NORMAL
2018-07-03,BUY,0.0301,0.0301,LSTM P_up=0.50 | Regime=NORMAL
2018-07-05,BUY,0.0551,0.0551,LSTM P_up=0.50 | Regime=BULL
2018-07-06,BUY,0.0698,0.0698,LSTM P_up=0.50 | Regime=BULL
2018-07-09,BUY,0.0736,0.0736,LSTM P_up=0.50 | Regime=BULL
2018-07-10,BUY,0.0703,0.0703,LSTM P_up=0.50 | Regime=BULL
2018-07-11,BUY,0.0601,0.0601,LSTM P_up=0.50 | Regime=BULL
2018-07-12,BUY,0.0657,0.0657,LSTM P_up=0.50 | Regime=BULL
2018-07-13,BUY,0.0585,0.0585,LSTM P_up=0.50 | Regime=BULL
2018-07-16,BUY,0.044,0.044,LSTM P_up=0.50 | Regime=BULL
2018-07-17,BUY,0.0544,0.0544,LSTM P_up=0.50 | Regime=BULL
2018-07-18,BUY,0.0623,0.0623,LSTM P_up=0.50 | Regime=BULL
2018-07-19,BUY,0.0422,0.0422,LSTM P_up=0.50 | Regime=BULL
2018-07-20,BUY,0.0398,0.0398,LSTM P_up=0.50 | Regime=BULL
2018-07-23,BUY,0.0489,0.0489,LSTM P_up=0.50 | Regime=BULL
2018-07-24,BUY,0.0458,0.0458,LSTM P_up=0.50 | Regime=BULL
2018-07-25,BUY,0.0473,0.0473,LSTM P_up=0.50 | Regime=BULL
2018-07-26,BUY,0.0558,0.0558,LSTM P_up=0.50 | Regime=BULL
2018-07-27,BUY,0.0428,0.0428,LSTM P_up=0.50 | Regime=BULL
2018-07-30,HOLD,0.0235,0.0235,LSTM P_up=0.50 | Regime=BULL
2018-07-31,BUY,0.0421,0.0421,LSTM P_up=0.50 | Regime=BULL
2018-08-01,BUY,0.037,0.037,LSTM P_up=0.50 | Regime=BULL
2018-08-02,BUY,0.0496,0.0496,LSTM P_up=0.50 | Regime=BULL
2018-08-03,BUY,0.0647,0.0647,LSTM P_up=0.50 | Regime=BULL
2018-08-06,BUY,0.0797,0.0797,LSTM P_up=0.50 | Regime=BULL
2018-08-07,BUY,0.0732,0.0732,LSTM P_up=0.50 | Regime=BULL
2018-08-08,BUY,0.0766,0.0766,LSTM P_up=0.50 | Regime=BULL
2018-08-09,BUY,0.063,0.063,LSTM P_up=0.50 | Regime=BULL
2018-08-10,BUY,0.0308,0.0308,LSTM P_up=0.50 | Regime=BULL
2018-08-13,HOLD,0.0045,0.0045,LSTM P_up=0.50 | Sentiment falling | Regime=BULL
2018-08-14,HOLD,0.0229,0.0229,LSTM P_up=0.50 | Regime=BULL
2018-08-15,HOLD,0.0029,0.0029,LSTM P_up=0.50 | Sentiment falling | Regime=BULL
2018-08-16,HOLD,0.0233,0.0233,LSTM P_up=0.50 | Regime=BULL
2018-08-17,BUY,0.0505,0.0505,LSTM P_up=0.50 | Regime=BULL
2018-08-20,BUY,0.0651,0.0651,LSTM P_up=0.50 | Regime=BULL
2018-08-21,BUY,0.0482,0.0482,LSTM P_up=0.50 | Regime=BULL
2018-08-22,BUY,0.0674,0.0674,LSTM P_up=0.50 | Regime=BULL
2018-08-23,BUY,0.0555,0.0555,LSTM P_up=0.50 | Regime=BULL
2018-08-24,BUY,0.0548,0.0548,LSTM P_up=0.50 | Regime=BULL
2018-08-27,BUY,0.051,0.051,LSTM P_up=0.50 | Regime=BULL
2018-08-28,BUY,0.0494,0.0494,LSTM P_up=0.50 | Regime=BULL
2018-08-29,BUY,0.0483,0.0483,LSTM P_up=0.50 | Regime=BULL
2018-08-30,BUY,0.031,0.031,LSTM P_up=0.50 | Regime=BULL
2018-08-31,BUY,0.0376,0.0376,LSTM P_up=0.50 | Regime=BULL
2018-09-04,BUY,0.0347,0.0347,LSTM P_up=0.50 | Regime=BULL
2018-09-05,HOLD,0.0265,0.0265,LSTM P_up=0.50 | Regime=BULL
2018-09-06,HOLD,0.0138,0.0138,LSTM P_up=0.50 | Regime=BULL
2018-09-07,HOLD,0.0205,0.0205,LSTM P_up=0.50 | Regime=BULL
2018-09-10,HOLD,0.0254,0.0254,LSTM P_up=0.50 | Regime=BULL
2018-09-11,BUY,0.0415,0.0415,LSTM P_up=0.50 | Regime=BULL
2018-09-12,BUY,0.0488,0.0488,LSTM P_up=0.50 | Regime=BULL
2018-09-13,BUY,0.0656,0.0656,LSTM P_up=0.50 | Regime=BULL
2018-09-14,BUY,0.0718,0.0718,LSTM P_up=0.50 | Regime=BULL
2018-09-17,BUY,0.0427,0.0427,LSTM P_up=0.50 | Regime=BULL
2018-09-18,BUY,0.0485,0.0485,LSTM P_up=0.50 | Regime=BULL
2018-09-19,BUY,0.0633,0.0633,LSTM P_up=0.50 | Regime=BULL
2018-09-20,BUY,0.0563,0.0563,LSTM P_up=0.50 | Regime=BULL
2018-09-21,BUY,0.0557,0.0557,LSTM P_up=0.50 | Regime=BULL
2018-09-24,BUY,0.0609,0.0609,LSTM P_up=0.50 | Regime=BULL
2018-09-25,BUY,0.0508,0.0508,LSTM P_up=0.50 | Regime=BULL
2018-09-26,BUY,0.0352,0.0352,LSTM P_up=0.50 | Regime=BULL
2018-09-27,BUY,0.0425,0.0425,LSTM P_up=0.50 | Regime=BULL
2018-09-28,BUY,0.0459,0.0459,LSTM P_up=0.50 | Regime=BULL
2018-10-01,BUY,0.0522,0.0522,LSTM P_up=0.50 | Regime=BULL
2018-10-02,BUY,0.0527,0.0527,LSTM P_up=0.50 | Regime=BULL
2018-10-03,BUY,0.0638,0.0638,LSTM P_up=0.50 | Regime=BULL
2018-10-04,HOLD,0.0224,0.0224,LSTM P_up=0.50 | Regime=BULL
2018-10-05,HOLD,0.0117,0.0117,LSTM P_up=0.50 | Regime=BULL
2018-10-08,HOLD,0.0003,0.0003,LSTM P_up=0.50 | Sentiment falling | Regime=NORMAL
2018-10-09,HOLD,-0.0045,0.0045,LSTM P_up=0.50 | Sentiment falling | Regime=NORMAL
2018-10-10,SELL,-0.1266,0.1266,LSTM P_up=0.50 | Sentiment falling | Regime=RISK_OFF
2018-10-11,SELL,-0.1453,0.1453,LSTM P_up=0.50 | Sentiment falling | Regime=RISK_OFF
2018-10-12,SELL,-0.0779,0.0779,LSTM P_up=0.50 | Sentiment falling | Regime=NORMAL
2018-10-15,SELL,-0.0688,0.0688,LSTM P_up=0.50 | Sentiment falling | Regime=NORMAL
2018-10-16,HOLD,0.0024,0.0024,LSTM P_up=0.50 | Regime=NORMAL
2018-10-17,BUY,0.0769,0.0769,LSTM P_up=0.50 | Regime=NORMAL
2018-10-18,BUY,0.0472,0.0472,LSTM P_up=0.50 | Regime=NORMAL
2018-10-19,HOLD,0.0133,0.0133,LSTM P_up=0.50 | Regime=NORMAL
2018-10-22,HOLD,0.0178,0.0178,LSTM P_up=0.50 | Regime=NORMAL
2018-10-23,SELL,-0.039,0.039,LSTM P_up=0.50 | Sentiment falling | Regime=NORMAL
2018-10-24,SELL,-0.1264,0.1264,LSTM P_up=0.50 | Sentiment falling | High VIX | Regime=RISK_OFF
2018-10-25,SELL,-0.0804,0.0804,LSTM P_up=0.50 | Sentiment falling | Regime=RISK_OFF
2018-10-26,SELL,-0.0812,0.0812,LSTM P_up=0.50 | Sentiment falling | Regime=RISK_OFF
2018-10-29,SELL,-0.0938,0.0938,LSTM P_up=0.50 | Sentiment falling | Regime=RISK_OFF
2018-10-30,SELL,-0.0576,0.0576,LSTM P_up=0.50 | Regime=RISK_OFF
2018-10-31,HOLD,0.0273,0.0273,LSTM P_up=0.50 | Regime=NORMAL
2018-11-01,BUY,0.0531,0.0531,LSTM P_up=0.50 | Regime=NORMAL
2018-11-02,BUY,0.0495,0.0495,LSTM P_up=0.50 | Regime=NORMAL
2018-11-05,BUY,0.046,0.046,LSTM P_up=0.50 | Regime=NORMAL
2018-11-06,BUY,0.0335,0.0335,LSTM P_up=0.50 | Regime=NORMAL
2018-11-07,BUY,0.0782,0.0782,LSTM P_up=0.50 | Regime=NORMAL
2018-11-08,BUY,0.0526,0.0526,LSTM P_up=0.50 | Regime=NORMAL
2018-11-09,BUY,0.0421,0.0421,LSTM P_up=0.50 | Regime=NORMAL
2018-11-12,HOLD,-0.0113,0.0113,LSTM P_up=0.50 | Regime=NORMAL
2018-11-13,HOLD,-0.0038,0.0038,LSTM P_up=0.50 | Regime=NORMAL
2018-11-14,SELL,-0.0621,0.0621,LSTM P_up=0.50 | Sentiment falling | Regime=NORMAL
2018-11-15,SELL,-0.0349,0.0349,LSTM P_up=0.50 | Sentiment falling | Regime=NORMAL
2018-11-16,HOLD,0.0064,0.0064,LSTM P_up=0.50 | Regime=NORMAL
2018-11-19,HOLD,0.0005,0.0005,LSTM P_up=0.50 | Regime=NORMAL
2018-11-20,SELL,-0.0484,0.0484,LSTM P_up=0.50 | Regime=RISK_OFF
2018-11-21,HOLD,-0.005,0.005,LSTM P_up=0.50 | Regime=NORMAL
2018-11-23,SELL,-0.0314,0.0314,LSTM P_up=0.50 | Regime=NORMAL
2018-11-26,HOLD,-0.0009,0.0009,LSTM P_up=0.50 | Regime=NORMAL
2018-11-27,HOLD,0.0165,0.0165,LSTM P_up=0.50 | Regime=NORMAL
2018-11-28,BUY,0.0506,0.0506,LSTM P_up=0.50 | Regime=NORMAL
2018-11-29,HOLD,0.0276,0.0276,LSTM P_up=0.50 | Regime=NORMAL
2018-11-30,BUY,0.0481,0.0481,LSTM P_up=0.50 | Regime=NORMAL
2018-12-03,BUY,0.0512,0.0512,LSTM P_up=0.50 | Regime=NORMAL
2018-12-04,SELL,-0.029,0.029,LSTM P_up=0.50 | Regime=NORMAL
2018-12-06,SELL,-0.0425,0.0425,LSTM P_up=0.50 | Regime=NORMAL
2018-12-07,SELL,-0.0776,0.0776,LSTM P_up=0.50 | Sentiment falling | Regime=RISK_OFF
2018-12-10,SELL,-0.0737,0.0737,LSTM P_up=0.50 | Sentiment falling | Regime=RISK_OFF
2018-12-11,SELL,-0.0739,0.0739,LSTM P_up=0.50 | Sentiment falling | Regime=NORMAL
2018-12-12,HOLD,-0.0247,0.0247,LSTM P_up=0.50 | Regime=NORMAL
2018-12-13,HOLD,-0.0046,0.0046,LSTM P_up=0.50 | Regime=NORMAL
2018-12-14,HOLD,-0.0026,0.0026,LSTM P_up=0.50 | Regime=NORMAL
2018-12-17,SELL,-0.0626,0.0626,LSTM P_up=0.50 | Regime=RISK_OFF
2018-12-18,SELL,-0.0911,0.0911,LSTM P_up=0.50 | Sentiment falling | High VIX | Regime=RISK_OFF
2018-12-19,SELL,-0.0947,0.0947,LSTM P_up=0.50 | Sentiment falling | High VIX | Regime=RISK_OFF
2018-12-20,SELL,-0.1928,0.1928,LSTM P_up=0.50 | Sentiment falling | High VIX | Regime=CRISIS
2018-12-21,SELL,-0.2208,0.2208,LSTM P_up=0.50 | Negative sentiment | Sentiment falling | High VIX | Regime=CRISIS
2018-12-24,RISK_ALERT,-0.3148,0.3148,VIX spike | Sentiment crash | LSTM P_up=0.50 | Negative sentiment | Sentiment falling | High VIX | Regime=CRISIS
2018-12-26,SELL,-0.1937,0.1937,LSTM P_up=0.50 | Negative sentiment | Sentiment falling | High VIX | Regime=CRISIS
2018-12-27,SELL,-0.1833,0.1833,LSTM P_up=0.50 | Negative sentiment | Sentiment falling | High VIX | Regime=CRISIS
2018-12-28,SELL,-0.1258,0.1258,LSTM P_up=0.50 | High VIX | Regime=CRISIS
2018-12-31,HOLD,-0.0038,0.0038,LSTM P_up=0.50 | High VIX | Regime=RISK_OFF
2019-01-02,BUY,0.0675,0.0675,LSTM P_up=0.50 | Regime=RISK_OFF
2019-01-03,HOLD,-0.0022,0.0022,LSTM P_up=0.50 | High VIX | Regime=RISK_OFF
2019-01-04,BUY,0.0696,0.0696,LSTM P_up=0.50 | Regime=NORMAL
2019-01-07,BUY,0.0531,0.0531,LSTM P_up=0.50 | Regime=NORMAL
2019-01-08,BUY,0.0409,0.0409,LSTM P_up=0.50 | Regime=NORMAL
2019-01-09,HOLD,0.0287,0.0287,LSTM P_up=0.50 | Regime=NORMAL
2019-01-10,BUY,0.06,0.06,LSTM P_up=0.50 | Regime=NORMAL
2019-01-11,BUY,0.0434,0.0434,LSTM P_up=0.50 | Regime=NORMAL
2019-01-14,HOLD,0.0275,0.0275,LSTM P_up=0.50 | Regime=NORMAL
2019-01-15,HOLD,0.0272,0.0272,LSTM P_up=0.50 | Regime=NORMAL
2019-01-16,HOLD,0.0139,0.0139,LSTM P_up=0.50 | Regime=NORMAL
2019-01-17,HOLD,0.0277,0.0277,LSTM P_up=0.50 | Regime=NORMAL
2019-01-18,HOLD,0.0191,0.0191,LSTM P_up=0.50 | Regime=NORMAL
2019-01-22,SELL,-0.0286,0.0286,LSTM P_up=0.50 | Regime=NORMAL
2019-01-23,HOLD,-0.0089,0.0089,LSTM P_up=0.50 | Regime=NORMAL
2019-01-24,HOLD,0.0069,0.0069,LSTM P_up=0.50 | Regime=NORMAL
2019-01-25,HOLD,0.0247,0.0247,LSTM P_up=0.50 | Regime=NORMAL
2019-01-28,HOLD,-0.0053,0.0053,LSTM P_up=0.50 | Regime=NORMAL
2019-01-29,HOLD,0.02,0.02,LSTM P_up=0.50 | Regime=NORMAL
2019-01-30,BUY,0.0352,0.0352,LSTM P_up=0.50 | Regime=NORMAL
2019-01-31,BUY,0.0493,0.0493,LSTM P_up=0.50 | Regime=NORMAL
2019-02-01,BUY,0.0427,0.0427,LSTM P_up=0.50 | Regime=NORMAL
2019-02-04,BUY,0.0653,0.0653,LSTM P_up=0.50 | Regime=NORMAL
2019-02-05,BUY,0.0705,0.0705,LSTM P_up=0.50 | Regime=NORMAL
2019-02-06,BUY,0.0593,0.0593,LSTM P_up=0.50 | Regime=NORMAL
2019-02-07,HOLD,0.0297,0.0297,LSTM P_up=0.50 | Regime=NORMAL
2019-02-08,BUY,0.0377,0.0377,LSTM P_up=0.50 | Regime=NORMAL
2019-02-11,HOLD,0.0288,0.0288,LSTM P_up=0.50 | Regime=NORMAL
2019-02-12,BUY,0.0375,0.0375,LSTM P_up=0.50 | Regime=NORMAL
2019-02-13,BUY,0.0315,0.0315,LSTM P_up=0.50 | Regime=NORMAL
2019-02-14,BUY,0.0303,0.0303,LSTM P_up=0.50 | Regime=NORMAL
2019-02-15,BUY,0.0364,0.0364,LSTM P_up=0.50 | Regime=BULL
2019-02-19,BUY,0.039,0.039,LSTM P_up=0.50 | Regime=BULL
2019-02-20,BUY,0.0472,0.0472,LSTM P_up=0.50 | Regime=BULL
2019-02-21,BUY,0.0427,0.0427,LSTM P_up=0.50 | Regime=BULL
2019-02-22,BUY,0.0611,0.0611,LSTM P_up=0.50 | Regime=BULL
2019-02-25,BUY,0.0311,0.0311,LSTM P_up=0.50 | Regime=BULL
2019-02-26,BUY,0.0351,0.0351,LSTM P_up=0.50 | Regime=NORMAL
2019-02-27,HOLD,0.0265,0.0265,LSTM P_up=0.50 | Regime=BULL
2019-02-28,HOLD,0.0292,0.0292,LSTM P_up=0.50 | Regime=BULL
2019-03-01,BUY,0.0391,0.0391,LSTM P_up=0.50 | Regime=BULL
2019-03-04,BUY,0.0339,0.0339,LSTM P_up=0.50 | Regime=BULL
2019-03-05,BUY,0.0349,0.0349,LSTM P_up=0.50 | Regime=BULL
2019-03-06,HOLD,0.0228,0.0228,LSTM P_up=0.50 | Regime=NORMAL
2019-03-07,HOLD,0.0076,0.0076,LSTM P_up=0.50 | Regime=NORMAL
2019-03-08,HOLD,0.0057,0.0057,LSTM P_up=0.50 | Regime=NORMAL
2019-03-11,BUY,0.0365,0.0365,LSTM P_up=0.50 | Regime=BULL
2019-03-12,BUY,0.0454,0.0454,LSTM P_up=0.50 | Regime=BULL
2019-03-13,BUY,0.0586,0.0586,LSTM P_up=0.50 | Regime=BULL
2019-03-14,BUY,0.0642,0.0642,LSTM P_up=0.50 | Regime=BULL
2019-03-15,BUY,0.0688,0.0688,LSTM P_up=0.50 | Regime=BULL
2019-03-18,BUY,0.0517,0.0517,LSTM P_up=0.50 | Regime=BULL
2019-03-19,BUY,0.0405,0.0405,LSTM P_up=0.50 | Regime=BULL
2019-03-20,BUY,0.0325,0.0325,LSTM P_up=0.50 | Regime=BULL
2019-03-21,BUY,0.0371,0.0371,LSTM P_up=0.50 | Regime=BULL
2019-03-22,HOLD,-0.0101,0.0101,LSTM P_up=0.50 | Sentiment falling | Regime=NORMAL
2019-03-25,HOLD,-0.0043,0.0043,LSTM P_up=0.50 | Sentiment falling | Regime=NORMAL
2019-03-26,HOLD,0.0229,0.0229,LSTM P_up=0.50 | Regime=BULL
2019-03-27,HOLD,0.0259,0.0259,LSTM P_up=0.50 | Regime=NORMAL
2019-03-28,HOLD,0.0269,0.0269,LSTM P_up=0.50 | Regime=BULL
2019-03-29,BUY,0.0599,0.0599,LSTM P_up=0.50 | Regime=BULL
2019-04-01,BUY,0.0635,0.0635,LSTM P_up=0.50 | Regime=BULL
2019-04-02,BUY,0.0511,0.0511,LSTM P_up=0.50 | Regime=BULL
2019-04-03,BUY,0.0495,0.0495,LSTM P_up=0.50 | Regime=BULL
2019-04-04,BUY,0.0459,0.0459,LSTM P_up=0.50 | Regime=BULL
2019-04-05,BUY,0.0508,0.0508,LSTM P_up=0.50 | Regime=BULL
2019-04-08,BUY,0.0432,0.0432,LSTM P_up=0.50 | Regime=BULL
2019-04-09,HOLD,0.027,0.027,LSTM P_up=0.50 | Regime=BULL
2019-04-10,BUY,0.0443,0.0443,LSTM P_up=0.50 | Regime=BULL
2019-04-11,BUY,0.047,0.047,LSTM P_up=0.50 | Regime=BULL
2019-04-12,BUY,0.0555,0.0555,LSTM P_up=0.50 | Regime=BULL
2019-04-15,BUY,0.0538,0.0538,LSTM P_up=0.50 | Regime=BULL
2019-04-16,BUY,0.0652,0.0652,LSTM P_up=0.50 | Regime=BULL
2019-04-17,BUY,0.0512,0.0512,LSTM P_up=0.50 | Regime=BULL
2019-04-18,BUY,0.0564,0.0564,LSTM P_up=0.50 | Regime=BULL
2019-04-22,BUY,0.0438,0.0438,LSTM P_up=0.50 | Regime=BULL
2019-04-23,BUY,0.0483,0.0483,LSTM P_up=0.50 | Regime=BULL
2019-04-24,BUY,0.0347,0.0347,LSTM P_up=0.50 | Regime=BULL
2019-04-25,BUY,0.0365,0.0365,LSTM P_up=0.50 | Regime=BULL
2019-04-26,BUY,0.0402,0.0402,LSTM P_up=0.50 | Regime=BULL
2019-04-29,BUY,0.0375,0.0375,LSTM P_up=0.50 | Regime=BULL
2019-04-30,BUY,0.0362,0.0362,LSTM P_up=0.50 | Regime=BULL
2019-05-01,HOLD,0.0183,0.0183,LSTM P_up=0.50 | Regime=BULL
2019-05-02,HOLD,0.0246,0.0246,LSTM P_up=0.50 | Regime=BULL
2019-05-03,BUY,0.043,0.043,LSTM P_up=0.50 | Regime=BULL
2019-05-06,HOLD,0.0131,0.0131,LSTM P_up=0.50 | Regime=NORMAL
2019-05-07,SELL,-0.0602,0.0602,LSTM P_up=0.50 | Sentiment falling | Regime=NORMAL
2019-05-08,SELL,-0.0444,0.0444,LSTM P_up=0.50 | Sentiment falling | Regime=NORMAL
2019-05-09,SELL,-0.0426,0.0426,LSTM P_up=0.50 | Sentiment falling | Regime=NORMAL
2019-05-10,HOLD,-0.0004,0.0004,LSTM P_up=0.50 | Sentiment falling | Regime=NORMAL
2019-05-13,SELL,-0.059,0.059,LSTM P_up=0.50 | Sentiment falling | Regime=NORMAL
2019-05-14,HOLD,0.0265,0.0265,LSTM P_up=0.50 | Regime=NORMAL
2019-05-15,BUY,0.0574,0.0574,LSTM P_up=0.50 | Regime=NORMAL
2019-05-16,BUY,0.0758,0.0758,LSTM P_up=0.50 | Regime=NORMAL
2019-05-17,BUY,0.0324,0.0324,LSTM P_up=0.50 | Regime=NORMAL
2019-05-20,BUY,0.0712,0.0712,LSTM P_up=0.50 | Regime=NORMAL
2019-05-21,BUY,0.055,0.055,LSTM P_up=0.50 | Regime=BULL
2019-05-22,BUY,0.0448,0.0448,LSTM P_up=0.50 | Regime=BULL
2019-05-23,HOLD,0.0069,0.0069,LSTM P_up=0.50 | Regime=NORMAL
2019-05-24,BUY,0.0331,0.0331,LSTM P_up=0.50 | Regime=NORMAL
2019-05-28,HOLD,0.0053,0.0053,LSTM P_up=0.50 | Regime=NORMAL
2019-05-29,HOLD,-0.0154,0.0154,LSTM P_up=0.50 | Regime=NORMAL
2019-05-30,HOLD,-0.0062,0.0062,LSTM P_up=0.50 | Regime=NORMAL
2019-05-31,HOLD,-0.0103,0.0103,LSTM P_up=0.50 | Regime=NORMAL
2019-06-03,HOLD,-0.0226,0.0226,LSTM P_up=0.50 | Sentiment falling | Regime=NORMAL
2019-06-04,HOLD,0.0291,0.0291,LSTM P_up=0.50 | Regime=NORMAL
2019-06-05,BUY,0.0506,0.0506,LSTM P_up=0.50 | Regime=NORMAL
2019-06-06,BUY,0.0466,0.0466,LSTM P_up=0.50 | Regime=NORMAL
2019-06-07,BUY,0.0538,0.0538,LSTM P_up=0.50 | Regime=NORMAL
2019-06-10,BUY,0.0622,0.0622,LSTM P_up=0.50 | Regime=NORMAL
2019-06-11,BUY,0.0418,0.0418,LSTM P_up=0.50 | Regime=NORMAL
2019-06-12,BUY,0.0351,0.0351,LSTM P_up=0.50 | Regime=NORMAL
2019-06-13,BUY,0.0356,0.0356,LSTM P_up=0.50 | Regime=NORMAL
2019-06-14,BUY,0.049,0.049,LSTM P_up=0.50 | Regime=NORMAL
2019-06-17,BUY,0.0437,0.0437,LSTM P_up=0.50 | Regime=NORMAL
2019-06-18,BUY,0.0473,0.0473,LSTM P_up=0.50 | Regime=NORMAL
2019-06-19,BUY,0.0484,0.0484,LSTM P_up=0.50 | Regime=BULL
2019-06-20,BUY,0.0416,0.0416,LSTM P_up=0.50 | Regime=BULL
2019-06-21,BUY,0.0375,0.0375,LSTM P_up=0.50 | Regime=NORMAL
2019-06-24,BUY,0.0409,0.0409,LSTM P_up=0.50 | Regime=NORMAL
2019-06-25,HOLD,0.0195,0.0195,LSTM P_up=0.50 | Regime=NORMAL
2019-06-26,HOLD,0.0125,0.0125,LSTM P_up=0.50 | Regime=NORMAL
2019-06-27,HOLD,0.0238,0.0238,LSTM P_up=0.50 | Regime=NORMAL
2019-06-28,BUY,0.0438,0.0438,LSTM P_up=0.50 | Regime=NORMAL
2019-07-01,BUY,0.0465,0.0465,LSTM P_up=0.50 | Regime=BULL
2019-07-02,BUY,0.0706,0.0706,LSTM P_up=0.50 | Regime=BULL
2019-07-03,BUY,0.0749,0.0749,LSTM P_up=0.50 | Regime=BULL
2019-07-05,BUY,0.0613,0.0613,LSTM P_up=0.50 | Regime=BULL
2019-07-08,BUY,0.0455,0.0455,LSTM P_up=0.50 | Regime=BULL
2019-07-09,BUY,0.0352,0.0352,LSTM P_up=0.50 | Regime=BULL
2019-07-10,BUY,0.0428,0.0428,LSTM P_up=0.50 | Regime=BULL
2019-07-11,BUY,0.0418,0.0418,LSTM P_up=0.50 | Regime=BULL
2019-07-12,BUY,0.0553,0.0553,LSTM P_up=0.50 | Regime=BULL
2019-07-15,BUY,0.0563,0.0563,LSTM P_up=0.50 | Regime=BULL
2019-07-16,BUY,0.0547,0.0547,LSTM P_up=0.50 | Regime=BULL
2019-07-17,HOLD,0.0297,0.0297,LSTM P_up=0.50 | Regime=BULL
2019-07-18,BUY,0.0359,0.0359,LSTM P_up=0.50 | Regime=BULL
2019-07-19,HOLD,0.0179,0.0179,LSTM P_up=0.50 | Regime=BULL
2019-07-22,BUY,0.0336,0.0336,LSTM P_up=0.50 | Regime=BULL
2019-07-23,BUY,0.0484,0.0484,LSTM P_up=0.50 | Regime=BULL
2019-07-24,BUY,0.0647,0.0647,LSTM P_up=0.50 | Regime=BULL
2019-07-25,BUY,0.0514,0.0514,LSTM P_up=0.50 | Regime=BULL
2019-07-26,BUY,0.0672,0.0672,LSTM P_up=0.50 | Regime=BULL
2019-07-29,BUY,0.05,0.05,LSTM P_up=0.50 | Regime=BULL
2019-07-30,HOLD,0.0266,0.0266,LSTM P_up=0.50 | Regime=BULL
2019-07-31,HOLD,-0.0115,0.0115,LSTM P_up=0.50 | Sentiment falling | Regime=NORMAL
2019-08-01,SELL,-0.0368,0.0368,LSTM P_up=0.50 | Sentiment falling | Regime=NORMAL
2019-08-02,SELL,-0.0383,0.0383,LSTM P_up=0.50 | Sentiment falling | Regime=NORMAL
2019-08-05,SELL,-0.1445,0.1445,LSTM P_up=0.50 | Sentiment falling | Regime=RISK_OFF
2019-08-06,SELL,-0.0687,0.0687,LSTM P_up=0.50 | Sentiment falling | Regime=NORMAL
2019-08-07,SELL,-0.0343,0.0343,LSTM P_up=0.50 | Sentiment falling | Regime=NORMAL
2019-08-08,BUY,0.0311,0.0311,LSTM P_up=0.50 | Regime=NORMAL
2019-08-09,HOLD,0.0089,0.0089,LSTM P_up=0.50 | Regime=NORMAL
2019-08-12,HOLD,0.0194,0.0194,LSTM P_up=0.50 | Regime=NORMAL
2019-08-13,BUY,0.0411,0.0411,LSTM P_up=0.50 | Regime=NORMAL
2019-08-14,SELL,-0.0518,0.0518,LSTM P_up=0.50 | Regime=RISK_OFF
2019-08-15,SELL,-0.0597,0.0597,LSTM P_up=0.50 | Sentiment falling | Regime=NORMAL
2019-08-16,HOLD,0.0023,0.0023,LSTM P_up=0.50 | Regime=NORMAL
2019-08-19,BUY,0.0633,0.0633,LSTM P_up=0.50 | Regime=NORMAL
2019-08-20,HOLD,0.0156,0.0156,LSTM P_up=0.50 | Regime=NORMAL
2019-08-21,BUY,0.0928,0.0928,LSTM P_up=0.50 | Regime=NORMAL
2019-08-22,BUY,0.0667,0.0667,LSTM P_up=0.50 | Regime=NORMAL
2019-08-23,HOLD,-0.0202,0.0202,LSTM P_up=0.50 | Regime=NORMAL
2019-08-26,SELL,-0.026,0.026,LSTM P_up=0.50 | Regime=NORMAL
2019-08-27,SELL,-0.0391,0.0391,LSTM P_up=0.50 | Yield inversion | Regime=NORMAL
2019-08-28,SELL,-0.0379,0.0379,LSTM P_up=0.50 | Sentiment falling | Yield inversion | Regime=NORMAL
2019-08-29,HOLD,-0.0015,0.0015,LSTM P_up=0.50 | Yield inversion | Regime=NORMAL
2019-08-30,HOLD,0.0103,0.0103,LSTM P_up=0.50 | Regime=NORMAL
2019-09-03,HOLD,-0.0079,0.0079,LSTM P_up=0.50 | Regime=NORMAL
2019-09-04,BUY,0.0465,0.0465,LSTM P_up=0.50 | Regime=NORMAL
2019-09-05,BUY,0.0563,0.0563,LSTM P_up=0.50 | Regime=NORMAL
2019-09-06,BUY,0.0654,0.0654,LSTM P_up=0.50 | Regime=NORMAL
2019-09-09,BUY,0.072,0.072,LSTM P_up=0.50 | Regime=NORMAL
2019-09-10,BUY,0.0801,0.0801,LSTM P_up=0.50 | Regime=NORMAL
2019-09-11,BUY,0.0527,0.0527,LSTM P_up=0.50 | Regime=BULL
2019-09-12,BUY,0.0499,0.0499,LSTM P_up=0.50 | Regime=BULL
2019-09-13,BUY,0.0472,0.0472,LSTM P_up=0.50 | Regime=BULL
2019-09-16,BUY,0.0358,0.0358,LSTM P_up=0.50 | Regime=BULL
2019-09-17,BUY,0.0384,0.0384,LSTM P_up=0.50 | Regime=BULL
2019-09-18,BUY,0.04,0.04,LSTM P_up=0.50 | Regime=BULL
2019-09-19,BUY,0.0357,0.0357,LSTM P_up=0.50 | Regime=BULL
2019-09-20,HOLD,0.0187,0.0187,LSTM P_up=0.50 | Regime=NORMAL
2019-09-23,HOLD,0.0267,0.0267,LSTM P_up=0.50 | Regime=BULL
2019-09-24,HOLD,-0.007,0.007,LSTM P_up=0.50 | Regime=NORMAL
2019-09-25,HOLD,0.0087,0.0087,LSTM P_up=0.50 | Regime=NORMAL
2019-09-26,HOLD,0.0075,0.0075,LSTM P_up=0.50 | Regime=NORMAL
2019-09-27,HOLD,-0.001,0.001,LSTM P_up=0.50 | Regime=NORMAL
2019-09-30,HOLD,0.0131,0.0131,LSTM P_up=0.50 | Regime=NORMAL
2019-10-01,HOLD,-0.0082,0.0082,LSTM P_up=0.50 | Regime=NORMAL
2019-10-02,SELL,-0.056,0.056,LSTM P_up=0.50 | Sentiment falling | Regime=NORMAL
2019-10-03,SELL,-0.0273,0.0273,LSTM P_up=0.50 | Sentiment falling | Regime=NORMAL
2019-10-04,HOLD,0.0226,0.0226,LSTM P_up=0.50 | Regime=NORMAL
2019-10-07,HOLD,-0.003,0.003,LSTM P_up=0.50 | Regime=NORMAL
2019-10-08,HOLD,-0.0247,0.0247,LSTM P_up=0.50 | Regime=NORMAL
2019-10-09,HOLD,0.026,0.026,LSTM P_up=0.50 | Regime=NORMAL
2019-10-10,BUY,0.0321,0.0321,LSTM P_up=0.50 | Regime=NORMAL
2019-10-11,BUY,0.0484,0.0484,LSTM P_up=0.50 | Regime=NORMAL
2019-10-14,BUY,0.0583,0.0583,LSTM P_up=0.50 | Regime=BULL
2019-10-15,BUY,0.093,0.093,LSTM P_up=0.50 | Regime=BULL
2019-10-16,BUY,0.078,0.078,LSTM P_up=0.50 | Regime=BULL
2019-10-17,BUY,0.0677,0.0677,LSTM P_up=0.50 | Regime=BULL
2019-10-18,BUY,0.0454,0.0454,LSTM P_up=0.50 | Regime=BULL
2019-10-21,BUY,0.041,0.041,LSTM P_up=0.50 | Regime=BULL
2019-10-22,HOLD,0.026,0.026,LSTM P_up=0.50 | Regime=BULL
2019-10-23,BUY,0.0338,0.0338,LSTM P_up=0.50 | Regime=BULL
2019-10-24,BUY,0.0391,0.0391,LSTM P_up=0.50 | Regime=BULL
2019-10-25,BUY,0.0578,0.0578,LSTM P_up=0.50 | Regime=BULL
2019-10-28,BUY,0.0497,0.0497,LSTM P_up=0.50 | Regime=BULL
2019-10-29,BUY,0.0519,0.0519,LSTM P_up=0.50 | Regime=BULL
2019-10-30,BUY,0.0606,0.0606,LSTM P_up=0.50 | Regime=BULL
2019-10-31,BUY,0.0453,0.0453,LSTM P_up=0.50 | Regime=BULL
2019-11-01,BUY,0.0501,0.0501,LSTM P_up=0.50 | Regime=BULL
2019-11-04,BUY,0.0464,0.0464,LSTM P_up=0.50 | Regime=BULL
2019-11-05,BUY,0.0437,0.0437,LSTM P_up=0.50 | Regime=BULL
2019-11-06,BUY,0.0433,0.0433,LSTM P_up=0.50 | Regime=BULL
2019-11-07,BUY,0.0494,0.0494,LSTM P_up=0.50 | Regime=BULL
2019-11-08,BUY,0.0519,0.0519,LSTM P_up=0.50 | Regime=BULL
2019-11-11,BUY,0.0471,0.0471,LSTM P_up=0.50 | Regime=BULL
2019-11-12,BUY,0.0494,0.0494,LSTM P_up=0.50 | Regime=BULL
2019-11-13,BUY,0.0408,0.0408,LSTM P_up=0.50 | Regime=BULL
2019-11-14,BUY,0.0408,0.0408,LSTM P_up=0.50 | Regime=BULL
2019-11-15,BUY,0.0499,0.0499,LSTM P_up=0.50 | Regime=BULL
2019-11-18,BUY,0.0486,0.0486,LSTM P_up=0.50 | Regime=BULL
2019-11-19,BUY,0.0425,0.0425,LSTM P_up=0.50 | Regime=BULL
2019-11-20,BUY,0.046,0.046,LSTM P_up=0.50 | Regime=BULL
2019-11-21,BUY,0.0413,0.0413,LSTM P_up=0.50 | Regime=BULL
2019-11-22,BUY,0.0446,0.0446,LSTM P_up=0.50 | Regime=BULL
2019-11-25,BUY,0.0546,0.0546,LSTM P_up=0.50 | Regime=BULL
2019-11-26,BUY,0.0627,0.0627,LSTM P_up=0.50 | Regime=BULL
2019-11-27,BUY,0.0587,0.0587,LSTM P_up=0.50 | Regime=BULL
2019-11-29,BUY,0.0493,0.0493,LSTM P_up=0.50 | Regime=BULL
2019-12-02,HOLD,0.0105,0.0105,LSTM P_up=0.50 | Regime=BULL
2019-12-03,HOLD,-0.0093,0.0093,LSTM P_up=0.50 | Sentiment falling | Regime=NORMAL
2019-12-04,HOLD,0.0053,0.0053,LSTM P_up=0.50 | Sentiment falling | Regime=BULL
2019-12-05,HOLD,0.0114,0.0114,LSTM P_up=0.50 | Regime=BULL
2019-12-06,BUY,0.0315,0.0315,LSTM P_up=0.50 | Regime=BULL
2019-12-09,HOLD,0.0232,0.0232,LSTM P_up=0.50 | Regime=NORMAL
2019-12-10,BUY,0.0371,0.0371,LSTM P_up=0.50 | Regime=NORMAL
2019-12-11,HOLD,0.0284,0.0284,LSTM P_up=0.50 | Regime=BULL
2019-12-12,BUY,0.0422,0.0422,LSTM P_up=0.50 | Regime=BULL
2019-12-13,BUY,0.0536,0.0536,LSTM P_up=0.50 | Regime=BULL
2019-12-16,BUY,0.079,0.079,LSTM P_up=0.50 | Regime=BULL
2019-12-17,BUY,0.0757,0.0757,LSTM P_up=0.50 | Regime=BULL
2019-12-18,BUY,0.0664,0.0664,LSTM P_up=0.50 | Regime=BULL
2019-12-19,BUY,0.0593,0.0593,LSTM P_up=0.50 | Regime=BULL
2019-12-20,BUY,0.0485,0.0485,LSTM P_up=0.50 | Regime=BULL
2019-12-23,BUY,0.0431,0.0431,LSTM P_up=0.50 | Regime=BULL
2019-12-24,BUY,0.0433,0.0433,LSTM P_up=0.50 | Regime=BULL
2019-12-26,BUY,0.0457,0.0457,LSTM P_up=0.50 | Regime=BULL
2019-12-27,BUY,0.0341,0.0341,LSTM P_up=0.50 | Regime=BULL
2019-12-30,HOLD,0.0145,0.0145,LSTM P_up=0.50 | Regime=BULL
2019-12-31,BUY,0.0306,0.0306,LSTM P_up=0.50 | Regime=BULL
2020-01-02,BUY,0.0495,0.0495,LSTM P_up=0.50 | Regime=BULL
2020-01-03,HOLD,0.0265,0.0265,LSTM P_up=0.50 | Regime=BULL
2020-01-06,BUY,0.0352,0.0352,LSTM P_up=0.50 | Regime=BULL
2020-01-07,BUY,0.0475,0.0475,LSTM P_up=0.50 | Regime=BULL
2020-01-08,BUY,0.0441,0.0441,LSTM P_up=0.50 | Regime=BULL
2020-01-09,BUY,0.0465,0.0465,LSTM P_up=0.50 | Regime=BULL
2020-01-10,BUY,0.0586,0.0586,LSTM P_up=0.50 | Regime=BULL
2020-01-13,BUY,0.0608,0.0608,LSTM P_up=0.50 | Regime=BULL
2020-01-14,BUY,0.0589,0.0589,LSTM P_up=0.50 | Regime=BULL
2020-01-15,BUY,0.0556,0.0556,LSTM P_up=0.50 | Regime=BULL
2020-01-16,BUY,0.0497,0.0497,LSTM P_up=0.50 | Regime=BULL
2020-01-17,BUY,0.0535,0.0535,LSTM P_up=0.50 | Regime=BULL
2020-01-21,BUY,0.0406,0.0406,LSTM P_up=0.50 | Regime=BULL
2020-01-22,BUY,0.0401,0.0401,LSTM P_up=0.50 | Regime=BULL
2020-01-23,BUY,0.0392,0.0392,LSTM P_up=0.50 | Regime=BULL
2020-01-24,HOLD,0.0152,0.0152,LSTM P_up=0.50 | Regime=BULL
2020-01-27,SELL,-0.0499,0.0499,LSTM P_up=0.50 | Sentiment falling | Regime=NORMAL
2020-01-28,HOLD,-0.0053,0.0053,LSTM P_up=0.50 | Sentiment falling | Regime=NORMAL
2020-01-29,HOLD,-0.0071,0.0071,LSTM P_up=0.50 | Sentiment falling | Regime=NORMAL
2020-01-30,HOLD,0.0101,0.0101,LSTM P_up=0.50 | Regime=NORMAL
2020-01-31,SELL,-0.0366,0.0366,LSTM P_up=0.50 | Sentiment falling | Regime=NORMAL
2020-02-03,HOLD,0.0165,0.0165,LSTM P_up=0.50 | Regime=NORMAL
2020-02-04,BUY,0.0334,0.0334,LSTM P_up=0.50 | Regime=NORMAL
2020-02-05,BUY,0.0517,0.0517,LSTM P_up=0.50 | Regime=NORMAL
2020-02-06,BUY,0.0348,0.0348,LSTM P_up=0.50 | Regime=BULL
2020-02-07,BUY,0.0694,0.0694,LSTM P_up=0.50 | Regime=NORMAL
2020-02-10,BUY,0.069,0.069,LSTM P_up=0.50 | Regime=NORMAL
2020-02-11,BUY,0.047,0.047,LSTM P_up=0.50 | Regime=NORMAL
2020-02-12,BUY,0.0494,0.0494,LSTM P_up=0.50 | Regime=BULL
2020-02-13,BUY,0.0418,0.0418,LSTM P_up=0.50 | Regime=BULL
2020-02-14,BUY,0.0527,0.0527,LSTM P_up=0.50 | Regime=BULL
2020-02-18,BUY,0.0322,0.0322,LSTM P_up=0.50 | Regime=BULL
2020-02-19,BUY,0.0398,0.0398,LSTM P_up=0.50 | Regime=BULL
2020-02-20,HOLD,0.0158,0.0158,LSTM P_up=0.50 | Regime=NORMAL
2020-02-21,HOLD,-0.0088,0.0088,LSTM P_up=0.50 | Regime=NORMAL
2020-02-24,SELL,-0.1491,0.1491,LSTM P_up=0.50 | Sentiment falling | High VIX | Regime=RISK_OFF
2020-02-25,SELL,-0.1736,0.1736,LSTM P_up=0.50 | Sentiment falling | High VIX | Regime=RISK_OFF
2020-02-26,SELL,-0.1702,0.1702,LSTM P_up=0.50 | Sentiment falling | High VIX | Regime=RISK_OFF
2020-02-27,RISK_ALERT,-0.3465,0.3465,VIX spike | Sentiment crash | LSTM P_up=0.50 | Negative sentiment | Sentiment falling | High VIX | Regime=CRISIS
2020-02-28,RISK_ALERT,-0.346,0.346,VIX spike | Sentiment crash | LSTM P_up=0.50 | Negative sentiment | Sentiment falling | High VIX | Regime=CRISIS
2020-03-02,RISK_ALERT,-0.2611,0.2611,VIX spike | Sentiment crash | LSTM P_up=0.50 | Negative sentiment | Sentiment falling | High VIX | Regime=CRISIS
2020-03-03,RISK_ALERT,-0.3107,0.3107,VIX spike | Sentiment crash | LSTM P_up=0.50 | Negative sentiment | Sentiment falling | High VIX | Regime=CRISIS
2020-03-04,RISK_ALERT,-0.2046,0.2046,VIX spike | Sentiment crash | LSTM P_up=0.50 | Negative sentiment | Sentiment falling | High VIX | Regime=CRISIS
2020-03-05,RISK_ALERT,-0.2646,0.2646,VIX spike | Sentiment crash | LSTM P_up=0.50 | Negative sentiment | High VIX | Regime=CRISIS
2020-03-06,RISK_ALERT,-0.2891,0.2891,VIX spike | Sentiment crash | LSTM P_up=0.50 | Negative sentiment | High VIX | Regime=CRISIS
2020-03-09,RISK_ALERT,-0.3915,0.3915,VIX spike | Sentiment crash | LSTM P_up=0.50 | Negative sentiment | Sentiment falling | High VIX | Regime=CRISIS
2020-03-10,RISK_ALERT,-0.3753,0.3753,VIX spike | Sentiment crash | LSTM P_up=0.50 | Negative sentiment | Sentiment falling | High VIX | Regime=CRISIS
2020-03-11,RISK_ALERT,-0.3829,0.3829,VIX spike | Sentiment crash | LSTM P_up=0.50 | Negative sentiment | Sentiment falling | High VIX | Regime=CRISIS
2020-03-12,RISK_ALERT,-0.3797,0.3797,VIX spike | Sentiment crash | LSTM P_up=0.50 | Negative sentiment | Sentiment falling | High VIX | Regime=CRISIS
2020-03-13,RISK_ALERT,-0.3605,0.3605,VIX spike | Sentiment crash | LSTM P_up=0.50 | Negative sentiment | Sentiment falling | High VIX | Regime=CRISIS
2020-03-16,RISK_ALERT,-0.3003,0.3003,VIX spike | Sentiment crash | LSTM P_up=0.50 | Negative sentiment | High VIX | Regime=CRISIS
2020-03-17,RISK_ALERT,-0.3123,0.3123,VIX spike | Sentiment crash | LSTM P_up=0.50 | Negative sentiment | High VIX | Regime=CRISIS
2020-03-18,RISK_ALERT,-0.2859,0.2859,VIX spike | Sentiment crash | LSTM P_up=0.50 | Negative sentiment | High VIX | Regime=CRISIS
2020-03-19,RISK_ALERT,-0.2837,0.2837,VIX spike | Sentiment crash | LSTM P_up=0.50 | Negative sentiment | High VIX | Regime=CRISIS
2020-03-20,RISK_ALERT,-0.2907,0.2907,VIX spike | Sentiment crash | LSTM P_up=0.50 | Negative sentiment | High VIX | Regime=CRISIS
2020-03-23,RISK_ALERT,-0.2944,0.2944,VIX spike | Sentiment crash | LSTM P_up=0.50 | Negative sentiment | High VIX | Regime=CRISIS
2020-03-24,RISK_ALERT,-0.2955,0.2955,VIX spike | Sentiment crash | LSTM P_up=0.50 | Negative sentiment | High VIX | Regime=CRISIS
2020-03-25,RISK_ALERT,-0.2912,0.2912,VIX spike | Sentiment crash | LSTM P_up=0.50 | Negative sentiment | High VIX | Regime=CRISIS
2020-03-26,HOLD,0.0,0.0,LSTM P_up=0.50 | Negative sentiment | High VIX | Regime=RISK_OFF
2020-03-27,RISK_ALERT,-0.2949,0.2949,VIX spike | Sentiment crash | LSTM P_up=0.50 | Negative sentiment | High VIX | Regime=CRISIS
2020-03-30,HOLD,0.0,0.0,LSTM P_up=0.50 | Negative sentiment | High VIX | Regime=RISK_OFF
2020-03-31,RISK_ALERT,-0.2949,0.2949,VIX spike | Sentiment crash | LSTM P_up=0.50 | Negative sentiment | High VIX | Regime=CRISIS
2020-04-01,RISK_ALERT,-0.2992,0.2992,VIX spike | Sentiment crash | LSTM P_up=0.50 | Negative sentiment | High VIX | Regime=CRISIS
2020-04-02,HOLD,0.0,0.0,LSTM P_up=0.50 | Negative sentiment | High VIX | Regime=RISK_OFF
2020-04-03,HOLD,0.0,0.0,LSTM P_up=0.50 | Negative sentiment | High VIX | Regime=RISK_OFF
2020-04-06,HOLD,0.0,0.0,LSTM P_up=0.50 | Negative sentiment | High VIX | Regime=RISK_OFF
2020-04-07,HOLD,0.0,0.0,LSTM P_up=0.50 | Negative sentiment | High VIX | Regime=RISK_OFF
2020-04-08,HOLD,0.0,0.0,LSTM P_up=0.50 | Negative sentiment | High VIX | Regime=RISK_OFF
2020-04-09,HOLD,0.0,0.0,LSTM P_up=0.50 | Negative sentiment | High VIX | Regime=RISK_OFF
2020-04-13,HOLD,0.0,0.0,LSTM P_up=0.50 | Negative sentiment | High VIX | Regime=RISK_OFF
2020-04-14,HOLD,0.0,0.0,LSTM P_up=0.50 | Negative sentiment | High VIX | Regime=RISK_OFF
2020-04-15,HOLD,0.0,0.0,LSTM P_up=0.50 | Negative sentiment | High VIX | Regime=RISK_OFF
2020-04-16,HOLD,0.0,0.0,LSTM P_up=0.50 | Negative sentiment | High VIX | Regime=RISK_OFF
2020-04-17,HOLD,0.0,0.0,LSTM P_up=0.50 | Negative sentiment | High VIX | Regime=RISK_OFF
2020-04-20,HOLD,0.0,0.0,LSTM P_up=0.50 | Negative sentiment | High VIX | Regime=RISK_OFF
2020-04-21,RISK_ALERT,-0.3426,0.3426,VIX spike | Sentiment crash | LSTM P_up=0.50 | Negative sentiment | Sentiment falling | High VIX | Regime=CRISIS
2020-04-22,HOLD,0.0,0.0,LSTM P_up=0.50 | Negative sentiment | High VIX | Regime=RISK_OFF
2020-04-23,RISK_ALERT,-0.2749,0.2749,VIX spike | Sentiment crash | LSTM P_up=0.50 | Negative sentiment | High VIX | Regime=CRISIS
2020-04-24,RISK_ALERT,-0.205,0.205,VIX spike | Sentiment crash | LSTM P_up=0.50 | Negative sentiment | High VIX | Regime=CRISIS
2020-04-27,HOLD,0.0,0.0,LSTM P_up=0.50 | Negative sentiment | High VIX | Regime=CRISIS
2020-04-28,RISK_ALERT,-0.1076,0.1076,VIX spike | Sentiment crash | LSTM P_up=0.50 | Negative sentiment | High VIX | Regime=CRISIS
2020-04-29,HOLD,0.0028,0.0028,LSTM P_up=0.50 | Negative sentiment | High VIX | Regime=RISK_OFF
2020-04-30,HOLD,0.0,0.0,LSTM P_up=0.50 | Negative sentiment | High VIX | Regime=CRISIS
2020-05-01,RISK_ALERT,-0.2473,0.2473,VIX spike | Sentiment crash | LSTM P_up=0.50 | Negative sentiment | High VIX | Regime=CRISIS
2020-05-04,RISK_ALERT,-0.241,0.241,VIX spike | Sentiment crash | LSTM P_up=0.50 | Negative sentiment | High VIX | Regime=CRISIS
2020-05-05,HOLD,0.0,0.0,LSTM P_up=0.50 | Negative sentiment | High VIX | Regime=CRISIS
2020-05-06,RISK_ALERT,-0.2115,0.2115,VIX spike | Sentiment crash | LSTM P_up=0.50 | Negative sentiment | High VIX | Regime=CRISIS
2020-05-07,RISK_ALERT,-0.1318,0.1318,VIX spike | Sentiment crash | LSTM P_up=0.50 | Negative sentiment | High VIX | Regime=CRISIS
2020-05-08,HOLD,0.0254,0.0254,LSTM P_up=0.50 | High VIX | Regime=RISK_OFF
2020-05-11,HOLD,0.0215,0.0215,LSTM P_up=0.50 | High VIX | Regime=RISK_OFF
2020-05-12,RISK_ALERT,-0.1703,0.1703,VIX spike | Sentiment crash | LSTM P_up=0.50 | Negative sentiment | High VIX | Regime=CRISIS
2020-05-13,RISK_ALERT,-0.2176,0.2176,VIX spike | Sentiment crash | LSTM P_up=0.50 | Negative sentiment | High VIX | Regime=CRISIS
2020-05-14,RISK_ALERT,-0.1808,0.1808,VIX spike | Sentiment crash | LSTM P_up=0.50 | Negative sentiment | High VIX | Regime=CRISIS
2020-05-15,RISK_ALERT,-0.1921,0.1921,VIX spike | Sentiment crash | LSTM P_up=0.50 | Negative sentiment | Sentiment falling | High VIX | Regime=CRISIS
2020-05-18,HOLD,0.0,0.0,LSTM P_up=0.50 | Negative sentiment | High VIX | Regime=CRISIS
2020-05-19,SELL,-0.1191,0.1191,LSTM P_up=0.50 | Negative sentiment | High VIX | Regime=CRISIS
2020-05-20,HOLD,0.0059,0.0059,LSTM P_up=0.50 | High VIX | Regime=RISK_OFF
2020-05-21,SELL,-0.1016,0.1016,LSTM P_up=0.50 | Negative sentiment | High VIX | Regime=CRISIS
2020-05-22,SELL,-0.0783,0.0783,LSTM P_up=0.50 | High VIX | Regime=CRISIS
2020-05-26,SELL,-0.0946,0.0946,LSTM P_up=0.50 | High VIX | Regime=CRISIS
2020-05-27,HOLD,0.0,0.0,LSTM P_up=0.50 | High VIX | Regime=RISK_OFF
2020-05-28,HOLD,0.0,0.0,LSTM P_up=0.50 | High VIX | Regime=RISK_OFF
2020-05-29,HOLD,0.0,0.0,LSTM P_up=0.50 | High VIX | Regime=RISK_OFF
2020-06-01,HOLD,0.0,0.0,LSTM P_up=0.50 | High VIX | Regime=RISK_OFF
2020-06-02,HOLD,0.0,0.0,LSTM P_up=0.50 | High VIX | Regime=RISK_OFF
2020-06-03,HOLD,0.0,0.0,LSTM P_up=0.50 | High VIX | Regime=RISK_OFF
2020-06-04,HOLD,0.0,0.0,LSTM P_up=0.50 | High VIX | Regime=RISK_OFF
2020-06-05,HOLD,0.0,0.0,LSTM P_up=0.50 | Regime=RISK_OFF
2020-06-08,HOLD,0.0,0.0,LSTM P_up=0.50 | High VIX | Regime=RISK_OFF
2020-06-09,HOLD,0.0,0.0,LSTM P_up=0.50 | High VIX | Regime=RISK_OFF
2020-06-10,HOLD,0.0,0.0,LSTM P_up=0.50 | High VIX | Regime=RISK_OFF
2020-06-11,RISK_ALERT,-0.3381,0.3381,VIX spike | Sentiment crash | LSTM P_up=0.50 | Negative sentiment | Sentiment falling | High VIX | Regime=CRISIS
2020-06-12,RISK_ALERT,-0.2975,0.2975,VIX spike | Sentiment crash | LSTM P_up=0.50 | Negative sentiment | Sentiment falling | High VIX | Regime=CRISIS
2020-06-15,RISK_ALERT,-0.2626,0.2626,VIX spike | Sentiment crash | LSTM P_up=0.50 | Negative sentiment | Sentiment falling | High VIX | Regime=CRISIS
2020-06-16,RISK_ALERT,-0.2314,0.2314,VIX spike | Sentiment crash | LSTM P_up=0.50 | Negative sentiment | Sentiment falling | High VIX | Regime=CRISIS
2020-06-17,RISK_ALERT,-0.2264,0.2264,VIX spike | Sentiment crash | LSTM P_up=0.50 | Negative sentiment | Sentiment falling | High VIX | Regime=CRISIS
2020-06-18,RISK_ALERT,-0.1106,0.1106,VIX spike | Sentiment crash | LSTM P_up=0.50 | Negative sentiment | High VIX | Regime=CRISIS
2020-06-19,RISK_ALERT,-0.1967,0.1967,VIX spike | Sentiment crash | LSTM P_up=0.50 | Negative sentiment | High VIX | Regime=CRISIS
2020-06-22,RISK_ALERT,-0.136,0.136,VIX spike | Sentiment crash | LSTM P_up=0.50 | Negative sentiment | High VIX | Regime=CRISIS
2020-06-23,SELL,-0.132,0.132,LSTM P_up=0.50 | Negative sentiment | High VIX | Regime=CRISIS
2020-06-24,RISK_ALERT,-0.1901,0.1901,VIX spike | Sentiment crash | LSTM P_up=0.50 | Negative sentiment | High VIX | Regime=CRISIS
2020-06-25,RISK_ALERT,-0.1581,0.1581,VIX spike | Sentiment crash | LSTM P_up=0.50 | Negative sentiment | High VIX | Regime=CRISIS
2020-06-26,RISK_ALERT,-0.198,0.198,VIX spike | Sentiment crash | LSTM P_up=0.50 | Negative sentiment | High VIX | Regime=CRISIS
2020-06-29,RISK_ALERT,-0.1594,0.1594,VIX spike | Sentiment crash | LSTM P_up=0.50 | Negative sentiment | High VIX | Regime=CRISIS
2020-06-30,SELL,-0.1318,0.1318,LSTM P_up=0.50 | Negative sentiment | High VIX | Regime=CRISIS
2020-07-01,SELL,-0.0712,0.0712,LSTM P_up=0.50 | High VIX | Regime=CRISIS
2020-07-02,HOLD,-0.0189,0.0189,LSTM P_up=0.50 | High VIX | Regime=RISK_OFF
2020-07-06,HOLD,0.0015,0.0015,LSTM P_up=0.50 | High VIX | Regime=RISK_OFF
2020-07-07,SELL,-0.1071,0.1071,LSTM P_up=0.50 | Negative sentiment | High VIX | Regime=CRISIS
2020-07-08,SELL,-0.0871,0.0871,LSTM P_up=0.50 | High VIX | Regime=CRISIS
2020-07-09,SELL,-0.1302,0.1302,LSTM P_up=0.50 | Negative sentiment | High VIX | Regime=CRISIS
2020-07-10,SELL,-0.0576,0.0576,LSTM P_up=0.50 | High VIX | Regime=RISK_OFF
2020-07-13,HOLD,0.0,0.0,LSTM P_up=0.50 | Negative sentiment | Sentiment falling | High VIX | Regime=CRISIS
2020-07-14,HOLD,0.0,0.0,LSTM P_up=0.50 | Negative sentiment | High VIX | Regime=CRISIS
2020-07-15,HOLD,0.0,0.0,LSTM P_up=0.50 | High VIX | Regime=RISK_OFF
2020-07-16,SELL,-0.0557,0.0557,LSTM P_up=0.50 | High VIX | Regime=RISK_OFF
2020-07-17,SELL,-0.0311,0.0311,LSTM P_up=0.50 | High VIX | Regime=RISK_OFF
2020-07-20,BUY,0.04,0.04,LSTM P_up=0.50 | Regime=RISK_OFF
2020-07-21,HOLD,0.0064,0.0064,LSTM P_up=0.50 | Regime=RISK_OFF
2020-07-22,HOLD,-0.0017,0.0017,LSTM P_up=0.50 | Regime=RISK_OFF
2020-07-23,SELL,-0.0329,0.0329,LSTM P_up=0.50 | High VIX | Regime=RISK_OFF
2020-07-24,SELL,-0.0512,0.0512,LSTM P_up=0.50 | High VIX | Regime=RISK_OFF
2020-07-27,SELL,-0.0424,0.0424,LSTM P_up=0.50 | Regime=RISK_OFF
2020-07-28,SELL,-0.0521,0.0521,LSTM P_up=0.50 | High VIX | Regime=RISK_OFF
2020-07-29,SELL,-0.032,0.032,LSTM P_up=0.50 | Regime=RISK_OFF
2020-07-30,SELL,-0.0272,0.0272,LSTM P_up=0.50 | Regime=RISK_OFF
2020-07-31,HOLD,-0.0239,0.0239,LSTM P_up=0.50 | Regime=RISK_OFF
2020-08-03,SELL,-0.0314,0.0314,LSTM P_up=0.50 | Regime=RISK_OFF
2020-08-04,HOLD,-0.0154,0.0154,LSTM P_up=0.50 | Regime=RISK_OFF
2020-08-05,HOLD,-0.0138,0.0138,LSTM P_up=0.50 | Regime=RISK_OFF
2020-08-06,HOLD,-0.0008,0.0008,LSTM P_up=0.50 | Regime=RISK_OFF
2020-08-07,HOLD,0.0045,0.0045,LSTM P_up=0.50 | Regime=RISK_OFF
2020-08-10,HOLD,0.0044,0.0044,LSTM P_up=0.50 | Regime=RISK_OFF
2020-08-11,SELL,-0.0359,0.0359,LSTM P_up=0.50 | Regime=RISK_OFF
2020-08-12,HOLD,-0.0098,0.0098,LSTM P_up=0.50 | Regime=RISK_OFF
2020-08-13,HOLD,-0.0099,0.0099,LSTM P_up=0.50 | Regime=RISK_OFF
2020-08-14,HOLD,-0.0124,0.0124,LSTM P_up=0.50 | Regime=RISK_OFF
2020-08-17,HOLD,-0.0005,0.0005,LSTM P_up=0.50 | Regime=NORMAL
2020-08-18,HOLD,0.0151,0.0151,LSTM P_up=0.50 | Regime=NORMAL
2020-08-19,HOLD,-0.0215,0.0215,LSTM P_up=0.50 | Regime=RISK_OFF
2020-08-20,SELL,-0.0268,0.0268,LSTM P_up=0.50 | Regime=RISK_OFF
2020-08-21,SELL,-0.025,0.025,LSTM P_up=0.50 | Regime=RISK_OFF
2020-08-24,SELL,-0.0282,0.0282,LSTM P_up=0.50 | Regime=RISK_OFF
2020-08-25,HOLD,-0.0197,0.0197,LSTM P_up=0.50 | Regime=RISK_OFF
2020-08-26,SELL,-0.0328,0.0328,LSTM P_up=0.50 | Regime=RISK_OFF
2020-08-27,SELL,-0.0525,0.0525,LSTM P_up=0.50 | Regime=RISK_OFF
2020-08-28,HOLD,0.0,0.0,LSTM P_up=0.50 | Regime=RISK_OFF
2020-08-31,SELL,-0.0924,0.0924,LSTM P_up=0.50 | Sentiment falling | High VIX | Regime=RISK_OFF
2020-09-01,HOLD,0.0,0.0,LSTM P_up=0.50 | Sentiment falling | High VIX | Regime=RISK_OFF
2020-09-02,HOLD,0.0,0.0,LSTM P_up=0.50 | Sentiment falling | High VIX | Regime=RISK_OFF
2020-09-03,RISK_ALERT,-0.2568,0.2568,VIX spike | Sentiment crash | LSTM P_up=0.50 | Negative sentiment | Sentiment falling | High VIX | Regime=CRISIS
2020-09-04,SELL,-0.2019,0.2019,LSTM P_up=0.50 | Negative sentiment | Sentiment falling | High VIX | Regime=CRISIS
2020-09-08,RISK_ALERT,-0.1915,0.1915,VIX spike | Sentiment crash | LSTM P_up=0.50 | Negative sentiment | Sentiment falling | High VIX | Regime=CRISIS
2020-09-09,SELL,-0.1345,0.1345,LSTM P_up=0.50 | High VIX | Regime=CRISIS
2020-09-10,SELL,-0.1523,0.1523,LSTM P_up=0.50 | Negative sentiment | Sentiment falling | High VIX | Regime=CRISIS
2020-09-11,HOLD,0.0105,0.0105,LSTM P_up=0.50 | High VIX | Regime=RISK_OFF
2020-09-14,HOLD,0.0011,0.0011,LSTM P_up=0.50 | High VIX | Regime=RISK_OFF
2020-09-15,HOLD,0.0131,0.0131,LSTM P_up=0.50 | High VIX | Regime=RISK_OFF
2020-09-16,HOLD,-0.0217,0.0217,LSTM P_up=0.50 | High VIX | Regime=RISK_OFF
2020-09-17,HOLD,-0.0203,0.0203,LSTM P_up=0.50 | High VIX | Regime=RISK_OFF
2020-09-18,SELL,-0.0369,0.0369,LSTM P_up=0.50 | High VIX | Regime=RISK_OFF
2020-09-21,SELL,-0.0841,0.0841,LSTM P_up=0.50 | High VIX | Regime=RISK_OFF
2020-09-22,SELL,-0.0692,0.0692,LSTM P_up=0.50 | High VIX | Regime=RISK_OFF
2020-09-23,SELL,-0.1316,0.1316,LSTM P_up=0.50 | High VIX | Regime=CRISIS
2020-09-24,SELL,-0.1273,0.1273,LSTM P_up=0.50 | High VIX | Regime=CRISIS
2020-09-25,SELL,-0.058,0.058,LSTM P_up=0.50 | High VIX | Regime=RISK_OFF
2020-09-28,SELL,-0.0352,0.0352,LSTM P_up=0.50 | High VIX | Regime=RISK_OFF
2020-09-29,SELL,-0.0455,0.0455,LSTM P_up=0.50 | High VIX | Regime=RISK_OFF
2020-09-30,SELL,-0.0299,0.0299,LSTM P_up=0.50 | High VIX | Regime=RISK_OFF
2020-10-01,SELL,-0.0372,0.0372,LSTM P_up=0.50 | High VIX | Regime=RISK_OFF
2020-10-02,SELL,-0.0754,0.0754,LSTM P_up=0.50 | High VIX | Regime=RISK_OFF
2020-10-05,SELL,-0.082,0.082,LSTM P_up=0.50 | High VIX | Regime=RISK_OFF
2020-10-06,SELL,-0.1453,0.1453,LSTM P_up=0.50 | Negative sentiment | Sentiment falling | High VIX | Regime=CRISIS
2020-10-07,HOLD,0.0,0.0,LSTM P_up=0.50 | High VIX | Regime=RISK_OFF
2020-10-08,HOLD,0.0,0.0,LSTM P_up=0.50 | High VIX | Regime=RISK_OFF
2020-10-09,HOLD,0.0,0.0,LSTM P_up=0.50 | Regime=RISK_OFF
2020-10-12,HOLD,0.0,0.0,LSTM P_up=0.50 | High VIX | Regime=RISK_OFF
2020-10-13,HOLD,0.0,0.0,LSTM P_up=0.50 | High VIX | Regime=RISK_OFF
2020-10-14,SELL,-0.0351,0.0351,LSTM P_up=0.50 | High VIX | Regime=RISK_OFF
2020-10-15,SELL,-0.0626,0.0626,LSTM P_up=0.50 | High VIX | Regime=RISK_OFF
2020-10-16,HOLD,0.0,0.0,LSTM P_up=0.50 | High VIX | Regime=RISK_OFF
2020-10-19,SELL,-0.1483,0.1483,LSTM P_up=0.50 | Negative sentiment | Sentiment falling | High VIX | Regime=CRISIS
2020-10-20,SELL,-0.1414,0.1414,LSTM P_up=0.50 | Negative sentiment | Sentiment falling | High VIX | Regime=CRISIS
2020-10-21,SELL,-0.1223,0.1223,LSTM P_up=0.50 | High VIX | Regime=CRISIS
2020-10-22,SELL,-0.1048,0.1048,LSTM P_up=0.50 | High VIX | Regime=CRISIS
2020-10-23,SELL,-0.0616,0.0616,LSTM P_up=0.50 | High VIX | Regime=RISK_OFF
2020-10-26,RISK_ALERT,-0.186,0.186,VIX spike | Sentiment crash | LSTM P_up=0.50 | Negative sentiment | Sentiment falling | High VIX | Regime=CRISIS
2020-10-27,RISK_ALERT,-0.2053,0.2053,VIX spike | Sentiment crash | LSTM P_up=0.50 | Negative sentiment | Sentiment falling | High VIX | Regime=CRISIS
2020-10-28,RISK_ALERT,-0.3275,0.3275,VIX spike | Sentiment crash | LSTM P_up=0.50 | Negative sentiment | Sentiment falling | High VIX | Regime=CRISIS
2020-10-29,RISK_ALERT,-0.3053,0.3053,VIX spike | Sentiment crash | LSTM P_up=0.50 | Negative sentiment | Sentiment falling | High VIX | Regime=CRISIS
2020-10-30,RISK_ALERT,-0.3126,0.3126,VIX spike | Sentiment crash | LSTM P_up=0.50 | Negative sentiment | Sentiment falling | High VIX | Regime=CRISIS
2020-11-02,RISK_ALERT,-0.2593,0.2593,VIX spike | Sentiment crash | LSTM P_up=0.50 | Negative sentiment | Sentiment falling | High VIX | Regime=CRISIS
2020-11-03,RISK_ALERT,-0.2164,0.2164,VIX spike | Sentiment crash | LSTM P_up=0.50 | Negative sentiment | High VIX | Regime=CRISIS
2020-11-04,SELL,-0.0398,0.0398,LSTM P_up=0.50 | Negative sentiment | High VIX | Regime=CRISIS
2020-11-05,BUY,0.0392,0.0392,LSTM P_up=0.50 | High VIX | Regime=RISK_OFF
2020-11-06,BUY,0.0634,0.0634,LSTM P_up=0.50 | Regime=RISK_OFF
2020-11-09,BUY,0.058,0.058,LSTM P_up=0.50 | High VIX | Regime=RISK_OFF
2020-11-10,BUY,0.0663,0.0663,LSTM P_up=0.50 | Regime=RISK_OFF
2020-11-11,BUY,0.0393,0.0393,LSTM P_up=0.50 | Regime=RISK_OFF
2020-11-12,HOLD,0.0,0.0,LSTM P_up=0.50 | High VIX | Regime=RISK_OFF
2020-11-13,HOLD,0.0,0.0,LSTM P_up=0.50 | Regime=RISK_OFF
2020-11-16,HOLD,0.0185,0.0185,LSTM P_up=0.50 | Regime=RISK_OFF
2020-11-17,HOLD,0.0035,0.0035,LSTM P_up=0.50 | Regime=RISK_OFF
2020-11-18,SELL,-0.0306,0.0306,LSTM P_up=0.50 | Regime=RISK_OFF
2020-11-19,HOLD,0.0013,0.0013,LSTM P_up=0.50 | Regime=RISK_OFF
2020-11-20,SELL,-0.0325,0.0325,LSTM P_up=0.50 | Regime=RISK_OFF
2020-11-23,HOLD,-0.0189,0.0189,LSTM P_up=0.50 | Regime=RISK_OFF
2020-11-24,HOLD,0.0033,0.0033,LSTM P_up=0.50 | Regime=NORMAL
2020-11-25,HOLD,0.0217,0.0217,LSTM P_up=0.50 | Regime=NORMAL
2020-11-27,HOLD,0.0215,0.0215,LSTM P_up=0.50 | Regime=NORMAL
2020-11-30,BUY,0.0324,0.0324,LSTM P_up=0.50 | Regime=NORMAL
2020-12-01,HOLD,0.0197,0.0197,LSTM P_up=0.50 | Regime=NORMAL
2020-12-02,HOLD,0.0028,0.0028,LSTM P_up=0.50 | Regime=NORMAL
2020-12-03,HOLD,-0.0038,0.0038,LSTM P_up=0.50 | Regime=NORMAL
2020-12-04,HOLD,0.0023,0.0023,LSTM P_up=0.50 | Regime=NORMAL
2020-12-07,HOLD,-0.0102,0.0102,LSTM P_up=0.50 | Regime=NORMAL
2020-12-08,HOLD,0.0031,0.0031,LSTM P_up=0.50 | Regime=NORMAL
2020-12-09,HOLD,-0.0226,0.0226,LSTM P_up=0.50 | Regime=RISK_OFF
2020-12-10,SELL,-0.0263,0.0263,LSTM P_up=0.50 | Regime=RISK_OFF
2020-12-11,SELL,-0.0459,0.0459,LSTM P_up=0.50 | Regime=RISK_OFF
2020-12-14,SELL,-0.0676,0.0676,LSTM P_up=0.50 | Sentiment falling | Regime=RISK_OFF
2020-12-15,SELL,-0.0387,0.0387,LSTM P_up=0.50 | Regime=RISK_OFF
2020-12-16,HOLD,-0.0159,0.0159,LSTM P_up=0.50 | Regime=RISK_OFF
2020-12-17,HOLD,-0.0023,0.0023,LSTM P_up=0.50 | Regime=NORMAL
2020-12-18,HOLD,0.0126,0.0126,LSTM P_up=0.50 | Regime=NORMAL
2020-12-21,SELL,-0.0407,0.0407,LSTM P_up=0.50 | High VIX | Regime=RISK_OFF
2020-12-22,SELL,-0.0419,0.0419,LSTM P_up=0.50 | Regime=RISK_OFF
2020-12-23,SELL,-0.028,0.028,LSTM P_up=0.50 | Regime=RISK_OFF
2020-12-24,HOLD,-0.0007,0.0007,LSTM P_up=0.50 | Regime=NORMAL
2020-12-28,HOLD,-0.0075,0.0075,LSTM P_up=0.50 | Regime=NORMAL
2020-12-29,HOLD,0.0028,0.0028,LSTM P_up=0.50 | Regime=RISK_OFF
2020-12-30,HOLD,-0.0009,0.0009,LSTM P_up=0.50 | Regime=RISK_OFF
2020-12-31,HOLD,-0.01,0.01,LSTM P_up=0.50 | Regime=RISK_OFF
2021-01-04,SELL,-0.1065,0.1065,LSTM P_up=0.50 | Sentiment falling | High VIX | Regime=RISK_OFF
2021-01-05,SELL,-0.074,0.074,LSTM P_up=0.50 | Sentiment falling | High VIX | Regime=RISK_OFF
2021-01-06,SELL,-0.0538,0.0538,LSTM P_up=0.50 | High VIX | Regime=RISK_OFF
2021-01-07,HOLD,-0.0054,0.0054,LSTM P_up=0.50 | Regime=RISK_OFF
2021-01-08,HOLD,0.0106,0.0106,LSTM P_up=0.50 | Regime=NORMAL
2021-01-11,HOLD,0.0059,0.0059,LSTM P_up=0.50 | Regime=RISK_OFF
2021-01-12,HOLD,0.0037,0.0037,LSTM P_up=0.50 | Regime=RISK_OFF
2021-01-13,HOLD,0.021,0.021,LSTM P_up=0.50 | Regime=RISK_OFF
2021-01-14,HOLD,-0.0249,0.0249,LSTM P_up=0.50 | Regime=RISK_OFF
2021-01-15,SELL,-0.0537,0.0537,LSTM P_up=0.50 | Regime=RISK_OFF
2021-01-19,HOLD,-0.0082,0.0082,LSTM P_up=0.50 | Regime=RISK_OFF
2021-01-20,HOLD,0.0156,0.0156,LSTM P_up=0.50 | Regime=NORMAL
2021-01-21,HOLD,0.0097,0.0097,LSTM P_up=0.50 | Regime=NORMAL
2021-01-22,HOLD,0.0086,0.0086,LSTM P_up=0.50 | Regime=NORMAL
2021-01-25,HOLD,-0.0055,0.0055,LSTM P_up=0.50 | Regime=RISK_OFF
2021-01-26,HOLD,-0.0129,0.0129,LSTM P_up=0.50 | Regime=RISK_OFF
2021-01-27,RISK_ALERT,-0.2919,0.2919,VIX spike | Sentiment crash | LSTM P_up=0.50 | Negative sentiment | Sentiment falling | High VIX | Regime=CRISIS
2021-01-28,SELL,-0.1834,0.1834,LSTM P_up=0.50 | Negative sentiment | Sentiment falling | High VIX | Regime=CRISIS
2021-01-29,RISK_ALERT,-0.2299,0.2299,VIX spike | Sentiment crash | LSTM P_up=0.50 | Negative sentiment | Sentiment falling | High VIX | Regime=CRISIS
2021-02-01,SELL,-0.1675,0.1675,LSTM P_up=0.50 | Negative sentiment | Sentiment falling | High VIX | Regime=CRISIS
2021-02-02,SELL,-0.0614,0.0614,LSTM P_up=0.50 | High VIX | Regime=RISK_OFF
2021-02-03,BUY,0.0878,0.0878,LSTM P_up=0.50 | Regime=RISK_OFF
2021-02-04,BUY,0.0822,0.0822,LSTM P_up=0.50 | Regime=NORMAL
2021-02-05,BUY,0.1069,0.1069,LSTM P_up=0.50 | Regime=NORMAL
2021-02-08,BUY,0.0933,0.0933,LSTM P_up=0.50 | Regime=NORMAL
2021-02-09,BUY,0.0389,0.0389,LSTM P_up=0.50 | Regime=NORMAL
2021-02-10,HOLD,0.0051,0.0051,LSTM P_up=0.50 | Regime=NORMAL
2021-02-11,HOLD,0.0078,0.0078,LSTM P_up=0.50 | Regime=NORMAL
2021-02-12,HOLD,0.0236,0.0236,LSTM P_up=0.50 | Regime=NORMAL
2021-02-16,HOLD,0.0009,0.0009,LSTM P_up=0.50 | Regime=NORMAL
2021-02-17,HOLD,0.0043,0.0043,LSTM P_up=0.50 | Regime=NORMAL
2021-02-18,HOLD,-0.0107,0.0107,LSTM P_up=0.50 | Regime=RISK_OFF
2021-02-19,HOLD,-0.0088,0.0088,LSTM P_up=0.50 | Regime=RISK_OFF
2021-02-22,SELL,-0.0473,0.0473,LSTM P_up=0.50 | Sentiment falling | Regime=RISK_OFF
2021-02-23,SELL,-0.026,0.026,LSTM P_up=0.50 | Regime=RISK_OFF
2021-02-24,HOLD,0.0076,0.0076,LSTM P_up=0.50 | Regime=NORMAL
2021-02-25,SELL,-0.1226,0.1226,LSTM P_up=0.50 | Sentiment falling | High VIX | Regime=CRISIS
2021-02-26,SELL,-0.1101,0.1101,LSTM P_up=0.50 | Sentiment falling | High VIX | Regime=RISK_OFF
2021-03-01,HOLD,-0.0094,0.0094,LSTM P_up=0.50 | Regime=RISK_OFF
2021-03-02,SELL,-0.0275,0.0275,LSTM P_up=0.50 | Regime=RISK_OFF
2021-03-03,SELL,-0.0926,0.0926,LSTM P_up=0.50 | Sentiment falling | High VIX | Regime=RISK_OFF
2021-03-04,SELL,-0.0628,0.0628,LSTM P_up=0.50 | High VIX | Regime=CRISIS
2021-03-05,HOLD,0.013,0.013,LSTM P_up=0.50 | Regime=RISK_OFF
2021-03-08,SELL,-0.0482,0.0482,LSTM P_up=0.50 | High VIX | Regime=RISK_OFF
2021-03-09,HOLD,-0.0145,0.0145,LSTM P_up=0.50 | Regime=RISK_OFF
2021-03-10,BUY,0.0386,0.0386,LSTM P_up=0.50 | Regime=RISK_OFF
2021-03-11,BUY,0.0704,0.0704,LSTM P_up=0.50 | Regime=NORMAL
2021-03-12,BUY,0.0562,0.0562,LSTM P_up=0.50 | Regime=NORMAL
2021-03-15,BUY,0.0762,0.0762,LSTM P_up=0.50 | Regime=NORMAL
2021-03-16,BUY,0.0661,0.0661,LSTM P_up=0.50 | Regime=NORMAL
2021-03-17,BUY,0.0625,0.0625,LSTM P_up=0.50 | Regime=NORMAL
2021-03-18,HOLD,0.012,0.012,LSTM P_up=0.50 | Regime=NORMAL
2021-03-19,HOLD,0.0116,0.0116,LSTM P_up=0.50 | Regime=NORMAL
2021-03-22,BUY,0.0438,0.0438,LSTM P_up=0.50 | Regime=NORMAL
2021-03-23,HOLD,0.0144,0.0144,LSTM P_up=0.50 | Regime=NORMAL
2021-03-24,HOLD,-0.0081,0.0081,LSTM P_up=0.50 | Regime=NORMAL
2021-03-25,BUY,0.0417,0.0417,LSTM P_up=0.50 | Regime=NORMAL
2021-03-26,BUY,0.0534,0.0534,LSTM P_up=0.50 | Regime=NORMAL
2021-03-29,HOLD,-0.0026,0.0026,LSTM P_up=0.50 | Regime=NORMAL
2021-03-30,BUY,0.0328,0.0328,LSTM P_up=0.50 | Regime=NORMAL
2021-03-31,BUY,0.0457,0.0457,LSTM P_up=0.50 | Regime=NORMAL
2021-04-01,BUY,0.0707,0.0707,LSTM P_up=0.50 | Regime=NORMAL
2021-04-05,BUY,0.0503,0.0503,LSTM P_up=0.50 | Regime=NORMAL
2021-04-06,BUY,0.0651,0.0651,LSTM P_up=0.50 | Regime=NORMAL
2021-04-07,BUY,0.0718,0.0718,LSTM P_up=0.50 | Regime=NORMAL
2021-04-08,BUY,0.0737,0.0737,LSTM P_up=0.50 | Regime=NORMAL
2021-04-09,BUY,0.0579,0.0579,LSTM P_up=0.50 | Regime=NORMAL
2021-04-12,BUY,0.0595,0.0595,LSTM P_up=0.50 | Regime=NORMAL
2021-04-13,BUY,0.0661,0.0661,LSTM P_up=0.50 | Regime=NORMAL
2021-04-14,BUY,0.0501,0.0501,LSTM P_up=0.50 | Regime=NORMAL
2021-04-15,BUY,0.0543,0.0543,LSTM P_up=0.50 | Regime=NORMAL
2021-04-16,BUY,0.0583,0.0583,LSTM P_up=0.50 | Regime=NORMAL
2021-04-19,BUY,0.0414,0.0414,LSTM P_up=0.50 | Regime=NORMAL
2021-04-20,HOLD,0.0123,0.0123,LSTM P_up=0.50 | Regime=NORMAL
2021-04-21,BUY,0.0377,0.0377,LSTM P_up=0.50 | Regime=NORMAL
2021-04-22,HOLD,0.0106,0.0106,LSTM P_up=0.50 | Regime=NORMAL
2021-04-23,BUY,0.0335,0.0335,LSTM P_up=0.50 | Regime=NORMAL
2021-04-26,BUY,0.0376,0.0376,LSTM P_up=0.50 | Regime=NORMAL
2021-04-27,BUY,0.0542,0.0542,LSTM P_up=0.50 | Regime=NORMAL
2021-04-28,BUY,0.0477,0.0477,LSTM P_up=0.50 | Regime=NORMAL
2021-04-29,BUY,0.0542,0.0542,LSTM P_up=0.50 | Regime=NORMAL
2021-04-30,HOLD,0.0217,0.0217,LSTM P_up=0.50 | Regime=NORMAL
2021-05-03,HOLD,0.03,0.03,LSTM P_up=0.50 | Regime=NORMAL
2021-05-04,HOLD,0.0068,0.0068,LSTM P_up=0.50 | Regime=NORMAL
2021-05-05,HOLD,0.0098,0.0098,LSTM P_up=0.50 | Regime=NORMAL
2021-05-06,HOLD,0.0272,0.0272,LSTM P_up=0.50 | Regime=NORMAL
2021-05-07,BUY,0.0699,0.0699,LSTM P_up=0.50 | Regime=NORMAL
2021-05-10,HOLD,0.0114,0.0114,LSTM P_up=0.50 | Regime=NORMAL
2021-05-11,HOLD,-0.0176,0.0176,LSTM P_up=0.50 | Regime=NORMAL
2021-05-12,SELL,-0.1283,0.1283,LSTM P_up=0.50 | Sentiment falling | High VIX | Regime=RISK_OFF
2021-05-13,SELL,-0.0523,0.0523,LSTM P_up=0.50 | Sentiment falling | Regime=RISK_OFF
2021-05-14,HOLD,0.0111,0.0111,LSTM P_up=0.50 | Regime=NORMAL
2021-05-17,HOLD,0.024,0.024,LSTM P_up=0.50 | Regime=NORMAL
2021-05-18,HOLD,0.0154,0.0154,LSTM P_up=0.50 | Regime=NORMAL
2021-05-19,BUY,0.0575,0.0575,LSTM P_up=0.50 | Regime=RISK_OFF
2021-05-20,BUY,0.0408,0.0408,LSTM P_up=0.50 | Regime=NORMAL
2021-05-21,HOLD,0.007,0.007,LSTM P_up=0.50 | Regime=NORMAL
2021-05-24,BUY,0.0489,0.0489,LSTM P_up=0.50 | Regime=NORMAL
2021-05-25,BUY,0.0558,0.0558,LSTM P_up=0.50 | Regime=NORMAL
2021-05-26,BUY,0.0926,0.0926,LSTM P_up=0.50 | Regime=NORMAL
2021-05-27,BUY,0.0897,0.0897,LSTM P_up=0.50 | Regime=NORMAL
2021-05-28,BUY,0.0835,0.0835,LSTM P_up=0.50 | Regime=NORMAL
2021-06-01,BUY,0.0451,0.0451,LSTM P_up=0.50 | Regime=NORMAL
2021-06-02,BUY,0.0573,0.0573,LSTM P_up=0.50 | Regime=NORMAL
2021-06-03,BUY,0.0322,0.0322,LSTM P_up=0.50 | Regime=NORMAL
2021-06-04,BUY,0.0554,0.0554,LSTM P_up=0.50 | Regime=NORMAL
2021-06-07,BUY,0.0554,0.0554,LSTM P_up=0.50 | Regime=NORMAL
2021-06-08,BUY,0.0542,0.0542,LSTM P_up=0.50 | Regime=NORMAL
2021-06-09,BUY,0.0337,0.0337,LSTM P_up=0.50 | Regime=NORMAL
2021-06-10,BUY,0.0722,0.0722,LSTM P_up=0.50 | Regime=NORMAL
2021-06-11,BUY,0.0645,0.0645,LSTM P_up=0.50 | Regime=NORMAL
2021-06-14,BUY,0.0514,0.0514,LSTM P_up=0.50 | Regime=NORMAL
2021-06-15,BUY,0.0461,0.0461,LSTM P_up=0.50 | Regime=NORMAL
2021-06-16,BUY,0.0333,0.0333,LSTM P_up=0.50 | Regime=NORMAL
2021-06-17,HOLD,0.0215,0.0215,LSTM P_up=0.50 | Regime=NORMAL
2021-06-18,SELL,-0.0403,0.0403,LSTM P_up=0.50 | Sentiment falling | Regime=NORMAL
2021-06-21,HOLD,0.0206,0.0206,LSTM P_up=0.50 | Regime=NORMAL
2021-06-22,BUY,0.0499,0.0499,LSTM P_up=0.50 | Regime=NORMAL
2021-06-23,BUY,0.0678,0.0678,LSTM P_up=0.50 | Regime=NORMAL
2021-06-24,BUY,0.0702,0.0702,LSTM P_up=0.50 | Regime=NORMAL
2021-06-25,BUY,0.1068,0.1068,LSTM P_up=0.50 | Regime=NORMAL
2021-06-28,BUY,0.0757,0.0757,LSTM P_up=0.50 | Regime=NORMAL
2021-06-29,BUY,0.0581,0.0581,LSTM P_up=0.50 | Regime=NORMAL
2021-06-30,BUY,0.0579,0.0579,LSTM P_up=0.50 | Regime=NORMAL
2021-07-01,BUY,0.0615,0.0615,LSTM P_up=0.50 | Regime=NORMAL
2021-07-02,BUY,0.0651,0.0651,LSTM P_up=0.50 | Regime=NORMAL
2021-07-06,BUY,0.0398,0.0398,LSTM P_up=0.50 | Regime=NORMAL
2021-07-07,BUY,0.0461,0.0461,LSTM P_up=0.50 | Regime=NORMAL
2021-07-08,HOLD,-0.0082,0.0082,LSTM P_up=0.50 | Sentiment falling | Regime=NORMAL
2021-07-09,BUY,0.0417,0.0417,LSTM P_up=0.50 | Regime=NORMAL
2021-07-12,BUY,0.038,0.038,LSTM P_up=0.50 | Regime=NORMAL
2021-07-13,BUY,0.0341,0.0341,LSTM P_up=0.50 | Regime=NORMAL
2021-07-14,BUY,0.0461,0.0461,LSTM P_up=0.50 | Regime=NORMAL
2021-07-15,BUY,0.0602,0.0602,LSTM P_up=0.50 | Regime=NORMAL
2021-07-16,HOLD,0.0046,0.0046,LSTM P_up=0.50 | Regime=NORMAL
2021-07-19,SELL,-0.0731,0.0731,LSTM P_up=0.50 | Sentiment falling | Regime=RISK_OFF
2021-07-20,HOLD,-0.0106,0.0106,LSTM P_up=0.50 | Regime=NORMAL
2021-07-21,HOLD,0.0166,0.0166,LSTM P_up=0.50 | Regime=NORMAL
2021-07-22,HOLD,0.0273,0.0273,LSTM P_up=0.50 | Regime=NORMAL
2021-07-23,BUY,0.0511,0.0511,LSTM P_up=0.50 | Regime=NORMAL
2021-07-26,BUY,0.0843,0.0843,LSTM P_up=0.50 | Regime=NORMAL
2021-07-27,HOLD,0.0228,0.0228,LSTM P_up=0.50 | Regime=NORMAL
2021-07-28,HOLD,0.0245,0.0245,LSTM P_up=0.50 | Regime=NORMAL
2021-07-29,BUY,0.0341,0.0341,LSTM P_up=0.50 | Regime=NORMAL
2021-07-30,HOLD,0.0185,0.0185,LSTM P_up=0.50 | Regime=NORMAL
2021-08-02,HOLD,-0.001,0.001,LSTM P_up=0.50 | Regime=NORMAL
2021-08-03,BUY,0.0432,0.0432,LSTM P_up=0.50 | Regime=NORMAL
2021-08-04,BUY,0.0341,0.0341,LSTM P_up=0.50 | Regime=NORMAL
2021-08-05,BUY,0.0409,0.0409,LSTM P_up=0.50 | Regime=NORMAL
2021-08-06,BUY,0.0691,0.0691,LSTM P_up=0.50 | Regime=NORMAL
2021-08-09,BUY,0.0706,0.0706,LSTM P_up=0.50 | Regime=NORMAL
2021-08-10,BUY,0.0555,0.0555,LSTM P_up=0.50 | Regime=NORMAL
2021-08-11,BUY,0.0685,0.0685,LSTM P_up=0.50 | Regime=NORMAL
2021-08-12,BUY,0.0706,0.0706,LSTM P_up=0.50 | Regime=NORMAL
2021-08-13,BUY,0.0605,0.0605,LSTM P_up=0.50 | Regime=NORMAL
2021-08-16,BUY,0.0534,0.0534,LSTM P_up=0.50 | Regime=NORMAL
2021-08-17,HOLD,0.0202,0.0202,LSTM P_up=0.50 | Regime=NORMAL
2021-08-18,SELL,-0.0555,0.0555,LSTM P_up=0.50 | Sentiment falling | Regime=NORMAL
2021-08-19,SELL,-0.0625,0.0625,LSTM P_up=0.50 | Sentiment falling | Regime=NORMAL
2021-08-20,HOLD,-0.0054,0.0054,LSTM P_up=0.50 | Sentiment falling | Regime=NORMAL
2021-08-23,HOLD,0.0275,0.0275,LSTM P_up=0.50 | Regime=NORMAL
2021-08-24,BUY,0.0447,0.0447,LSTM P_up=0.50 | Regime=NORMAL
2021-08-25,BUY,0.0908,0.0908,LSTM P_up=0.50 | Regime=NORMAL
2021-08-26,BUY,0.0527,0.0527,LSTM P_up=0.50 | Regime=NORMAL
2021-08-27,BUY,0.0676,0.0676,LSTM P_up=0.50 | Regime=NORMAL
2021-08-30,BUY,0.0572,0.0572,LSTM P_up=0.50 | Regime=NORMAL
2021-08-31,BUY,0.0527,0.0527,LSTM P_up=0.50 | Regime=NORMAL
2021-09-01,BUY,0.0555,0.0555,LSTM P_up=0.50 | Regime=NORMAL
2021-09-02,BUY,0.07,0.07,LSTM P_up=0.50 | Regime=NORMAL
2021-09-03,BUY,0.0461,0.0461,LSTM P_up=0.50 | Regime=NORMAL
2021-09-07,HOLD,0.0125,0.0125,LSTM P_up=0.50 | Regime=NORMAL
2021-09-08,HOLD,0.0181,0.0181,LSTM P_up=0.50 | Regime=NORMAL
2021-09-09,HOLD,-0.0025,0.0025,LSTM P_up=0.50 | Regime=NORMAL
2021-09-10,SELL,-0.0388,0.0388,LSTM P_up=0.50 | Sentiment falling | Regime=NORMAL
2021-09-13,HOLD,-0.0092,0.0092,LSTM P_up=0.50 | Regime=NORMAL
2021-09-14,HOLD,0.0054,0.0054,LSTM P_up=0.50 | Regime=NORMAL
2021-09-15,HOLD,0.0282,0.0282,LSTM P_up=0.50 | Regime=NORMAL
2021-09-16,HOLD,0.0273,0.0273,LSTM P_up=0.50 | Regime=NORMAL
2021-09-17,HOLD,0.0096,0.0096,LSTM P_up=0.50 | Regime=NORMAL
2021-09-20,SELL,-0.0993,0.0993,LSTM P_up=0.50 | Sentiment falling | High VIX | Regime=RISK_OFF
2021-09-21,SELL,-0.0724,0.0724,LSTM P_up=0.50 | Sentiment falling | Regime=RISK_OFF
2021-09-22,HOLD,-0.0206,0.0206,LSTM P_up=0.50 | Regime=NORMAL
2021-09-23,HOLD,0.0279,0.0279,LSTM P_up=0.50 | Regime=NORMAL
2021-09-24,BUY,0.0664,0.0664,LSTM P_up=0.50 | Regime=NORMAL
2021-09-27,BUY,0.0962,0.0962,LSTM P_up=0.50 | Regime=NORMAL
2021-09-28,HOLD,-0.0002,0.0002,LSTM P_up=0.50 | Regime=RISK_OFF
2021-09-29,HOLD,-0.0218,0.0218,LSTM P_up=0.50 | Regime=RISK_OFF
2021-09-30,SELL,-0.0553,0.0553,LSTM P_up=0.50 | Sentiment falling | Regime=RISK_OFF
2021-10-01,SELL,-0.0274,0.0274,LSTM P_up=0.50 | Sentiment falling | Regime=NORMAL
2021-10-04,SELL,-0.051,0.051,LSTM P_up=0.50 | Sentiment falling | Regime=RISK_OFF
2021-10-05,HOLD,0.0258,0.0258,LSTM P_up=0.50 | Regime=NORMAL
2021-10-06,HOLD,0.0239,0.0239,LSTM P_up=0.50 | Regime=NORMAL
2021-10-07,BUY,0.0577,0.0577,LSTM P_up=0.50 | Regime=NORMAL
2021-10-08,BUY,0.0529,0.0529,LSTM P_up=0.50 | Regime=NORMAL
2021-10-11,BUY,0.0479,0.0479,LSTM P_up=0.50 | Regime=NORMAL
2021-10-12,BUY,0.0331,0.0331,LSTM P_up=0.50 | Regime=NORMAL
2021-10-13,BUY,0.0518,0.0518,LSTM P_up=0.50 | Regime=NORMAL
2021-10-14,BUY,0.07,0.07,LSTM P_up=0.50 | Regime=NORMAL
2021-10-15,BUY,0.0732,0.0732,LSTM P_up=0.50 | Regime=NORMAL
2021-10-18,BUY,0.0847,0.0847,LSTM P_up=0.50 | Regime=NORMAL
2021-10-19,BUY,0.0964,0.0964,LSTM P_up=0.50 | Regime=NORMAL
2021-10-20,BUY,0.0885,0.0885,LSTM P_up=0.50 | Regime=NORMAL
2021-10-21,BUY,0.0793,0.0793,LSTM P_up=0.50 | Regime=NORMAL
2021-10-22,BUY,0.0648,0.0648,LSTM P_up=0.50 | Regime=NORMAL
2021-10-25,BUY,0.0682,0.0682,LSTM P_up=0.50 | Regime=NORMAL
2021-10-26,BUY,0.0481,0.0481,LSTM P_up=0.50 | Regime=NORMAL
2021-10-27,HOLD,0.0248,0.0248,LSTM P_up=0.50 | Regime=NORMAL
2021-10-28,HOLD,0.0291,0.0291,LSTM P_up=0.50 | Regime=NORMAL
2021-10-29,BUY,0.0383,0.0383,LSTM P_up=0.50 | Regime=NORMAL
2021-11-01,BUY,0.0338,0.0338,LSTM P_up=0.50 | Regime=NORMAL
2021-11-02,BUY,0.0487,0.0487,LSTM P_up=0.50 | Regime=NORMAL
2021-11-03,BUY,0.0768,0.0768,LSTM P_up=0.50 | Regime=NORMAL
2021-11-04,BUY,0.0657,0.0657,LSTM P_up=0.50 | Regime=NORMAL
2021-11-05,BUY,0.0423,0.0423,LSTM P_up=0.50 | Regime=NORMAL
2021-11-08,HOLD,0.0299,0.0299,LSTM P_up=0.50 | Regime=NORMAL
2021-11-09,HOLD,0.0154,0.0154,LSTM P_up=0.50 | Regime=NORMAL
2021-11-10,HOLD,-0.0117,0.0117,LSTM P_up=0.50 | Sentiment falling | Regime=NORMAL
2021-11-11,HOLD,0.0118,0.0118,LSTM P_up=0.50 | Regime=NORMAL
2021-11-12,BUY,0.0479,0.0479,LSTM P_up=0.50 | Regime=NORMAL
2021-11-15,BUY,0.0525,0.0525,LSTM P_up=0.50 | Regime=NORMAL
2021-11-16,BUY,0.0602,0.0602,LSTM P_up=0.50 | Regime=NORMAL
2021-11-17,BUY,0.0556,0.0556,LSTM P_up=0.50 | Regime=NORMAL
2021-11-18,BUY,0.0357,0.0357,LSTM P_up=0.50 | Regime=NORMAL
2021-11-19,HOLD,0.015,0.015,LSTM P_up=0.50 | Regime=NORMAL
2021-11-22,HOLD,-0.007,0.007,LSTM P_up=0.50 | Regime=NORMAL
2021-11-23,HOLD,-0.0108,0.0108,LSTM P_up=0.50 | Sentiment falling | Regime=NORMAL
2021-11-24,HOLD,0.0102,0.0102,LSTM P_up=0.50 | Regime=NORMAL
2021-11-26,SELL,-0.1684,0.1684,LSTM P_up=0.50 | Sentiment falling | High VIX | Regime=CRISIS
2021-11-29,SELL,-0.0637,0.0637,LSTM P_up=0.50 | Sentiment falling | Regime=RISK_OFF
2021-11-30,SELL,-0.1324,0.1324,LSTM P_up=0.50 | Sentiment falling | High VIX | Regime=RISK_OFF
2021-12-01,SELL,-0.2093,0.2093,LSTM P_up=0.50 | Negative sentiment | Sentiment falling | High VIX | Regime=CRISIS
2021-12-02,SELL,-0.1546,0.1546,LSTM P_up=0.50 | Sentiment falling | High VIX | Regime=RISK_OFF
2021-12-03,SELL,-0.1458,0.1458,LSTM P_up=0.50 | Negative sentiment | High VIX | Regime=CRISIS
2021-12-06,SELL,-0.0969,0.0969,LSTM P_up=0.50 | Sentiment falling | High VIX | Regime=RISK_OFF
2021-12-07,BUY,0.0446,0.0446,LSTM P_up=0.50 | Regime=NORMAL
2021-12-08,BUY,0.1102,0.1102,LSTM P_up=0.50 | Regime=NORMAL
2021-12-09,BUY,0.0582,0.0582,LSTM P_up=0.50 | Regime=NORMAL
2021-12-10,BUY,0.1202,0.1202,LSTM P_up=0.50 | Regime=NORMAL
2021-12-13,BUY,0.0737,0.0737,LSTM P_up=0.50 | Regime=NORMAL
2021-12-14,HOLD,-0.0086,0.0086,LSTM P_up=0.50 | Regime=NORMAL
2021-12-15,HOLD,0.0204,0.0204,LSTM P_up=0.50 | Regime=NORMAL
2021-12-16,HOLD,0.0136,0.0136,LSTM P_up=0.50 | Regime=NORMAL
2021-12-17,SELL,-0.035,0.035,LSTM P_up=0.50 | Regime=NORMAL
2021-12-20,SELL,-0.0426,0.0426,LSTM P_up=0.50 | Regime=RISK_OFF
2021-12-21,HOLD,0.0081,0.0081,LSTM P_up=0.50 | Regime=NORMAL
2021-12-22,HOLD,0.0267,0.0267,LSTM P_up=0.50 | Regime=NORMAL
2021-12-23,BUY,0.0522,0.0522,LSTM P_up=0.50 | Regime=NORMAL
2021-12-27,BUY,0.0661,0.0661,LSTM P_up=0.50 | Regime=NORMAL
2021-12-28,BUY,0.0823,0.0823,LSTM P_up=0.50 | Regime=NORMAL
2021-12-29,BUY,0.0758,0.0758,LSTM P_up=0.50 | Regime=NORMAL
2021-12-30,BUY,0.0447,0.0447,LSTM P_up=0.50 | Regime=NORMAL
2021-12-31,BUY,0.04,0.04,LSTM P_up=0.50 | Regime=NORMAL
2022-01-03,BUY,0.05,0.05,LSTM P_up=0.50 | Regime=NORMAL
2022-01-04,BUY,0.0436,0.0436,LSTM P_up=0.50 | Regime=NORMAL
2022-01-05,HOLD,-0.0153,0.0153,LSTM P_up=0.50 | Regime=NORMAL
2022-01-06,HOLD,-0.0099,0.0099,LSTM P_up=0.50 | Regime=NORMAL
2022-01-07,HOLD,0.0057,0.0057,LSTM P_up=0.50 | Regime=NORMAL
2022-01-10,HOLD,-0.013,0.013,LSTM P_up=0.50 | Regime=NORMAL
2022-01-11,HOLD,0.0084,0.0084,LSTM P_up=0.50 | Regime=NORMAL
2022-01-12,BUY,0.0508,0.0508,LSTM P_up=0.50 | Regime=NORMAL
2022-01-13,HOLD,-0.0014,0.0014,LSTM P_up=0.50 | Regime=NORMAL
2022-01-14,HOLD,0.0111,0.0111,LSTM P_up=0.50 | Regime=NORMAL
2022-01-18,SELL,-0.0496,0.0496,LSTM P_up=0.50 | Sentiment falling | Regime=RISK_OFF
2022-01-19,SELL,-0.0798,0.0798,LSTM P_up=0.50 | Sentiment falling | Regime=RISK_OFF
2022-01-20,SELL,-0.1211,0.1211,LSTM P_up=0.50 | Sentiment falling | High VIX | Regime=RISK_OFF
2022-01-21,SELL,-0.1728,0.1728,LSTM P_up=0.50 | Sentiment falling | High VIX | Regime=CRISIS
2022-01-24,SELL,-0.1981,0.1981,LSTM P_up=0.50 | Negative sentiment | Sentiment falling | High VIX | Regime=CRISIS
2022-01-25,SELL,-0.2027,0.2027,LSTM P_up=0.50 | Negative sentiment | Sentiment falling | High VIX | Regime=CRISIS
2022-01-26,RISK_ALERT,-0.2139,0.2139,VIX spike | Sentiment crash | LSTM P_up=0.50 | Negative sentiment | Sentiment falling | High VIX | Regime=CRISIS
2022-01-27,SELL,-0.1725,0.1725,LSTM P_up=0.50 | Negative sentiment | Sentiment falling | High VIX | Regime=CRISIS
2022-01-28,SELL,-0.05,0.05,LSTM P_up=0.50 | High VIX | Regime=RISK_OFF
2022-01-31,HOLD,0.0131,0.0131,LSTM P_up=0.50 | Regime=RISK_OFF
2022-02-01,BUY,0.08,0.08,LSTM P_up=0.50 | Regime=NORMAL
2022-02-02,BUY,0.0853,0.0853,LSTM P_up=0.50 | Regime=RISK_OFF
2022-02-03,HOLD,0.0284,0.0284,LSTM P_up=0.50 | Regime=RISK_OFF
2022-02-04,HOLD,0.0211,0.0211,LSTM P_up=0.50 | Regime=RISK_OFF
2022-02-07,HOLD,-0.0004,0.0004,LSTM P_up=0.50 | Regime=RISK_OFF
2022-02-08,HOLD,-0.0027,0.0027,LSTM P_up=0.50 | Regime=NORMAL
2022-02-09,HOLD,0.0257,0.0257,LSTM P_up=0.50 | Regime=NORMAL
2022-02-10,HOLD,0.0,0.0,LSTM P_up=0.50 | Regime=RISK_OFF
2022-02-11,SELL,-0.1049,0.1049,LSTM P_up=0.50 | Sentiment falling | High VIX | Regime=RISK_OFF
2022-02-14,SELL,-0.159,0.159,LSTM P_up=0.50 | Sentiment falling | High VIX | Regime=CRISIS
2022-02-15,SELL,-0.0906,0.0906,LSTM P_up=0.50 | Sentiment falling | High VIX | Regime=RISK_OFF
2022-02-16,SELL,-0.0781,0.0781,LSTM P_up=0.50 | Sentiment falling | Regime=RISK_OFF
2022-02-17,SELL,-0.1415,0.1415,LSTM P_up=0.50 | Sentiment falling | High VIX | Regime=CRISIS
2022-02-18,SELL,-0.0702,0.0702,LSTM P_up=0.50 | High VIX | Regime=RISK_OFF
2022-02-22,SELL,-0.1269,0.1269,LSTM P_up=0.50 | High VIX | Regime=CRISIS
2022-02-23,SELL,-0.195,0.195,LSTM P_up=0.50 | Negative sentiment | Sentiment falling | High VIX | Regime=CRISIS
2022-02-24,SELL,-0.1903,0.1903,LSTM P_up=0.50 | Negative sentiment | Sentiment falling | High VIX | Regime=CRISIS
2022-02-25,SELL,-0.0603,0.0603,LSTM P_up=0.50 | High VIX | Regime=RISK_OFF
2022-02-28,SELL,-0.1605,0.1605,LSTM P_up=0.50 | Negative sentiment | High VIX | Regime=CRISIS
2022-03-01,RISK_ALERT,-0.2207,0.2207,VIX spike | Sentiment crash | LSTM P_up=0.50 | Negative sentiment | Sentiment falling | High VIX | Regime=CRISIS
2022-03-02,SELL,-0.1489,0.1489,LSTM P_up=0.50 | Negative sentiment | High VIX | Regime=CRISIS
2022-03-03,SELL,-0.1504,0.1504,LSTM P_up=0.50 | Negative sentiment | High VIX | Regime=CRISIS
2022-03-04,RISK_ALERT,-0.21,0.21,VIX spike | Sentiment crash | LSTM P_up=0.50 | Negative sentiment | Sentiment falling | High VIX | Regime=CRISIS
2022-03-07,RISK_ALERT,-0.2884,0.2884,VIX spike | Sentiment crash | LSTM P_up=0.50 | Negative sentiment | Sentiment falling | High VIX | Regime=CRISIS
2022-03-08,RISK_ALERT,-0.234,0.234,VIX spike | Sentiment crash | LSTM P_up=0.50 | Negative sentiment | High VIX | Regime=CRISIS
2022-03-09,RISK_ALERT,-0.1941,0.1941,VIX spike | Sentiment crash | LSTM P_up=0.50 | Negative sentiment | High VIX | Regime=CRISIS
2022-03-10,SELL,-0.1474,0.1474,LSTM P_up=0.50 | Negative sentiment | High VIX | Regime=CRISIS
2022-03-11,SELL,-0.1473,0.1473,LSTM P_up=0.50 | Negative sentiment | High VIX | Regime=CRISIS
2022-03-14,RISK_ALERT,-0.1329,0.1329,VIX spike | Sentiment crash | LSTM P_up=0.50 | Negative sentiment | High VIX | Regime=CRISIS
2022-03-15,SELL,-0.0992,0.0992,LSTM P_up=0.50 | Negative sentiment | High VIX | Regime=CRISIS
2022-03-16,HOLD,-0.0033,0.0033,LSTM P_up=0.50 | High VIX | Regime=RISK_OFF
2022-03-17,HOLD,-0.0063,0.0063,LSTM P_up=0.50 | High VIX | Regime=RISK_OFF
2022-03-18,BUY,0.0308,0.0308,LSTM P_up=0.50 | Regime=RISK_OFF
2022-03-21,BUY,0.0476,0.0476,LSTM P_up=0.50 | Regime=RISK_OFF
2022-03-22,BUY,0.0397,0.0397,LSTM P_up=0.50 | Regime=RISK_OFF
2022-03-23,HOLD,0.0,0.0,LSTM P_up=0.50 | Regime=RISK_OFF
2022-03-24,HOLD,0.0221,0.0221,LSTM P_up=0.50 | Regime=NORMAL
2022-03-25,HOLD,0.0196,0.0196,LSTM P_up=0.50 | Regime=NORMAL
2022-03-28,BUY,0.0369,0.0369,LSTM P_up=0.50 | Regime=NORMAL
2022-03-29,BUY,0.0437,0.0437,LSTM P_up=0.50 | Regime=NORMAL
2022-03-30,BUY,0.0416,0.0416,LSTM P_up=0.50 | Regime=NORMAL
2022-03-31,HOLD,-0.0005,0.0005,LSTM P_up=0.50 | Regime=NORMAL
2022-04-01,HOLD,0.0065,0.0065,LSTM P_up=0.50 | Yield inversion | Regime=NORMAL
2022-04-04,HOLD,0.0154,0.0154,LSTM P_up=0.50 | Yield inversion | Regime=NORMAL
2022-04-05,SELL,-0.0372,0.0372,LSTM P_up=0.50 | Regime=NORMAL
2022-04-06,SELL,-0.0514,0.0514,LSTM P_up=0.50 | Regime=RISK_OFF
2022-04-07,SELL,-0.0272,0.0272,LSTM P_up=0.50 | Regime=NORMAL
2022-04-08,SELL,-0.0291,0.0291,LSTM P_up=0.50 | Regime=NORMAL
2022-04-11,SELL,-0.0979,0.0979,LSTM P_up=0.50 | Sentiment falling | Regime=RISK_OFF
2022-04-12,SELL,-0.0705,0.0705,LSTM P_up=0.50 | Sentiment falling | Regime=RISK_OFF
2022-04-13,HOLD,-0.014,0.014,LSTM P_up=0.50 | Regime=NORMAL
2022-04-14,SELL,-0.0354,0.0354,LSTM P_up=0.50 | Regime=RISK_OFF
2022-04-18,SELL,-0.0288,0.0288,LSTM P_up=0.50 | Regime=RISK_OFF
2022-04-19,HOLD,0.0169,0.0169,LSTM P_up=0.50 | Regime=NORMAL
2022-04-20,BUY,0.0341,0.0341,LSTM P_up=0.50 | Regime=NORMAL
2022-04-21,SELL,-0.0352,0.0352,LSTM P_up=0.50 | Regime=RISK_OFF
2022-04-22,SELL,-0.1694,0.1694,LSTM P_up=0.50 | Sentiment falling | High VIX | Regime=CRISIS
2022-04-25,SELL,-0.1138,0.1138,LSTM P_up=0.50 | Sentiment falling | High VIX | Regime=RISK_OFF
2022-04-26,RISK_ALERT,-0.277,0.277,VIX spike | Sentiment crash | LSTM P_up=0.50 | Negative sentiment | Sentiment falling | High VIX | Regime=CRISIS
2022-04-27,RISK_ALERT,-0.2496,0.2496,VIX spike | Sentiment crash | LSTM P_up=0.50 | Negative sentiment | Sentiment falling | High VIX | Regime=CRISIS
2022-04-28,SELL,-0.2066,0.2066,LSTM P_up=0.50 | Negative sentiment | Sentiment falling | High VIX | Regime=CRISIS
2022-04-29,RISK_ALERT,-0.239,0.239,VIX spike | Sentiment crash | LSTM P_up=0.50 | Negative sentiment | Sentiment falling | High VIX | Regime=CRISIS
2022-05-02,RISK_ALERT,-0.2215,0.2215,VIX spike | Sentiment crash | LSTM P_up=0.50 | Negative sentiment | Sentiment falling | High VIX | Regime=CRISIS
2022-05-03,SELL,-0.1052,0.1052,LSTM P_up=0.50 | Negative sentiment | High VIX | Regime=CRISIS
2022-05-04,HOLD,0.0123,0.0123,LSTM P_up=0.50 | High VIX | Regime=RISK_OFF
2022-05-05,SELL,-0.1683,0.1683,LSTM P_up=0.50 | Negative sentiment | High VIX | Regime=CRISIS
2022-05-06,SELL,-0.1156,0.1156,LSTM P_up=0.50 | Negative sentiment | High VIX | Regime=CRISIS
2022-05-09,RISK_ALERT,-0.2223,0.2223,VIX spike | Sentiment crash | LSTM P_up=0.50 | Negative sentiment | High VIX | Regime=CRISIS
2022-05-10,RISK_ALERT,-0.212,0.212,VIX spike | Sentiment crash | LSTM P_up=0.50 | Negative sentiment | Sentiment falling | High VIX | Regime=CRISIS
2022-05-11,RISK_ALERT,-0.2396,0.2396,VIX spike | Sentiment crash | LSTM P_up=0.50 | Negative sentiment | Sentiment falling | High VIX | Regime=CRISIS
2022-05-12,RISK_ALERT,-0.1744,0.1744,VIX spike | Sentiment crash | LSTM P_up=0.50 | Negative sentiment | High VIX | Regime=CRISIS
2022-05-13,SELL,-0.1166,0.1166,LSTM P_up=0.50 | High VIX | Regime=CRISIS
2022-05-16,HOLD,0.0059,0.0059,LSTM P_up=0.50 | High VIX | Regime=RISK_OFF
2022-05-17,HOLD,0.0134,0.0134,LSTM P_up=0.50 | High VIX | Regime=RISK_OFF
2022-05-18,SELL,-0.1494,0.1494,LSTM P_up=0.50 | Negative sentiment | High VIX | Regime=CRISIS
2022-05-19,SELL,-0.1203,0.1203,LSTM P_up=0.50 | Negative sentiment | High VIX | Regime=CRISIS
2022-05-20,SELL,-0.1469,0.1469,LSTM P_up=0.50 | Negative sentiment | High VIX | Regime=CRISIS
2022-05-23,SELL,-0.1356,0.1356,LSTM P_up=0.50 | High VIX | Regime=CRISIS
2022-05-24,SELL,-0.1652,0.1652,LSTM P_up=0.50 | Negative sentiment | Sentiment falling | High VIX | Regime=CRISIS
2022-05-25,SELL,-0.1021,0.1021,LSTM P_up=0.50 | High VIX | Regime=CRISIS
2022-05-26,SELL,-0.0488,0.0488,LSTM P_up=0.50 | High VIX | Regime=RISK_OFF
2022-05-27,HOLD,-0.015,0.015,LSTM P_up=0.50 | High VIX | Regime=RISK_OFF
2022-05-31,SELL,-0.0324,0.0324,LSTM P_up=0.50 | High VIX | Regime=RISK_OFF
2022-06-01,HOLD,-0.0141,0.0141,LSTM P_up=0.50 | High VIX | Regime=RISK_OFF
2022-06-02,HOLD,0.0,0.0,LSTM P_up=0.50 | Regime=RISK_OFF
2022-06-03,HOLD,0.0,0.0,LSTM P_up=0.50 | Regime=RISK_OFF
2022-06-06,HOLD,0.0,0.0,LSTM P_up=0.50 | High VIX | Regime=RISK_OFF
2022-06-07,HOLD,0.0,0.0,LSTM P_up=0.50 | Regime=RISK_OFF
2022-06-08,HOLD,0.0,0.0,LSTM P_up=0.50 | Regime=RISK_OFF
2022-06-09,SELL,-0.0703,0.0703,LSTM P_up=0.50 | High VIX | Regime=RISK_OFF
2022-06-10,SELL,-0.1031,0.1031,LSTM P_up=0.50 | High VIX | Regime=RISK_OFF
2022-06-13,RISK_ALERT,-0.2863,0.2863,VIX spike | Sentiment crash | LSTM P_up=0.50 | Negative sentiment | Sentiment falling | High VIX | Regime=CRISIS
2022-06-14,RISK_ALERT,-0.2649,0.2649,VIX spike | Sentiment crash | LSTM P_up=0.50 | Negative sentiment | Sentiment falling | High VIX | Regime=CRISIS
2022-06-15,SELL,-0.193,0.193,LSTM P_up=0.50 | Negative sentiment | Sentiment falling | High VIX | Regime=CRISIS
2022-06-16,RISK_ALERT,-0.2487,0.2487,VIX spike | Sentiment crash | LSTM P_up=0.50 | Negative sentiment | Sentiment falling | High VIX | Regime=CRISIS
2022-06-17,SELL,-0.1986,0.1986,LSTM P_up=0.50 | Negative sentiment | Sentiment falling | High VIX | Regime=CRISIS
2022-06-21,SELL,-0.1267,0.1267,LSTM P_up=0.50 | Negative sentiment | High VIX | Regime=CRISIS
2022-06-22,SELL,-0.11,0.11,LSTM P_up=0.50 | High VIX | Regime=CRISIS
2022-06-23,SELL,-0.1379,0.1379,LSTM P_up=0.50 | Negative sentiment | High VIX | Regime=CRISIS
2022-06-24,HOLD,-0.0118,0.0118,LSTM P_up=0.50 | High VIX | Regime=RISK_OFF
2022-06-27,HOLD,-0.0241,0.0241,LSTM P_up=0.50 | High VIX | Regime=RISK_OFF
2022-06-28,SELL,-0.1171,0.1171,LSTM P_up=0.50 | High VIX | Regime=CRISIS
2022-06-29,SELL,-0.1258,0.1258,LSTM P_up=0.50 | High VIX | Regime=CRISIS
2022-06-30,SELL,-0.136,0.136,LSTM P_up=0.50 | High VIX | Regime=CRISIS
2022-07-01,HOLD,0.0,0.0,LSTM P_up=0.50 | High VIX | Regime=RISK_OFF
2022-07-05,HOLD,0.0,0.0,LSTM P_up=0.50 | High VIX | Regime=RISK_OFF
2022-07-06,SELL,-0.0509,0.0509,LSTM P_up=0.50 | High VIX | Yield inversion | Regime=RISK_OFF
2022-07-07,SELL,-0.0403,0.0403,LSTM P_up=0.50 | High VIX | Yield inversion | Regime=RISK_OFF
2022-07-08,HOLD,-0.008,0.008,LSTM P_up=0.50 | Yield inversion | Regime=RISK_OFF
2022-07-11,SELL,-0.0578,0.0578,LSTM P_up=0.50 | High VIX | Yield inversion | Regime=RISK_OFF
2022-07-12,SELL,-0.0702,0.0702,LSTM P_up=0.50 | High VIX | Yield inversion | Regime=RISK_OFF
2022-07-13,SELL,-0.0725,0.0725,LSTM P_up=0.50 | High VIX | Yield inversion | Regime=RISK_OFF
2022-07-14,SELL,-0.0705,0.0705,LSTM P_up=0.50 | High VIX | Yield inversion | Regime=RISK_OFF
2022-07-15,SELL,-0.0444,0.0444,LSTM P_up=0.50 | Yield inversion | Regime=RISK_OFF
2022-07-18,SELL,-0.049,0.049,LSTM P_up=0.50 | High VIX | Yield inversion | Regime=RISK_OFF
2022-07-19,HOLD,-0.0234,0.0234,LSTM P_up=0.50 | Yield inversion | Regime=RISK_OFF
2022-07-20,HOLD,-0.0162,0.0162,LSTM P_up=0.50 | Yield inversion | Regime=RISK_OFF
2022-07-21,HOLD,-0.0056,0.0056,LSTM P_up=0.50 | Yield inversion | Regime=RISK_OFF
2022-07-22,SELL,-0.0262,0.0262,LSTM P_up=0.50 | Yield inversion | Regime=RISK_OFF
2022-07-25,HOLD,-0.0213,0.0213,LSTM P_up=0.50 | Yield inversion | Regime=RISK_OFF
2022-07-26,SELL,-0.0546,0.0546,LSTM P_up=0.50 | Yield inversion | Regime=RISK_OFF
2022-07-27,HOLD,0.0,0.0,LSTM P_up=0.50 | Yield inversion | Regime=RISK_OFF
2022-07-28,HOLD,0.0,0.0,LSTM P_up=0.50 | Yield inversion | Regime=RISK_OFF
2022-07-29,HOLD,0.0,0.0,LSTM P_up=0.50 | Yield inversion | Regime=NORMAL
2022-08-01,HOLD,0.0,0.0,LSTM P_up=0.50 | Yield inversion | Regime=RISK_OFF
2022-08-02,HOLD,0.0,0.0,LSTM P_up=0.50 | Yield inversion | Regime=CRISIS
2022-08-03,HOLD,0.0,0.0,LSTM P_up=0.50 | Yield inversion | Regime=CRISIS
2022-08-04,SELL,-0.0517,0.0517,LSTM P_up=0.50 | Yield inversion | Regime=CRISIS
2022-08-05,HOLD,0.0,0.0,LSTM P_up=0.50 | Yield inversion | Regime=CRISIS
2022-08-08,HOLD,0.0,0.0,LSTM P_up=0.50 | Yield inversion | Regime=CRISIS
2022-08-09,HOLD,0.0,0.0,LSTM P_up=0.50 | Yield inversion | Regime=RISK_OFF
2022-08-10,HOLD,0.0,0.0,LSTM P_up=0.50 | Yield inversion | Regime=CRISIS
2022-08-11,SELL,-0.0321,0.0321,LSTM P_up=0.50 | Yield inversion | Regime=CRISIS
2022-08-12,HOLD,-0.0223,0.0223,LSTM P_up=0.50 | Yield inversion | Regime=CRISIS
2022-08-15,HOLD,0.0,0.0,LSTM P_up=0.50 | Yield inversion | Regime=CRISIS
2022-08-16,HOLD,0.0074,0.0074,LSTM P_up=0.50 | Yield inversion | Regime=RISK_OFF
2022-08-17,SELL,-0.0407,0.0407,LSTM P_up=0.50 | Yield inversion | Regime=CRISIS
2022-08-18,SELL,-0.0269,0.0269,LSTM P_up=0.50 | Yield inversion | Regime=CRISIS
2022-08-19,SELL,-0.0288,0.0288,LSTM P_up=0.50 | Yield inversion | Regime=NORMAL
2022-08-22,SELL,-0.085,0.085,LSTM P_up=0.50 | Sentiment falling | Yield inversion | Regime=RISK_OFF
2022-08-23,SELL,-0.0925,0.0925,LSTM P_up=0.50 | Sentiment falling | Yield inversion | Regime=RISK_OFF
2022-08-24,SELL,-0.0664,0.0664,LSTM P_up=0.50 | Yield inversion | Regime=RISK_OFF
2022-08-25,SELL,-0.0797,0.0797,LSTM P_up=0.50 | Yield inversion | Regime=CRISIS
2022-08-26,SELL,-0.1551,0.1551,LSTM P_up=0.50 | Sentiment falling | High VIX | Yield inversion | Regime=CRISIS
2022-08-29,SELL,-0.0919,0.0919,LSTM P_up=0.50 | High VIX | Yield inversion | Regime=RISK_OFF
2022-08-30,SELL,-0.1424,0.1424,LSTM P_up=0.50 | High VIX | Yield inversion | Regime=CRISIS
2022-08-31,SELL,-0.0954,0.0954,LSTM P_up=0.50 | Sentiment falling | High VIX | Yield inversion | Regime=RISK_OFF
2022-09-01,SELL,-0.0989,0.0989,LSTM P_up=0.50 | Sentiment falling | High VIX | Yield inversion | Regime=RISK_OFF
2022-09-02,SELL,-0.0585,0.0585,LSTM P_up=0.50 | High VIX | Yield inversion | Regime=RISK_OFF
2022-09-06,SELL,-0.0784,0.0784,LSTM P_up=0.50 | High VIX | Yield inversion | Regime=RISK_OFF
2022-09-07,SELL,-0.036,0.036,LSTM P_up=0.50 | Yield inversion | Regime=RISK_OFF
2022-09-08,HOLD,-0.0203,0.0203,LSTM P_up=0.50 | Yield inversion | Regime=RISK_OFF
2022-09-09,HOLD,-0.0088,0.0088,LSTM P_up=0.50 | Yield inversion | Regime=RISK_OFF
2022-09-12,SELL,-0.0296,0.0296,LSTM P_up=0.50 | Yield inversion | Regime=RISK_OFF
2022-09-13,SELL,-0.1423,0.1423,LSTM P_up=0.50 | High VIX | Yield inversion | Regime=CRISIS
2022-09-14,SELL,-0.1381,0.1381,LSTM P_up=0.50 | High VIX | Yield inversion | Regime=CRISIS
2022-09-15,SELL,-0.1515,0.1515,LSTM P_up=0.50 | High VIX | Yield inversion | Regime=CRISIS
2022-09-16,SELL,-0.1576,0.1576,LSTM P_up=0.50 | Sentiment falling | High VIX | Yield inversion | Regime=CRISIS
2022-09-19,SELL,-0.1403,0.1403,LSTM P_up=0.50 | High VIX | Yield inversion | Regime=CRISIS
2022-09-20,SELL,-0.1402,0.1402,LSTM P_up=0.50 | High VIX | Yield inversion | Regime=CRISIS
2022-09-21,SELL,-0.1737,0.1737,LSTM P_up=0.50 | High VIX | Yield inversion | Regime=CRISIS
2022-09-22,SELL,-0.1534,0.1534,LSTM P_up=0.50 | High VIX | Yield inversion | Regime=CRISIS
2022-09-23,SELL,-0.215,0.215,LSTM P_up=0.50 | Negative sentiment | Sentiment falling | High VIX | Yield inversion | Regime=CRISIS
2022-09-26,RISK_ALERT,-0.2644,0.2644,VIX spike | Sentiment crash | LSTM P_up=0.50 | Negative sentiment | Sentiment falling | High VIX | Yield inversion | Regime=CRISIS
2022-09-27,RISK_ALERT,-0.2575,0.2575,VIX spike | Sentiment crash | LSTM P_up=0.50 | Negative sentiment | Sentiment falling | High VIX | Yield inversion | Regime=CRISIS
2022-09-28,SELL,-0.1987,0.1987,LSTM P_up=0.50 | Negative sentiment | High VIX | Yield inversion | Regime=CRISIS
2022-09-29,RISK_ALERT,-0.243,0.243,VIX spike | Sentiment crash | LSTM P_up=0.50 | Negative sentiment | Sentiment falling | High VIX | Yield inversion | Regime=CRISIS
2022-09-30,RISK_ALERT,-0.2171,0.2171,VIX spike | Sentiment crash | LSTM P_up=0.50 | Negative sentiment | High VIX | Yield inversion | Regime=CRISIS
2022-10-03,SELL,-0.1681,0.1681,LSTM P_up=0.50 | Negative sentiment | High VIX | Yield inversion | Regime=CRISIS
2022-10-04,SELL,-0.1443,0.1443,LSTM P_up=0.50 | Negative sentiment | High VIX | Yield inversion | Regime=CRISIS
2022-10-05,SELL,-0.1475,0.1475,LSTM P_up=0.50 | High VIX | Yield inversion | Regime=CRISIS
2022-10-06,SELL,-0.1781,0.1781,LSTM P_up=0.50 | Negative sentiment | High VIX | Yield inversion | Regime=CRISIS
2022-10-07,SELL,-0.1988,0.1988,LSTM P_up=0.50 | Negative sentiment | High VIX | Yield inversion | Regime=CRISIS
2022-10-10,RISK_ALERT,-0.235,0.235,VIX spike | Sentiment crash | LSTM P_up=0.50 | Negative sentiment | High VIX | Yield inversion | Regime=CRISIS
2022-10-11,RISK_ALERT,-0.267,0.267,VIX spike | Sentiment crash | LSTM P_up=0.50 | Negative sentiment | Sentiment falling | High VIX | Yield inversion | Regime=CRISIS
2022-10-12,RISK_ALERT,-0.2699,0.2699,VIX spike | Sentiment crash | LSTM P_up=0.50 | Negative sentiment | Sentiment falling | High VIX | Yield inversion | Regime=CRISIS
2022-10-13,RISK_ALERT,-0.2252,0.2252,VIX spike | Sentiment crash | LSTM P_up=0.50 | Negative sentiment | High VIX | Yield inversion | Regime=CRISIS
2022-10-14,RISK_ALERT,-0.2192,0.2192,VIX spike | Sentiment crash | LSTM P_up=0.50 | Negative sentiment | High VIX | Yield inversion | Regime=CRISIS
2022-10-17,SELL,-0.1935,0.1935,LSTM P_up=0.50 | Negative sentiment | High VIX | Yield inversion | Regime=CRISIS
2022-10-18,SELL,-0.1644,0.1644,LSTM P_up=0.50 | Negative sentiment | High VIX | Yield inversion | Regime=CRISIS
2022-10-19,SELL,-0.17,0.17,LSTM P_up=0.50 | Negative sentiment | High VIX | Yield inversion | Regime=CRISIS
2022-10-20,SELL,-0.1643,0.1643,LSTM P_up=0.50 | Negative sentiment | High VIX | Yield inversion | Regime=CRISIS
2022-10-21,SELL,-0.152,0.152,LSTM P_up=0.50 | Negative sentiment | High VIX | Yield inversion | Regime=CRISIS
2022-10-24,HOLD,0.0,0.0,LSTM P_up=0.50 | Negative sentiment | High VIX | Yield inversion | Regime=RISK_OFF
2022-10-25,HOLD,0.0,0.0,LSTM P_up=0.50 | High VIX | Yield inversion | Regime=RISK_OFF
2022-10-26,HOLD,0.0,0.0,LSTM P_up=0.50 | High VIX | Yield inversion | Regime=RISK_OFF
2022-10-27,SELL,-0.1209,0.1209,LSTM P_up=0.50 | High VIX | Yield inversion | Regime=CRISIS
2022-10-28,HOLD,0.0,0.0,LSTM P_up=0.50 | High VIX | Yield inversion | Regime=RISK_OFF
2022-10-31,HOLD,0.0,0.0,LSTM P_up=0.50 | High VIX | Yield inversion | Regime=RISK_OFF
2022-11-01,SELL,-0.1052,0.1052,LSTM P_up=0.50 | High VIX | Yield inversion | Regime=CRISIS
2022-11-02,SELL,-0.1179,0.1179,LSTM P_up=0.50 | High VIX | Yield inversion | Regime=CRISIS
2022-11-03,SELL,-0.1079,0.1079,LSTM P_up=0.50 | High VIX | Yield inversion | Regime=CRISIS
2022-11-04,SELL,-0.1002,0.1002,LSTM P_up=0.50 | Yield inversion | Regime=CRISIS
2022-11-07,SELL,-0.0953,0.0953,LSTM P_up=0.50 | Yield inversion | Regime=CRISIS
2022-11-08,SELL,-0.1237,0.1237,LSTM P_up=0.50 | High VIX | Yield inversion | Regime=CRISIS
2022-11-09,SELL,-0.1332,0.1332,LSTM P_up=0.50 | High VIX | Yield inversion | Regime=CRISIS
2022-11-10,SELL,-0.083,0.083,LSTM P_up=0.50 | Yield inversion | Regime=CRISIS
2022-11-11,SELL,-0.0668,0.0668,LSTM P_up=0.50 | Yield inversion | Regime=CRISIS
2022-11-14,SELL,-0.095,0.095,LSTM P_up=0.50 | Yield inversion | Regime=CRISIS
2022-11-15,SELL,-0.106,0.106,LSTM P_up=0.50 | Yield inversion | Regime=CRISIS
2022-11-16,HOLD,0.0,0.0,LSTM P_up=0.50 | Yield inversion | Regime=RISK_OFF
2022-11-17,HOLD,0.0,0.0,LSTM P_up=0.50 | Yield inversion | Regime=RISK_OFF
2022-11-18,HOLD,0.0,0.0,LSTM P_up=0.50 | Yield inversion | Regime=RISK_OFF
2022-11-21,SELL,-0.0767,0.0767,LSTM P_up=0.50 | Yield inversion | Regime=CRISIS
2022-11-22,HOLD,0.0,0.0,LSTM P_up=0.50 | Yield inversion | Regime=CRISIS
2022-11-23,HOLD,0.012,0.012,LSTM P_up=0.50 | Yield inversion | Regime=RISK_OFF
2022-11-25,SELL,-0.039,0.039,LSTM P_up=0.50 | Yield inversion | Regime=CRISIS
2022-11-28,SELL,-0.0847,0.0847,LSTM P_up=0.50 | Yield inversion | Regime=CRISIS
2022-11-29,SELL,-0.0816,0.0816,LSTM P_up=0.50 | Yield inversion | Regime=CRISIS
2022-11-30,SELL,-0.0598,0.0598,LSTM P_up=0.50 | Yield inversion | Regime=CRISIS
2022-12-01,SELL,-0.0521,0.0521,LSTM P_up=0.50 | Yield inversion | Regime=CRISIS
2022-12-02,SELL,-0.0364,0.0364,LSTM P_up=0.50 | Yield inversion | Regime=CRISIS
2022-12-05,SELL,-0.062,0.062,LSTM P_up=0.50 | Yield inversion | Regime=CRISIS
2022-12-06,SELL,-0.0969,0.0969,LSTM P_up=0.50 | Yield inversion | Regime=CRISIS
2022-12-07,SELL,-0.1191,0.1191,LSTM P_up=0.50 | Yield inversion | Regime=CRISIS
2022-12-08,SELL,-0.1159,0.1159,LSTM P_up=0.50 | Yield inversion | Regime=CRISIS
2022-12-09,SELL,-0.1303,0.1303,LSTM P_up=0.50 | Sentiment falling | Yield inversion | Regime=CRISIS
2022-12-12,SELL,-0.1656,0.1656,LSTM P_up=0.50 | Sentiment falling | Yield inversion | Regime=CRISIS
2022-12-13,SELL,-0.0966,0.0966,LSTM P_up=0.50 | Yield inversion | Regime=CRISIS
2022-12-14,SELL,-0.0631,0.0631,LSTM P_up=0.50 | Yield inversion | Regime=CRISIS
2022-12-15,SELL,-0.1061,0.1061,LSTM P_up=0.50 | Yield inversion | Regime=CRISIS
2022-12-16,SELL,-0.0918,0.0918,LSTM P_up=0.50 | Yield inversion | Regime=CRISIS
2022-12-19,SELL,-0.0695,0.0695,LSTM P_up=0.50 | Yield inversion | Regime=CRISIS
2022-12-20,SELL,-0.062,0.062,LSTM P_up=0.50 | Yield inversion | Regime=CRISIS
2022-12-21,SELL,-0.0407,0.0407,LSTM P_up=0.50 | Yield inversion | Regime=CRISIS
2022-12-22,SELL,-0.0711,0.0711,LSTM P_up=0.50 | Yield inversion | Regime=CRISIS
2022-12-23,SELL,-0.048,0.048,LSTM P_up=0.50 | Yield inversion | Regime=CRISIS
2022-12-27,SELL,-0.0625,0.0625,LSTM P_up=0.50 | Yield inversion | Regime=CRISIS
2022-12-28,SELL,-0.0782,0.0782,LSTM P_up=0.50 | Yield inversion | Regime=CRISIS
2022-12-29,SELL,-0.0783,0.0783,LSTM P_up=0.50 | Yield inversion | Regime=CRISIS
2022-12-30,SELL,-0.0692,0.0692,LSTM P_up=0.50 | Yield inversion | Regime=CRISIS
2023-01-03,SELL,-0.1094,0.1094,LSTM P_up=0.50 | Yield inversion | Regime=CRISIS
2023-01-04,SELL,-0.0868,0.0868,LSTM P_up=0.50 | Yield inversion | Regime=CRISIS
2023-01-05,SELL,-0.0965,0.0965,LSTM P_up=0.50 | Yield inversion | Regime=CRISIS
2023-01-06,SELL,-0.0701,0.0701,LSTM P_up=0.50 | Yield inversion | Regime=CRISIS
2023-01-09,SELL,-0.0852,0.0852,LSTM P_up=0.50 | Yield inversion | Regime=CRISIS
2023-01-10,SELL,-0.0432,0.0432,LSTM P_up=0.50 | Yield inversion | Regime=CRISIS
2023-01-11,SELL,-0.0631,0.0631,LSTM P_up=0.50 | Yield inversion | Regime=CRISIS
2023-01-12,HOLD,0.0252,0.0252,LSTM P_up=0.50 | Yield inversion | Regime=RISK_OFF
2023-01-13,HOLD,-0.0136,0.0136,LSTM P_up=0.50 | Yield inversion | Regime=CRISIS
2023-01-17,HOLD,0.0,0.0,LSTM P_up=0.50 | Yield inversion | Regime=CRISIS
2023-01-18,SELL,-0.0596,0.0596,LSTM P_up=0.50 | Yield inversion | Regime=CRISIS
2023-01-19,SELL,-0.0601,0.0601,LSTM P_up=0.50 | Yield inversion | Regime=CRISIS
2023-01-20,HOLD,0.0,0.0,LSTM P_up=0.50 | Yield inversion | Regime=CRISIS
2023-01-23,SELL,-0.0658,0.0658,LSTM P_up=0.50 | Yield inversion | Regime=CRISIS
2023-01-24,SELL,-0.0427,0.0427,LSTM P_up=0.50 | Yield inversion | Regime=CRISIS
2023-01-25,SELL,-0.0317,0.0317,LSTM P_up=0.50 | Yield inversion | Regime=CRISIS
2023-01-26,HOLD,-0.0242,0.0242,LSTM P_up=0.50 | Yield inversion | Regime=CRISIS
2023-01-27,HOLD,-0.0242,0.0242,LSTM P_up=0.50 | Yield inversion | Regime=CRISIS
2023-01-30,SELL,-0.0575,0.0575,LSTM P_up=0.50 | Yield inversion | Regime=CRISIS
2023-01-31,SELL,-0.05,0.05,LSTM P_up=0.50 | Yield inversion | Regime=CRISIS
2023-02-01,HOLD,0.0,0.0,LSTM P_up=0.50 | Yield inversion | Regime=CRISIS
2023-02-02,HOLD,0.0,0.0,LSTM P_up=0.50 | Yield inversion | Regime=RISK_OFF
2023-02-03,HOLD,0.0,0.0,LSTM P_up=0.50 | Yield inversion | Regime=CRISIS
2023-02-06,SELL,-0.0511,0.0511,LSTM P_up=0.50 | Yield inversion | Regime=CRISIS
2023-02-07,SELL,-0.038,0.038,LSTM P_up=0.50 | Yield inversion | Regime=CRISIS
2023-02-08,SELL,-0.0726,0.0726,LSTM P_up=0.50 | Yield inversion | Regime=CRISIS
2023-02-09,SELL,-0.089,0.089,LSTM P_up=0.50 | Yield inversion | Regime=CRISIS
2023-02-10,SELL,-0.0856,0.0856,LSTM P_up=0.50 | Yield inversion | Regime=CRISIS
2023-02-13,SELL,-0.0747,0.0747,LSTM P_up=0.50 | Yield inversion | Regime=CRISIS
2023-02-14,SELL,-0.051,0.051,LSTM P_up=0.50 | Yield inversion | Regime=CRISIS
2023-02-15,SELL,-0.0272,0.0272,LSTM P_up=0.50 | Yield inversion | Regime=CRISIS
2023-02-16,SELL,-0.0586,0.0586,LSTM P_up=0.50 | Yield inversion | Regime=CRISIS
2023-02-17,SELL,-0.0578,0.0578,LSTM P_up=0.50 | Yield inversion | Regime=CRISIS
2023-02-21,SELL,-0.1188,0.1188,LSTM P_up=0.50 | Yield inversion | Regime=CRISIS
2023-02-22,SELL,-0.118,0.118,LSTM P_up=0.50 | Sentiment falling | Yield inversion | Regime=CRISIS
2023-02-23,SELL,-0.1008,0.1008,LSTM P_up=0.50 | Yield inversion | Regime=CRISIS
2023-02-24,SELL,-0.0996,0.0996,LSTM P_up=0.50 | Yield inversion | Regime=CRISIS
2023-02-27,SELL,-0.0866,0.0866,LSTM P_up=0.50 | Yield inversion | Regime=CRISIS
2023-02-28,SELL,-0.0599,0.0599,LSTM P_up=0.50 | Yield inversion | Regime=CRISIS
2023-03-01,SELL,-0.0614,0.0614,LSTM P_up=0.50 | Yield inversion | Regime=CRISIS
2023-03-02,SELL,-0.0451,0.0451,LSTM P_up=0.50 | Yield inversion | Regime=CRISIS
2023-03-03,HOLD,-0.0209,0.0209,LSTM P_up=0.50 | Yield inversion | Regime=CRISIS
2023-03-06,SELL,-0.0304,0.0304,LSTM P_up=0.50 | Yield inversion | Regime=CRISIS
2023-03-07,SELL,-0.0603,0.0603,LSTM P_up=0.50 | Yield inversion | Regime=CRISIS
2023-03-08,SELL,-0.0528,0.0528,LSTM P_up=0.50 | Yield inversion | Regime=CRISIS
2023-03-09,SELL,-0.1324,0.1324,LSTM P_up=0.50 | Sentiment falling | Yield inversion | Regime=CRISIS
2023-03-10,SELL,-0.1857,0.1857,LSTM P_up=0.50 | Sentiment falling | Yield inversion | Regime=CRISIS
2023-03-13,SELL,-0.2002,0.2002,LSTM P_up=0.50 | Sentiment falling | High VIX | Yield inversion | Regime=CRISIS
2023-03-14,SELL,-0.1352,0.1352,LSTM P_up=0.50 | Sentiment falling | Yield inversion | Regime=CRISIS
2023-03-15,SELL,-0.1846,0.1846,LSTM P_up=0.50 | Sentiment falling | High VIX | Yield inversion | Regime=CRISIS
2023-03-16,SELL,-0.0958,0.0958,LSTM P_up=0.50 | Yield inversion | Regime=CRISIS
2023-03-17,SELL,-0.1252,0.1252,LSTM P_up=0.50 | High VIX | Yield inversion | Regime=CRISIS
2023-03-20,SELL,-0.0831,0.0831,LSTM P_up=0.50 | Yield inversion | Regime=CRISIS
2023-03-21,SELL,-0.0515,0.0515,LSTM P_up=0.50 | Yield inversion | Regime=CRISIS
2023-03-22,SELL,-0.0462,0.0462,LSTM P_up=0.50 | Yield inversion | Regime=CRISIS
2023-03-23,SELL,-0.0738,0.0738,LSTM P_up=0.50 | Yield inversion | Regime=CRISIS
2023-03-24,SELL,-0.0345,0.0345,LSTM P_up=0.50 | Yield inversion | Regime=CRISIS
2023-03-27,HOLD,-0.0219,0.0219,LSTM P_up=0.50 | Yield inversion | Regime=CRISIS
2023-03-28,SELL,-0.0334,0.0334,LSTM P_up=0.50 | Yield inversion | Regime=CRISIS
2023-03-29,HOLD,-0.0098,0.0098,LSTM P_up=0.50 | Yield inversion | Regime=CRISIS
2023-03-30,HOLD,-0.0069,0.0069,LSTM P_up=0.50 | Yield inversion | Regime=CRISIS
2023-03-31,HOLD,0.0,0.0,LSTM P_up=0.50 | Yield inversion | Regime=CRISIS
2023-04-03,HOLD,0.0,0.0,LSTM P_up=0.50 | Yield inversion | Regime=CRISIS
2023-04-04,HOLD,-0.0244,0.0244,LSTM P_up=0.50 | Yield inversion | Regime=CRISIS
2023-04-05,SELL,-0.0329,0.0329,LSTM P_up=0.50 | Yield inversion | Regime=CRISIS
2023-04-06,HOLD,0.0,0.0,LSTM P_up=0.50 | Yield inversion | Regime=CRISIS
2023-04-10,SELL,-0.0392,0.0392,LSTM P_up=0.50 | Yield inversion | Regime=CRISIS
2023-04-11,SELL,-0.0438,0.0438,LSTM P_up=0.50 | Yield inversion | Regime=CRISIS
2023-04-12,SELL,-0.0368,0.0368,LSTM P_up=0.50 | Yield inversion | Regime=CRISIS
2023-04-13,HOLD,-0.0062,0.0062,LSTM P_up=0.50 | Yield inversion | Regime=CRISIS
2023-04-14,HOLD,0.0018,0.0018,LSTM P_up=0.50 | Yield inversion | Regime=CRISIS
2023-04-17,HOLD,0.0079,0.0079,LSTM P_up=0.50 | Yield inversion | Regime=CRISIS
2023-04-18,HOLD,0.01,0.01,LSTM P_up=0.50 | Yield inversion | Regime=CRISIS
2023-04-19,HOLD,0.0165,0.0165,LSTM P_up=0.50 | Yield inversion | Regime=CRISIS
2023-04-20,HOLD,-0.0073,0.0073,LSTM P_up=0.50 | Yield inversion | Regime=CRISIS
2023-04-21,HOLD,-0.0044,0.0044,LSTM P_up=0.50 | Yield inversion | Regime=CRISIS
2023-04-24,HOLD,-0.008,0.008,LSTM P_up=0.50 | Yield inversion | Regime=CRISIS
2023-04-25,SELL,-0.0426,0.0426,LSTM P_up=0.50 | Yield inversion | Regime=CRISIS
2023-04-26,SELL,-0.0479,0.0479,LSTM P_up=0.50 | Yield inversion | Regime=CRISIS
2023-04-27,HOLD,-0.0061,0.0061,LSTM P_up=0.50 | Yield inversion | Regime=CRISIS
2023-04-28,HOLD,0.015,0.015,LSTM P_up=0.50 | Yield inversion | Regime=CRISIS
2023-05-01,HOLD,0.012,0.012,LSTM P_up=0.50 | Yield inversion | Regime=CRISIS
2023-05-02,HOLD,-0.0093,0.0093,LSTM P_up=0.50 | Yield inversion | Regime=CRISIS
2023-05-03,HOLD,-0.02,0.02,LSTM P_up=0.50 | Yield inversion | Regime=CRISIS
2023-05-04,SELL,-0.066,0.066,LSTM P_up=0.50 | Sentiment falling | Yield inversion | Regime=CRISIS
2023-05-05,HOLD,-0.0175,0.0175,LSTM P_up=0.50 | Yield inversion | Regime=CRISIS
2023-05-08,HOLD,-0.0105,0.0105,LSTM P_up=0.50 | Yield inversion | Regime=CRISIS
2023-05-09,HOLD,-0.013,0.013,LSTM P_up=0.50 | Yield inversion | Regime=CRISIS
2023-05-10,HOLD,0.009,0.009,LSTM P_up=0.50 | Yield inversion | Regime=CRISIS
2023-05-11,HOLD,0.0216,0.0216,LSTM P_up=0.50 | Yield inversion | Regime=CRISIS
2023-05-12,HOLD,-0.0049,0.0049,LSTM P_up=0.50 | Yield inversion | Regime=CRISIS
2023-05-15,HOLD,-0.0069,0.0069,LSTM P_up=0.50 | Yield inversion | Regime=CRISIS
2023-05-16,HOLD,-0.0218,0.0218,LSTM P_up=0.50 | Yield inversion | Regime=CRISIS
2023-05-17,HOLD,-0.005,0.005,LSTM P_up=0.50 | Yield inversion | Regime=CRISIS
2023-05-18,HOLD,0.0109,0.0109,LSTM P_up=0.50 | Yield inversion | Regime=CRISIS
2023-05-19,HOLD,-0.0045,0.0045,LSTM P_up=0.50 | Yield inversion | Regime=CRISIS
2023-05-22,HOLD,-0.0121,0.0121,LSTM P_up=0.50 | Yield inversion | Regime=CRISIS
2023-05-23,SELL,-0.0336,0.0336,LSTM P_up=0.50 | Yield inversion | Regime=CRISIS
2023-05-24,SELL,-0.0766,0.0766,LSTM P_up=0.50 | Sentiment falling | Yield inversion | Regime=CRISIS
2023-05-25,SELL,-0.0684,0.0684,LSTM P_up=0.50 | Sentiment falling | Yield inversion | Regime=CRISIS
2023-05-26,SELL,-0.0399,0.0399,LSTM P_up=0.50 | Yield inversion | Regime=CRISIS
2023-05-30,SELL,-0.0275,0.0275,LSTM P_up=0.50 | Yield inversion | Regime=CRISIS
2023-05-31,SELL,-0.027,0.027,LSTM P_up=0.50 | Yield inversion | Regime=CRISIS
2023-06-01,BUY,0.0375,0.0375,LSTM P_up=0.50 | Yield inversion | Regime=CRISIS
2023-06-02,BUY,0.0487,0.0487,LSTM P_up=0.50 | Yield inversion | Regime=CRISIS
2023-06-05,BUY,0.0385,0.0385,LSTM P_up=0.50 | Yield inversion | Regime=CRISIS
2023-06-06,BUY,0.0494,0.0494,LSTM P_up=0.50 | Yield inversion | Regime=CRISIS
2023-06-07,BUY,0.0558,0.0558,LSTM P_up=0.50 | Yield inversion | Regime=CRISIS
2023-06-08,BUY,0.0428,0.0428,LSTM P_up=0.50 | Yield inversion | Regime=CRISIS
2023-06-09,HOLD,0.0277,0.0277,LSTM P_up=0.50 | Yield inversion | Regime=CRISIS
2023-06-12,HOLD,0.0039,0.0039,LSTM P_up=0.50 | Yield inversion | Regime=CRISIS
2023-06-13,HOLD,0.006,0.006,LSTM P_up=0.50 | Yield inversion | Regime=CRISIS
2023-06-14,HOLD,0.0176,0.0176,LSTM P_up=0.50 | Yield inversion | Regime=CRISIS
2023-06-15,HOLD,0.0022,0.0022,LSTM P_up=0.50 | Yield inversion | Regime=CRISIS
2023-06-16,HOLD,0.0232,0.0232,LSTM P_up=0.50 | Yield inversion | Regime=CRISIS
2023-06-20,HOLD,0.0246,0.0246,LSTM P_up=0.50 | Yield inversion | Regime=CRISIS
2023-06-21,BUY,0.0353,0.0353,LSTM P_up=0.50 | Yield inversion | Regime=CRISIS
2023-06-22,BUY,0.0353,0.0353,LSTM P_up=0.50 | Yield inversion | Regime=CRISIS
2023-06-23,HOLD,0.0286,0.0286,LSTM P_up=0.50 | Yield inversion | Regime=CRISIS
2023-06-26,HOLD,0.0052,0.0052,LSTM P_up=0.50 | Yield inversion | Regime=CRISIS
2023-06-27,HOLD,0.017,0.017,LSTM P_up=0.50 | Yield inversion | Regime=CRISIS
2023-06-28,HOLD,0.0168,0.0168,LSTM P_up=0.50 | Yield inversion | Regime=CRISIS
2023-06-29,HOLD,0.011,0.011,LSTM P_up=0.50 | Yield inversion | Regime=CRISIS
2023-06-30,HOLD,0.012,0.012,LSTM P_up=0.50 | Yield inversion | Regime=CRISIS
2023-07-03,HOLD,0.0179,0.0179,LSTM P_up=0.50 | Yield inversion | Regime=CRISIS
2023-07-05,HOLD,0.0052,0.0052,LSTM P_up=0.50 | Yield inversion | Regime=CRISIS
2023-07-06,HOLD,-0.0224,0.0224,LSTM P_up=0.50 | Yield inversion | Regime=CRISIS
2023-07-07,HOLD,-0.0049,0.0049,LSTM P_up=0.50 | Yield inversion | Regime=CRISIS
2023-07-10,HOLD,-0.0076,0.0076,LSTM P_up=0.50 | Yield inversion | Regime=CRISIS
2023-07-11,HOLD,-0.0054,0.0054,LSTM P_up=0.50 | Yield inversion | Regime=CRISIS
2023-07-12,HOLD,0.0297,0.0297,LSTM P_up=0.50 | Yield inversion | Regime=CRISIS
2023-07-13,BUY,0.0398,0.0398,LSTM P_up=0.50 | Yield inversion | Regime=CRISIS
2023-07-14,BUY,0.0366,0.0366,LSTM P_up=0.50 | Yield inversion | Regime=CRISIS
2023-07-17,BUY,0.0344,0.0344,LSTM P_up=0.50 | Yield inversion | Regime=CRISIS
2023-07-18,BUY,0.036,0.036,LSTM P_up=0.50 | Yield inversion | Regime=CRISIS
2023-07-19,HOLD,0.0128,0.0128,LSTM P_up=0.50 | Yield inversion | Regime=CRISIS
2023-07-20,HOLD,0.0104,0.0104,LSTM P_up=0.50 | Yield inversion | Regime=CRISIS
2023-07-21,HOLD,0.0153,0.0153,LSTM P_up=0.50 | Yield inversion | Regime=CRISIS
2023-07-24,HOLD,0.0112,0.0112,LSTM P_up=0.50 | Yield inversion | Regime=CRISIS
2023-07-25,HOLD,0.0113,0.0113,LSTM P_up=0.50 | Yield inversion | Regime=CRISIS
2023-07-26,HOLD,0.0287,0.0287,LSTM P_up=0.50 | Yield inversion | Regime=CRISIS
2023-07-27,HOLD,0.0069,0.0069,LSTM P_up=0.50 | Yield inversion | Regime=CRISIS
2023-07-28,HOLD,0.027,0.027,LSTM P_up=0.50 | Yield inversion | Regime=CRISIS
2023-07-31,HOLD,0.0229,0.0229,LSTM P_up=0.50 | Yield inversion | Regime=CRISIS
2023-08-01,HOLD,0.018,0.018,LSTM P_up=0.50 | Yield inversion | Regime=CRISIS
2023-08-02,SELL,-0.0311,0.0311,LSTM P_up=0.50 | Yield inversion | Regime=CRISIS
2023-08-03,HOLD,-0.0123,0.0123,LSTM P_up=0.50 | Yield inversion | Regime=CRISIS
2023-08-04,SELL,-0.0485,0.0485,LSTM P_up=0.50 | Sentiment falling | Yield inversion | Regime=CRISIS
2023-08-07,HOLD,-0.0136,0.0136,LSTM P_up=0.50 | Yield inversion | Regime=CRISIS
2023-08-08,HOLD,-0.0187,0.0187,LSTM P_up=0.50 | Yield inversion | Regime=CRISIS
2023-08-09,HOLD,-0.0045,0.0045,LSTM P_up=0.50 | Yield inversion | Regime=CRISIS
2023-08-10,HOLD,-0.0003,0.0003,LSTM P_up=0.50 | Yield inversion | Regime=CRISIS
2023-08-11,BUY,0.0314,0.0314,LSTM P_up=0.50 | Yield inversion | Regime=CRISIS
2023-08-14,HOLD,0.0191,0.0191,LSTM P_up=0.50 | Yield inversion | Regime=CRISIS
2023-08-15,HOLD,-0.0121,0.0121,LSTM P_up=0.50 | Yield inversion | Regime=CRISIS
2023-08-16,HOLD,-0.0183,0.0183,LSTM P_up=0.50 | Yield inversion | Regime=CRISIS
2023-08-17,SELL,-0.0409,0.0409,LSTM P_up=0.50 | Yield inversion | Regime=CRISIS
2023-08-18,SELL,-0.0371,0.0371,LSTM P_up=0.50 | Yield inversion | Regime=CRISIS
2023-08-21,SELL,-0.0319,0.0319,LSTM P_up=0.50 | Yield inversion | Regime=CRISIS
2023-08-22,HOLD,-0.0179,0.0179,LSTM P_up=0.50 | Yield inversion | Regime=CRISIS
2023-08-23,HOLD,0.0021,0.0021,LSTM P_up=0.50 | Yield inversion | Regime=CRISIS
2023-08-24,HOLD,-0.0153,0.0153,LSTM P_up=0.50 | Yield inversion | Regime=CRISIS
2023-08-25,HOLD,0.0118,0.0118,LSTM P_up=0.50 | Yield inversion | Regime=CRISIS
2023-08-28,HOLD,0.0237,0.0237,LSTM P_up=0.50 | Yield inversion | Regime=CRISIS
2023-08-29,BUY,0.0379,0.0379,LSTM P_up=0.50 | Yield inversion | Regime=CRISIS
2023-08-30,BUY,0.0409,0.0409,LSTM P_up=0.50 | Yield inversion | Regime=CRISIS
2023-08-31,BUY,0.0585,0.0585,LSTM P_up=0.50 | Yield inversion | Regime=CRISIS
2023-09-01,BUY,0.0607,0.0607,LSTM P_up=0.50 | Yield inversion | Regime=CRISIS
2023-09-05,BUY,0.0367,0.0367,LSTM P_up=0.50 | Yield inversion | Regime=CRISIS
2023-09-06,HOLD,0.0198,0.0198,LSTM P_up=0.50 | Yield inversion | Regime=CRISIS
2023-09-07,HOLD,0.0185,0.0185,LSTM P_up=0.50 | Yield inversion | Regime=CRISIS
2023-09-08,HOLD,0.0257,0.0257,LSTM P_up=0.50 | Yield inversion | Regime=CRISIS
2023-09-11,HOLD,0.0249,0.0249,LSTM P_up=0.50 | Yield inversion | Regime=CRISIS
2023-09-12,HOLD,0.0212,0.0212,LSTM P_up=0.50 | Yield inversion | Regime=CRISIS
2023-09-13,BUY,0.0412,0.0412,LSTM P_up=0.50 | Yield inversion | Regime=CRISIS
2023-09-14,BUY,0.0553,0.0553,LSTM P_up=0.50 | Yield inversion | Regime=CRISIS
2023-09-15,BUY,0.0305,0.0305,LSTM P_up=0.50 | Yield inversion | Regime=CRISIS
2023-09-18,HOLD,0.0235,0.0235,LSTM P_up=0.50 | Yield inversion | Regime=CRISIS
2023-09-19,HOLD,0.0256,0.0256,LSTM P_up=0.50 | Yield inversion | Regime=CRISIS
2023-09-20,HOLD,-0.0063,0.0063,LSTM P_up=0.50 | Yield inversion | Regime=CRISIS
2023-09-21,SELL,-0.0569,0.0569,LSTM P_up=0.50 | Sentiment falling | Yield inversion | Regime=CRISIS
2023-09-22,SELL,-0.0433,0.0433,LSTM P_up=0.50 | Sentiment falling | Yield inversion | Regime=CRISIS
2023-09-25,SELL,-0.0286,0.0286,LSTM P_up=0.50 | Yield inversion | Regime=CRISIS
2023-09-26,SELL,-0.0694,0.0694,LSTM P_up=0.50 | Sentiment falling | Yield inversion | Regime=CRISIS
2023-09-27,SELL,-0.0459,0.0459,LSTM P_up=0.50 | Sentiment falling | Yield inversion | Regime=CRISIS
2023-09-28,HOLD,-0.0052,0.0052,LSTM P_up=0.50 | Yield inversion | Regime=CRISIS
2023-09-29,HOLD,-0.0113,0.0113,LSTM P_up=0.50 | Yield inversion | Regime=CRISIS
2023-10-02,HOLD,-0.0152,0.0152,LSTM P_up=0.50 | Yield inversion | Regime=CRISIS
2023-10-03,SELL,-0.0418,0.0418,LSTM P_up=0.50 | Yield inversion | Regime=CRISIS
2023-10-04,HOLD,-0.0201,0.0201,LSTM P_up=0.50 | Yield inversion | Regime=CRISIS
2023-10-05,HOLD,-0.0246,0.0246,LSTM P_up=0.50 | Yield inversion | Regime=CRISIS
2023-10-06,HOLD,0.0095,0.0095,LSTM P_up=0.50 | Yield inversion | Regime=NORMAL
2023-10-09,HOLD,0.0057,0.0057,LSTM P_up=0.50 | Yield inversion | Regime=NORMAL
2023-10-10,BUY,0.04,0.04,LSTM P_up=0.50 | Yield inversion | Regime=NORMAL
2023-10-11,BUY,0.0328,0.0328,LSTM P_up=0.50 | Yield inversion | Regime=CRISIS
2023-10-12,HOLD,0.0215,0.0215,LSTM P_up=0.50 | Yield inversion | Regime=CRISIS
2023-10-13,SELL,-0.0473,0.0473,LSTM P_up=0.50 | Yield inversion | Regime=CRISIS
2023-10-16,HOLD,0.0027,0.0027,LSTM P_up=0.50 | Yield inversion | Regime=CRISIS
2023-10-17,HOLD,-0.0163,0.0163,LSTM P_up=0.50 | Yield inversion | Regime=CRISIS
2023-10-18,SELL,-0.0376,0.0376,LSTM P_up=0.50 | Sentiment falling | Yield inversion | Regime=NORMAL
2023-10-19,SELL,-0.07,0.07,LSTM P_up=0.50 | Sentiment falling | Yield inversion | Regime=NORMAL
2023-10-20,SELL,-0.0492,0.0492,LSTM P_up=0.50 | Yield inversion | Regime=NORMAL
2023-10-23,SELL,-0.0461,0.0461,LSTM P_up=0.50 | Sentiment falling | Yield inversion | Regime=NORMAL
2023-10-24,HOLD,-0.0132,0.0132,LSTM P_up=0.50 | Yield inversion | Regime=NORMAL
2023-10-25,HOLD,-0.0215,0.0215,LSTM P_up=0.50 | Yield inversion | Regime=NORMAL
2023-10-26,HOLD,-0.0094,0.0094,LSTM P_up=0.50 | Yield inversion | Regime=NORMAL
2023-10-27,HOLD,-0.0172,0.0172,LSTM P_up=0.50 | Yield inversion | Regime=NORMAL
2023-10-30,HOLD,-0.0021,0.0021,LSTM P_up=0.50 | Yield inversion | Regime=NORMAL
2023-10-31,HOLD,0.0133,0.0133,LSTM P_up=0.50 | Yield inversion | Regime=NORMAL
2023-11-01,BUY,0.0495,0.0495,LSTM P_up=0.50 | Yield inversion | Regime=NORMAL
2023-11-02,BUY,0.0644,0.0644,LSTM P_up=0.50 | Yield inversion | Regime=CRISIS
2023-11-03,BUY,0.0954,0.0954,LSTM P_up=0.50 | Yield inversion | Regime=NORMAL
2023-11-06,BUY,0.0806,0.0806,LSTM P_up=0.50 | Yield inversion | Regime=NORMAL
2023-11-07,BUY,0.0617,0.0617,LSTM P_up=0.50 | Yield inversion | Regime=CRISIS
2023-11-08,BUY,0.0536,0.0536,LSTM P_up=0.50 | Yield inversion | Regime=CRISIS
2023-11-09,HOLD,0.0292,0.0292,LSTM P_up=0.50 | Yield inversion | Regime=RISK_OFF
2023-11-10,BUY,0.0423,0.0423,LSTM P_up=0.50 | Yield inversion | Regime=RISK_OFF
2023-11-13,BUY,0.0318,0.0318,LSTM P_up=0.50 | Yield inversion | Regime=RISK_OFF
2023-11-14,BUY,0.0429,0.0429,LSTM P_up=0.50 | Yield inversion | Regime=RISK_OFF
2023-11-15,BUY,0.0387,0.0387,LSTM P_up=0.50 | Yield inversion | Regime=RISK_OFF
2023-11-16,BUY,0.047,0.047,LSTM P_up=0.50 | Yield inversion | Regime=CRISIS
2023-11-17,BUY,0.0463,0.0463,LSTM P_up=0.50 | Yield inversion | Regime=CRISIS
2023-11-20,BUY,0.058,0.058,LSTM P_up=0.50 | Yield inversion | Regime=CRISIS
2023-11-21,BUY,0.0556,0.0556,LSTM P_up=0.50 | Yield inversion | Regime=CRISIS
2023-11-22,BUY,0.0657,0.0657,LSTM P_up=0.50 | Yield inversion | Regime=CRISIS
2023-11-24,BUY,0.0764,0.0764,LSTM P_up=0.50 | Yield inversion | Regime=CRISIS
2023-11-27,BUY,0.0672,0.0672,LSTM P_up=0.50 | Yield inversion | Regime=CRISIS
2023-11-28,BUY,0.0673,0.0673,LSTM P_up=0.50 | Yield inversion | Regime=CRISIS
2023-11-29,BUY,0.0615,0.0615,LSTM P_up=0.50 | Yield inversion | Regime=CRISIS
2023-11-30,BUY,0.0594,0.0594,LSTM P_up=0.50 | Yield inversion | Regime=CRISIS
2023-12-01,BUY,0.0637,0.0637,LSTM P_up=0.50 | Yield inversion | Regime=CRISIS
2023-12-04,BUY,0.0546,0.0546,LSTM P_up=0.50 | Yield inversion | Regime=CRISIS
2023-12-05,BUY,0.058,0.058,LSTM P_up=0.50 | Yield inversion | Regime=CRISIS
2023-12-06,BUY,0.0529,0.0529,LSTM P_up=0.50 | Yield inversion | Regime=CRISIS
2023-12-07,BUY,0.0526,0.0526,LSTM P_up=0.50 | Yield inversion | Regime=CRISIS
2023-12-08,BUY,0.0637,0.0637,LSTM P_up=0.50 | Yield inversion | Regime=CRISIS
2023-12-11,BUY,0.0612,0.0612,LSTM P_up=0.50 | Yield inversion | Regime=CRISIS
2023-12-12,BUY,0.069,0.069,LSTM P_up=0.50 | Yield inversion | Regime=CRISIS
2023-12-13,BUY,0.0732,0.0732,LSTM P_up=0.50 | Yield inversion | Regime=CRISIS
2023-12-14,BUY,0.0659,0.0659,LSTM P_up=0.50 | Yield inversion | Regime=CRISIS
2023-12-15,BUY,0.0604,0.0604,LSTM P_up=0.50 | Yield inversion | Regime=CRISIS
2023-12-18,BUY,0.0591,0.0591,LSTM P_up=0.50 | Yield inversion | Regime=CRISIS
2023-12-19,BUY,0.0553,0.0553,LSTM P_up=0.50 | Yield inversion | Regime=CRISIS
2023-12-20,BUY,0.0312,0.0312,LSTM P_up=0.50 | Yield inversion | Regime=CRISIS
2023-12-21,BUY,0.0361,0.0361,LSTM P_up=0.50 | Yield inversion | Regime=CRISIS
2023-12-22,BUY,0.0497,0.0497,LSTM P_up=0.50 | Yield inversion | Regime=CRISIS
2023-12-26,BUY,0.055,0.055,LSTM P_up=0.50 | Yield inversion | Regime=CRISIS
2023-12-27,BUY,0.0649,0.0649,LSTM P_up=0.50 | Yield inversion | Regime=CRISIS
2023-12-28,BUY,0.0726,0.0726,LSTM P_up=0.50 | Yield inversion | Regime=CRISIS
2023-12-29,BUY,0.0766,0.0766,LSTM P_up=0.50 | Yield inversion | Regime=CRISIS
2024-01-02,BUY,0.0536,0.0536,LSTM P_up=0.50 | Yield inversion | Regime=CRISIS
2024-01-03,BUY,0.0326,0.0326,LSTM P_up=0.50 | Yield inversion | Regime=CRISIS
2024-01-04,HOLD,0.0278,0.0278,LSTM P_up=0.50 | Yield inversion | Regime=CRISIS
2024-01-05,BUY,0.0474,0.0474,LSTM P_up=0.50 | Yield inversion | Regime=CRISIS
2024-01-08,BUY,0.0532,0.0532,LSTM P_up=0.50 | Yield inversion | Regime=CRISIS
2024-01-09,BUY,0.0667,0.0667,LSTM P_up=0.50 | Yield inversion | Regime=CRISIS
2024-01-10,BUY,0.0755,0.0755,LSTM P_up=0.50 | Yield inversion | Regime=CRISIS
2024-01-11,BUY,0.07,0.07,LSTM P_up=0.50 | Yield inversion | Regime=NORMAL
2024-01-12,BUY,0.0593,0.0593,LSTM P_up=0.50 | Yield inversion | Regime=NORMAL
2024-01-16,BUY,0.0358,0.0358,LSTM P_up=0.50 | Yield inversion | Regime=NORMAL
2024-01-17,HOLD,0.013,0.013,LSTM P_up=0.50 | Yield inversion | Regime=NORMAL
2024-01-18,HOLD,0.0255,0.0255,LSTM P_up=0.50 | Yield inversion | Regime=NORMAL
2024-01-19,BUY,0.0377,0.0377,LSTM P_up=0.50 | Yield inversion | Regime=NORMAL
2024-01-22,BUY,0.042,0.042,LSTM P_up=0.50 | Yield inversion | Regime=NORMAL
2024-01-23,BUY,0.0672,0.0672,LSTM P_up=0.50 | Yield inversion | Regime=NORMAL
2024-01-24,BUY,0.0658,0.0658,LSTM P_up=0.50 | Yield inversion | Regime=NORMAL
2024-01-25,BUY,0.0538,0.0538,LSTM P_up=0.50 | Yield inversion | Regime=NORMAL
2024-01-26,BUY,0.0481,0.0481,LSTM P_up=0.50 | Yield inversion | Regime=NORMAL
2024-01-29,BUY,0.0402,0.0402,LSTM P_up=0.50 | Yield inversion | Regime=NORMAL
2024-01-30,BUY,0.0374,0.0374,LSTM P_up=0.50 | Yield inversion | Regime=NORMAL
2024-01-31,HOLD,0.0242,0.0242,LSTM P_up=0.50 | Yield inversion | Regime=NORMAL
2024-02-01,BUY,0.0446,0.0446,LSTM P_up=0.50 | Yield inversion | Regime=CRISIS
2024-02-02,BUY,0.0438,0.0438,LSTM P_up=0.50 | Yield inversion | Regime=CRISIS
2024-02-05,BUY,0.0414,0.0414,LSTM P_up=0.50 | Yield inversion | Regime=NORMAL
2024-02-06,BUY,0.0497,0.0497,LSTM P_up=0.50 | Yield inversion | Regime=NORMAL
2024-02-07,BUY,0.0755,0.0755,LSTM P_up=0.50 | Yield inversion | Regime=CRISIS
2024-02-08,BUY,0.0731,0.0731,LSTM P_up=0.50 | Yield inversion | Regime=CRISIS
2024-02-09,BUY,0.0698,0.0698,LSTM P_up=0.50 | Yield inversion | Regime=CRISIS
2024-02-12,BUY,0.0372,0.0372,LSTM P_up=0.50 | Yield inversion | Regime=NORMAL
2024-02-13,HOLD,-0.0018,0.0018,LSTM P_up=0.50 | Yield inversion | Regime=CRISIS
2024-02-14,HOLD,0.0204,0.0204,LSTM P_up=0.50 | Yield inversion | Regime=NORMAL
2024-02-15,BUY,0.037,0.037,LSTM P_up=0.50 | Yield inversion | Regime=CRISIS
2024-02-16,BUY,0.032,0.032,LSTM P_up=0.50 | Yield inversion | Regime=CRISIS
2024-02-20,HOLD,0.0151,0.0151,LSTM P_up=0.50 | Yield inversion | Regime=CRISIS
2024-02-21,BUY,0.0323,0.0323,LSTM P_up=0.50 | Yield inversion | Regime=CRISIS
2024-02-22,BUY,0.036,0.036,LSTM P_up=0.50 | Yield inversion | Regime=CRISIS
2024-02-23,BUY,0.0477,0.0477,LSTM P_up=0.50 | Yield inversion | Regime=CRISIS
2024-02-26,BUY,0.0498,0.0498,LSTM P_up=0.50 | Yield inversion | Regime=CRISIS
2024-02-27,BUY,0.0671,0.0671,LSTM P_up=0.50 | Yield inversion | Regime=CRISIS
2024-02-28,BUY,0.0585,0.0585,LSTM P_up=0.50 | Yield inversion | Regime=CRISIS
2024-02-29,BUY,0.0607,0.0607,LSTM P_up=0.50 | Yield inversion | Regime=CRISIS
2024-03-01,BUY,0.0629,0.0629,LSTM P_up=0.50 | Yield inversion | Regime=CRISIS
2024-03-04,BUY,0.0523,0.0523,LSTM P_up=0.50 | Yield inversion | Regime=CRISIS
2024-03-05,HOLD,0.0275,0.0275,LSTM P_up=0.50 | Yield inversion | Regime=CRISIS
2024-03-06,HOLD,0.0283,0.0283,LSTM P_up=0.50 | Yield inversion | Regime=CRISIS
2024-03-07,HOLD,0.0277,0.0277,LSTM P_up=0.50 | Yield inversion | Regime=CRISIS
2024-03-08,HOLD,0.0198,0.0198,LSTM P_up=0.50 | Yield inversion | Regime=CRISIS
2024-03-11,HOLD,0.0112,0.0112,LSTM P_up=0.50 | Yield inversion | Regime=CRISIS
2024-03-12,BUY,0.0488,0.0488,LSTM P_up=0.50 | Yield inversion | Regime=CRISIS
2024-03-13,BUY,0.0511,0.0511,LSTM P_up=0.50 | Yield inversion | Regime=CRISIS
2024-03-14,BUY,0.0379,0.0379,LSTM P_up=0.50 | Yield inversion | Regime=CRISIS
2024-03-15,BUY,0.039,0.039,LSTM P_up=0.50 | Yield inversion | Regime=CRISIS
2024-03-18,BUY,0.0457,0.0457,LSTM P_up=0.50 | Yield inversion | Regime=CRISIS
2024-03-19,BUY,0.0464,0.0464,LSTM P_up=0.50 | Yield inversion | Regime=CRISIS
2024-03-20,BUY,0.0661,0.0661,LSTM P_up=0.50 | Yield inversion | Regime=CRISIS
2024-03-21,BUY,0.0723,0.0723,LSTM P_up=0.50 | Yield inversion | Regime=CRISIS
2024-03-22,BUY,0.0682,0.0682,LSTM P_up=0.50 | Yield inversion | Regime=CRISIS
2024-03-25,BUY,0.0577,0.0577,LSTM P_up=0.50 | Yield inversion | Regime=NORMAL
2024-03-26,BUY,0.0622,0.0622,LSTM P_up=0.50 | Yield inversion | Regime=CRISIS
2024-03-27,BUY,0.065,0.065,LSTM P_up=0.50 | Yield inversion | Regime=CRISIS
2024-03-28,BUY,0.0563,0.0563,LSTM P_up=0.50 | Yield inversion | Regime=CRISIS
2024-04-01,BUY,0.0434,0.0434,LSTM P_up=0.50 | Yield inversion | Regime=CRISIS
2024-04-02,HOLD,0.026,0.026,LSTM P_up=0.50 | Yield inversion | Regime=CRISIS
2024-04-03,BUY,0.0336,0.0336,LSTM P_up=0.50 | Yield inversion | Regime=CRISIS
2024-04-04,HOLD,-0.0156,0.0156,LSTM P_up=0.50 | Sentiment falling | Yield inversion | Regime=CRISIS
2024-04-05,HOLD,-0.0067,0.0067,LSTM P_up=0.50 | Sentiment falling | Yield inversion | Regime=CRISIS
2024-04-08,HOLD,0.0158,0.0158,LSTM P_up=0.50 | Yield inversion | Regime=CRISIS
2024-04-09,HOLD,0.0271,0.0271,LSTM P_up=0.50 | Yield inversion | Regime=CRISIS
2024-04-10,HOLD,0.0046,0.0046,LSTM P_up=0.50 | Yield inversion | Regime=CRISIS
2024-04-11,BUY,0.043,0.043,LSTM P_up=0.50 | Yield inversion | Regime=CRISIS
2024-04-12,HOLD,-0.0128,0.0128,LSTM P_up=0.50 | Yield inversion | Regime=CRISIS
2024-04-15,SELL,-0.0472,0.0472,LSTM P_up=0.50 | Sentiment falling | Yield inversion | Regime=NORMAL
2024-04-16,SELL,-0.0337,0.0337,LSTM P_up=0.50 | Sentiment falling | Yield inversion | Regime=NORMAL
2024-04-17,SELL,-0.0324,0.0324,LSTM P_up=0.50 | Yield inversion | Regime=CRISIS
2024-04-18,SELL,-0.0349,0.0349,LSTM P_up=0.50 | Sentiment falling | Yield inversion | Regime=CRISIS
2024-04-19,SELL,-0.0318,0.0318,LSTM P_up=0.50 | Yield inversion | Regime=CRISIS
2024-04-22,HOLD,0.0225,0.0225,LSTM P_up=0.50 | Yield inversion | Regime=CRISIS
2024-04-23,BUY,0.0523,0.0523,LSTM P_up=0.50 | Yield inversion | Regime=NORMAL
2024-04-24,BUY,0.0454,0.0454,LSTM P_up=0.50 | Yield inversion | Regime=NORMAL
2024-04-25,BUY,0.0541,0.0541,LSTM P_up=0.50 | Yield inversion | Regime=NORMAL
2024-04-26,BUY,0.067,0.067,LSTM P_up=0.50 | Yield inversion | Regime=NORMAL
2024-04-29,BUY,0.0546,0.0546,LSTM P_up=0.50 | Yield inversion | Regime=CRISIS
2024-04-30,HOLD,0.0226,0.0226,LSTM P_up=0.50 | Yield inversion | Regime=CRISIS
2024-05-01,BUY,0.0316,0.0316,LSTM P_up=0.50 | Yield inversion | Regime=CRISIS
2024-05-02,BUY,0.0401,0.0401,LSTM P_up=0.50 | Yield inversion | Regime=NORMAL
2024-05-03,BUY,0.0669,0.0669,LSTM P_up=0.50 | Yield inversion | Regime=CRISIS
2024-05-06,BUY,0.063,0.063,LSTM P_up=0.50 | Yield inversion | Regime=CRISIS
2024-05-07,BUY,0.0755,0.0755,LSTM P_up=0.50 | Yield inversion | Regime=CRISIS
2024-05-08,BUY,0.0779,0.0779,LSTM P_up=0.50 | Yield inversion | Regime=CRISIS
2024-05-09,BUY,0.0796,0.0796,LSTM P_up=0.50 | Yield inversion | Regime=CRISIS
2024-05-10,BUY,0.0721,0.0721,LSTM P_up=0.50 | Yield inversion | Regime=CRISIS
2024-05-13,BUY,0.049,0.049,LSTM P_up=0.50 | Yield inversion | Regime=CRISIS
2024-05-14,BUY,0.0514,0.0514,LSTM P_up=0.50 | Yield inversion | Regime=CRISIS
2024-05-15,BUY,0.0704,0.0704,LSTM P_up=0.50 | Yield inversion | Regime=CRISIS
2024-05-16,BUY,0.0669,0.0669,LSTM P_up=0.50 | Yield inversion | Regime=CRISIS
2024-05-17,BUY,0.0748,0.0748,LSTM P_up=0.50 | Yield inversion | Regime=CRISIS
2024-05-20,BUY,0.0812,0.0812,LSTM P_up=0.50 | Yield inversion | Regime=CRISIS
2024-05-21,BUY,0.0846,0.0846,LSTM P_up=0.50 | Yield inversion | Regime=CRISIS
2024-05-22,BUY,0.0663,0.0663,LSTM P_up=0.50 | Yield inversion | Regime=CRISIS
2024-05-23,BUY,0.055,0.055,LSTM P_up=0.50 | Yield inversion | Regime=CRISIS
2024-05-24,BUY,0.0684,0.0684,LSTM P_up=0.50 | Yield inversion | Regime=CRISIS
2024-05-28,BUY,0.0516,0.0516,LSTM P_up=0.50 | Yield inversion | Regime=CRISIS
2024-05-29,HOLD,0.0221,0.0221,LSTM P_up=0.50 | Yield inversion | Regime=CRISIS
2024-05-30,HOLD,0.0202,0.0202,LSTM P_up=0.50 | Yield inversion | Regime=CRISIS
2024-05-31,BUY,0.0577,0.0577,LSTM P_up=0.50 | Yield inversion | Regime=CRISIS
2024-06-03,BUY,0.0452,0.0452,LSTM P_up=0.50 | Yield inversion | Regime=CRISIS
2024-06-04,BUY,0.0504,0.0504,LSTM P_up=0.50 | Yield inversion | Regime=CRISIS
2024-06-05,BUY,0.0734,0.0734,LSTM P_up=0.50 | Yield inversion | Regime=CRISIS
2024-06-06,BUY,0.0755,0.0755,LSTM P_up=0.50 | Yield inversion | Regime=CRISIS
2024-06-07,BUY,0.0711,0.0711,LSTM P_up=0.50 | Yield inversion | Regime=CRISIS
2024-06-10,BUY,0.0633,0.0633,LSTM P_up=0.50 | Yield inversion | Regime=CRISIS
2024-06-11,BUY,0.0602,0.0602,LSTM P_up=0.50 | Yield inversion | Regime=CRISIS
2024-06-12,BUY,0.0727,0.0727,LSTM P_up=0.50 | Yield inversion | Regime=CRISIS
2024-06-13,BUY,0.0745,0.0745,LSTM P_up=0.50 | Yield inversion | Regime=CRISIS
2024-06-14,BUY,0.0542,0.0542,LSTM P_up=0.50 | Yield inversion | Regime=CRISIS
2024-06-17,BUY,0.0564,0.0564,LSTM P_up=0.50 | Yield inversion | Regime=CRISIS
2024-06-18,BUY,0.0671,0.0671,LSTM P_up=0.50 | Yield inversion | Regime=CRISIS
2024-06-20,BUY,0.0402,0.0402,LSTM P_up=0.50 | Yield inversion | Regime=CRISIS
2024-06-21,BUY,0.0411,0.0411,LSTM P_up=0.50 | Yield inversion | Regime=CRISIS
2024-06-24,BUY,0.0435,0.0435,LSTM P_up=0.50 | Yield inversion | Regime=CRISIS
2024-06-25,BUY,0.0571,0.0571,LSTM P_up=0.50 | Yield inversion | Regime=CRISIS
2024-06-26,BUY,0.0615,0.0615,LSTM P_up=0.50 | Yield inversion | Regime=CRISIS
2024-06-27,BUY,0.0751,0.0751,LSTM P_up=0.50 | Yield inversion | Regime=CRISIS
2024-06-28,BUY,0.0733,0.0733,LSTM P_up=0.50 | Yield inversion | Regime=CRISIS
2024-07-01,BUY,0.0659,0.0659,LSTM P_up=0.50 | Yield inversion | Regime=NORMAL
2024-07-02,BUY,0.0815,0.0815,LSTM P_up=0.50 | Yield inversion | Regime=CRISIS
2024-07-03,BUY,0.0758,0.0758,LSTM P_up=0.50 | Yield inversion | Regime=CRISIS
2024-07-05,BUY,0.0663,0.0663,LSTM P_up=0.50 | Yield inversion | Regime=CRISIS
2024-07-08,BUY,0.0692,0.0692,LSTM P_up=0.50 | Yield inversion | Regime=CRISIS
2024-07-09,BUY,0.0655,0.0655,LSTM P_up=0.50 | Yield inversion | Regime=CRISIS
2024-07-10,BUY,0.0554,0.0554,LSTM P_up=0.50 | Yield inversion | Regime=CRISIS
2024-07-11,BUY,0.0402,0.0402,LSTM P_up=0.50 | Yield inversion | Regime=NORMAL
2024-07-12,BUY,0.0533,0.0533,LSTM P_up=0.50 | Yield inversion | Regime=NORMAL
2024-07-15,BUY,0.041,0.041,LSTM P_up=0.50 | Yield inversion | Regime=NORMAL
2024-07-16,BUY,0.0401,0.0401,LSTM P_up=0.50 | Yield inversion | Regime=NORMAL
2024-07-17,HOLD,0.0193,0.0193,LSTM P_up=0.50 | Yield inversion | Regime=NORMAL
2024-07-18,HOLD,-0.0072,0.0072,LSTM P_up=0.50 | Sentiment falling | Yield inversion | Regime=NORMAL
2024-07-19,HOLD,-0.0224,0.0224,LSTM P_up=0.50 | Sentiment falling | Yield inversion | Regime=NORMAL
2024-07-22,HOLD,0.0143,0.0143,LSTM P_up=0.50 | Yield inversion | Regime=NORMAL
2024-07-23,HOLD,0.0204,0.0204,LSTM P_up=0.50 | Yield inversion | Regime=NORMAL
2024-07-24,SELL,-0.0278,0.0278,LSTM P_up=0.50 | Sentiment falling | Yield inversion | Regime=NORMAL
2024-07-25,HOLD,-0.0221,0.0221,LSTM P_up=0.50 | Yield inversion | Regime=NORMAL
2024-07-26,HOLD,0.0222,0.0222,LSTM P_up=0.50 | Yield inversion | Regime=NORMAL
2024-07-29,HOLD,0.0015,0.0015,LSTM P_up=0.50 | Yield inversion | Regime=NORMAL
2024-07-30,HOLD,-0.021,0.021,LSTM P_up=0.50 | Yield inversion | Regime=NORMAL
2024-07-31,BUY,0.0371,0.0371,LSTM P_up=0.50 | Yield inversion | Regime=NORMAL
2024-08-01,HOLD,0.0001,0.0001,LSTM P_up=0.50 | Yield inversion | Regime=NORMAL
2024-08-02,SELL,-0.1088,0.1088,LSTM P_up=0.50 | Sentiment falling | Yield inversion | Regime=RISK_OFF
2024-08-05,RISK_ALERT,-0.3601,0.3601,VIX spike | Sentiment crash | LSTM P_up=0.50 | Negative sentiment | Sentiment falling | High VIX | Yield inversion | Regime=CRISIS
2024-08-06,SELL,-0.1768,0.1768,LSTM P_up=0.50 | Sentiment falling | High VIX | Yield inversion | Regime=RISK_OFF
2024-08-07,SELL,-0.177,0.177,LSTM P_up=0.50 | Sentiment falling | High VIX | Yield inversion | Regime=RISK_OFF
2024-08-08,SELL,-0.0937,0.0937,LSTM P_up=0.50 | Sentiment falling | Yield inversion | Regime=RISK_OFF
2024-08-09,HOLD,0.0173,0.0173,LSTM P_up=0.50 | Yield inversion | Regime=NORMAL
2024-08-12,BUY,0.0841,0.0841,LSTM P_up=0.50 | Yield inversion | Regime=NORMAL
2024-08-13,BUY,0.1032,0.1032,LSTM P_up=0.50 | Yield inversion | Regime=NORMAL
2024-08-14,BUY,0.1236,0.1236,LSTM P_up=0.50 | Yield inversion | Regime=NORMAL
2024-08-15,BUY,0.1166,0.1166,LSTM P_up=0.50 | Yield inversion | Regime=NORMAL
2024-08-16,BUY,0.0903,0.0903,LSTM P_up=0.50 | Yield inversion | Regime=NORMAL
2024-08-19,BUY,0.0959,0.0959,LSTM P_up=0.50 | Yield inversion | Regime=NORMAL
2024-08-20,BUY,0.0476,0.0476,LSTM P_up=0.50 | Yield inversion | Regime=NORMAL
2024-08-21,HOLD,0.0217,0.0217,LSTM P_up=0.50 | Yield inversion | Regime=NORMAL
2024-08-22,HOLD,-0.0119,0.0119,LSTM P_up=0.50 | Yield inversion | Regime=NORMAL
2024-08-23,HOLD,0.0163,0.0163,LSTM P_up=0.50 | Yield inversion | Regime=NORMAL
2024-08-26,HOLD,0.0094,0.0094,LSTM P_up=0.50 | Yield inversion | Regime=NORMAL
2024-08-27,BUY,0.037,0.037,LSTM P_up=0.50 | Regime=NORMAL
2024-08-28,HOLD,0.0096,0.0096,LSTM P_up=0.50 | Regime=NORMAL
2024-08-29,BUY,0.0496,0.0496,LSTM P_up=0.50 | Regime=NORMAL
2024-08-30,BUY,0.0448,0.0448,LSTM P_up=0.50 | Regime=NORMAL
2024-09-03,SELL,-0.0603,0.0603,LSTM P_up=0.50 | Sentiment falling | Yield inversion | Regime=NORMAL
2024-09-04,SELL,-0.0777,0.0777,LSTM P_up=0.50 | Sentiment falling | Regime=NORMAL
2024-09-05,SELL,-0.0349,0.0349,LSTM P_up=0.50 | Yield inversion | Regime=NORMAL
2024-09-06,SELL,-0.0944,0.0944,LSTM P_up=0.50 | Sentiment falling | Regime=RISK_OFF
2024-09-09,SELL,-0.0468,0.0468,LSTM P_up=0.50 | Sentiment falling | Regime=NORMAL
2024-09-10,HOLD,0.0181,0.0181,LSTM P_up=0.50 | Regime=NORMAL
2024-09-11,BUY,0.0496,0.0496,LSTM P_up=0.50 | Regime=NORMAL
2024-09-12,BUY,0.0472,0.0472,LSTM P_up=0.50 | Regime=NORMAL
2024-09-13,BUY,0.0826,0.0826,LSTM P_up=0.50 | Regime=NORMAL
2024-09-16,BUY,0.042,0.042,LSTM P_up=0.50 | Regime=NORMAL
2024-09-17,HOLD,0.0293,0.0293,LSTM P_up=0.50 | Regime=NORMAL
2024-09-18,HOLD,0.0044,0.0044,LSTM P_up=0.50 | Regime=NORMAL
2024-09-19,BUY,0.0348,0.0348,LSTM P_up=0.50 | Regime=NORMAL
2024-09-20,BUY,0.0339,0.0339,LSTM P_up=0.50 | Regime=NORMAL
2024-09-23,BUY,0.0446,0.0446,LSTM P_up=0.50 | Regime=NORMAL
2024-09-24,BUY,0.06,0.06,LSTM P_up=0.50 | Regime=NORMAL
2024-09-25,BUY,0.0661,0.0661,LSTM P_up=0.50 | Regime=NORMAL
2024-09-26,BUY,0.0464,0.0464,LSTM P_up=0.50 | Regime=NORMAL
2024-09-27,HOLD,0.015,0.015,LSTM P_up=0.50 | Regime=NORMAL
2024-09-30,HOLD,0.0157,0.0157,LSTM P_up=0.50 | Regime=NORMAL
2024-10-01,SELL,-0.0371,0.0371,LSTM P_up=0.50 | Sentiment falling | Regime=NORMAL
2024-10-02,SELL,-0.0296,0.0296,LSTM P_up=0.50 | Sentiment falling | Regime=NORMAL
2024-10-03,SELL,-0.06,0.06,LSTM P_up=0.50 | Sentiment falling | Regime=NORMAL
2024-10-04,HOLD,-0.0221,0.0221,LSTM P_up=0.50 | Regime=NORMAL
2024-10-07,SELL,-0.0889,0.0889,LSTM P_up=0.50 | Sentiment falling | Regime=RISK_OFF
2024-10-08,SELL,-0.0403,0.0403,LSTM P_up=0.50 | Regime=NORMAL
2024-10-09,SELL,-0.0332,0.0332,LSTM P_up=0.50 | Regime=NORMAL
2024-10-10,HOLD,-0.0178,0.0178,LSTM P_up=0.50 | Regime=NORMAL
2024-10-11,HOLD,-0.0214,0.0214,LSTM P_up=0.50 | Regime=NORMAL
2024-10-14,HOLD,0.0271,0.0271,LSTM P_up=0.50 | Regime=NORMAL
2024-10-15,HOLD,-0.0037,0.0037,LSTM P_up=0.50 | Regime=NORMAL
2024-10-16,HOLD,0.0108,0.0108,LSTM P_up=0.50 | Regime=NORMAL
2024-10-17,HOLD,0.0211,0.0211,LSTM P_up=0.50 | Regime=NORMAL
2024-10-18,BUY,0.0366,0.0366,LSTM P_up=0.50 | Regime=NORMAL
2024-10-21,HOLD,0.0235,0.0235,LSTM P_up=0.50 | Regime=NORMAL
2024-10-22,BUY,0.036,0.036,LSTM P_up=0.50 | Regime=NORMAL
2024-10-23,HOLD,0.0059,0.0059,LSTM P_up=0.50 | Regime=NORMAL
2024-10-24,HOLD,0.0037,0.0037,LSTM P_up=0.50 | Regime=NORMAL
2024-10-25,SELL,-0.0306,0.0306,LSTM P_up=0.50 | Regime=NORMAL
2024-10-28,HOLD,-0.0169,0.0169,LSTM P_up=0.50 | Regime=NORMAL
2024-10-29,HOLD,-0.0097,0.0097,LSTM P_up=0.50 | Regime=NORMAL
2024-10-30,HOLD,-0.0189,0.0189,LSTM P_up=0.50 | Regime=NORMAL
2024-10-31,SELL,-0.0736,0.0736,LSTM P_up=0.50 | Sentiment falling | Regime=RISK_OFF
2024-11-01,SELL,-0.0362,0.0362,LSTM P_up=0.50 | Regime=NORMAL
2024-11-04,SELL,-0.0438,0.0438,LSTM P_up=0.50 | Regime=NORMAL
2024-11-05,HOLD,-0.0219,0.0219,LSTM P_up=0.50 | Regime=NORMAL
2024-11-06,BUY,0.0689,0.0689,LSTM P_up=0.50 | Regime=NORMAL
2024-11-07,BUY,0.1161,0.1161,LSTM P_up=0.50 | Regime=NORMAL
2024-11-08,BUY,0.0839,0.0839,LSTM P_up=0.50 | Regime=BULL
2024-11-11,BUY,0.0843,0.0843,LSTM P_up=0.50 | Regime=BULL
2024-11-12,BUY,0.0768,0.0768,LSTM P_up=0.50 | Regime=BULL
2024-11-13,BUY,0.0541,0.0541,LSTM P_up=0.50 | Regime=BULL
2024-11-14,BUY,0.0403,0.0403,LSTM P_up=0.50 | Regime=BULL
2024-11-15,HOLD,0.0167,0.0167,LSTM P_up=0.50 | Regime=NORMAL
2024-11-18,HOLD,0.0277,0.0277,LSTM P_up=0.50 | Regime=NORMAL
2024-11-19,HOLD,0.0104,0.0104,LSTM P_up=0.50 | Regime=NORMAL
2024-11-20,HOLD,-0.0121,0.0121,LSTM P_up=0.50 | Sentiment falling | Regime=NORMAL
2024-11-21,HOLD,-0.0039,0.0039,LSTM P_up=0.50 | Regime=NORMAL
2024-11-22,BUY,0.0439,0.0439,LSTM P_up=0.50 | Regime=NORMAL
2024-11-25,BUY,0.0387,0.0387,LSTM P_up=0.50 | Regime=BULL
2024-11-26,BUY,0.0525,0.0525,LSTM P_up=0.50 | Regime=BULL
2024-11-27,BUY,0.0586,0.0586,LSTM P_up=0.50 | Regime=BULL
2024-11-29,BUY,0.0647,0.0647,LSTM P_up=0.50 | Regime=BULL
2024-12-02,BUY,0.0538,0.0538,LSTM P_up=0.50 | Regime=BULL
2024-12-03,BUY,0.0497,0.0497,LSTM P_up=0.50 | Regime=BULL
2024-12-04,BUY,0.0436,0.0436,LSTM P_up=0.50 | Regime=BULL
2024-12-05,BUY,0.0417,0.0417,LSTM P_up=0.50 | Regime=BULL
2024-12-06,BUY,0.0486,0.0486,LSTM P_up=0.50 | Regime=BULL
2024-12-09,HOLD,0.0269,0.0269,LSTM P_up=0.50 | Regime=BULL
2024-12-10,HOLD,0.0267,0.0267,LSTM P_up=0.50 | Regime=BULL
2024-12-11,BUY,0.0372,0.0372,LSTM P_up=0.50 | Regime=BULL
2024-12-12,BUY,0.0333,0.0333,LSTM P_up=0.50 | Regime=BULL
2024-12-13,HOLD,0.0289,0.0289,LSTM P_up=0.50 | Regime=BULL
2024-12-16,HOLD,0.0274,0.0274,LSTM P_up=0.50 | Regime=BULL
2024-12-17,HOLD,0.0147,0.0147,LSTM P_up=0.50 | Regime=NORMAL
2024-12-18,SELL,-0.1712,0.1712,LSTM P_up=0.50 | Sentiment falling | High VIX | Regime=RISK_OFF
2024-12-19,SELL,-0.1383,0.1383,LSTM P_up=0.50 | Sentiment falling | Regime=RISK_OFF
2024-12-20,SELL,-0.0343,0.0343,LSTM P_up=0.50 | Sentiment falling | Regime=NORMAL
2024-12-23,HOLD,0.0056,0.0056,LSTM P_up=0.50 | Regime=NORMAL
2024-12-24,BUY,0.049,0.049,LSTM P_up=0.50 | Regime=BULL
2024-12-26,BUY,0.113,0.113,LSTM P_up=0.50 | Regime=BULL
2024-12-27,BUY,0.1155,0.1155,LSTM P_up=0.50 | Regime=NORMAL
2024-12-30,BUY,0.0311,0.0311,LSTM P_up=0.50 | Regime=NORMAL
2024-12-31,HOLD,0.0166,0.0166,LSTM P_up=0.50 | Regime=NORMAL
2025-01-02,HOLD,-0.0196,0.0196,LSTM P_up=0.50 | Sentiment falling | Regime=NORMAL
2025-01-03,HOLD,0.0188,0.0188,LSTM P_up=0.50 | Regime=NORMAL
2025-01-06,BUY,0.0331,0.0331,LSTM P_up=0.50 | Regime=NORMAL
2025-01-07,HOLD,0.0148,0.0148,LSTM P_up=0.50 | Regime=NORMAL
2025-01-08,HOLD,0.0169,0.0169,LSTM P_up=0.50 | Regime=NORMAL
2025-01-10,HOLD,-0.0122,0.0122,LSTM P_up=0.50 | Regime=NORMAL
2025-01-13,HOLD,-0.0232,0.0232,LSTM P_up=0.50 | Sentiment falling | Regime=NORMAL
2025-01-14,HOLD,-0.0147,0.0147,LSTM P_up=0.50 | Regime=NORMAL
2025-01-15,BUY,0.0512,0.0512,LSTM P_up=0.50 | Regime=NORMAL
2025-01-16,BUY,0.0408,0.0408,LSTM P_up=0.50 | Regime=NORMAL
2025-01-17,BUY,0.0703,0.0703,LSTM P_up=0.50 | Regime=NORMAL
2025-01-21,BUY,0.0826,0.0826,LSTM P_up=0.50 | Regime=NORMAL
2025-01-22,BUY,0.0777,0.0777,LSTM P_up=0.50 | Regime=NORMAL
2025-01-23,BUY,0.0543,0.0543,LSTM P_up=0.50 | Regime=NORMAL
2025-01-24,BUY,0.0473,0.0473,LSTM P_up=0.50 | Regime=BULL
2025-01-27,HOLD,-0.0012,0.0012,LSTM P_up=0.50 | Regime=NORMAL
2025-01-28,HOLD,0.0176,0.0176,LSTM P_up=0.50 | Regime=NORMAL
2025-01-29,HOLD,0.0148,0.0148,LSTM P_up=0.50 | Regime=NORMAL
2025-01-30,HOLD,0.0275,0.0275,LSTM P_up=0.50 | Regime=NORMAL
2025-01-31,HOLD,0.0151,0.0151,LSTM P_up=0.50 | Regime=NORMAL
2025-02-03,HOLD,0.003,0.003,LSTM P_up=0.50 | Regime=NORMAL
2025-02-04,HOLD,0.0151,0.0151,LSTM P_up=0.50 | Regime=NORMAL
2025-02-05,BUY,0.0426,0.0426,LSTM P_up=0.50 | Regime=NORMAL
2025-02-06,BUY,0.0401,0.0401,LSTM P_up=0.50 | Regime=NORMAL
2025-02-07,HOLD,0.0257,0.0257,LSTM P_up=0.50 | Regime=NORMAL
2025-02-10,BUY,0.0619,0.0619,LSTM P_up=0.50 | Regime=NORMAL
2025-02-11,BUY,0.0442,0.0442,LSTM P_up=0.50 | Regime=NORMAL
2025-02-12,BUY,0.0325,0.0325,LSTM P_up=0.50 | Regime=NORMAL
2025-02-13,BUY,0.0436,0.0436,LSTM P_up=0.50 | Regime=NORMAL
2025-02-14,BUY,0.046,0.046,LSTM P_up=0.50 | Regime=BULL
2025-02-18,BUY,0.043,0.043,LSTM P_up=0.50 | Regime=NORMAL
2025-02-19,BUY,0.0464,0.0464,LSTM P_up=0.50 | Regime=NORMAL
2025-02-20,BUY,0.0372,0.0372,LSTM P_up=0.50 | Regime=NORMAL
2025-02-21,HOLD,-0.0183,0.0183,LSTM P_up=0.50 | Sentiment falling | Regime=NORMAL
2025-02-24,SELL,-0.0353,0.0353,LSTM P_up=0.50 | Sentiment falling | Regime=NORMAL
2025-02-25,SELL,-0.0387,0.0387,LSTM P_up=0.50 | Sentiment falling | Regime=NORMAL
2025-02-26,SELL,-0.0339,0.0339,LSTM P_up=0.50 | Sentiment falling | Regime=NORMAL
2025-02-27,SELL,-0.0677,0.0677,LSTM P_up=0.50 | Sentiment falling | Regime=NORMAL
2025-02-28,HOLD,-0.0135,0.0135,LSTM P_up=0.50 | Regime=NORMAL
2025-03-03,SELL,-0.0658,0.0658,LSTM P_up=0.50 | Sentiment falling | Regime=RISK_OFF
2025-03-04,SELL,-0.0738,0.0738,LSTM P_up=0.50 | Sentiment falling | Regime=RISK_OFF
2025-03-05,SELL,-0.0469,0.0469,LSTM P_up=0.50 | Regime=NORMAL
2025-03-06,SELL,-0.0809,0.0809,LSTM P_up=0.50 | Sentiment falling | Regime=RISK_OFF
2025-03-07,SELL,-0.0678,0.0678,LSTM P_up=0.50 | Sentiment falling | Regime=RISK_OFF
2025-03-10,SELL,-0.1205,0.1205,LSTM P_up=0.50 | Sentiment falling | High VIX | Regime=RISK_OFF
2025-03-11,SELL,-0.0954,0.0954,LSTM P_up=0.50 | Sentiment falling | High VIX | Regime=RISK_OFF
2025-03-12,SELL,-0.0613,0.0613,LSTM P_up=0.50 | Regime=RISK_OFF
2025-03-13,SELL,-0.0396,0.0396,LSTM P_up=0.50 | Regime=RISK_OFF
2025-03-14,HOLD,-0.0012,0.0012,LSTM P_up=0.50 | Regime=NORMAL
2025-03-17,BUY,0.0665,0.0665,LSTM P_up=0.50 | Regime=NORMAL
2025-03-18,BUY,0.0348,0.0348,LSTM P_up=0.50 | Regime=NORMAL
2025-03-19,BUY,0.0419,0.0419,LSTM P_up=0.50 | Regime=NORMAL
2025-03-20,BUY,0.0486,0.0486,LSTM P_up=0.50 | Regime=NORMAL
2025-03-21,HOLD,0.0299,0.0299,LSTM P_up=0.50 | Regime=NORMAL
2025-03-24,BUY,0.0508,0.0508,LSTM P_up=0.50 | Regime=NORMAL
2025-03-25,BUY,0.0699,0.0699,LSTM P_up=0.50 | Regime=NORMAL
2025-03-26,BUY,0.0302,0.0302,LSTM P_up=0.50 | Regime=NORMAL
2025-03-27,HOLD,0.0233,0.0233,LSTM P_up=0.50 | Regime=NORMAL
2025-03-28,SELL,-0.038,0.038,LSTM P_up=0.50 | Regime=NORMAL
2025-03-31,SELL,-0.0686,0.0686,LSTM P_up=0.50 | Sentiment falling | Regime=RISK_OFF
2025-04-01,SELL,-0.0632,0.0632,LSTM P_up=0.50 | Sentiment falling | Regime=NORMAL
2025-04-02,SELL,-0.0467,0.0467,LSTM P_up=0.50 | Sentiment falling | Regime=NORMAL
2025-04-03,SELL,-0.2216,0.2216,LSTM P_up=0.50 | Negative sentiment | Sentiment falling | High VIX | Regime=CRISIS
2025-04-04,RISK_ALERT,-0.3636,0.3636,VIX spike | Sentiment crash | LSTM P_up=0.50 | Negative sentiment | Sentiment falling | High VIX | Regime=CRISIS
2025-04-07,RISK_ALERT,-0.3655,0.3655,VIX spike | Sentiment crash | LSTM P_up=0.50 | Negative sentiment | Sentiment falling | High VIX | Regime=CRISIS
2025-04-08,RISK_ALERT,-0.3707,0.3707,VIX spike | Sentiment crash | LSTM P_up=0.50 | Negative sentiment | Sentiment falling | High VIX | Regime=CRISIS
2025-04-09,RISK_ALERT,-0.2677,0.2677,VIX spike | Sentiment crash | LSTM P_up=0.50 | Negative sentiment | Sentiment falling | High VIX | Regime=CRISIS
2025-04-10,RISK_ALERT,-0.333,0.333,VIX spike | Sentiment crash | LSTM P_up=0.50 | Negative sentiment | Sentiment falling | High VIX | Regime=CRISIS
2025-04-11,RISK_ALERT,-0.1761,0.1761,VIX spike | Sentiment crash | LSTM P_up=0.50 | Negative sentiment | High VIX | Regime=CRISIS
2025-04-14,SELL,-0.0637,0.0637,LSTM P_up=0.50 | Negative sentiment | High VIX | Regime=CRISIS
2025-04-15,SELL,-0.0545,0.0545,LSTM P_up=0.50 | Negative sentiment | High VIX | Regime=CRISIS
2025-04-16,RISK_ALERT,-0.1614,0.1614,VIX spike | Sentiment crash | LSTM P_up=0.50 | Negative sentiment | High VIX | Regime=CRISIS
2025-04-17,SELL,-0.0468,0.0468,LSTM P_up=0.50 | Negative sentiment | High VIX | Regime=CRISIS
2025-04-21,RISK_ALERT,-0.1478,0.1478,VIX spike | Sentiment crash | LSTM P_up=0.50 | Negative sentiment | High VIX | Regime=CRISIS
2025-04-22,SELL,-0.1308,0.1308,LSTM P_up=0.50 | Negative sentiment | High VIX | Regime=CRISIS
2025-04-23,SELL,-0.0935,0.0935,LSTM P_up=0.50 | High VIX | Regime=CRISIS
2025-04-24,HOLD,0.0086,0.0086,LSTM P_up=0.50 | High VIX | Regime=RISK_OFF
2025-04-25,HOLD,0.0092,0.0092,LSTM P_up=0.50 | Regime=RISK_OFF
2025-04-28,BUY,0.0453,0.0453,LSTM P_up=0.50 | High VIX | Regime=RISK_OFF
2025-04-29,BUY,0.0308,0.0308,LSTM P_up=0.50 | Regime=RISK_OFF
2025-04-30,HOLD,0.0003,0.0003,LSTM P_up=0.50 | Regime=RISK_OFF
2025-05-01,HOLD,-0.0181,0.0181,LSTM P_up=0.50 | Regime=RISK_OFF
2025-05-02,HOLD,0.0007,0.0007,LSTM P_up=0.50 | Regime=RISK_OFF
2025-05-05,HOLD,-0.0137,0.0137,LSTM P_up=0.50 | Regime=RISK_OFF
2025-05-06,SELL,-0.0447,0.0447,LSTM P_up=0.50 | Regime=RISK_OFF
2025-05-07,HOLD,-0.0175,0.0175,LSTM P_up=0.50 | Regime=RISK_OFF
2025-05-08,HOLD,0.0014,0.0014,LSTM P_up=0.50 | Regime=RISK_OFF
2025-05-09,HOLD,-0.0065,0.0065,LSTM P_up=0.50 | Regime=NORMAL
2025-05-12,BUY,0.0685,0.0685,LSTM P_up=0.50 | Regime=NORMAL
2025-05-13,BUY,0.0829,0.0829,LSTM P_up=0.50 | Regime=NORMAL
2025-05-14,BUY,0.0635,0.0635,LSTM P_up=0.50 | Regime=NORMAL
2025-05-15,BUY,0.0678,0.0678,LSTM P_up=0.50 | Regime=NORMAL
2025-05-16,BUY,0.0722,0.0722,LSTM P_up=0.50 | Regime=NORMAL
2025-05-19,HOLD,0.0211,0.0211,LSTM P_up=0.50 | Regime=NORMAL
2025-05-20,HOLD,0.0207,0.0207,LSTM P_up=0.50 | Regime=NORMAL
2025-05-21,SELL,-0.026,0.026,LSTM P_up=0.50 | Regime=NORMAL
2025-05-22,HOLD,-0.0236,0.0236,LSTM P_up=0.50 | Regime=NORMAL
2025-05-23,SELL,-0.0678,0.0678,LSTM P_up=0.50 | Sentiment falling | Regime=RISK_OFF
2025-05-27,HOLD,0.0036,0.0036,LSTM P_up=0.50 | Regime=NORMAL
2025-05-28,HOLD,-0.0035,0.0035,LSTM P_up=0.50 | Regime=NORMAL
2025-05-29,HOLD,0.0268,0.0268,LSTM P_up=0.50 | Regime=NORMAL
2025-05-30,BUY,0.0325,0.0325,LSTM P_up=0.50 | Regime=NORMAL
2025-06-02,BUY,0.0565,0.0565,LSTM P_up=0.50 | Regime=NORMAL
2025-06-03,BUY,0.0354,0.0354,LSTM P_up=0.50 | Regime=NORMAL
2025-06-04,BUY,0.0404,0.0404,LSTM P_up=0.50 | Regime=NORMAL
2025-06-05,HOLD,0.0224,0.0224,LSTM P_up=0.50 | Regime=NORMAL
2025-06-06,BUY,0.0482,0.0482,LSTM P_up=0.50 | Regime=NORMAL
2025-06-09,BUY,0.0389,0.0389,LSTM P_up=0.50 | Regime=NORMAL
2025-06-10,BUY,0.0358,0.0358,LSTM P_up=0.50 | Regime=NORMAL
2025-06-11,HOLD,0.0294,0.0294,LSTM P_up=0.50 | Regime=NORMAL
2025-06-12,HOLD,0.0236,0.0236,LSTM P_up=0.50 | Regime=NORMAL
2025-06-13,SELL,-0.0462,0.0462,LSTM P_up=0.50 | Sentiment falling | Regime=NORMAL
2025-06-16,HOLD,-0.0094,0.0094,LSTM P_up=0.50 | Regime=NORMAL
2025-06-17,SELL,-0.059,0.059,LSTM P_up=0.50 | Sentiment falling | Regime=NORMAL
2025-06-18,SELL,-0.0287,0.0287,LSTM P_up=0.50 | Regime=NORMAL
2025-06-20,SELL,-0.0293,0.0293,LSTM P_up=0.50 | Regime=NORMAL
2025-06-23,HOLD,0.0139,0.0139,LSTM P_up=0.50 | Regime=NORMAL
2025-06-24,BUY,0.0418,0.0418,LSTM P_up=0.50 | Regime=NORMAL
2025-06-25,BUY,0.0802,0.0802,LSTM P_up=0.50 | Regime=NORMAL
2025-06-26,BUY,0.069,0.069,LSTM P_up=0.50 | Regime=NORMAL
2025-06-27,BUY,0.0789,0.0789,LSTM P_up=0.50 | Regime=NORMAL
2025-06-30,BUY,0.0625,0.0625,LSTM P_up=0.50 | Regime=NORMAL
2025-07-01,BUY,0.0363,0.0363,LSTM P_up=0.50 | Regime=NORMAL
2025-07-02,BUY,0.0335,0.0335,LSTM P_up=0.50 | Regime=NORMAL
2025-07-03,BUY,0.0357,0.0357,LSTM P_up=0.50 | Regime=NORMAL
2025-07-07,HOLD,0.0071,0.0071,LSTM P_up=0.50 | Regime=NORMAL
2025-07-08,BUY,0.03,0.03,LSTM P_up=0.50 | Regime=NORMAL
2025-07-09,BUY,0.0465,0.0465,LSTM P_up=0.50 | Regime=NORMAL
2025-07-10,BUY,0.0478,0.0478,LSTM P_up=0.50 | Regime=NORMAL
2025-07-11,BUY,0.0344,0.0344,LSTM P_up=0.50 | Regime=NORMAL
2025-07-14,BUY,0.0335,0.0335,LSTM P_up=0.50 | Regime=NORMAL
2025-07-15,HOLD,0.0207,0.0207,LSTM P_up=0.50 | Regime=NORMAL
2025-07-16,HOLD,0.0167,0.0167,LSTM P_up=0.50 | Regime=NORMAL
2025-07-17,HOLD,0.0267,0.0267,LSTM P_up=0.50 | Regime=NORMAL
2025-07-18,BUY,0.035,0.035,LSTM P_up=0.50 | Regime=NORMAL
2025-07-21,BUY,0.0379,0.0379,LSTM P_up=0.50 | Regime=NORMAL
2025-07-22,BUY,0.0423,0.0423,LSTM P_up=0.50 | Regime=NORMAL
2025-07-23,BUY,0.0613,0.0613,LSTM P_up=0.50 | Regime=NORMAL
2025-07-24,BUY,0.0545,0.0545,LSTM P_up=0.50 | Regime=NORMAL
2025-07-25,BUY,0.0463,0.0463,LSTM P_up=0.50 | Regime=BULL
2025-07-28,BUY,0.0624,0.0624,LSTM P_up=0.50 | Regime=NORMAL
2025-07-29,BUY,0.0425,0.0425,LSTM P_up=0.50 | Regime=NORMAL
2025-07-30,BUY,0.0397,0.0397,LSTM P_up=0.50 | Regime=NORMAL
2025-07-31,HOLD,0.0165,0.0165,LSTM P_up=0.50 | Regime=NORMAL
2025-08-01,SELL,-0.0545,0.0545,LSTM P_up=0.50 | Sentiment falling | Regime=NORMAL
2025-08-04,HOLD,-0.0001,0.0001,LSTM P_up=0.50 | Regime=NORMAL
2025-08-05,HOLD,0.0026,0.0026,LSTM P_up=0.50 | Regime=NORMAL
2025-08-06,HOLD,0.0185,0.0185,LSTM P_up=0.50 | Regime=NORMAL
2025-08-07,BUY,0.0342,0.0342,LSTM P_up=0.50 | Regime=NORMAL
2025-08-08,BUY,0.0974,0.0974,LSTM P_up=0.50 | Regime=NORMAL
2025-08-11,BUY,0.0482,0.0482,LSTM P_up=0.50 | Regime=NORMAL
2025-08-12,BUY,0.0618,0.0618,LSTM P_up=0.50 | Regime=BULL
2025-08-13,BUY,0.0567,0.0567,LSTM P_up=0.50 | Regime=BULL
2025-08-14,BUY,0.0499,0.0499,LSTM P_up=0.50 | Regime=BULL
2025-08-15,BUY,0.0477,0.0477,LSTM P_up=0.50 | Regime=NORMAL
2025-08-18,BUY,0.0452,0.0452,LSTM P_up=0.50 | Regime=BULL
2025-08-19,BUY,0.0339,0.0339,LSTM P_up=0.50 | Regime=NORMAL
2025-08-20,HOLD,0.0292,0.0292,LSTM P_up=0.50 | Regime=NORMAL
2025-08-21,HOLD,0.0153,0.0153,LSTM P_up=0.50 | Regime=NORMAL
2025-08-22,BUY,0.0473,0.0473,LSTM P_up=0.50 | Regime=BULL
2025-08-25,BUY,0.0378,0.0378,LSTM P_up=0.50 | Regime=BULL
2025-08-26,BUY,0.0462,0.0462,LSTM P_up=0.50 | Regime=BULL
2025-08-27,BUY,0.0439,0.0439,LSTM P_up=0.50 | Regime=BULL
2025-08-28,BUY,0.0566,0.0566,LSTM P_up=0.50 | Regime=BULL
2025-08-29,BUY,0.0345,0.0345,LSTM P_up=0.50 | Regime=NORMAL
2025-09-02,HOLD,0.0059,0.0059,LSTM P_up=0.50 | Regime=NORMAL
2025-09-03,HOLD,0.0193,0.0193,LSTM P_up=0.50 | Regime=NORMAL
2025-09-04,BUY,0.0407,0.0407,LSTM P_up=0.50 | Regime=NORMAL
2025-09-05,BUY,0.039,0.039,LSTM P_up=0.50 | Regime=NORMAL
2025-09-08,BUY,0.049,0.049,LSTM P_up=0.50 | Regime=NORMAL
2025-09-09,BUY,0.068,0.068,LSTM P_up=0.50 | Regime=NORMAL
2025-09-10,BUY,0.0532,0.0532,LSTM P_up=0.50 | Regime=NORMAL
2025-09-11,BUY,0.0406,0.0406,LSTM P_up=0.50 | Regime=BULL
2025-09-12,BUY,0.0391,0.0391,LSTM P_up=0.50 | Regime=BULL
2025-09-15,BUY,0.0346,0.0346,LSTM P_up=0.50 | Regime=NORMAL
2025-09-16,HOLD,0.0217,0.0217,LSTM P_up=0.50 | Regime=NORMAL
2025-09-17,BUY,0.037,0.037,LSTM P_up=0.50 | Regime=NORMAL
2025-09-18,BUY,0.031,0.031,LSTM P_up=0.50 | Regime=NORMAL
2025-09-19,BUY,0.0368,0.0368,LSTM P_up=0.50 | Regime=NORMAL
2025-09-22,BUY,0.0333,0.0333,LSTM P_up=0.50 | Regime=NORMAL
2025-09-23,BUY,0.0309,0.0309,LSTM P_up=0.50 | Regime=NORMAL
2025-09-24,BUY,0.0331,0.0331,LSTM P_up=0.50 | Regime=NORMAL
2025-09-25,HOLD,0.0214,0.0214,LSTM P_up=0.50 | Regime=NORMAL
2025-09-26,BUY,0.0467,0.0467,LSTM P_up=0.50 | Regime=NORMAL
2025-09-29,BUY,0.0367,0.0367,LSTM P_up=0.50 | Regime=NORMAL
2025-09-30,BUY,0.0398,0.0398,LSTM P_up=0.50 | Regime=NORMAL
2025-10-01,BUY,0.0353,0.0353,LSTM P_up=0.50 | Regime=NORMAL
2025-10-02,BUY,0.0341,0.0341,LSTM P_up=0.50 | Regime=NORMAL
2025-10-03,HOLD,0.0192,0.0192,LSTM P_up=0.50 | Regime=NORMAL
2025-10-06,BUY,0.0334,0.0334,LSTM P_up=0.50 | Regime=NORMAL
2025-10-07,HOLD,0.0185,0.0185,LSTM P_up=0.50 | Regime=NORMAL
2025-10-08,BUY,0.0358,0.0358,LSTM P_up=0.50 | Regime=NORMAL
2025-10-09,BUY,0.0365,0.0365,LSTM P_up=0.50 | Regime=NORMAL
2025-10-10,SELL,-0.0615,0.0615,LSTM P_up=0.50 | Sentiment falling | Regime=NORMAL
2025-10-13,HOLD,-0.015,0.015,LSTM P_up=0.50 | Regime=NORMAL
2025-10-14,SELL,-0.0393,0.0393,LSTM P_up=0.50 | Sentiment falling | Regime=NORMAL
2025-10-15,SELL,-0.0455,0.0455,LSTM P_up=0.50 | Sentiment falling | Regime=NORMAL
2025-10-16,SELL,-0.1312,0.1312,LSTM P_up=0.50 | Sentiment falling | High VIX | Regime=RISK_OFF
2025-10-17,HOLD,0.0057,0.0057,LSTM P_up=0.50 | Regime=NORMAL
2025-10-20,HOLD,0.0268,0.0268,LSTM P_up=0.50 | Regime=NORMAL
2025-10-21,BUY,0.0511,0.0511,LSTM P_up=0.50 | Regime=NORMAL
2025-10-22,BUY,0.0355,0.0355,LSTM P_up=0.50 | Regime=NORMAL
2025-10-23,BUY,0.1068,0.1068,LSTM P_up=0.50 | Regime=NORMAL
2025-10-24,BUY,0.0792,0.0792,LSTM P_up=0.50 | Regime=NORMAL
2025-10-27,BUY,0.0643,0.0643,LSTM P_up=0.50 | Regime=NORMAL
2025-10-28,BUY,0.0487,0.0487,LSTM P_up=0.50 | Regime=NORMAL
2025-10-29,BUY,0.046,0.046,LSTM P_up=0.50 | Regime=NORMAL
2025-10-30,BUY,0.0334,0.0334,LSTM P_up=0.50 | Regime=NORMAL
2025-10-31,HOLD,0.0144,0.0144,LSTM P_up=0.50 | Regime=NORMAL
2025-11-03,HOLD,0.0141,0.0141,LSTM P_up=0.50 | Regime=NORMAL
2025-11-04,HOLD,-0.0141,0.0141,LSTM P_up=0.50 | Regime=NORMAL
2025-11-05,HOLD,0.0098,0.0098,LSTM P_up=0.50 | Regime=NORMAL
2025-11-06,HOLD,-0.0182,0.0182,LSTM P_up=0.50 | Regime=NORMAL
2025-11-07,HOLD,-0.0046,0.0046,LSTM P_up=0.50 | Regime=NORMAL
2025-11-10,HOLD,0.0202,0.0202,LSTM P_up=0.50 | Regime=NORMAL
2025-11-11,BUY,0.0445,0.0445,LSTM P_up=0.50 | Regime=NORMAL
2025-11-12,HOLD,0.0297,0.0297,LSTM P_up=0.50 | Regime=NORMAL
2025-11-13,HOLD,-0.0019,0.0019,LSTM P_up=0.50 | Regime=NORMAL
2025-11-14,HOLD,-0.0031,0.0031,LSTM P_up=0.50 | Regime=NORMAL
2025-11-17,SELL,-0.0655,0.0655,LSTM P_up=0.50 | Sentiment falling | Regime=RISK_OFF
2025-11-18,SELL,-0.1118,0.1118,LSTM P_up=0.50 | Sentiment falling | Regime=RISK_OFF
2025-11-19,SELL,-0.09,0.09,LSTM P_up=0.50 | Sentiment falling | Regime=RISK_OFF
2025-11-20,SELL,-0.1169,0.1169,LSTM P_up=0.50 | Sentiment falling | High VIX | Regime=RISK_OFF
2025-11-21,SELL,-0.0625,0.0625,LSTM P_up=0.50 | Sentiment falling | Regime=RISK_OFF
2025-11-24,HOLD,0.0182,0.0182,LSTM P_up=0.50 | Regime=NORMAL
2025-11-25,BUY,0.078,0.078,LSTM P_up=0.50 | Regime=NORMAL
2025-11-26,BUY,0.0928,0.0928,LSTM P_up=0.50 | Regime=NORMAL
2025-11-28,BUY,0.1354,0.1354,LSTM P_up=0.50 | Regime=NORMAL
2025-12-01,BUY,0.0896,0.0896,LSTM P_up=0.50 | Regime=NORMAL
2025-12-02,BUY,0.0732,0.0732,LSTM P_up=0.50 | Regime=NORMAL
2025-12-03,BUY,0.063,0.063,LSTM P_up=0.50 | Regime=NORMAL
2025-12-04,BUY,0.0553,0.0553,LSTM P_up=0.50 | Regime=NORMAL
2025-12-05,BUY,0.0537,0.0537,LSTM P_up=0.50 | Regime=NORMAL
2025-12-08,BUY,0.0395,0.0395,LSTM P_up=0.50 | Regime=NORMAL
2025-12-09,HOLD,0.0274,0.0274,LSTM P_up=0.50 | Regime=NORMAL
2025-12-10,BUY,0.0444,0.0444,LSTM P_up=0.50 | Regime=NORMAL
2025-12-11,BUY,0.0442,0.0442,LSTM P_up=0.50 | Regime=BULL
2025-12-12,BUY,0.0399,0.0399,LSTM P_up=0.50 | Regime=NORMAL
2025-12-15,BUY,0.0381,0.0381,LSTM P_up=0.50 | Regime=NORMAL
2025-12-16,BUY,0.0412,0.0412,LSTM P_up=0.50 | Regime=NORMAL
2025-12-17,HOLD,0.0082,0.0082,LSTM P_up=0.50 | Regime=NORMAL
2025-12-18,HOLD,0.0129,0.0129,LSTM P_up=0.50 | Regime=NORMAL
2025-12-19,BUY,0.0438,0.0438,LSTM P_up=0.50 | Regime=BULL
2025-12-22,BUY,0.0626,0.0626,LSTM P_up=0.50 | Regime=BULL
2025-12-23,BUY,0.0632,0.0632,LSTM P_up=0.50 | Regime=BULL
2025-12-24,BUY,0.0797,0.0797,LSTM P_up=0.50 | Regime=BULL
2025-12-26,BUY,0.0718,0.0718,LSTM P_up=0.50 | Regime=BULL
2025-12-29,BUY,0.0473,0.0473,LSTM P_up=0.50 | Regime=BULL
2025-12-30,BUY,0.0391,0.0391,LSTM P_up=0.50 | Regime=BULL
2025-12-31,HOLD,0.0297,0.0297,LSTM P_up=0.50 | Regime=BULL
2026-01-02,BUY,0.032,0.032,LSTM P_up=0.50 | Regime=BULL
2026-01-05,HOLD,0.0272,0.0272,LSTM P_up=0.50 | Regime=BULL
2026-01-06,BUY,0.0342,0.0342,LSTM P_up=0.50 | Regime=BULL
2026-01-07,BUY,0.036,0.036,LSTM P_up=0.50 | Regime=NORMAL
2026-01-08,BUY,0.0413,0.0413,LSTM P_up=0.50 | Regime=NORMAL
2026-01-09,BUY,0.0395,0.0395,LSTM P_up=0.50 | Regime=BULL
2026-01-12,BUY,0.046,0.046,LSTM P_up=0.50 | Regime=NORMAL
2026-01-13,HOLD,0.0284,0.0284,LSTM P_up=0.50 | Regime=NORMAL
2026-01-14,HOLD,0.02,0.02,LSTM P_up=0.50 | Regime=NORMAL
2026-01-15,BUY,0.0372,0.0372,LSTM P_up=0.50 | Regime=NORMAL
2026-01-16,HOLD,0.028,0.028,LSTM P_up=0.50 | Regime=NORMAL
2026-01-20,SELL,-0.044,0.044,LSTM P_up=0.50 | Sentiment falling | Regime=NORMAL
2026-01-21,HOLD,0.0236,0.0236,LSTM P_up=0.50 | Regime=NORMAL
2026-01-22,BUY,0.0547,0.0547,LSTM P_up=0.50 | Regime=NORMAL
2026-01-23,BUY,0.037,0.037,LSTM P_up=0.50 | Regime=NORMAL
2026-01-26,BUY,0.0365,0.0365,LSTM P_up=0.50 | Regime=NORMAL
2026-01-27,BUY,0.076,0.076,LSTM P_up=0.50 | Regime=NORMAL
2026-01-28,BUY,0.0439,0.0439,LSTM P_up=0.50 | Regime=NORMAL
2026-01-29,HOLD,0.0216,0.0216,LSTM P_up=0.50 | Regime=NORMAL
2026-01-30,HOLD,0.0162,0.0162,LSTM P_up=0.50 | Regime=NORMAL
2026-02-02,BUY,0.037,0.037,LSTM P_up=0.50 | Regime=NORMAL
2026-02-03,HOLD,0.0077,0.0077,LSTM P_up=0.50 | Regime=NORMAL
2026-02-04,HOLD,-0.0041,0.0041,LSTM P_up=0.50 | Regime=NORMAL
2026-02-05,SELL,-0.0571,0.0571,LSTM P_up=0.50 | Sentiment falling | Regime=NORMAL
2026-02-06,HOLD,0.0233,0.0233,LSTM P_up=0.50 | Regime=NORMAL
2026-02-09,HOLD,0.0202,0.0202,LSTM P_up=0.50 | Regime=NORMAL
2026-02-10,HOLD,0.0281,0.0281,LSTM P_up=0.50 | Regime=NORMAL
2026-02-11,BUY,0.0362,0.0362,LSTM P_up=0.50 | Regime=NORMAL
2026-02-12,HOLD,0.0072,0.0072,LSTM P_up=0.50 | Regime=NORMAL
2026-02-13,SELL,-0.0283,0.0283,LSTM P_up=0.50 | Regime=NORMAL
2026-02-17,SELL,-0.0269,0.0269,LSTM P_up=0.50 | Regime=NORMAL
2026-02-18,HOLD,-0.0101,0.0101,LSTM P_up=0.50 | Regime=NORMAL
2026-02-19,HOLD,-0.0231,0.0231,LSTM P_up=0.50 | Regime=NORMAL
2026-02-20,HOLD,0.0298,0.0298,LSTM P_up=0.50 | Regime=NORMAL
2026-02-23,HOLD,-0.0084,0.0084,LSTM P_up=0.50 | Regime=NORMAL
2026-02-24,HOLD,0.016,0.016,LSTM P_up=0.50 | Regime=NORMAL
2026-02-25,BUY,0.0395,0.0395,LSTM P_up=0.50 | Regime=NORMAL
2026-02-26,BUY,0.0325,0.0325,LSTM P_up=0.50 | Regime=NORMAL
2026-02-27,HOLD,-0.0022,0.0022,LSTM P_up=0.50 | Regime=NORMAL
2026-03-02,HOLD,-0.0128,0.0128,LSTM P_up=0.50 | Regime=NORMAL
2026-03-03,SELL,-0.0679,0.0679,LSTM P_up=0.50 | Sentiment falling | Regime=RISK_OFF
2026-03-04,SELL,-0.0388,0.0388,LSTM P_up=0.50 | Sentiment falling | Regime=NORMAL
2026-03-05,SELL,-0.0803,0.0803,LSTM P_up=0.50 | Sentiment falling | Regime=RISK_OFF
2026-03-06,SELL,-0.1984,0.1984,LSTM P_up=0.50 | Negative sentiment | Sentiment falling | High VIX | Regime=CRISIS
2026-03-09,SELL,-0.085,0.085,LSTM P_up=0.50 | Sentiment falling | High VIX | Regime=RISK_OFF
2026-03-10,SELL,-0.0526,0.0526,LSTM P_up=0.50 | Regime=RISK_OFF
2026-03-11,SELL,-0.0639,0.0639,LSTM P_up=0.50 | Sentiment falling | Regime=RISK_OFF
2026-03-12,SELL,-0.0965,0.0965,LSTM P_up=0.50 | Sentiment falling | High VIX | Regime=RISK_OFF
2026-03-13,SELL,-0.0364,0.0364,LSTM P_up=0.50 | High VIX | Regime=RISK_OFF
2026-03-16,HOLD,-0.0073,0.0073,LSTM P_up=0.50 | Regime=RISK_OFF
2026-03-17,HOLD,0.0078,0.0078,LSTM P_up=0.50 | Regime=RISK_OFF
2026-03-18,SELL,-0.0506,0.0506,LSTM P_up=0.50 | High VIX | Regime=RISK_OFF
2026-03-19,HOLD,-0.0015,0.0015,LSTM P_up=0.50 | Regime=RISK_OFF
2026-03-20,SELL,-0.0525,0.0525,LSTM P_up=0.50 | High VIX | Regime=RISK_OFF
2026-03-23,SELL,-0.0775,0.0775,LSTM P_up=0.50 | High VIX | Regime=RISK_OFF
2026-03-24,SELL,-0.1043,0.1043,LSTM P_up=0.50 | Sentiment falling | High VIX | Regime=RISK_OFF
2026-03-25,SELL,-0.0467,0.0467,LSTM P_up=0.50 | High VIX | Regime=RISK_OFF
2026-03-26,SELL,-0.0972,0.0972,LSTM P_up=0.50 | Sentiment falling | High VIX | Regime=RISK_OFF
2026-03-27,SELL,-0.179,0.179,LSTM P_up=0.50 | Negative sentiment | Sentiment falling | High VIX | Regime=CRISIS
2026-03-30,SELL,-0.176,0.176,LSTM P_up=0.50 | Negative sentiment | Sentiment falling | High VIX | Regime=CRISIS
2026-03-31,SELL,-0.0262,0.0262,LSTM P_up=0.50 | High VIX | Regime=RISK_OFF
2026-04-01,SELL,-0.0289,0.0289,LSTM P_up=0.50 | Regime=RISK_OFF
2026-04-02,HOLD,-0.0078,0.0078,LSTM P_up=0.50 | Regime=RISK_OFF
