Date,Close,High,Low,Open,Volume,"('Close', 'AAPL')","('High', 'AAPL')","('Low', 'AAPL')","('Open', 'AAPL')","('Volume', 'AAPL')","('Close', 'AAPL').1","('High', 'AAPL').1","('Low', 'AAPL').1","('Open', 'AAPL').1","('Volume', 'AAPL').1","('Close', 'AAPL')","('High', 'AAPL')","('Low', 'AAPL')","('Open', 'AAPL')","('Volume', 'AAPL')"
2018-01-02,40.304176330566406,40.313537247208,39.60225752847971,39.81283531119191,102223600.0,,,,,,,,,,,,,,,
2018-01-03,40.297157287597656,40.839976206320266,40.23398716613362,40.36734988159022,118071600.0,,,,,,,,,,,,,,,
2018-01-04,40.48432540893555,40.58727404295443,40.262051896472606,40.36967741738859,89738400.0,,,,,,,,,,,,,,,
2018-01-05,40.94526672363281,41.03183557368815,40.48902017988398,40.58026948863375,94640000.0,,,,,,,,,,,,,,,
2018-01-08,40.79317855834961,41.08798314166222,40.694906793768766,40.79317855834961,82271200.0,,,,,,,,,,,,,,,
2018-01-09,40.78850555419922,40.959304811209066,40.57325086464644,40.839979889760095,86336000.0,,,,,,,,,,,,,,,
2018-01-10,40.77914047241211,40.78148248660823,40.47731696303072,40.51475348873273,95839600.0,,,,,,,,,,,,,,,
2018-01-11,41.010772705078125,41.05990858862975,40.82593567106534,40.849330820735744,74670800.0,,,,,,,,,,,,,,,
2018-01-12,41.434268951416016,41.49744264769773,41.0973473314388,41.22135270960487,101672400.0,,,,,,,,,,,,,,,
2018-01-16,41.22367858886719,41.97239102346496,41.211979231891405,41.62377017838455,118263600.0,,,,,,,,,,,,,,,
2018-01-17,41.90456008911133,41.939654606330926,40.96164931160703,41.214336975876456,137547200.0,,,,,,,,,,,,,,,
2018-01-18,41.94197845458984,42.13851839305448,41.70566712387991,41.96771561497552,124773600.0,,,,,,,,,,,,,,,
2018-01-19,41.75481033325195,42.01685887036376,41.50913804463785,41.78990484442101,129700400.0,,,,,,,,,,,,,,,
2018-01-22,41.413204193115234,41.59570277343954,41.319616459154176,41.48339677865763,108434400.0,,,,,,,,,,,,,,,
2018-01-23,41.42256546020508,41.98410262756551,41.37109470075366,41.48340070616833,130756400.0,,,,,,,,,,,,,,,
2018-01-24,40.76276397705078,41.48340102680674,40.52411058982438,41.47170166632772,204420400.0,,,,,,,,,,,,,,,
2018-01-25,40.03511428833008,40.93356961943783,39.89940953985899,40.83062094334637,166116000.0,,,,,,,,,,,,,,,
2018-01-26,40.12869644165039,40.24334446403802,39.78943640292996,40.24334446403802,156572000.0,,,,,,,,,,,,,,,
2018-01-29,39.298095703125,39.81283544569889,39.089859933941504,39.81283544569889,202561600.0,,,,,,,,,,,,,,,
2018-01-30,39.06645965576172,39.16004739790291,38.53534011524448,38.7295380718238,184192800.0,,,,,,,,,,,,,,,
2018-01-31,39.17407989501953,39.41039480264759,38.95648681745555,39.04305564571524,129915600.0,,,,,,,,,,,,,,,
2018-02-01,39.25597381591797,39.452510199787405,39.0173204525661,39.11325020069639,188923200.0,,,,,,,,,,,,,,,
2018-02-02,37.55265426635742,39.026684400187065,37.45906652490365,38.839505347136026,346375200.0,,,,,,,,,,,,,,,
2018-02-05,36.61442565917969,38.3434854954354,36.49977763648005,37.22509515859577,290954000.0,,,,,,,,,,,,,,,
2018-02-06,38.14461517333984,38.30605710300419,36.03183942022029,36.22603742473362,272975200.0,,,,,,,,,,,,,,,
2018-02-07,37.32804489135742,38.23118067001735,37.21808088344142,38.15864962281688,206434400.0,,,,,,,,,,,,,,,
2018-02-08,36.300899505615234,37.66964260600261,36.27282389580829,37.50352025097628,217562000.0,,,,,,,,,,,,,,,
2018-02-09,36.744903564453125,37.09259424286847,35.29540556303041,36.89995612086624,282690400.0,,,,,,,,,,,,,,,
2018-02-12,38.224945068359375,38.50215699971971,37.0033227171409,37.23590156313725,243278000.0,,,,,,,,,,,,,,,
2018-02-13,38.60787963867188,38.70420051241455,37.975925806374015,38.0464045819101,130196800.0,,,,,,,,,,,,,,,
2018-02-14,39.3197021484375,39.359639279128274,38.26488298242506,38.30246855062296,162579600.0,,,,,,,,,,,,,,,
2018-02-15,40.6400032043457,40.66349374207075,39.702643640911546,39.888234303148494,204588800.0,,,,,,,,,,,,,,,
2018-02-16,40.50843811035156,41.06991676593039,40.35338910191299,40.49199509364272,160704400.0,,,,,,,,,,,,,,,
2018-02-20,40.37216567993164,40.93833645473484,40.27114530773741,40.41915031562057,135722000.0,,,,,,,,,,,,,,,
2018-02-21,40.18894577026367,40.90546993442809,40.17484714537294,40.60241581622641,149886400.0,,,,,,,,,,,,,,,
2018-02-22,40.524879455566406,40.865522652890775,40.33928883126937,40.36043138630971,123967600.0,,,,,,,,,,,,,,,
2018-02-23,41.22967147827149,41.26490907984297,40.76921317110367,40.799754815599,135249600.0,,,,,,,,,,,,,,,
2018-02-26,42.04485702514648,42.14352586821339,41.396460234407215,41.42934984876285,152648800.0,,,,,,,,,,,,,,,
2018-02-27,41.908599853515625,42.399596100612726,41.85456768273009,42.075399491200336,155712400.0,,,,,,,,,,,,,,,
2018-02-28,41.84516906738281,42.43248618806671,41.82872605204726,42.1129855310267,151128400.0,,,,,,,,,,,,,,,
2018-03-01,41.11220550537109,42.23515574611324,40.562477446370096,41.94384511375468,195208000.0,,,,,,,,,,,,,,,
2018-03-02,41.39646911621094,41.4176116761117,40.51314171022488,40.59536755610546,153816000.0,,,,,,,,,,,,,,,
2018-03-05,41.53977966308594,41.7559119990515,40.99944703082189,41.161547178971134,113605600.0,,,,,,,,,,,,,,,
2018-03-06,41.5045280456543,41.875712915688,41.37766911815642,41.79583864338566,95154000.0,,,,,,,,,,,,,,,
2018-03-07,41.11924362182617,41.31188534708122,40.94070051781095,41.098101067014966,126814000.0,,,,,,,,,,,,,,,
2018-03-08,41.56796646118164,41.61025158273074,41.12865430315472,41.2249716082499,95096400.0,,,,,,,,,,,,,,,
2018-03-09,42.28214645385742,42.28684599601752,41.67368658568725,41.80759665199748,128740800.0,,,,,,,,,,,,,,,
2018-03-12,42.69090270996094,42.84830325175137,42.33616449649583,42.35495548786584,128828400.0,,,,,,,,,,,,,,,
2018-03-13,42.27978897094727,43.10908053311904,42.10829336000823,42.89529622164599,126774000.0,,,,,,,,,,,,,,,
2018-03-14,41.92033386230469,42.40898197931337,41.7723288485127,42.36199734174866,117473600.0,,,,,,,,,,,,,,,
2018-03-15,41.96968078613281,42.34321720616517,41.83342636615037,41.93444319211999,90975200.0,,,,,,,,,,,,,,,
2018-03-16,41.82167816162109,42.0800955416054,41.72770527232746,41.969679637122375,157618800.0,,,,,,,,,,,,,,,
2018-03-19,41.18268585205078,41.69247678950339,40.79740588350734,41.6572391887555,133787200.0,,,,,,,,,,,,,,,
2018-03-20,41.1685791015625,41.53506438389557,41.09810033541408,41.1685791015625,78597600.0,,,,,,,,,,,,,,,
2018-03-21,40.23592758178711,41.133346395785146,40.23357601878862,41.121599334891776,148219600.0,,,,,,,,,,,,,,,
2018-03-22,39.667388916015625,40.56715534428592,39.60865722001009,39.93755328376177,165963200.0,,,,,,,,,,,,,,,
2018-03-23,38.74882888793945,39.91876340626609,38.74882888793945,39.55932567120972,164115200.0,,,,,,,,,,,,,,,
2018-03-26,40.58831787109375,40.66584417129437,39.10123029749921,39.48416225720845,150164800.0,,,,,,,,,,,,,,,
2018-03-27,39.54758834838867,41.14743975601389,39.2139926238872,40.802096971098365,163690400.0,,,,,,,,,,,,,,,
2018-03-28,39.110626220703125,39.94226938848122,38.80757212089568,39.29152092313844,166674000.0,,,,,,,,,,,,,,,
2018-03-29,39.41602325439453,40.34868305635966,39.20928649687109,39.42307077251929,153594000.0,,,,,,,,,,,,,,,
2018-04-02,39.1576042175293,39.688541173485575,38.63841790528605,39.14820872113764,150347200.0,,,,,,,,,,,,,,,
2018-04-03,39.559326171875,39.64389996852914,38.73473434302113,39.38313106090376,121112000.0,,,,,,,,,,,,,,,
2018-04-04,40.31580352783203,40.40977284946621,38.70890446886859,38.73474657002297,138422000.0,,,,,,,,,,,,,,,
2018-04-05,40.59536361694336,40.931307318434605,40.42621598475072,40.54367941906786,107732800.0,,,,,,,,,,,,,,,
2018-04-06,39.55699157714844,40.52018969217468,39.51470287216489,40.16545137256232,140021200.0,,,,,,,,,,,,,,,
2018-04-09,39.94931411743164,40.66349020989333,39.90232946136302,39.90937698053834,116070800.0,,,,,,,,,,,,,,,
2018-04-10,40.701080322265625,40.87727547517586,40.29700581814884,40.64234860462888,113634400.0,,,,,,,,,,,,,,,
2018-04-11,40.51078796386719,40.858478709963855,40.336940798469165,40.46145174642336,89726400.0,,,,,,,,,,,,,,,
2018-04-12,40.91017150878906,41.112208792528925,40.65175047678454,40.73867587011341,91557200.0,,,,,,,,,,,,,,,
2018-04-13,41.048770904541016,41.30953987307731,40.84203769697408,41.06051796495608,100497200.0,,,,,,,,,,,,,,,
2018-04-16,41.30482864379883,41.39175040627089,41.07224983849736,41.11923447808501,86313600.0,,,,,,,,,,,,,,,
2018-04-17,41.87335968017578,42.03780774506262,41.443443148950855,41.4622377256092,106421600.0,,,,,,,,,,,,,,,
2018-04-18,41.779396057128906,42.009626983699256,41.55386825663928,41.77234853740734,83018000.0,,,,,,,,,,,,,,,
2018-04-19,40.59536361694336,41.20382334637826,40.56247399872255,40.82089140340053,139235200.0,,,,,,,,,,,,,,,
2018-04-20,38.93207550048828,40.22417309688834,38.86394471070118,40.07851960585239,261964400.0,,,,,,,,,,,,,,,
2018-04-23,38.819313049316406,39.213988427152856,38.54914502750533,39.19284587149001,146062000.0,,,,,,,,,,,,,,,
2018-04-24,38.27898025512695,39.075382107078006,37.87490579962444,38.9203295308435,134768000.0,,,,,,,,,,,,,,,
2018-04-25,38.445777893066406,38.861599424791336,38.15447089081557,38.20380352230031,113528400.0,,,,,,,,,,,,,,,
2018-04-26,38.579681396484375,38.93441959250887,38.37999217218198,38.55618728137868,111852000.0,,,,,,,,,,,,,,,
2018-04-27,38.133331298828125,38.60553301752879,37.736304314562105,38.52800672018398,142623200.0,,,,,,,,,,,,,,,
2018-04-30,38.82401657104492,39.29387035128862,38.020567036992176,38.08869784255944,169709600.0,,,,,,,,,,,,,,,
2018-05-01,39.72613525390625,39.74962579014744,38.82636490930883,39.0941813984154,214277600.0,,,,,,,,,,,,,,,
2018-05-02,41.48105239868164,41.75826447312113,40.83030375732525,41.16624756801385,266157600.0,,,,,,,,,,,,,,,
2018-05-03,41.55621337890625,41.699518911228594,40.98064327143764,41.31893853362151,136272800.0,,,,,,,,,,,,,,,
2018-05-04,43.18660354614258,43.28527239361948,41.85691670617901,41.87571128446498,224805200.0,,,,,,,,,,,,,,,
2018-05-07,43.49905776977539,44.0887228912663,43.402736897928456,43.50375372593912,169805600.0,,,,,,,,,,,,,,,
2018-05-08,43.70813751220703,43.74807464321056,43.14901050875972,43.45911564553858,113611200.0,,,,,,,,,,,,,,,
2018-05-09,44.01591110229492,44.02530660251576,43.51316760001652,43.8256208566929,92844800.0,,,,,,,,,,,,,,,
2018-05-10,44.645503997802734,44.723030300623904,44.08402888164317,44.10517502583062,111957200.0,,,,,,,,,,,,,,,
2018-05-11,44.47569274902344,44.82236714269352,44.20684358643458,44.68794436066,104848800.0,,,,,,,,,,,,,,,
2018-05-14,44.3719367980957,44.69738719101418,44.30354687419681,44.57475313594708,83115200.0,,,,,,,,,,,,,,,
2018-05-15,43.968658447265625,44.11723423116264,43.652643426187645,44.048840718550096,94780800.0,,,,,,,,,,,,,,,
2018-05-16,44.37900924682617,44.44504573353636,43.86489553186183,43.881405553170005,76732400.0,,,,,,,,,,,,,,,
2018-05-17,44.09837341308594,44.55117192487424,43.94979760818631,44.33656322857982,69176000.0,,,,,,,,,,,,,,,
2018-05-18,43.93800354003906,44.29175270097355,43.89555536801775,44.14553753264784,73190800.0,,,,,,,,,,,,,,,
2018-05-21,44.24929428100586,44.6360597967801,44.07949443520042,44.33655123563415,73603200.0,,,,,,,,,,,,,,,
2018-05-22,44.138450622558594,44.54408316939165,44.0488330417285,44.426166815045335,60962800.0,,,,,,,,,,,,,,,
2018-05-23,44.42146301269531,44.45447945827249,43.80829633937904,43.94744041579675,80233600.0,,,,,,,,,,,,,,,
2018-05-24,44.3719367980957,44.53466199455494,43.91442422063814,44.518155570933565,92936000.0,,,,,,,,,,,,,,,
2018-05-25,44.47334289550781,44.72568208078346,44.25401655460162,44.39079998901704,69844000.0,,,,,,,,,,,,,,,
2018-05-29,44.31298065185547,44.51343996661095,44.070073161376456,44.24223369231623,90056400.0,,,,,,,,,,,,,,,
2018-05-30,44.2186393737793,44.33655574544271,44.048839510702216,44.270522865192966,74762000.0,,,,,,,,,,,,,,,
2018-05-31,44.07006454467773,44.39079722646225,43.8979076459214,44.152607446031645,109931200.0,,,,,,,,,,,,,,,
2018-06-01,44.86482620239258,44.869540266724215,44.27760132608851,44.33420248476968,93770000.0,,,,,,,,,,,,,,,
2018-06-04,45.23980712890625,45.61478042283965,45.12660839080849,45.19499832047591,105064800.0,,,,,,,,,,,,,,,
2018-06-05,45.588844299316406,45.73742013539877,45.364803828025664,45.53224672254099,86264000.0,,,,,,,,,,,,,,,
2018-06-06,45.74683380126953,45.77041851462867,45.2610189336562,45.66429450155658,83734400.0,,,,,,,,,,,,,,,
2018-06-07,45.62420272827149,45.79871665000415,45.360067616734455,45.784567261595775,85388800.0,,,,,,,,,,,,,,,
2018-06-08,45.20913696289063,45.27988750682447,44.7539814876387,45.08414589463377,106627200.0,,,,,,,,,,,,,,,
2018-06-11,45.09829711914063,45.27281465481039,44.85775029790672,45.12659949697931,73234000.0,,,,,,,,,,,,,,,
2018-06-12,45.345924377441406,45.42374962276294,45.07943219787274,45.13603335770362,67644400.0,,,,,,,,,,,,,,,
2018-06-13,44.97330856323242,45.48742587356639,44.91199333844062,45.37894121591051,86553600.0,,,,,,,,,,,,,,,
2018-06-14,44.99689483642578,45.17848708337205,44.86011139313714,45.17376942021792,86440400.0,,,,,,,,,,,,,,,
2018-06-15,44.53465270996094,44.84595364672595,44.3978692921571,44.81529423972038,246876800.0,,,,,,,,,,,,,,,
2018-06-18,44.511077880859375,44.62427660179374,44.147893403349705,44.30826155665231,73939600.0,,,,,,,,,,,,,,,
2018-06-19,43.79177474975586,43.942707534197545,43.263508204949225,43.66206604472282,134314000.0,,,,,,,,,,,,,,,
2018-06-20,43.98280715942383,44.1478893620336,43.80121493729202,43.947433686908205,82514800.0,,,,,,,,,,,,,,,
2018-06-21,43.73754119873047,44.4190976680132,43.614907167311685,44.15968021665077,102847600.0,,,,,,,,,,,,,,,
2018-06-22,43.61019134521485,43.900264617780905,43.558307852753,43.893189923219936,108801600.0,,,,,,,,,,,,,,,
2018-06-25,42.96164321899414,43.610183154437664,42.6220435497621,43.25171643707922,126652400.0,,,,,,,,,,,,,,,
2018-06-26,43.49462890625,43.98987908138741,43.04890518803509,43.15503279593732,98276800.0,,,,,,,,,,,,,,,
2018-06-27,43.43096160888672,44.16675866286106,43.40030219879701,43.683300788900816,101141200.0,,,,,,,,,,,,,,,
2018-06-28,43.746978759765625,43.91442160952756,43.3460637711596,43.41681432174242,69460800.0,,,,,,,,,,,,,,,
2018-06-29,43.65501022338867,44.14554288450888,43.136178777490194,43.93329120310292,90950800.0,,,,,,,,,,,,,,,
2018-07-02,44.14317321777344,44.171475595281485,43.25644335717007,43.35077861799314,70925200.0,,,,,,,,,,,,,,,
2018-07-03,43.37437057495117,44.32477652433171,43.28475295440151,44.28704241057152,55819200.0,,,,,,,,,,,,,,,
2018-07-05,43.723388671875,43.96158204295714,43.459257153905625,43.69037223212883,66416800.0,,,,,,,,,,,,,,,
2018-07-06,44.32948684692383,44.43796790786526,43.67622905491156,43.72811255310879,69940800.0,,,,,,,,,,,,,,,
2018-07-09,44.94500732421875,44.96858844083861,44.64314168271515,44.69030751447716,79026400.0,,,,,,,,,,,,,,,
2018-07-10,44.89077377319336,45.11009654430228,44.85067903151692,44.97567372296649,63756400.0,,,,,,,,,,,,,,,
2018-07-11,44.308250427246094,44.75633113401517,44.24457458836112,44.45446555499824,75326000.0,,,,,,,,,,,,,,,
2018-07-12,45.05113220214844,45.14074980316631,44.64549956394025,44.69738305942192,72164400.0,,,,,,,,,,,,,,,
2018-07-13,45.12189483642578,45.24216828170033,45.0204848504496,45.06293663017925,50055600.0,,,,,,,,,,,,,,,
2018-07-16,45.022830963134766,45.43317764323029,44.90727162068784,45.16668908392699,60172400.0,,,,,,,,,,,,,,,
2018-07-17,45.15019226074219,45.24924161242312,44.61956842054367,44.74927719007462,62138000.0,,,,,,,,,,,,,,,
2018-07-18,44.90255737304688,45.23272540578134,44.79171568473517,45.22800774285761,65573600.0,,,,,,,,,,,,,,,
2018-07-19,45.25159454345703,45.40960207271725,44.735120184452185,44.735120184452185,81147200.0,,,,,,,,,,,,,,,
2018-07-20,45.14781951904297,45.38129162443984,44.84831093697936,45.228001785572765,82704800.0,,,,,,,,,,,,,,,
2018-07-23,45.18791961669922,45.27046253001605,44.70446169267782,44.968593257655385,63957600.0,,,,,,,,,,,,,,,
2018-07-24,45.515716552734375,45.67136701702628,45.29167618059886,45.38600783249112,74791600.0,,,,,,,,,,,,,,,
2018-07-25,45.94493103027344,45.95200572380578,45.381287389704944,45.529863150927376,66839600.0,,,,,,,,,,,,,,,
2018-07-26,45.80107498168945,46.21378224932292,45.65957390766355,45.89540663202553,76304000.0,,,,,,,,,,,,,,,
2018-07-27,45.03934097290039,46.0321985083806,44.83181058429597,45.9850326745397,96096000.0,,,,,,,,,,,,,,,
2018-07-30,44.78700637817383,45.32706188833266,44.58890769660208,45.25631133105051,84118000.0,,,,,,,,,,,,,,,
2018-07-31,44.87661361694336,45.31290565554583,44.65257321814302,44.87897424756083,157492000.0,,,,,,,,,,,,,,,
2018-08-01,47.52030563354492,47.58162086147488,46.53216569994232,46.96138309102007,271742800.0,,,,,,,,,,,,,,,
2018-08-02,48.90935134887695,49.14282705476914,47.24909045809848,47.303330980206844,249616000.0,,,,,,,,,,,,,,,
2018-08-03,49.05085754394531,49.227732115734135,48.458915007304384,48.82445650870577,133789600.0,,,,,,,,,,,,,,,
2018-08-06,49.30555725097656,49.34800542082201,48.8338917272411,49.05321446848736,101701600.0,,,,,,,,,,,,,,,
2018-08-07,48.84332656860352,49.40696676146404,48.76078365727796,49.364518588912105,102349600.0,,,,,,,,,,,,,,,
2018-08-08,48.8763313293457,49.00839707707768,48.23250900989143,48.59333278441692,90102000.0,,,,,,,,,,,,,,,
2018-08-09,49.26076126098633,49.47300936245461,48.864560246782695,49.41405115665528,93970400.0,,,,,,,,,,,,,,,
2018-08-10,49.11402130126953,49.48557902120588,48.9104936737248,49.07378955771502,98444800.0,,,,,,,,,,,,,,,
2018-08-13,49.43115615844727,49.923409223628,49.15426448637256,49.5352871006587,103563600.0,,,,,,,,,,,,,,,
2018-08-14,49.639408111572266,49.83110202995326,49.28678360256795,49.73643952568758,82992000.0,,,,,,,,,,,,,,,
2018-08-15,49.75536346435547,49.87369337817859,49.30334232687699,49.51396942903644,115230400.0,,,,,,,,,,,,,,,
2018-08-16,50.48427963256836,50.60024064494456,50.04645747690956,50.11272194430814,114001600.0,,,,,,,,,,,,,,,
2018-08-17,51.4924430847168,51.5800060608776,50.44640713364768,50.51267159308972,141708000.0,,,,,,,,,,,,,,,
2018-08-20,50.99073028564453,51.87110156077517,50.90789789788546,51.61551211353429,121150800.0,,,,,,,,,,,,,,,
2018-08-21,50.891334533691406,51.4001553976594,50.65230937590978,51.3078581970167,104639200.0,,,,,,,,,,,,,,,
2018-08-22,50.893699645996094,51.20372346063428,50.607339648826624,50.66887351875901,76072400.0,,,,,,,,,,,,,,,
2018-08-23,50.9978141784668,51.36700283494279,50.787187131572594,50.79901723093696,75532800.0,,,,,,,,,,,,,,,
2018-08-24,51.15639114379883,51.33151711174363,50.90789759315165,51.26052204968089,73905600.0,,,,,,,,,,,,,,,
2018-08-27,51.5776481628418,51.766976764615386,51.19662566081168,51.39068485955114,82100400.0,,,,,,,,,,,,,,,
2018-08-28,51.99416732788086,52.19296073140276,51.80957293730442,51.83087145672263,91107200.0,,,,,,,,,,,,,,,
2018-08-29,52.77042388916016,52.89112275020295,51.92554991757816,52.10067593376807,109019200.0,,,,,,,,,,,,,,,
2018-08-30,53.25556564331055,54.01997594606434,52.63314908356902,52.83431140009816,195175200.0,,,,,,,,,,,,,,,
2018-08-31,53.87089157104492,54.16434752163263,53.4851347972511,53.60583004036605,173360400.0,,,,,,,,,,,,,,,
2018-09-04,54.04363632202149,54.23769549548698,53.63421584694756,54.05547003518039,109560400.0,,,,,,,,,,,,,,,
2018-09-05,53.691009521484375,54.35365770655821,53.27212426106512,54.19273077035824,133332000.0,,,,,,,,,,,,,,,
2018-09-06,52.7988166809082,53.80462109487018,52.37282820688396,53.539559593731255,137160000.0,,,,,,,,,,,,,,,
2018-09-07,52.37282180786133,53.33602545116315,52.23319337295159,52.50298543834602,150479200.0,,,,,,,,,,,,,,,
2018-09-10,51.66994094848633,52.50298455848554,51.229753521678255,52.28998854549572,158066000.0,,,,,,,,,,,,,,,
2018-09-11,52.97631454467773,53.08281076636289,51.25106203103439,51.59421812808349,142996000.0,,,,,,,,,,,,,,,
2018-09-12,52.31839370727539,53.24846516548404,52.02729949768136,53.23426615255607,197114800.0,,,,,,,,,,,,,,,
2018-09-13,53.5821647644043,54.04128551338811,52.67339168395936,52.89821784968992,166825600.0,,,,,,,,,,,,,,,
2018-09-14,52.97394180297852,53.68392137771475,52.66155266788886,53.42596299890154,127997200.0,,,,,,,,,,,,,,,
2018-09-17,51.56344985961914,52.763313434962186,51.41908720503265,52.573984830581786,148780400.0,,,,,,,,,,,,,,,
2018-09-18,51.64864349365234,52.50298563919337,51.38358202388521,51.54214367939406,126286800.0,,,,,,,,,,,,,,,
2018-09-19,51.67940902709961,51.97523383237658,50.952865183133554,51.71017596241406,108495200.0,,,,,,,,,,,,,,,
2018-09-20,52.072265625,52.60475027848478,51.8640038049603,52.12196578156135,106435200.0,,,,,,,,,,,,,,,
2018-09-21,51.51139068603516,52.3870315255617,51.42382407428225,52.24976836092235,384986800.0,,,,,,,,,,,,,,,
2018-09-24,52.25213241577149,52.36336284634597,51.26763007640745,51.31259603061541,110773600.0,,,,,,,,,,,,,,,
2018-09-25,52.58344650268555,52.73254334632296,51.99416224505693,52.0059959584022,98217600.0,,,,,,,,,,,,,,,
2018-09-26,52.16456604003906,52.95264380917307,52.008369665369,52.30182919252401,95938800.0,,,,,,,,,,,,,,,
2018-09-27,53.23662567138672,53.58925010243366,52.902934459235816,52.96920253094307,120724800.0,,,,,,,,,,,,,,,
2018-09-28,53.42359161376953,53.44725543021233,53.01653641507188,53.198761885137,91717600.0,,,,,,,,,,,,,,,
2018-10-01,53.78330993652344,54.29449601956173,53.56795224261596,53.94660579175586,94403200.0,,,,,,,,,,,,,,,
2018-10-02,54.26137161254883,54.43176699813006,53.634224437244896,53.78095239271763,99152800.0,,,,,,,,,,,,,,,
2018-10-03,54.921653747558594,55.25297609687015,54.37970066265418,54.44359983400097,114619200.0,,,,,,,,,,,,,,,
2018-10-04,53.956085205078125,54.98792238547319,53.65789145695204,54.61636465523451,128168000.0,,,,,,,,,,,,,,,
2018-10-05,53.0804328918457,54.05547386925008,52.20242692477,53.94897766555082,134322000.0,,,,,,,,,,,,,,,
2018-10-08,52.9573860168457,53.201145421192365,52.112508453535554,52.58819715632624,118655600.0,,,,,,,,,,,,,,,
2018-10-09,53.691009521484375,53.78567561143326,52.59764236335491,52.92659935225034,107564000.0,,,,,,,,,,,,,,,
2018-10-10,51.20372009277344,53.56795305429234,51.13035612450343,53.357325953618734,167962400.0,,,,,,,,,,,,,,,
2018-10-11,50.751708984375,51.946842063882,50.24762591104082,50.76827690881467,212497600.0,,,,,,,,,,,,,,,
2018-10-12,52.56452941894531,52.74675854920177,51.31733076126888,52.16457361864242,161351600.0,,,,,,,,,,,,,,,
2018-10-15,51.44038772583008,52.498257597389845,51.41908920493388,52.33969592325769,123164000.0,,,,,,,,,,,,,,,
2018-10-16,52.573978424072266,52.77277542057539,51.29838211796035,51.81193350238024,116736000.0,,,,,,,,,,,,,,,
2018-10-17,52.3468017578125,52.68995787681102,51.90897951592736,52.609494380714914,91541600.0,,,,,,,,,,,,,,,
2018-10-18,51.12325668334961,52.00363152598924,50.40854299687499,51.55870989702403,130325200.0,,,,,,,,,,,,,,,
2018-10-19,51.90187072753906,52.363356709270114,51.45694905738672,51.60604591730856,132314800.0,,,,,,,,,,,,,,,
2018-10-22,52.21900177001953,52.860351642227485,51.81431539209317,52.01547412607482,115168400.0,,,,,,,,,,,,,,,
2018-10-23,52.71124649047852,52.83431062152317,50.810868215917154,51.07829499747305,155071200.0,,,,,,,,,,,,,,,
2018-10-24,50.90316390991211,53.066234694184615,50.77300027621806,52.68048161214551,163702000.0,,,,,,,,,,,,,,,
2018-10-25,52.0178337097168,52.39175669137161,51.296020473330685,51.523215509312536,119423200.0,,,,,,,,,,,,,,,
2018-10-26,51.18952560424805,52.11013226419927,50.33044920447651,51.09485949880697,189033600.0,,,,,,,,,,,,,,,
2018-10-29,50.22869110107422,51.99180637497226,48.77323076308927,51.87347644234632,183742000.0,,,,,,,,,,,,,,,
2018-10-30,50.47954559326172,50.92446364569008,49.52580670807782,49.97072476050618,146640000.0,,,,,,,,,,,,,,,
2018-10-31,51.79537582397461,52.17166412540072,51.26525645066455,51.32679032387525,153435600.0,,,,,,,,,,,,,,,
2018-11-01,52.59055709838867,52.62368933605675,51.31022632288804,51.84034573672041,233292800.0,,,,,,,,,,,,,,,
2018-11-02,49.1021842956543,50.56237512577773,48.61703088459364,49.59207191479913,365314800.0,,,,,,,,,,,,,,,
2018-11-05,47.7082633972168,48.37091177031548,46.898887056991256,48.34961324821186,264654800.0,,,,,,,,,,,,,,,
2018-11-06,48.22417831420898,48.449004447935366,47.731925396254766,47.78635615026074,127531600.0,,,,,,,,,,,,,,,
2018-11-07,49.68674850463867,49.71278123977247,48.30938967512039,48.74484305268231,133697600.0,,,,,,,,,,,,,,,
2018-11-08,49.51337432861328,49.90047339465784,49.10014807772856,49.86722555541948,101450400.0,,,,,,,,,,,,,,,
2018-11-09,48.55867385864258,48.92440003499794,48.031455613431376,48.81515870418388,137463200.0,,,,,,,,,,,,,,,
2018-11-12,46.11256790161133,47.46148768342371,46.02232223478906,47.25962352039764,204542000.0,,,,,,,,,,,,,,,
2018-11-13,45.651851654052734,46.82740454065561,45.46661319307252,45.50936248146768,187531600.0,,,,,,,,,,,,,,,
2018-11-14,44.36231994628906,46.186207990732846,44.15570496756784,46.04846587949984,243204000.0,,,,,,,,,,,,,,,
2018-11-15,45.457122802734375,45.59011416840596,44.38606035126789,44.739915225013526,185915200.0,,,,,,,,,,,,,,,
2018-11-16,45.96058654785156,46.30256638175238,44.99402206817327,45.241005490578,147713200.0,,,,,,,,,,,,,,,
2018-11-19,44.139068603515625,45.288497903512194,43.9324573152548,45.122258727684965,167701200.0,,,,,,,,,,,,,,,
2018-11-20,42.03019332885742,43.096504796148025,41.6810892663004,42.36029811179492,271300800.0,,,,,,,,,,,,,,,
2018-11-21,41.98270034790039,42.81152632280583,41.92807967940144,42.68328208090455,124496800.0,,,,,,,,,,,,,,,
2018-11-23,40.91639709472656,41.93996319137456,40.87127786952604,41.54573618072765,94496000.0,,,,,,,,,,,,,,,
2018-11-26,41.46974182128906,41.54811251832869,40.43430427285367,41.37949974109404,179994000.0,,,,,,,,,,,,,,,
2018-11-27,41.37948226928711,41.50534931703304,40.58153070077496,40.7311441285485,165549600.0,,,,,,,,,,,,,,,
2018-11-28,42.970645904541016,43.05376369196034,41.54335510075574,41.97082991406699,184250000.0,,,,,,,,,,,,,,,
2018-11-29,42.64052963256836,43.41235764120336,42.20117993200249,43.37910981039645,167080000.0,,,,,,,,,,,,,,,
2018-11-30,42.41017532348633,42.82577508860625,42.04207194963164,42.81627363610778,158126000.0,,,,,,,,,,,,,,,
2018-12-03,43.89209747314453,43.92059459018368,43.03477417269848,43.80660249828381,163210000.0,,,,,,,,,,,,,,,
2018-12-04,41.96132659912109,43.314993644535846,41.86158309301077,42.97301383859059,165377200.0,,,,,,,,,,,,,,,
2018-12-06,41.49348068237305,41.50772923732443,40.47229196719625,40.790521773585056,172393600.0,,,,,,,,,,,,,,,
2018-12-07,40.01395034790039,41.43886395856048,39.96882750376399,41.2013783567838,169126400.0,,,,,,,,,,,,,,,
2018-12-10,40.27756118774414,40.39392681826417,38.788525387961656,39.18512592459172,248104000.0,,,,,,,,,,,,,,,
2018-12-11,40.04719543457031,40.79764713055816,39.66009277068402,40.76677646859411,189126800.0,,,,,,,,,,,,,,,
2018-12-12,40.15882110595703,40.82852869193123,40.139821820886,40.4675495230678,142510800.0,,,,,,,,,,,,,,,
2018-12-13,40.5981674194336,40.98289660129505,40.265688989423055,40.48892605974861,127594400.0,,,,,,,,,,,,,,,
2018-12-14,39.29912567138672,40.15407548968838,39.2516292645352,40.13507620219906,162814800.0,,,,,,,,,,,,,,,
2018-12-17,38.93339157104492,39.98070398320627,38.64603238784971,39.29199353840662,177151600.0,,,,,,,,,,,,,,,
2018-12-18,39.43923568725586,39.78596263708848,39.0402579913097,39.27537004197848,135366000.0,,,,,,,,,,,,,,,
2018-12-19,38.20906066894531,39.76696573237568,37.78158583477407,39.42261231342268,196189200.0,,,,,,,,,,,,,,,
2018-12-20,37.24486541748047,38.498789039513056,36.88151275562685,38.09268708722474,259092000.0,,,,,,,,,,,,,,,
2018-12-21,35.79619216918945,37.56071150431399,35.53496026593009,37.25197959706062,382978400.0,,,,,,,,,,,,,,,
2018-12-24,34.87001037597656,35.99094267515283,34.81301252858464,35.18348947727564,148676800.0,,,,,,,,,,,,,,,
2018-12-26,37.32559967041016,37.339848222165344,34.84387664953298,35.2191042152995,234330000.0,,,,,,,,,,,,,,,
2018-12-27,37.083377838134766,37.230621385586616,35.639468468150554,37.00975787628032,212468400.0,,,,,,,,,,,,,,,
2018-12-28,37.10236740112305,37.64621135368628,36.70339340641888,37.40397507190618,169165600.0,,,,,,,,,,,,,,,
2018-12-31,37.46097946166992,37.84570497009902,37.16174528956495,37.64859148928559,140014000.0,,,,,,,,,,,,,,,
2019-01-02,37.50372695922852,37.724590460067255,36.6274044817337,36.784145853458895,148158800.0,,,,,,,,,,,,,,,
2019-01-03,33.7680778503418,34.60640172363963,33.72295500680148,34.19317547745964,365248800.0,,,,,,,,,,,,,,,
2019-01-04,35.2096061706543,35.27847900912154,34.15042265199752,34.32378608802359,234428400.0,,,,,,,,,,,,,,,
2019-01-07,35.1312370300293,35.34497620753609,34.64914163479425,35.314101925245296,219111200.0,,,,,,,,,,,,,,,
2019-01-08,35.80095672607422,36.055068075400506,35.27136481535477,35.51834826233486,164101200.0,,,,,,,,,,,,,,,
2019-01-09,36.40890884399414,36.69864150293026,35.53496376531212,35.929187021597,180396400.0,,,,,,,,,,,,,,,
2019-01-10,36.52528762817383,36.56565974711911,35.82707935334201,36.2165556097032,143122800.0,,,,,,,,,,,,,,,
2019-01-11,36.16667556762695,36.5015310883102,35.98143711442818,36.306794806835,108092800.0,,,,,,,,,,,,,,,
2019-01-14,35.62282943725586,35.92443707447227,35.437591014081455,35.82469358689695,129756800.0,,,,,,,,,,,,,,,
2019-01-15,36.35192489624024,36.42791840883774,35.634717322934954,35.68696444823326,114843600.0,,,,,,,,,,,,,,,
2019-01-16,36.796016693115234,37.01925372022599,36.33529408375769,36.35429336518652,122278800.0,,,,,,,,,,,,,,,
2019-01-17,37.0145149230957,37.44198983365644,36.397050760758674,36.62028785981504,119284800.0,,,,,,,,,,,,,,,
2019-01-18,37.24249649047852,37.49423066668109,37.04300581658366,37.40398497191301,135004000.0,,,,,,,,,,,,,,,
2019-01-22,36.40654754638672,37.2211215121317,36.2450554347819,37.145127995415336,121576000.0,,,,,,,,,,,,,,,
2019-01-23,36.55379104614258,36.84352383088879,36.02657260988264,36.60841173134256,92522400.0,,,,,,,,,,,,,,,
2019-01-24,36.26404571533203,36.68676973887957,36.03606159804956,36.59890123781676,101766000.0,,,,,,,,,,,,,,,
2019-01-25,37.46572494506836,37.5535970765076,36.6487775687618,36.92425809596469,134142000.0,,,,,,,,,,,,,,,
2019-01-28,37.11900329589844,37.1261275746307,36.49204140125868,36.997883309964045,104768400.0,,,,,,,,,,,,,,,
2019-01-29,36.7342643737793,37.55359244791163,36.59889949005876,37.107118439253085,166348800.0,,,,,,,,,,,,,,,
2019-01-30,39.24450302124024,39.4582386532504,38.05232406307242,38.76953172900132,244439200.0,,,,,,,,,,,,,,,
2019-01-31,39.5271110534668,40.13507372055917,39.08063688443312,39.448740356323015,162958400.0,,,,,,,,,,,,,,,
2019-02-01,39.54610061645508,40.13031312607623,39.405981367304726,39.65059485362112,130672400.0,,,,,,,,,,,,,,,
2019-02-04,40.66940307617188,40.7667730276874,39.72658509160154,39.75745937470211,125982000.0,,,,,,,,,,,,,,,
2019-02-05,41.36524200439453,41.57898122864261,40.93064652495009,41.05176288207068,144406400.0,,,,,,,,,,,,,,,
2019-02-06,41.37948226928711,41.69533847596294,41.04937750984635,41.47684858776138,112958400.0,,,,,,,,,,,,,,,
2019-02-07,40.59578323364258,41.30823993167424,40.45329044453938,40.942510130722376,126966800.0,,,,,,,,,,,,,,,
2019-02-08,40.64348983764648,40.70311587039723,40.16886530680823,40.30481440833636,95280000.0,,,,,,,,,,,,,,,
2019-02-11,40.40976333618164,40.83430414432402,40.36683432865648,40.79614260033379,83973600.0,,,,,,,,,,,,,,,
2019-02-12,40.75796127319336,40.784196867041736,40.47414084136545,40.569544655033816,89134000.0,,,,,,,,,,,,,,,
2019-02-13,40.58863067626953,41.13719089744632,40.52662091325393,40.87722227186637,89960800.0,,,,,,,,,,,,,,,
2019-02-14,40.73650360107422,40.84621345605926,40.39782819422876,40.47653498895316,87342800.0,,,,,,,,,,,,,,,
2019-02-15,40.64585876464844,40.95114364999767,40.48606149179243,40.84381755799383,98507200.0,,,,,,,,,,,,,,,
2019-02-19,40.76751708984375,40.88915654884462,40.4240741331249,40.47654534303019,75891200.0,,,,,,,,,,,,,,,
2019-02-20,41.02987289428711,41.33754531773805,40.7818301538132,40.82953026090992,104457600.0,,,,,,,,,,,,,,,
2019-02-21,40.79851531982422,41.11095514343004,40.61725349372424,40.9750096836761,68998800.0,,,,,,,,,,,,,,,
2019-02-22,41.25405883789063,41.26121367050578,40.87483815215059,40.92253824934637,75652800.0,,,,,,,,,,,,,,,
2019-02-25,41.55458068847656,41.94572738329007,41.48779981174876,41.53788728893703,87493600.0,,,,,,,,,,,,,,,
2019-02-26,41.578426361083984,41.80977566356522,41.30176069059117,41.43055496170665,68280800.0,,,,,,,,,,,,,,,
2019-02-27,41.70722579956055,41.73823250828077,41.19682698760212,41.31131161705293,111341600.0,,,,,,,,,,,,,,,
2019-02-28,41.2969970703125,41.71676675380547,41.24214212823238,41.576050161854965,112861600.0,,,,,,,,,,,,,,,
2019-03-01,41.73106384277344,41.77399283512558,41.234974864095655,41.56649542685582,103544800.0,,,,,,,,,,,,,,,
2019-03-04,41.940948486328125,42.3941048319121,41.4925596025787,41.90278695594864,109744800.0,,,,,,,,,,,,,,,
2019-03-05,41.86463165283203,41.97672889044358,41.62851124268091,41.9624192242437,78949600.0,,,,,,,,,,,,,,,
2019-03-06,41.62374496459961,41.85509427950601,41.4854121219237,41.65951913111731,83241600.0,,,,,,,,,,,,,,,
2019-03-07,41.14196395874024,41.60466257047475,41.027482991072056,41.46871346445025,99185600.0,,,,,,,,,,,,,,,
2019-03-08,41.23975372314453,41.27791526082564,40.42645369282808,40.622028843980345,95997600.0,,,,,,,,,,,,,,,
2019-03-11,42.66837692260742,42.72084810946407,41.82169038046762,41.85508080489609,128044000.0,,,,,,,,,,,,,,,
2019-03-12,43.14778137207031,43.56754731458191,42.7804829879991,42.93074174869042,129870400.0,,,,,,,,,,,,,,,
2019-03-13,43.33858489990234,43.71780557424151,43.15016460861008,43.46737552238741,124130000.0,,,,,,,,,,,,,,,
2019-03-14,43.82036209106445,43.9086110924784,43.5413127001033,43.86090735580744,94318000.0,,,,,,,,,,,,,,,
2019-03-15,44.39038848876953,44.67898009371108,43.82275112158004,44.08749085728255,156171600.0,,,,,,,,,,,,,,,
2019-03-18,44.843544006347656,44.931789362919865,44.31167721809288,44.31406458834656,104879200.0,,,,,,,,,,,,,,,
2019-03-19,44.48817825317383,45.07490005613711,44.34269057791804,44.92225754761337,126585600.0,,,,,,,,,,,,,,,
2019-03-20,44.8769416809082,45.19415263672283,44.05887055501057,44.41662677956,124140800.0,,,,,,,,,,,,,,,
2019-03-21,46.52976608276367,46.82551249017216,45.27046466941773,45.32055213394936,204136800.0,,,,,,,,,,,,,,,
2019-03-22,45.56621170043945,47.14987887158073,45.50181457067001,46.58939274805469,169630800.0,,,,,,,,,,,,,,,
2019-03-25,45.01527404785156,45.78802515555478,44.50487531846958,45.67592791524002,175381200.0,,,,,,,,,,,,,,,
2019-03-26,44.550174713134766,46.00266730047316,44.02308274366589,45.71169203688233,199202000.0,,,,,,,,,,,,,,,
2019-03-27,44.95087814331055,45.25854690032797,44.4929506048766,45.01765901521021,119393600.0,,,,,,,,,,,,,,,
2019-03-28,45.01050567626953,45.2108482986207,44.726685141629694,45.065360614447535,83121600.0,,,,,,,,,,,,,,,
2019-03-29,45.303855895996094,45.334862595503004,44.96756422056934,45.27523656677985,94256000.0,,,,,,,,,,,,,,,
2019-04-01,45.61153411865234,45.71647288572653,44.92941211660565,45.706934321186864,111448000.0,,,,,,,,,,,,,,,
2019-04-02,46.27457046508789,46.37951286036313,45.56621293626409,45.575751499796354,91062800.0,,,,,,,,,,,,,,,
2019-04-03,46.59177780151367,46.86605606321849,46.06706586546028,46.09091773138408,93087200.0,,,,,,,,,,,,,,,
2019-04-04,46.6728744506836,46.8350555145508,46.06468818261306,46.45821854703762,76457200.0,,,,,,,,,,,,,,,
2019-04-05,46.98530578613281,47.00915765087475,46.7301046626718,46.854127808619374,74106400.0,,,,,,,,,,,,,,,
2019-04-08,47.72468948364258,47.75569255337464,46.82791140744859,46.84699217920645,103526800.0,,,,,,,,,,,,,,,
2019-04-09,47.5815658569336,48.3805560125003,47.51716873376691,47.77714095718664,143072800.0,,,,,,,,,,,,,,,
2019-04-10,47.84869766235352,47.8773206328261,47.26674699962892,47.38599906529268,86781200.0,,,,,,,,,,,,,,,
2019-04-11,47.45041275024414,47.939347117860514,47.32877691098339,47.9035729413972,83603200.0,,,,,,,,,,,,,,,
2019-04-12,47.43131637573242,47.73421764754132,46.796898139641456,47.51002317734974,111042800.0,,,,,,,,,,,,,,,
2019-04-15,47.51717376708984,47.66504879296179,47.226198455924894,47.36214754820143,70146400.0,,,,,,,,,,,,,,,
2019-04-16,47.52194213867188,48.02756966837451,47.35737372664653,47.57202960118193,102785600.0,,,,,,,,,,,,,,,
2019-04-17,48.44735336303711,48.506979405717246,47.369313492380456,47.59112062429385,115627200.0,,,,,,,,,,,,,,,
2019-04-18,48.6214485168457,48.69061310818153,48.30185387954341,48.44495416346428,96783200.0,,,,,,,,,,,,,,,
2019-04-22,48.78124237060547,48.87902992320687,48.25891781907729,48.3757861360363,77758000.0,,,,,,,,,,,,,,,
2019-04-23,49.48483276367188,49.54922989372461,48.63098759521515,48.75739448502875,93292000.0,,,,,,,,,,,,,,,
2019-04-24,49.40851593017578,49.72333948607253,49.38228033057737,49.45621602782266,70162400.0,,,,,,,,,,,,,,,
2019-04-25,48.96012115478516,49.55161030134446,48.92195962551455,49.32980323611612,74172800.0,,,,,,,,,,,,,,,
2019-04-26,48.72639465332031,48.89334681703382,48.206453755716254,48.86949494823866,74596400.0,,,,,,,,,,,,,,,
2019-04-29,48.80033493041992,49.12470072433398,48.621456815525065,48.75024745696415,88818800.0,,,,,,,,,,,,,,,
2019-04-30,47.86063003540039,48.51174538251853,47.488564122761446,48.4306548403864,186139600.0,,,,,,,,,,,,,,,
2019-05-01,50.20989608764648,51.35232939695796,49.9022236875031,50.057253572929376,259309200.0,,,,,,,,,,,,,,,
2019-05-02,49.88314056396485,50.71790507301995,49.63986895589644,50.04770900660693,127985200.0,,,,,,,,,,,,,,,
2019-05-03,50.50323867797852,50.524703171639125,50.14071145926002,50.29812502467135,83569600.0,,,,,,,,,,,,,,,
2019-05-06,49.72335052490234,49.809212175442106,48.53560072517309,48.724017426457166,129772400.0,,,,,,,,,,,,,,,
2019-05-07,48.382938385009766,49.47051642035154,47.89877538804212,49.1032217341043,155054800.0,,,,,,,,,,,,,,,
2019-05-08,48.39248275756836,48.97443337179271,48.11820448511399,48.15397864611798,105358000.0,,,,,,,,,,,,,,,
2019-05-09,47.87255096435547,48.10151289928511,46.90422474446259,47.79622789318936,139634400.0,,,,,,,,,,,,,,,
2019-05-10,47.20934295654297,47.60918188331269,46.15349214662306,47.26680569139999,164834800.0,,,,,,,,,,,,,,,
2019-05-13,44.465576171875,45.36580404744378,43.7784343150076,44.94202857472407,229722400.0,,,,,,,,,,,,,,,
2019-05-14,45.16946792602539,45.41846581889829,44.39134448751161,44.63076708397739,146118800.0,,,,,,,,,,,,,,,
2019-05-15,45.71056365966797,45.9092848617418,44.5373943474672,44.59724999917742,106178800.0,,,,,,,,,,,,,,,
2019-05-16,45.50945281982422,46.08167274519695,45.21256745080139,45.46875141212985,132125600.0,,,,,,,,,,,,,,,
2019-05-17,45.25087356567383,45.7057750661255,44.714565600818894,44.75526700637096,131516400.0,,,,,,,,,,,,,,,
2019-05-20,43.835880279541016,44.13755507522487,43.1631033991647,43.93883389096766,154449200.0,,,,,,,,,,,,,,,
2019-05-21,44.676265716552734,45.011455948466185,44.22136051232789,44.3458613070241,113459200.0,,,,,,,,,,,,,,,
2019-05-22,43.76165771484375,44.46316775527912,43.70659154583368,44.21177332231356,118994400.0,,,,,,,,,,,,,,,
2019-05-23,43.01468276977539,43.22537225962563,42.571749317461006,43.04820180134024,146118800.0,,,,,,,,,,,,,,,
2019-05-24,42.84946441650391,43.60843364494514,42.76566504244201,43.143953201217286,94858800.0,,,,,,,,,,,,,,,
2019-05-28,42.67228698730469,43.23732444311592,42.59567365858896,42.83748915813703,111792800.0,,,,,,,,,,,,,,,
2019-05-29,42.468780517578125,42.94044331585505,42.138376171721504,42.23893322191725,113924800.0,,,,,,,,,,,,,,,
2019-05-30,42.68904495239258,42.91170618886097,42.29878499432178,42.60524559159138,84873600.0,,,,,,,,,,,,,,,
2019-05-31,41.91572952270508,42.61484329625762,41.89657527028308,42.19345704957382,108174400.0,,,,,,,,,,,,,,,
2019-06-03,41.4919319152832,42.598063014392494,40.76648182388056,42.04260455433664,161584400.0,,,,,,,,,,,,,,,
2019-06-04,43.009883880615234,43.05537476777668,41.78404110502101,42.00430950042937,123872000.0,,,,,,,,,,,,,,,
2019-06-05,43.70420455932617,44.2907929158903,43.36901434411754,44.12080124391348,119093600.0,,,,,,,,,,,,,,,
2019-06-06,44.345848083496094,44.40570372515362,43.61081905035835,43.83348393703956,90105200.0,,,,,,,,,,,,,,,
2019-06-07,45.52620697021485,45.94998600483363,44.477538442467015,44.65470883240894,122737600.0,,,,,,,,,,,,,,,
2019-06-10,46.10801315307617,46.776000721416,45.87816580771754,45.92365669453953,104883600.0,,,,,,,,,,,,,,,
2019-06-11,46.64191436767578,46.92682783549049,46.35221507841626,46.65388622788541,107731600.0,,,,,,,,,,,,,,,
2019-06-12,46.49347305297852,46.91964496831461,46.3019342514873,46.43601031654152,73012800.0,,,,,,,,,,,,,,,
2019-06-13,46.48390197753906,47.11597757221876,46.35222245417614,46.615585154201376,86698400.0,,,,,,,,,,,,,,,
2019-06-14,46.14632797241211,46.34983505540682,45.56213605736823,45.86141440291939,75046000.0,,,,,,,,,,,,,,,
2019-06-17,46.42163848876953,46.67782237314511,46.009831406820645,46.18460884696114,58676400.0,,,,,,,,,,,,,,,
2019-06-18,47.5134162902832,47.95395301650747,46.73768937090985,46.9388034867993,106204000.0,,,,,,,,,,,,,,,
2019-06-19,47.37455749511719,47.855799348643046,47.240481398733735,47.80791189710642,84496800.0,,,,,,,,,,,,,,,
2019-06-20,47.75524139404297,48.03057596879343,47.41286511903979,47.97311321999092,86056000.0,,,,,,,,,,,,,,,
2019-06-21,47.5924186706543,48.08802514932684,47.44158128091943,47.59720814502802,191202400.0,,,,,,,,,,,,,,,
2019-06-24,47.544551849365234,47.92284008728449,47.44638768282357,47.53497289720029,72881600.0,,,,,,,,,,,,,,,
2019-06-25,46.82388305664063,47.70734944641752,46.75684136270738,47.50862823550264,84281200.0,,,,,,,,,,,,,,,
2019-06-26,47.83663558959961,48.12154906442843,47.25005095787499,47.3506080101736,104270000.0,,,,,,,,,,,,,,,
2019-06-27,47.82227325439453,48.26041706742118,47.78157184924549,47.95395276675357,83598800.0,,,,,,,,,,,,,,,
2019-06-28,47.38652801513672,47.76481622109825,47.1782314893938,47.56848790460069,124442400.0,,,,,,,,,,,,,,,
2019-07-01,48.25563049316406,48.95953359072476,48.04014794005199,48.64349397414677,109012000.0,,,,,,,,,,,,,,,
2019-07-02,48.53815078735352,48.633922035339324,48.21014293958858,48.22211480224925,67740800.0,,,,,,,,,,,,,,,
2019-07-03,48.94038009643555,48.94756248298667,48.52857288544068,48.66983135867862,45448000.0,,,,,,,,,,,,,,,
2019-07-05,48.89727783203125,49.10078850858228,48.57884532744974,48.68658842285855,69062000.0,,,,,,,,,,,,,,,
2019-07-08,47.88931274414063,48.21971347045251,47.5038421856941,48.07845500360109,101354400.0,,,,,,,,,,,,,,,
2019-07-09,48.18141174316406,48.24605322338057,47.599612848119484,47.69298752839831,82312000.0,,,,,,,,,,,,,,,
2019-07-10,48.65785598754883,48.777567292500045,48.25802066740765,48.32745527012685,71588400.0,,,,,,,,,,,,,,,
2019-07-11,48.30350875854492,48.93558426605638,48.29393346215335,48.677007423897294,80767200.0,,,,,,,,,,,,,,,
2019-07-12,48.67462158203125,48.84221669296488,48.41125522677883,48.4711108844908,70380800.0,,,,,,,,,,,,,,,
2019-07-15,49.131927490234375,49.28994367519334,48.84222445342626,48.86377161683431,67789600.0,,,,,,,,,,,,,,,
2019-07-16,48.9619369506836,49.3474076028821,48.72251427610812,48.98348411460336,67467200.0,,,,,,,,,,,,,,,
2019-07-17,48.68658828735352,49.10318128279168,48.66743404051857,48.854183380535474,56430000.0,,,,,,,,,,,,,,,
2019-07-18,49.23965835571289,49.292331625927645,48.77038839924491,48.84221591801951,74162400.0,,,,,,,,,,,,,,,
2019-07-19,48.504615783691406,49.44075887452363,48.449549617553735,49.270767248666,83717200.0,,,,,,,,,,,,,,,
2019-07-22,49.61315536499024,49.61554827599075,48.74883956490333,48.758414862204624,89111600.0,,,,,,,,,,,,,,,
2019-07-23,50.00102615356445,50.017787492917954,49.62992030943461,49.91004802934472,73420800.0,,,,,,,,,,,,,,,
2019-07-24,49.96031188964844,50.07523371101221,49.60117800125017,49.720889297382925,59966400.0,,,,,,,,,,,,,,,
2019-07-25,49.56526947021485,50.09678795373076,49.49583486785246,50.0129885793759,55638400.0,,,,,,,,,,,,,,,
2019-07-26,49.73765563964844,50.21410430811092,49.59400060850746,49.675403421281054,70475600.0,,,,,,,,,,,,,,,
2019-07-29,50.202125549316406,50.4319728369032,49.90524388391939,49.910033358512514,86693600.0,,,,,,,,,,,,,,,
2019-07-30,49.98664855957031,50.31705290620776,49.63469705640404,49.98185908479763,135742800.0,,,,,,,,,,,,,,,
2019-07-31,51.00658416748047,53.00097467114659,50.58999122184964,51.815833646333566,277125600.0,,,,,,,,,,,,,,,
2019-08-01,49.9028549194336,52.20131353212769,49.4982337605151,51.21249694274107,216071600.0,,,,,,,,,,,,,,,
2019-08-02,48.84701156616211,49.42401739375778,48.27479156133665,49.20853846350378,163448400.0,,,,,,,,,,,,,,,
2019-08-05,46.28996276855469,47.56129613952905,46.108002914969816,47.40328000631271,209572000.0,,,,,,,,,,,,,,,
2019-08-06,47.1662483215332,47.42243223605077,46.45755587635723,47.00104615658989,143299200.0,,,,,,,,,,,,,,,
2019-08-07,47.65467834472656,47.77917913440648,46.404895585633525,46.78557668796127,133457600.0,,,,,,,,,,,,,,,
2019-08-08,48.70573425292969,48.72967797252302,47.73846862611717,47.932400333607646,108038000.0,,,,,,,,,,,,,,,
2019-08-09,48.30438232421875,48.729767784636486,47.89581454791173,48.37888473817284,98478800.0,,,,,,,,,,,,,,,
2019-08-12,48.18181228637695,48.55913570914154,47.86216992838576,47.97512638824654,89927600.0,,,,,,,,,,,,,,,
2019-08-13,50.22223663330078,50.98408951762822,48.18181426451599,48.31159574878954,188874000.0,,,,,,,,,,,,,,,
2019-08-14,48.72736740112305,49.61419405795877,48.68891335806939,48.82590451125576,146189600.0,,,,,,,,,,,,,,,
2019-08-15,48.48463821411133,49.30176654519396,47.98714860628682,48.898010052333305,108909600.0,,,,,,,,,,,,,,,
2019-08-16,49.62863159179688,49.7872518271289,48.98934664371136,49.09509346726605,110481600.0,,,,,,,,,,,,,,,
2019-08-19,50.55389404296875,51.12588234715276,50.47698595695916,50.61878111496255,97654400.0,,,,,,,,,,,,,,,
2019-08-20,50.55630111694336,51.27489599056535,50.54668943881767,50.68127493565582,107537200.0,,,,,,,,,,,,,,,
2019-08-21,51.10426330566406,51.346997623585295,50.85431931166854,51.18838108277088,86141600.0,,,,,,,,,,,,,,,
2019-08-22,51.060997009277344,51.536853889289645,50.65002720346251,51.23643854407338,89014800.0,,,,,,,,,,,,,,,
2019-08-23,48.70093536376953,50.96246310509183,48.30679055271319,50.33279000818519,187272000.0,,,,,,,,,,,,,,,
2019-08-26,49.62621307373047,49.79444493377358,49.28253601154714,49.47480256610192,104174400.0,,,,,,,,,,,,,,,
2019-08-27,49.06623840332031,50.12129694945658,48.91482789577303,49.95546709208185,103493200.0,,,,,,,,,,,,,,,
2019-08-28,49.39549255371094,49.44115627304832,48.864360275642376,49.05181915815829,63755200.0,,,,,,,,,,,,,,,
2019-08-29,50.23185348510742,50.30635957969884,49.66707477161969,50.109285330383344,83962000.0,,,,,,,,,,,,,,,
2019-08-30,50.16696166992188,50.57792781692434,49.79684790345952,50.508233068974185,84573600.0,,,,,,,,,,,,,,,
2019-09-03,49.43634033203125,49.74396530148532,49.08064964869603,49.61178183792797,80092000.0,,,,,,,,,,,,,,,
2019-09-04,50.27510833740234,50.344803082405896,49.82568816430708,50.08284178724232,76752400.0,,,,,,,,,,,,,,,
2019-09-05,51.258056640625,51.4238864625783,50.83266757568115,50.95043168608332,95654800.0,,,,,,,,,,,,,,,
2019-09-06,51.25326156616211,51.53204789572798,51.07301235316033,51.44312612414458,77449200.0,,,,,,,,,,,,,,,
2019-09-09,51.47197341918945,52.017528821778505,50.72694541468984,51.63299563629595,109237600.0,,,,,,,,,,,,,,,
2019-09-10,52.07999801635742,52.099225036483446,50.88074243182706,51.39745530418963,127111600.0,,,,,,,,,,,,,,,
2019-09-11,53.73589324951172,53.76473561660298,52.32754595134343,52.4092617130592,177158400.0,,,,,,,,,,,,,,,
2019-09-12,53.61572647094727,54.41603338856972,53.56045107438245,54.02669627568618,128906800.0,,,,,,,,,,,,,,,
2019-09-13,52.57268524169922,53.06296146993712,52.156911432083696,52.8731005859375,159053200.0,,,,,,,,,,,,,,,
2019-09-16,52.84907150268555,52.90435057226379,52.28669479868519,52.32755084977788,84632400.0,,,,,,,,,,,,,,,
2019-09-17,53.04132843017578,53.07017079472141,52.66160302374134,52.86348490684392,73274800.0,,,,,,,,,,,,,,,
2019-09-18,53.53881454467773,53.55804156408755,52.73850773924166,53.12784479754824,101360000.0,,,,,,,,,,,,,,,
2019-09-19,53.103816986083984,53.77674437024011,52.96201816775611,53.35616292155293,88242400.0,,,,,,,,,,,,,,,
2019-09-20,52.32754898071289,53.48835439269536,52.26506390489358,53.20476404800031,221652400.0,,,,,,,,,,,,,,,
2019-09-23,52.56547546386719,52.8346464382801,52.30831816945668,52.62075086028852,76662000.0,,,,,,,,,,,,,,,
2019-09-24,52.315528869628906,53.471530215080406,52.19776839960509,53.12064347326149,124763200.0,,,,,,,,,,,,,,,
2019-09-25,53.120643615722656,53.233600080826086,52.1857511921416,52.5246205874519,87613600.0,,,,,,,,,,,,,,,
2019-09-26,52.8466682434082,53.09901788679732,52.591916597251874,52.87310494256668,75334000.0,,,,,,,,,,,,,,,
2019-09-27,52.58950805664063,53.103818957729175,52.21939431443392,53.002876179178735,101408000.0,,,,,,,,,,,,,,,
2019-09-30,53.82720947265625,53.97381227862528,53.06295107963088,53.08938777143443,103909600.0,,,,,,,,,,,,,,,
2019-10-01,53.97622680664063,54.84863417143314,53.88249736252752,54.09158894337955,139223200.0,,,,,,,,,,,,,,,
2019-10-02,52.6231575012207,53.73349145834526,52.37561187967944,53.60851764627017,138449200.0,,,,,,,,,,,,,,,
2019-10-03,53.07016754150391,53.103813908761936,51.7026764951259,52.49576996151925,114426000.0,,,,,,,,,,,,,,,
2019-10-04,54.557838439941406,54.67320059348173,53.80800277783008,54.2285843362646,138478800.0,,,,,,,,,,,,,,,
2019-10-07,54.56984329223633,55.25959571661038,54.276637636700606,54.37998241718254,122306000.0,,,,,,,,,,,,,,,
2019-10-08,53.93055725097656,54.81017419574898,53.9137358998427,54.27183228459761,111820000.0,,,,,,,,,,,,,,,
2019-10-09,54.5626335144043,54.74528471456468,54.22857181467111,54.5626335144043,74770400.0,,,,,,,,,,,,,,,
2019-10-10,55.29805374145508,55.38217150680817,54.62752828997779,54.77893513356194,113013600.0,,,,,,,,,,,,,,,
2019-10-11,56.76889419555664,57.11256762430423,55.83159602526527,55.98540855057536,166795600.0,,,,,,,,,,,,,,,
2019-10-14,56.68716812133789,57.23032136758356,56.39877014720684,56.454045539346986,96427600.0,,,,,,,,,,,,,,,
2019-10-15,56.55499267578125,57.114963649042345,56.44924588810258,56.812146302927566,87360000.0,,,,,,,,,,,,,,,
2019-10-16,56.3266716003418,56.53576316392705,56.04548329122299,56.08633933608511,73903200.0,,,,,,,,,,,,,,,
2019-10-17,56.54537963867188,56.75446755281839,56.122396137875576,56.49971591783996,67585200.0,,,,,,,,,,,,,,,
2019-10-18,56.81696319580078,57.09815156293575,56.30745619677068,56.37955662435967,97433600.0,,,,,,,,,,,,,,,
2019-10-21,57.80231094360352,57.91767306959324,57.035654109180335,57.08371982808641,87247200.0,,,,,,,,,,,,,,,
2019-10-22,57.67012786865234,58.20846975741124,57.58841211724081,57.95852583294162,82293600.0,,,,,,,,,,,,,,,
2019-10-23,58.44400024414063,58.45842326091589,57.97295104383975,58.18444461705697,75828800.0,,,,,,,,,,,,,,,
2019-10-24,58.54013442993164,58.83334009101944,58.1147452876683,58.76364167949989,69275200.0,,,,,,,,,,,,,,,
2019-10-25,59.26113510131836,59.29718347709064,58.37190638286585,58.43919912909384,73477200.0,,,,,,,,,,,,,,,
2019-10-28,59.85475540161133,59.90282112444377,59.294780746023385,59.46301260952673,96572800.0,,,,,,,,,,,,,,,
2019-10-29,58.47043228149414,60.022980251097366,58.297396432953455,59.835521386930736,142839600.0,,,,,,,,,,,,,,,
2019-10-30,58.46323394775391,58.95351389312253,57.97055566675113,58.82373239756854,124522000.0,,,,,,,,,,,,,,,
2019-10-31,59.78505325317383,59.883590362494,57.02123219032763,59.4197508487146,139162000.0,,,,,,,,,,,,,,,
2019-11-01,61.48180389404297,61.50823692360431,59.88119007430968,59.972513844449246,151125200.0,,,,,,,,,,,,,,,
2019-11-04,61.88557052612305,61.969688302448056,61.37606719664832,61.844710805841714,103272000.0,,,,,,,,,,,,,,,
2019-11-05,61.7966423034668,62.05139394165395,61.60197373719849,61.77741161321152,79897600.0,,,,,,,,,,,,,,,
2019-11-06,61.82307815551758,61.883161230177926,61.37365793055572,61.710121681781736,75864400.0,,,,,,,,,,,,,,,
2019-11-07,62.536598205566406,62.75837098318758,62.21840535973675,62.37027046144544,94940400.0,,,,,,,,,,,,,,,
2019-11-08,62.70774459838867,62.78005780222063,61.91467546659712,62.35821361498367,69986400.0,,,,,,,,,,,,,,,
2019-11-11,63.20433044433594,63.26941234380963,62.25939599544993,62.26421442476554,81821200.0,,,,,,,,,,,,,,,
2019-11-12,63.14645385742188,63.34653263881731,62.89576319221143,63.04762091279184,87388800.0,,,,,,,,,,,,,,,
2019-11-13,63.751495361328125,63.82622144681039,62.93191395655707,62.9463765952712,102734400.0,,,,,,,,,,,,,,,
2019-11-14,63.31037902832031,63.85033723289111,63.18020790529742,63.5779452383564,89182800.0,,,,,,,,,,,,,,,
2019-11-15,64.06245422363281,64.067272650884,63.39955633590938,63.56105824716516,100206400.0,,,,,,,,,,,,,,,
2019-11-18,64.3854751586914,64.4650196804653,63.69365188987565,64.07210078681992,86703200.0,,,,,,,,,,,,,,,
2019-11-19,64.1902084350586,64.60240830888569,63.97326152022207,64.57830146137563,76167200.0,,,,,,,,,,,,,,,
2019-11-20,63.442962646484375,64.13960443972219,62.77042035286797,64.0094406588,106234400.0,,,,,,,,,,,,,,,
2019-11-21,63.15851211547852,63.640619743137286,62.95843333042811,63.56348075718102,121395200.0,,,,,,,,,,,,,,,
2019-11-22,63.10306930541992,63.44054318535335,62.87647812395486,63.29832231296636,65325200.0,,,,,,,,,,,,,,,
2019-11-25,64.20950317382812,64.22637870631682,63.2814445198713,63.32724533298144,84020400.0,,,,,,,,,,,,,,,
2019-11-26,63.70811462402344,64.39993789385807,63.27662623675631,64.34690576047116,105207600.0,,,,,,,,,,,,,,,
2019-11-27,64.56385803222656,64.59760910005717,63.95399212630652,64.01907401320656,65235600.0,,,,,,,,,,,,,,,
2019-11-29,64.42162322998047,64.60241356645375,64.09619915305304,64.26493974297915,46617600.0,,,,,,,,,,,,,,,
2019-12-02,63.676795959472656,64.66270547897729,63.50564975871848,64.42647002035623,94487200.0,,,,,,,,,,,,,,,
2019-12-03,62.541412353515625,62.560693421017824,61.77968145055888,62.266607486055904,114430400.0,,,,,,,,,,,,,,,
2019-12-04,63.09342956542969,63.47188585878824,62.83791308419663,62.93192761261715,67181600.0,,,,,,,,,,,,,,,
2019-12-05,64.01907348632812,64.09380694214096,63.332075950010655,63.58759242350244,74424400.0,,,,,,,,,,,,,,,
2019-12-06,65.25568389892578,65.32559157331079,64.43368941001637,64.4770846926847,106075600.0,,,,,,,,,,,,,,,
2019-12-09,64.34210205078125,65.2773848846026,63.8575814192928,65.08454473165352,128042400.0,,,,,,,,,,,,,,,
2019-12-10,64.71812438964844,65.10139903418028,64.08655727851827,64.74704966751833,90420400.0,,,,,,,,,,,,,,,
2019-12-11,65.27015686035156,65.34970876083788,64.72296719751874,64.79769331229033,78756800.0,,,,,,,,,,,,,,,
2019-12-12,65.43647003173828,65.70163071358168,64.4385110100101,64.54939371100679,137310400.0,,,,,,,,,,,,,,,
2019-12-13,66.32595825195312,66.3621148543044,65.3087108196568,65.43646905221725,133587600.0,,,,,,,,,,,,,,,
2019-12-16,67.46131896972656,67.68550461462198,66.76709014300219,66.77190857113695,128186000.0,,,,,,,,,,,,,,,
2019-12-17,67.5938949584961,67.92172458582058,67.20579452656094,67.39141065519956,114158400.0,,,,,,,,,,,,,,,
2019-12-18,67.43238830566406,67.95306540143068,67.28293612524905,67.44685094529272,116028400.0,,,,,,,,,,,,,,,
2019-12-19,67.49987030029297,67.77949354081964,67.2419483714801,67.37452499510937,98369200.0,,,,,,,,,,,,,,,
2019-12-20,67.36009216308594,68.1338730046536,67.14796358631695,68.03263450161938,275978000.0,,,,,,,,,,,,,,,
2019-12-23,68.45928192138672,68.51954537378231,67.58425541558223,67.62282490788083,98572000.0,,,,,,,,,,,,,,,
2019-12-24,68.52434539794922,68.67380489910754,68.19892872751366,68.62559120758853,48478800.0,,,,,,,,,,,,,,,
2019-12-26,69.88391876220703,69.9007942963268,68.62803033131719,68.65695561473434,93121200.0,,,,,,,,,,,,,,,
2019-12-27,69.85738372802734,70.86258124508305,69.45241513604739,70.1755764887449,146266000.0,,,,,,,,,,,,,,,
2019-12-30,70.27201080322266,70.55404702486167,68.75337459667797,69.7754404953618,144114400.0,,,,,,,,,,,,,,,
2019-12-31,70.78544616699219,70.79267748666231,69.78989280626304,69.88872574600676,100805600.0,,,,,,,,,,,,,,,
2020-01-02,72.40050506591797,72.46076851156026,71.15666666509587,71.40977019424241,135480400.0,,,,,,,,,,,,,,,
2020-01-03,71.69664764404297,72.45596582996416,71.47246932030643,71.62915285765841,146322800.0,,,,,,,,,,,,,,,
2020-01-06,72.26792907714844,72.30649856939735,70.5685026643333,70.81920068576198,118387200.0,,,,,,,,,,,,,,,
2020-01-07,71.92807006835938,72.53311029879856,71.708710156977,72.27759377705218,108872000.0,,,,,,,,,,,,,,,
2020-01-08,73.08509826660156,73.38641550034151,71.63154422529517,71.63154422529517,132079200.0,,,,,,,,,,,,,,,
2020-01-09,74.63749694824219,74.83033706552648,73.81068409472688,74.06137477592067,170108400.0,,,,,,,,,,,,,,,
2020-01-10,74.80622100830078,75.37029336253585,74.30483235122053,74.87131024106992,140644800.0,,,,,,,,,,,,,,,
2020-01-13,76.40441131591797,76.43093105955663,75.00388930942306,75.12201067519445,121532000.0,,,,,,,,,,,,,,,
2020-01-14,75.37271118164062,76.5514679630278,75.24977872842311,76.34175230410106,161954400.0,,,,,,,,,,,,,,,
2020-01-15,75.04971313476562,76.05249814521463,74.61822463542303,75.17265296599935,121923600.0,,,,,,,,,,,,,,,
2020-01-16,75.98981475830078,76.1007048279931,75.23049658770428,75.5920773695483,108829200.0,,,,,,,,,,,,,,,
2020-01-17,76.83106994628906,76.83347548162705,75.93193674542053,76.23807238178088,137816400.0,,,,,,,,,,,,,,,
2020-01-21,76.31043243408203,76.90101005625795,76.17302994996994,76.45988467025404,110843200.0,,,,,,,,,,,,,,,
2020-01-22,76.58277893066406,77.1347867187842,76.48876443757823,76.79490005023607,101832400.0,,,,,,,,,,,,,,,
2020-01-23,76.95162200927734,77.03116654175618,76.0886451198764,76.6358420591075,104472000.0,,,,,,,,,,,,,,,
2020-01-24,76.72982788085938,77.93991520434014,76.53939333547534,77.19747280109205,146537600.0,,,,,,,,,,,,,,,
2020-01-27,74.47357940673828,75.15334557711078,73.49248860994267,74.74114561147599,161940000.0,,,,,,,,,,,,,,,
2020-01-28,76.58039093017578,76.7515370876536,75.25459488094803,75.35342783283777,162234000.0,,,,,,,,,,,,,,,
2020-01-29,78.18340301513672,79.02950436307852,77.46988569545148,78.20992276333985,216229200.0,,,,,,,,,,,,,,,
2020-01-30,78.07010650634766,78.1231386457578,76.83591201430718,77.26740045058162,126743200.0,,,,,,,,,,,,,,,
2020-01-31,74.60855865478516,77.78323285410741,74.31447274556798,77.36138873428479,199588400.0,,,,,,,,,,,,,,,
2020-02-03,74.40367889404297,75.56796570063159,72.85129158100523,73.35268032975995,173788400.0,,,,,,,,,,,,,,,
2020-02-04,76.8600082397461,77.05044280806926,75.60170706629567,76.00667569866678,136616400.0,,,,,,,,,,,,,,,
2020-02-05,77.48674774169922,78.28463523931488,76.88411323556181,77.98572352193352,118826800.0,,,,,,,,,,,,,,,
2020-02-06,78.39310455322266,78.39551744527337,77.19989265225486,77.75672634398214,105425600.0,,,,,,,,,,,,,,,
2020-02-07,77.32752990722656,78.14180794117812,76.83702966688513,77.8929335802923,117684000.0,,,,,,,,,,,,,,,
2020-02-10,77.69482421875,77.69482421875,75.83430875751218,75.91404207954616,109348800.0,,,,,,,,,,,,,,,
2020-02-11,77.22606658935547,78.26264398287658,77.00860470842123,78.19015914717811,94323200.0,,,,,,,,,,,,,,,
2020-02-12,79.05998992919922,79.0648197921596,77.67547099896561,77.67547099896561,113730400.0,,,,,,,,,,,,,,,
2020-02-13,78.49700927734375,78.82320573508036,78.12974054369347,78.3327054260137,94747600.0,,,,,,,,,,,,,,,
2020-02-14,78.51634216308594,78.7652165546687,78.00892627887556,78.4655954129786,80113600.0,,,,,,,,,,,,,,,
2020-02-18,77.07866668701172,77.25988612279623,76.01792538344428,76.19914481922879,152531200.0,,,,,,,,,,,,,,,
2020-02-19,78.19497680664062,78.4245243735885,77.32029218115534,77.32029218115534,93984000.0,,,,,,,,,,,,,,,
2020-02-20,77.39277648925781,78.44385067885128,76.88777921917897,77.95576899229526,100566000.0,,,,,,,,,,,,,,,
2020-02-21,75.6409912109375,77.4290289157497,75.0248480652508,76.9868493533589,129554000.0,,,,,,,,,,,,,,,
2020-02-24,72.04800415039062,73.49775945094957,69.88545691802558,71.82571246698684,222195200.0,,,,,,,,,,,,,,,
2020-02-25,69.60759735107422,73.09909512359589,69.13643119372864,72.71732938397975,230673600.0,,,,,,,,,,,,,,,
2020-02-26,70.71183013916016,71.97553646481957,69.22583207719232,69.23308056046676,198054800.0,,,,,,,,,,,,,,,
2020-02-27,66.08950805664062,69.10500169424336,65.95419815371966,67.92103635676665,320605600.0,,,,,,,,,,,,,,,
2020-02-28,66.05084228515625,67.27105731603613,61.94562123770189,62.16067179493624,426510000.0,,,,,,,,,,,,,,,
2020-03-02,72.20024108886719,72.83571844288954,67.10435128397388,68.20616489725688,341397200.0,,,,,,,,,,,,,,,
2020-03-03,69.90719604492188,73.45426192334152,69.05666829287019,73.37452863350472,319475600.0,,,,,,,,,,,,,,,
2020-03-04,73.14981842041016,73.3092923901448,70.82779719372856,71.6275782870545,219178400.0,,,,,,,,,,,,,,,
2020-03-05,70.77706909179688,72.37904277817594,70.41221158595323,71.40529059680607,187572800.0,,,,,,,,,,,,,,,
2020-03-06,69.83715057373047,70.2696631046371,67.95247104471461,68.13852037839982,226176800.0,,,,,,,,,,,,,,,
2020-03-09,64.31359100341797,67.19376858532901,63.54763339444034,63.728852881306615,286744800.0,,,,,,,,,,,,,,,
2020-03-10,68.94552612304688,69.21131605967966,65.0867606135554,66.96419837707879,285290000.0,,,,,,,,,,,,,,,
2020-03-11,66.55101776123047,67.95003374263217,65.68841155580724,67.0246098194062,255598800.0,,,,,,,,,,,,,,,
2020-03-12,59.97880935668945,65.23900739248786,59.92323641976663,61.841747078919504,418474000.0,,,,,,,,,,,,,,,
2020-03-13,67.16475677490234,67.6359302649127,61.119275269390535,64.00429300943405,370732000.0,,,,,,,,,,,,,,,
2020-03-16,58.52421188354492,62.60043602101579,57.9902170129729,58.46138678881957,322423600.0,,,,,,,,,,,,,,,
2020-03-17,61.09753036499024,62.24524979969269,57.60361793460999,59.80483021639644,324056000.0,,,,,,,,,,,,,,,
2020-03-18,59.60186767578125,60.40648246464056,57.29433930824816,57.93465023452481,300233600.0,,,,,,,,,,,,,,,
2020-03-19,59.14519119262695,61.09269547807698,58.62086339938416,59.7758349784017,271857200.0,,,,,,,,,,,,,,,
2020-03-20,55.390323638916016,60.84865193316744,55.09070619023976,59.725089265820536,401693200.0,,,,,,,,,,,,,,,
2020-03-23,54.21360397338867,55.21152015646839,51.372084613414366,55.1100377172106,336752800.0,,,,,,,,,,,,,,,
2020-03-24,59.65260696411133,59.84832336499044,56.61295251663222,57.11070131069981,287531200.0,,,,,,,,,,,,,,,
2020-03-25,59.32400131225586,62.39989846973341,59.029217373030974,60.58770393527842,303602000.0,,,,,,,,,,,,,,,
2020-03-26,62.445796966552734,62.50378482179249,59.52695570911754,59.5656167372231,252087200.0,,,,,,,,,,,,,,,
2020-03-27,59.86040115356445,61.82481719246613,59.69367869443923,61.07094557233669,204216800.0,,,,,,,,,,,,,,,
2020-03-30,61.56870269775391,61.74025873047765,60.26150553022684,60.58528707882383,167976400.0,,,,,,,,,,,,,,,
2020-03-31,61.44305419921875,63.42438602597824,60.88973245903772,61.75958725464871,197002000.0,,,,,,,,,,,,,,,
2020-04-01,58.210105895996094,60.0972038911912,57.78001201918498,59.56079401122782,176218400.0,,,,,,,,,,,,,,,
2020-04-02,59.18144226074219,59.234600264782834,57.2411861740168,58.07238003328574,165934000.0,,,,,,,,,,,,,,,
2020-04-03,58.33091735839844,59.36749098851091,57.74134949209258,58.66677725772262,129880000.0,,,,,,,,,,,,,,,
2020-04-06,63.419559478759766,63.57419624282321,60.256676873255664,60.62394564001491,201820400.0,,,,,,,,,,,,,,,
2020-04-07,62.68500900268555,65.64976368215225,62.58111162954673,65.43229446081726,202887200.0,,,,,,,,,,,,,,,
2020-04-08,64.28941345214844,64.60352421399418,63.1199448269442,63.48479496979986,168895200.0,,,,,,,,,,,,,,,
2020-04-09,64.75331115722656,65.2558970699064,63.95836739563788,64.92487082512187,161834800.0,,,,,,,,,,,,,,,
2020-04-13,66.0242919921875,66.13302662112467,64.23142416734326,64.83065918840516,131022800.0,,,,,,,,,,,,,,,
2020-04-14,69.35870361328125,69.64865760923763,67.18407076511772,67.65524416508772,194994800.0,,,,,,,,,,,,,,,
2020-04-15,68.72566986083984,69.18475770892147,67.8074941646766,68.23516945822269,131154400.0,,,,,,,,,,,,,,,
2020-04-16,69.27173614501953,69.63659364674618,68.22308052874929,69.43845862105105,157125200.0,,,,,,,,,,,,,,,
2020-04-17,68.3318099975586,69.33456350529407,66.89655138464681,68.7884865443206,215250000.0,,,,,,,,,,,,,,,
2020-04-20,66.91345977783203,68.06118282102301,66.89413295001411,67.15992291899424,130015200.0,,,,,,,,,,,,,,,
2020-04-21,64.84516143798828,66.99080126610937,64.13478048479037,66.75642377646463,180991600.0,,,,,,,,,,,,,,,
2020-04-22,66.71290588378906,67.14782951135057,65.77056644151477,66.11125243793057,116862400.0,,,,,,,,,,,,,,,
2020-04-23,66.4543685913086,68.07809487584751,66.41570756383898,66.65733345514633,124814400.0,,,,,,,,,,,,,,,
2020-04-24,68.37287139892578,68.38253849821193,66.93036468813068,66.97869281072518,126161200.0,,,,,,,,,,,,,,,
2020-04-27,68.42122650146484,68.75225288764294,67.64319061344894,68.09019274144761,117087600.0,,,,,,,,,,,,,,,
2020-04-28,67.3121566772461,69.06394488685403,67.2203450064915,68.88272541689459,112004800.0,,,,,,,,,,,,,,,
2020-04-29,69.52304077148438,69.9917957281478,68.5951979613223,68.79816288474782,137280800.0,,,,,,,,,,,,,,,
2020-04-30,70.98969268798828,71.16608226501852,69.67283584195576,70.06185003558508,183064000.0,,,,,,,,,,,,,,,
2020-05-01,69.84679412841797,72.2461373205468,69.068758508474,69.16540738463718,240616800.0,,,,,,,,,,,,,,,
2020-05-04,70.83504486083984,70.96310628408554,69.18232470328076,69.8709599457229,133568000.0,,,,,,,,,,,,,,,
2020-05-05,71.89820861816406,72.7294023781066,71.14916678667844,71.29414381435919,147751200.0,,,,,,,,,,,,,,,
2020-05-06,72.63999938964844,73.27063948300304,72.21473542323028,72.59891973995855,142333600.0,,,,,,,,,,,,,,,
2020-05-07,73.39142608642578,73.73695662198787,72.96375102865532,73.26578331138913,115215200.0,,,,,,,,,,,,,,,
2020-05-08,75.13829803466797,75.19159993074032,73.72338371341871,74.05046319414457,133838400.0,,,,,,,,,,,,,,,
2020-05-11,76.32063293457031,76.81487886134366,74.43811241092033,74.64647707690482,145946400.0,,,,,,,,,,,,,,,
2020-05-12,75.4483871459961,77.45446449136809,75.32724719182195,77.00382001706633,162301200.0,,,,,,,,,,,,,,,
2020-05-13,74.53742980957031,76.54835795686193,73.46170617265714,75.6276896528906,200622400.0,,,,,,,,,,,,,,,
2020-05-14,74.9953384399414,75.0559084279637,73.05467365769209,73.77667057668484,158929200.0,,,,,,,,,,,,,,,
2020-05-15,74.55197143554688,74.59800522378177,72.73487156458532,72.7687943111998,166348400.0,,,,,,,,,,,,,,,
2020-05-18,76.3084945678711,76.68160777866888,75.18431939181484,75.87481876052446,135178400.0,,,,,,,,,,,,,,,
2020-05-19,75.86756896972656,77.17102926581177,75.83607138413613,76.32547436249678,101729600.0,,,,,,,,,,,,,,,
2020-05-20,77.34305572509766,77.41331160943199,76.68647152801736,76.72523721961544,111504800.0,,,,,,,,,,,,,,,
2020-05-21,76.76642608642578,77.74523944094076,76.52898900422082,77.204952332668,102688800.0,,,,,,,,,,,,,,,
2020-05-22,77.26067352294922,77.34304783651851,76.40300024409417,76.50475370458611,81803200.0,,,,,,,,,,,,,,,
2020-05-26,76.73735046386719,78.5568683167511,76.68162339962899,78.37758347481825,125522000.0,,,,,,,,,,,,,,,
2020-05-27,77.07169342041016,77.21706291080646,75.85545038481993,76.59440888025136,112945200.0,,,,,,,,,,,,,,,
2020-05-28,77.1056137084961,78.36304756047794,76.47084126097369,76.74703662948228,133560800.0,,,,,,,,,,,,,,,
2020-05-29,77.03050994873047,77.8082267406315,76.67435802451047,77.34789618259597,153532400.0,,,,,,,,,,,,,,,
2020-06-01,77.97781372070312,78.09895371175787,76.85363105469186,76.9844643152945,80791200.0,,,,,,,,,,,,,,,
2020-06-02,78.33882141113281,78.36305089208805,77.2703656270627,77.71131704152964,87642800.0,,,,,,,,,,,,,,,
2020-06-03,78.77007293701172,79.03173947926652,78.08684155798949,78.65862620653965,104491200.0,,,,,,,,,,,,,,,
2020-06-04,78.09168243408203,78.89120338502829,77.71856920653472,78.59320375117642,87560400.0,,,,,,,,,,,,,,,
2020-06-05,80.31580352783203,80.37637351540958,78.31215100053369,78.34122341156335,137250400.0,,,,,,,,,,,,,,,
2020-06-08,80.79068756103516,80.82461031040765,79.30309219050388,80.01297082329648,95654400.0,,,,,,,,,,,,,,,
2020-06-09,83.34188079833984,83.73437314923221,80.439371619184,80.47086919688729,147712400.0,,,,,,,,,,,,,,,
2020-06-10,85.48609161376953,85.95369033389235,83.85070128279254,84.28922758003938,166651600.0,,,,,,,,,,,,,,,
2020-06-11,81.3818588256836,85.05482488773967,81.28010535582771,84.63083484447448,201662400.0,,,,,,,,,,,,,,,
2020-06-12,82.0844497680664,84.26496946856898,80.97481077374836,83.5187504243347,200146000.0,,,,,,,,,,,,,,,
2020-06-15,83.09961700439453,83.75135081292053,80.5774812512651,80.73981210877636,138808800.0,,,,,,,,,,,,,,,
2020-06-16,85.30194854736328,85.5733083880593,83.51877109987304,85.15173611381705,165428800.0,,,,,,,,,,,,,,,
2020-06-17,85.18321228027344,86.10629835837992,85.06207229738494,86.04572836693566,114406400.0,,,,,,,,,,,,,,,
2020-06-18,85.21714782714844,85.6338697266432,84.60902265567091,85.13961645194037,96820400.0,,,,,,,,,,,,,,,
2020-06-19,84.73014831542969,86.38734236256319,83.62292711838043,85.92216897764727,264476000.0,,,,,,,,,,,,,,,
2020-06-22,86.94702911376953,87.08997343752344,85.07662707395669,85.12266086900618,135445200.0,,,,,,,,,,,,,,,
2020-06-23,88.80286407470703,90.22020316994303,87.77074918797572,88.18989613632456,212155600.0,,,,,,,,,,,,,,,
2020-06-24,87.23533630371094,89.3504433677871,86.86222303304002,88.43220009652119,192623200.0,,,,,,,,,,,,,,,
2020-06-25,88.39342498779297,88.4321906709593,86.63205223537432,87.39038973838228,137522400.0,,,,,,,,,,,,,,,
2020-06-26,85.67747497558594,88.50972868089589,85.52968033530838,88.28925300034977,205256800.0,,,,,,,,,,,,,,,
2020-06-29,87.65206146240234,87.74655421504602,85.10812136493809,85.5854132789762,130646000.0,,,,,,,,,,,,,,,
2020-06-30,88.38375091552734,88.66964696675093,87.22080974313869,87.240188892032,140223200.0,,,,,,,,,,,,,,,
2020-07-01,88.21656799316406,89.00397799978875,88.16811642903573,88.46127316123845,110737200.0,,,,,,,,,,,,,,,
2020-07-02,88.21656799316406,89.75747265090347,88.10270349025298,89.12270022857078,114041600.0,,,,,,,,,,,,,,,
2020-07-06,90.57638549804688,91.0439841546096,89.61210837219791,89.6436059572989,118655600.0,,,,,,,,,,,,,,,
2020-07-07,90.29532623291016,91.73204473813118,90.183879512503,90.95432807349728,112424400.0,,,,,,,,,,,,,,,
2020-07-08,92.39832305908205,92.42982064230873,91.18449788463136,91.27172253001288,117092000.0,,,,,,,,,,,,,,,
2020-07-09,92.79566192626952,93.34320967936996,91.74901058829924,93.28990778547892,125642800.0,,,,,,,,,,,,,,,
2020-07-10,92.95800018310548,93.01615241811884,91.78052278573126,92.39106579987347,90257200.0,,,,,,,,,,,,,,,
2020-07-13,92.52913665771484,96.86837145256374,92.31592911855527,94.26143682269026,191649200.0,,,,,,,,,,,,,,,
2020-07-14,94.0603485107422,94.25174434945905,90.97854722279762,91.91131912379288,170989200.0,,,,,,,,,,,,,,,
2020-07-15,94.70724487304688,96.18272909779544,93.51038115292206,95.93318100843004,153198000.0,,,,,,,,,,,,,,,
2020-07-16,93.5418701171875,94.3971180916464,92.94343831225127,93.58063579856042,110577600.0,,,,,,,,,,,,,,,
2020-07-17,93.3529052734375,94.14758336972574,92.8804563206502,93.99252801605422,92186800.0,,,,,,,,,,,,,,,
2020-07-20,95.3202133178711,95.45831468469304,93.09608481622666,93.44012565034129,90318000.0,,,,,,,,,,,,,,,
2020-07-21,94.00463104248048,96.18515083470297,93.75508296201136,96.1100446333636,103433200.0,,,,,,,,,,,,,,,
2020-07-22,94.26872253417967,94.94952872983104,93.61941392094188,93.70663117027291,89001600.0,,,,,,,,,,,,,,,
2020-07-23,89.9779281616211,94.07972590175224,89.16871402354269,94.00219454397538,197004400.0,,,,,,,,,,,,,,,
2020-07-24,89.75503540039062,90.0990762102355,86.3921882418588,88.17779782726093,185438800.0,,,,,,,,,,,,,,,
2020-07-27,91.8822784423828,91.97434603902649,90.59335427077136,90.81624776325609,121214000.0,,,,,,,,,,,,,,,
2020-07-28,90.37286376953124,91.63029754160468,90.36801343757494,91.45343048257014,103625600.0,,,,,,,,,,,,,,,
2020-07-29,92.10517120361328,92.28930638065712,90.81866491806582,90.85500544148256,90329200.0,,,,,,,,,,,,,,,
2020-07-30,93.21965026855467,93.32382888856976,90.87195660039106,91.27898520449536,158130000.0,,,,,,,,,,,,,,,
2020-07-31,102.97869873046876,103.1289111554256,97.71152622340604,99.70791855704329,374336800.0,,,,,,,,,,,,,,,
2020-08-03,105.57351684570312,108.19013805785316,104.56078815454649,104.85878784183842,308151200.0,,,,,,,,,,,,,,,
2020-08-04,106.27852630615234,107.36878610733102,105.04047188715032,105.76246881725352,173071600.0,,,,,,,,,,,,,,,
2020-08-05,106.66376495361328,106.98357631299436,105.53473931977294,105.99992015103618,121776800.0,,,,,,,,,,,,,,,
2020-08-06,110.38519287109376,110.87944616652167,106.40695920907454,106.99569786453768,202428800.0,,,,,,,,,,,,,,,
2020-08-07,107.87550354003906,110.363351174005,107.07939259345515,109.90704232526846,198045600.0,,,,,,,,,,,,,,,
2020-08-10,109.44344329833984,110.46042737696229,106.79540187658976,109.31965534861052,212403600.0,,,,,,,,,,,,,,,
2020-08-11,106.18860626220705,109.20557448641424,105.92889749318044,108.70800797992308,187902400.0,,,,,,,,,,,,,,,
2020-08-12,109.71773529052734,109.97501457851946,107.0842557863612,107.27842631827303,165598000.0,,,,,,,,,,,,,,,
2020-08-13,111.65945434570312,112.66187605488996,110.6084863068824,111.096349513322,210082000.0,,,,,,,,,,,,,,,
2020-08-14,111.55992889404295,111.64973292886684,109.75168569136508,111.48468727529168,165565200.0,,,,,,,,,,,,,,,
2020-08-17,111.26866912841795,112.70555595050736,110.64246299694388,112.68128278727484,119561600.0,,,,,,,,,,,,,,,
2020-08-18,112.1958465576172,112.62060097941456,110.68614768785795,111.02109807418744,105633600.0,,,,,,,,,,,,,,,
2020-08-19,112.33661651611328,113.74923011045664,112.24196081309763,112.60360648521876,145538000.0,,,,,,,,,,,,,,,
2020-08-20,114.82933807373048,114.94341528440668,112.36090456064323,112.37789651709356,126907200.0,,,,,,,,,,,,,,,
2020-08-21,120.7467803955078,121.22978455348972,115.7759366742478,115.78806955381434,338054800.0,,,,,,,,,,,,,,,
2020-08-24,122.19092559814452,125.03314486284968,120.32686221834298,124.9481850882098,345937600.0,,,,,,,,,,,,,,,
2020-08-25,121.1884994506836,121.53316057768988,119.4676381682754,121.06471891526844,211495600.0,,,,,,,,,,,,,,,
2020-08-26,122.83655548095705,123.29286429117482,121.43850421682248,122.50403462016396,163022400.0,,,,,,,,,,,,,,,
2020-08-27,121.3681411743164,123.7710366153228,120.22493942657042,123.4385157010968,155552400.0,,,,,,,,,,,,,,,
2020-08-28,121.17151641845705,122.75887903183632,120.9482136928383,122.34140581995464,187630000.0,,,,,,,,,,,,,,,
2020-08-31,125.28070831298828,127.18361471555612,122.32927827603108,123.86325036863212,225702700.0,,,,,,,,,,,,,,,
2020-09-01,130.27098083496094,130.87292869764627,126.72732074484928,128.8923509024096,151948100.0,,,,,,,,,,,,,,,
2020-09-02,127.5719757080078,133.96028524180616,123.3001648971193,133.58164753272405,200119000.0,,,,,,,,,,,,,,,
2020-09-03,117.35843658447266,125.08653940539764,116.98950967695431,123.2127726268104,257599600.0,,,,,,,,,,,,,,,
2020-09-04,117.43611907958984,120.09629366493148,107.65948471911048,116.57204769157234,332607200.0,,,,,,,,,,,,,,,
2020-09-08,109.53325653076172,115.52350643380636,109.39733569135387,110.6303339937336,231366600.0,,,,,,,,,,,,,,,
2020-09-09,113.90215301513672,115.66913123084257,111.90216871799984,113.8439033465614,176940500.0,,,,,,,,,,,,,,,
2020-09-10,110.1837158203125,116.989496927167,109.22255937183644,116.85357611251904,182274400.0,,,,,,,,,,,,,,,
2020-09-11,108.73715209960938,111.87305715590524,106.79541724068775,111.2322810970384,180860300.0,,,,,,,,,,,,,,,
2020-09-14,111.99923706054688,112.55263104986112,109.51381948146934,111.37788266577748,140150100.0,,,,,,,,,,,,,,,
2020-09-15,112.17401885986328,115.36817345414228,110.3002445053814,114.88273976030897,184642000.0,,,,,,,,,,,,,,,
2020-09-16,108.86336517333984,112.62062489457956,108.77599065772375,111.87306021260656,154679000.0,,,,,,,,,,,,,,,
2020-09-17,107.12548828125,108.93130194991431,105.54297733812126,106.5235553297814,178011000.0,,,,,,,,,,,,,,,
2020-09-18,103.72747039794922,107.64977561825025,102.99931984136902,107.183763410032,287104900.0,,,,,,,,,,,,,,,
2020-09-21,106.8730697631836,106.9798657543586,100.0964130289504,101.49446425369293,195713800.0,,,,,,,,,,,,,,,
2020-09-22,108.55267333984376,109.5720869949024,105.97988085188312,109.3973305799532,183055400.0,,,,,,,,,,,,,,,
2020-09-23,103.9993133544922,108.84393936425928,103.65950385577868,108.36821643604246,150718700.0,,,,,,,,,,,,,,,
2020-09-24,105.0672607421875,107.03812018263172,101.94106684060164,102.10611250444197,167743300.0,,,,,,,,,,,,,,,
2020-09-25,109.0089874267578,109.16432976181966,104.53328824582924,105.27114952311253,149981400.0,,,,,,,,,,,,,,,
2020-09-28,111.6108856201172,111.96039838338362,109.49439495683866,111.6594319400097,137672400.0,,,,,,,,,,,,,,,
2020-09-29,110.7662353515625,111.95069452133389,110.26138766643038,111.21284078207376,99382200.0,,,,,,,,,,,,,,,
2020-09-30,112.4361343383789,113.84389630124348,110.3099400885334,110.47498574403602,142675200.0,,,,,,,,,,,,,,,
2020-10-01,113.38756561279295,114.29047228114128,112.45553411758306,114.21280113809182,116120400.0,,,,,,,,,,,,,,,
2020-10-02,109.72742462158205,112.00896881944756,108.9507351859753,109.60121453266758,144712000.0,,,,,,,,,,,,,,,
2020-10-05,113.10603332519533,113.25166489244758,110.2419779334605,110.59149073201426,106243800.0,,,,,,,,,,,,,,,
2020-10-06,109.86333465576172,112.73710064616576,108.97984195840536,112.32933079739348,161498200.0,,,,,,,,,,,,,,,
2020-10-07,111.72743225097656,112.1837411552906,110.80510369347576,111.28083409553528,96849000.0,,,,,,,,,,,,,,,
2020-10-08,111.62060546875,113.00894588963776,111.25167118458673,112.86331432521168,83477200.0,,,,,,,,,,,,,,,
2020-10-09,113.5623550415039,113.59147987684436,111.57207401243367,111.92158685077898,100506900.0,,,,,,,,,,,,,,,
2020-10-12,120.77588653564452,121.53316180020072,115.8050435838883,116.56231884844448,240226800.0,,,,,,,,,,,,,,,
2020-10-13,117.57202911376952,121.73705073964727,116.164274484854,121.62054399652054,262330500.0,,,,,,,,,,,,,,,
2020-10-14,117.65940856933594,119.4458008172495,116.1351472290792,117.47494141501436,150712000.0,,,,,,,,,,,,,,,
2020-10-15,117.19338989257812,117.66911279151616,114.70797199610068,115.26136605608602,112559200.0,,,,,,,,,,,,,,,
2020-10-16,115.55261993408205,118.00892036442944,115.34873869497105,117.74678205190853,115393800.0,,,,,,,,,,,,,,,
2020-10-19,112.60118865966795,116.9118342796432,112.29051143113706,116.4652362265756,120639300.0,,,,,,,,,,,,,,,
2020-10-20,114.08661651611328,115.513792607474,112.2613812832418,112.81477533834804,124423700.0,,,,,,,,,,,,,,,
2020-10-21,113.46527099609376,115.25166338254114,113.05750107559588,113.2710930798733,89946000.0,,,,,,,,,,,,,,,
2020-10-22,112.37789154052734,114.60117857735534,111.25168190141596,114.02836301066806,101988000.0,,,,,,,,,,,,,,,
2020-10-23,111.68858337402344,113.15459517987492,110.950722097239,112.99925284491812,82572600.0,,,,,,,,,,,,,,,
2020-10-26,111.69828033447266,113.15458121285104,109.591492767667,110.6885775032748,111850700.0,,,,,,,,,,,,,,,
2020-10-27,113.20313262939452,113.86332273009964,111.20314823922772,112.12546926784462,92276800.0,,,,,,,,,,,,,,,
2020-10-28,107.96044158935548,112.06721355762778,107.863356340069,111.6982866474873,143937800.0,,,,,,,,,,,,,,,
2020-10-29,111.9604263305664,113.52352341003616,108.93131742851756,109.09637051307504,146129200.0,,,,,,,,,,,,,,,
2020-10-30,105.68861389160156,108.72742584588708,104.58182577242384,107.82451896896532,190272600.0,,,,,,,,,,,,,,,
2020-11-02,105.60123443603516,107.4555945603439,104.19347979423505,105.9313331743507,122866900.0,,,,,,,,,,,,,,,
2020-11-03,107.22257995605467,108.24198610997584,105.56239787070092,106.4653046968192,107624400.0,,,,,,,,,,,,,,,
2020-11-04,111.60120391845705,112.22255845771816,109.0769501768174,110.81480370001444,138235500.0,,,,,,,,,,,,,,,
2020-11-05,115.56233978271484,116.1351553723964,113.46527015302648,114.51380126430564,126387100.0,,,,,,,,,,,,,,,
2020-11-06,115.4310531616211,115.92704441463144,112.94133971591968,115.07120982324268,114457900.0,,,,,,,,,,,,,,,
2020-11-09,113.12612915039062,118.64044265473572,112.86354597300208,117.1913565886007,154515300.0,,,,,,,,,,,,,,,
2020-11-10,112.78572082519533,114.36123445028848,110.99623930767312,112.37725487942362,138023400.0,,,,,,,,,,,,,,,
2020-11-11,116.20906066894533,116.34521597780906,113.24281153166176,113.9722181519638,112295000.0,,,,,,,,,,,,,,,
2020-11-12,115.936767578125,117.22052312713384,115.31434109496368,116.33551348572684,103162300.0,,,,,,,,,,,,,,,
2020-11-13,115.98538970947266,116.38412816982796,114.6335565884222,116.16044760960408,81581900.0,,,,,,,,,,,,,,,
2020-11-16,116.99683380126952,117.66788289766848,114.90586651270256,115.6547207686548,91183000.0,,,,,,,,,,,,,,,
2020-11-17,116.11183166503906,117.35668469756249,115.69363815380922,116.26744200405916,74271000.0,,,,,,,,,,,,,,,
2020-11-18,114.7891616821289,116.53001321672764,114.75998660153422,115.35323797332128,76322100.0,,,,,,,,,,,,,,,
2020-11-19,115.3824234008789,115.7908894056509,113.60266912591756,114.36125096903965,74113000.0,,,,,,,,,,,,,,,
2020-11-20,114.11812591552734,115.50886189625275,114.0695032456576,115.38243405069952,73604300.0,,,,,,,,,,,,,,,
2020-11-23,110.72393035888672,114.39041868660992,110.62667762078418,113.96249773506877,127959300.0,,,,,,,,,,,,,,,
2020-11-24,112.0076904296875,112.66901946402936,109.49852961528087,110.78229252304033,113874200.0,,,,,,,,,,,,,,,
2020-11-25,112.84407043457033,113.54430200672212,112.00768354782322,112.37725433307456,76499200.0,,,,,,,,,,,,,,,
2020-11-27,113.38871002197266,114.26399962865096,113.02887409805057,113.36926243956174,46691300.0,,,,,,,,,,,,,,,
2020-11-30,115.78115844726562,117.64843779643516,113.60265845332594,113.75826877571102,169410200.0,,,,,,,,,,,,,,,
2020-12-01,119.3503875732422,120.07979426970196,116.7147989337566,117.68734119570294,127728200.0,,,,,,,,,,,,,,,
2020-12-02,119.70050811767578,119.98254627518948,117.57063810536371,118.66960823368215,89004200.0,,,,,,,,,,,,,,,
2020-12-03,119.56436920166016,120.38130128460416,118.85440996013128,120.1284381742077,78967600.0,,,,,,,,,,,,,,,
2020-12-04,118.89329528808594,119.48654668025314,118.18333614962214,119.23368360656494,78260400.0,,,,,,,,,,,,,,,
2020-12-07,120.35211944580078,121.1496039000796,118.89330587676078,118.95165604515132,86712000.0,,,,,,,,,,,,,,,
2020-12-08,120.96481323242188,121.54834457068203,119.71023272701726,120.95509315138428,82225500.0,,,,,,,,,,,,,,,
2020-12-09,118.43619537353516,122.4916948216798,117.67761359703717,121.11068659164964,115089200.0,,,,,,,,,,,,,,,
2020-12-10,119.85612487792967,120.46883134674631,116.85097238388342,117.19136074438724,81312200.0,,,,,,,,,,,,,,,
2020-12-11,119.04890441894533,119.38929273400028,117.23997517904311,119.0683519998447,86939800.0,,,,,,,,,,,,,,,
2020-12-14,118.43619537353516,119.9630864267169,118.20278730843776,119.2336797308675,79184500.0,,,,,,,,,,,,,,,
2020-12-15,124.36870574951172,124.3881607505194,120.72167215100104,120.92590514212858,157243700.0,,,,,,,,,,,,,,,
2020-12-16,124.30062866210938,124.84524997430788,123.08495079030278,123.91161767905837,98208600.0,,,,,,,,,,,,,,,
2020-12-17,125.16622161865234,126.02206380046609,124.52433998229203,125.36072715820416,94359800.0,,,,,,,,,,,,,,,
2020-12-18,123.18220520019533,125.5552106694522,122.65703149372492,125.41905534776453,192541500.0,,,,,,,,,,,,,,,
2020-12-21,124.7090835571289,124.78688871478424,120.06033297589272,121.58722395031434,121251600.0,,,,,,,,,,,,,,,
2020-12-22,128.25888061523438,130.71941139606707,126.0901006465024,127.99629004452623,168904800.0,,,,,,,,,,,,,,,
2020-12-23,127.36415100097656,128.79377458393498,127.18908566358635,128.53119883757725,88223700.0,,,,,,,,,,,,,,,
2020-12-24,128.3463897705078,129.79548292817182,127.50028284184114,127.71424330377316,54930100.0,,,,,,,,,,,,,,,
2020-12-28,132.9368133544922,133.56895993255333,129.84412103088945,130.3109520335808,124486200.0,,,,,,,,,,,,,,,
2020-12-29,131.166748046875,134.97911129137205,130.65130192196946,134.25943963612303,121047300.0,,,,,,,,,,,,,,,
2020-12-30,130.04835510253906,132.2560302372561,129.73713444926724,131.85728434018318,96452100.0,,,,,,,,,,,,,,,
2020-12-31,129.04664611816406,131.0403608931575,128.1032788564328,130.398479383972,99116600.0,,,,,,,,,,,,,,,
2021-01-04,125.8567352294922,129.9414109803697,123.2794959824312,129.85388571223746,143301900.0,,,,,,,,,,,,,,,
2021-01-05,127.4127197265625,128.12268605812724,124.90355963208562,125.35093547334816,97664900.0,,,,,,,,,,,,,,,
2021-01-06,123.12384796142578,127.45166544679954,122.90988747820572,124.21309795786028,155088000.0,,,,,,,,,,,,,,,
2021-01-07,127.32523345947266,128.01574500748134,124.34925645838388,124.83552759816486,109578200.0,,,,,,,,,,,,,,,
2021-01-08,128.42422485351562,128.98830121735807,126.65419059044255,128.79378086858412,105158200.0,,,,,,,,,,,,,,,
2021-01-11,125.43849182128906,126.595819441527,124.97167570919714,125.64273221772612,100384500.0,,,,,,,,,,,,,,,
2021-01-12,125.2634506225586,126.12901267192076,123.3767161950052,124.97168496595856,91951100.0,,,,,,,,,,,,,,,
2021-01-13,127.29605102539062,127.84067229611608,124.96195562519108,125.22453134083727,88636800.0,,,,,,,,,,,,,,,
2021-01-14,125.37044525146484,127.40305532059554,125.22455498651908,127.20854980715394,90221800.0,,,,,,,,,,,,,,,
2021-01-15,123.64900970458984,126.64444134000355,123.51285439569902,125.24397825437474,111598500.0,,,,,,,,,,,,,,,
2021-01-19,124.320068359375,125.17591022451418,123.45450641479232,124.27143828252557,90757300.0,,,,,,,,,,,,,,,
2021-01-20,128.40475463867188,128.85213061210496,125.02031169638846,125.12729193961265,104319500.0,,,,,,,,,,,,,,,
2021-01-21,133.1118621826172,135.83498363825382,129.9219245699571,130.12616498605254,120150900.0,,,,,,,,,,,,,,,
2021-01-22,135.25148010253906,136.01006199526975,131.31268037347158,132.53807846792435,114459400.0,,,,,,,,,,,,,,,
2021-01-25,138.9957275390625,141.1061423033731,132.79090363932372,139.14161777095364,157611700.0,,,,,,,,,,,,,,,
2021-01-26,139.2291259765625,140.3378233401724,137.48826736504506,139.65704686073025,98390600.0,,,,,,,,,,,,,,,
2021-01-27,138.1593475341797,140.3378474829839,136.55465878230473,139.49172564743122,140843800.0,,,,,,,,,,,,,,,
2021-01-28,133.32582092285156,138.09128711738057,132.94653001780165,135.68910643879175,142621100.0,,,,,,,,,,,,,,,
2021-01-29,128.33668518066406,132.98543606950523,126.63473619885517,132.10041903740844,177523800.0,,,,,,,,,,,,,,,
2021-02-01,130.4568328857422,131.66279076657688,127.33496534929878,130.07754195512933,106239800.0,,,,,,,,,,,,,,,
2021-02-02,131.28353881835938,132.5672874109212,130.91396785937155,132.0032108881905,83305400.0,,,,,,,,,,,,,,,
2021-02-03,130.2623291015625,132.04208344252265,129.94138833452192,132.03234852121233,89880900.0,,,,,,,,,,,,,,,
2021-02-04,133.6175537109375,133.62727378925396,130.89443296109326,132.55748642168908,84183100.0,,,,,,,,,,,,,,,
2021-02-05,133.20361328125,133.84645384942093,132.32702331519238,133.77828189570104,75693800.0,,,,,,,,,,,,,,,
2021-02-08,133.34974670410156,133.39844945852406,131.41149002924152,132.49262578464683,71297200.0,,,,,,,,,,,,,,,
2021-02-09,132.47315979003906,134.29454199245745,132.3173317614118,133.0672978062939,76774200.0,,,,,,,,,,,,,,,
2021-02-10,131.8692626953125,133.42766158836056,130.90500170826476,132.93091432442992,73046600.0,,,,,,,,,,,,,,,
2021-02-11,131.61602783203125,132.84325691578465,130.291393245221,132.3659937299951,64280000.0,,,,,,,,,,,,,,,
2021-02-12,131.84979248046875,132.0056353585524,130.21348684657468,130.8563275721737,60145100.0,,,,,,,,,,,,,,,
2021-02-16,129.72647094726562,132.47313069680968,129.33686380627134,131.96666370650627,80576300.0,,,,,,,,,,,,,,,
2021-02-17,127.43755340576172,128.78167180132837,126.10318447577993,127.83689508299388,97918500.0,,,,,,,,,,,,,,,
2021-02-18,126.33698272705078,126.61943492722637,124.09678975209331,125.84023543219844,96856700.0,,,,,,,,,,,,,,,
2021-02-19,126.49278259277344,127.31095005461351,125.4506152038684,126.85317101046176,87668800.0,,,,,,,,,,,,,,,
2021-02-22,122.72342681884766,126.34669108531578,122.33382715227124,124.68115232492676,103916400.0,,,,,,,,,,,,,,,
2021-02-23,122.58708190917967,123.4149766498793,115.31133387912055,120.54169271715816,158273000.0,,,,,,,,,,,,,,,
2021-02-24,122.09033203125,122.29487019049712,119.051470887012,121.69099774824254,111039900.0,,,,,,,,,,,,,,,
2021-02-25,117.84371948242188,123.17147632846172,117.4054244574372,121.43776543888308,148199500.0,,,,,,,,,,,,,,,
2021-02-26,118.10670471191406,121.6033452358005,118.04825992472897,119.40211317040608,164560400.0,,,,,,,,,,,,,,,
2021-03-01,124.46690368652344,124.60326248159896,119.59692548811964,120.53196041049354,116307900.0,,,,,,,,,,,,,,,
2021-03-02,121.86632537841795,125.37270785746594,121.75918527388905,125.07077161615514,102260900.0,,,,,,,,,,,,,,,
2021-03-03,118.88590240478516,122.44098788620713,118.67162218049718,121.56439034639122,112966300.0,,,,,,,,,,,,,,,
2021-03-04,117.00607299804688,120.38583846392304,115.53534519039708,118.58394833274576,178155000.0,,,,,,,,,,,,,,,
2021-03-05,118.2625503540039,118.76903225470892,114.51266857773292,117.83399731994244,153766600.0,,,,,,,,,,,,,,,
2021-03-08,113.33412170410156,117.85346041822145,113.18802088680536,117.78528102761602,154376600.0,,,,,,,,,,,,,,,
2021-03-09,117.94112396240234,118.88590088596752,115.70093853482196,115.93469539878758,129525800.0,,,,,,,,,,,,,,,
2021-03-10,116.86000061035156,118.99304601715156,116.34377667711072,118.52553226949556,111943300.0,,,,,,,,,,,,,,,
2021-03-11,118.78848266601562,120.00597696289304,118.10668883216246,119.35340180320566,103026500.0,,,,,,,,,,,,,,,
2021-03-12,117.88268280029295,118.01904158578924,116.06131583787986,117.2690682655597,88105100.0,,,,,,,,,,,,,,,
2021-03-15,120.76571655273438,120.7754585897514,117.28855243734996,118.2528134651182,92403800.0,,,,,,,,,,,,,,,
2021-03-16,122.30462646484376,123.91172068145192,121.476731695984,122.43124321692927,115227900.0,,,,,,,,,,,,,,,
2021-03-17,121.51568603515624,122.58707964634335,119.15861117334904,120.82415009129004,111932600.0,,,,,,,,,,,,,,,
2021-03-18,117.39567565917967,119.97676520351848,117.1911374972353,119.68456358302883,121229700.0,,,,,,,,,,,,,,,
2021-03-19,116.86973571777344,118.27229182875168,116.5677994448256,116.78207967633584,185549500.0,,,,,,,,,,,,,,,
2021-03-22,120.18128967285156,120.64881072616971,117.1326868002608,117.20086617980772,111912300.0,,,,,,,,,,,,,,,
2021-03-23,119.35343170166016,121.0092213877964,118.96383194286418,120.12288918175794,95467100.0,,,,,,,,,,,,,,,
2021-03-24,116.96712493896484,119.70405755554832,116.94764829711929,119.62613612617308,88530500.0,,,,,,,,,,,,,,,
2021-03-25,117.4541244506836,118.49630686413842,115.9054750318424,116.43143354135354,98844700.0,,,,,,,,,,,,,,,
2021-03-26,118.05801391601562,118.32099690748782,115.82756294666449,117.2203770478402,94071200.0,,,,,,,,,,,,,,,
2021-03-29,118.23332214355467,119.39237925463333,117.59048892877756,118.4865630734955,80819200.0,,,,,,,,,,,,,,,
2021-03-30,116.78207397460938,117.26907177481124,115.76911765846988,116.98661215897457,85671900.0,,,,,,,,,,,,,,,
2021-03-31,118.97355651855467,120.30792565051348,117.9995609800172,118.48655874928596,118323800.0,,,,,,,,,,,,,,,
2021-04-01,119.80145263671876,120.95076768283118,119.30471282559483,120.44429326652572,75089100.0,,,,,,,,,,,,,,,
2021-04-05,122.62606048583984,122.8793014492825,119.8696508630916,120.6488503978394,88651200.0,,,,,,,,,,,,,,,
2021-04-06,122.92799377441406,123.82406801579717,122.38255857200647,123.21045341308864,80171300.0,,,,,,,,,,,,,,,
2021-04-07,124.5740203857422,124.5934970252362,121.88579084483872,122.55785008781348,83466700.0,,,,,,,,,,,,,,,
2021-04-08,126.97010803222656,126.99932672070712,125.17795911609406,125.59677022564752,88844600.0,,,,,,,,,,,,,,,
2021-04-09,129.54141235351562,129.5803656375029,126.1032091394081,126.42462946477704,106686700.0,,,,,,,,,,,,,,,
2021-04-12,127.8271713256836,129.39530463290586,127.23303349221447,129.07388434312833,91420000.0,,,,,,,,,,,,,,,
2021-04-13,130.9342803955078,131.158310185129,128.49929029788697,128.9960377894817,91266500.0,,,,,,,,,,,,,,,
2021-04-14,128.59661865234375,131.48938634080065,128.2362450900617,131.43094899145666,87222800.0,,,,,,,,,,,,,,,
2021-04-15,131.00241088867188,131.48940869866695,130.16477406100063,130.34010100083557,89347100.0,,,,,,,,,,,,,,,
2021-04-16,130.67127990722656,131.1680124141945,129.81415884861858,130.80763872455088,84922400.0,,,,,,,,,,,,,,,
2021-04-19,131.33355712890625,131.9471790846723,129.87256379574342,130.0381412567294,94264200.0,,,,,,,,,,,,,,,
2021-04-20,129.64854431152344,132.00561168739057,128.3823471626382,131.50887932231677,94812300.0,,,,,,,,,,,,,,,
2021-04-21,130.02841186523438,130.2719107638584,127.88562452974152,128.9180574819885,68847100.0,,,,,,,,,,,,,,,
2021-04-22,128.5089874267578,130.66150947358742,127.99277092528315,129.58037371612286,84566500.0,,,,,,,,,,,,,,,
2021-04-23,130.8271026611328,131.60628729046172,128.72326849315886,128.72326849315886,78657500.0,,,,,,,,,,,,,,,
2021-04-26,131.21669006347656,131.5478450047434,130.08685158645528,131.32383017529745,66905100.0,,,,,,,,,,,,,,,
2021-04-27,130.89527893066406,131.88875868630524,130.62256132903624,131.49915149684074,66015800.0,,,,,,,,,,,,,,,
2021-04-28,130.10630798339844,131.50886374451756,129.61931028089822,130.81732046769145,107760100.0,,,,,,,,,,,,,,,
2021-04-29,130.00892639160156,133.50558183329358,129.00571212903608,132.92117853809344,151101000.0,,,,,,,,,,,,,,,
2021-04-30,128.04147338867188,130.08685531571498,127.66161568350716,128.35314426527148,109839500.0,,,,,,,,,,,,,,,
2021-05-03,129.09339904785156,130.58362632092104,128.40187034048927,128.6064011393442,75135100.0,,,,,,,,,,,,,,,
2021-05-04,124.52533721923828,128.070688075214,123.40524078183633,127.77848641989289,137564700.0,,,,,,,,,,,,,,,
2021-05-05,124.7688446044922,127.05772538948398,124.6422204183204,125.84023086704354,84000900.0,,,,,,,,,,,,,,,
2021-05-06,126.36618041992188,126.37591502452004,123.82404416158316,124.56428281581604,78128300.0,,,,,,,,,,,,,,,
2021-05-07,127.03937530517578,128.0637957522919,126.3271401858517,127.66379062246624,78973300.0,,,,,,,,,,,,,,,
2021-05-10,123.76119232177734,126.38568557584613,123.72216543128324,126.25886120807225,88071200.0,,,,,,,,,,,,,,,
2021-05-11,122.84408569335938,123.19531281841267,119.78053807914272,120.4927657999539,126142800.0,,,,,,,,,,,,,,,
2021-05-12,119.78053283691406,121.60500079746392,119.27319817304677,120.39519702699737,112172300.0,,,,,,,,,,,,,,,
2021-05-13,121.92698669433594,123.07825403932372,121.23427605914434,121.54648377421124,105861300.0,,,,,,,,,,,,,,,
2021-05-14,124.34658813476562,124.77587651193252,122.78554964091155,123.17581112527976,81918000.0,,,,,,,,,,,,,,,
2021-05-17,123.19532775878906,123.83926036065176,122.12211419930364,123.73193826034132,74244600.0,,,,,,,,,,,,,,,
2021-05-18,121.80989837646484,123.8977887358132,121.74160317568686,123.47825894714308,63342900.0,,,,,,,,,,,,,,,
2021-05-19,121.65380096435548,121.87819629608094,119.86835967667768,120.16105765432344,92612000.0,,,,,,,,,,,,,,,
2021-05-20,124.21001434326172,124.61003446523176,122.05382847219842,122.18066775166191,76857100.0,,,,,,,,,,,,,,,
2021-05-21,122.37578582763672,124.88320615344152,122.16114162608145,124.70758884704348,79295400.0,,,,,,,,,,,,,,,
2021-05-24,124.0051040649414,124.82465387319236,122.87335402183648,122.9416492188892,63092900.0,,,,,,,,,,,,,,,
2021-05-25,123.80999755859376,125.1954263396154,123.24411872152992,124.70759385237946,72009500.0,,,,,,,,,,,,,,,
2021-05-26,123.76119232177734,124.28804417802036,123.34166255348856,123.86851440973156,56575900.0,,,,,,,,,,,,,,,
2021-05-27,122.22943115234376,124.5319657543007,122.03430412924318,123.36118872845968,94625600.0,,,,,,,,,,,,,,,
2021-05-28,121.57576751708984,122.73679359407036,121.5172308892152,122.5123907811842,71311100.0,,,,,,,,,,,,,,,
2021-06-01,121.2537612915039,122.29770632572136,120.92204391783557,122.03428414331518,67637100.0,,,,,,,,,,,,,,,
2021-06-02,122.01478576660156,122.19040306312084,121.02938463288338,121.253779962891,59278900.0,,,,,,,,,,,,,,,
2021-06-03,120.53179168701172,121.80989069682865,120.13177164794703,121.64403199734149,76229200.0,,,,,,,,,,,,,,,
2021-06-04,122.8245849609375,123.0880146444984,120.83425795335646,121.04890215666704,75169300.0,,,,,,,,,,,,,,,
2021-06-07,122.8343505859375,123.24412184649682,121.79040526387276,123.09777284097716,71057600.0,,,,,,,,,,,,,,,
2021-06-08,123.65387725830078,125.33200387040456,123.13678395621102,123.51728685562117,74403800.0,,,,,,,,,,,,,,,
2021-06-09,124.03438568115234,124.63929137968418,123.43923856713752,124.11243947005046,56877900.0,,,,,,,,,,,,,,,
2021-06-10,123.03923034667967,125.06858426923962,122.87337162202547,123.92706803553762,71186400.0,,,,,,,,,,,,,,,
2021-06-11,124.24901580810548,124.3368281715762,123.02945340825438,123.44898317154788,53522400.0,,,,,,,,,,,,,,,
2021-06-14,127.30281066894533,127.36134728829198,123.9758479654745,124.70758548178374,96906500.0,,,,,,,,,,,,,,,
2021-06-15,126.48323822021484,127.41986856929492,126.2393257726375,126.77593613475452,62746300.0,,,,,,,,,,,,,,,
2021-06-16,126.9808120727539,127.70279826458582,125.33197646072956,127.19545621391384,91815000.0,,,,,,,,,,,,,,,
2021-06-17,128.58091735839844,129.3224209462561,126.49302678487064,126.6393832290609,96721700.0,,,,,,,,,,,,,,,
2021-06-18,127.28328704833984,128.3077074896389,127.06864288856175,127.52719951288444,108953300.0,,,,,,,,,,,,,,,
2021-06-21,129.07847595214844,129.18579802932504,126.06372153950792,127.12717628510836,79663300.0,,,,,,,,,,,,,,,
2021-06-22,130.71759033203125,130.8151612925248,128.41505560442437,128.91264666080772,74783600.0,,,,,,,,,,,,,,,
2021-06-23,130.44436645507812,131.0492794134617,129.98580988913096,130.5126690823285,60214200.0,,,,,,,,,,,,,,,
2021-06-24,130.16146850585938,131.36151382298493,129.69314579268672,131.17613794325877,68711000.0,,,,,,,,,,,,,,,
2021-06-25,129.86875915527344,130.6297648884673,129.57606120699057,130.2102425761428,70783700.0,,,,,,,,,,,,,,,
2021-06-28,131.49807739257812,131.95663398446408,130.10290533994575,130.1614419453381,62111300.0,,,,,,,,,,,,,,,
2021-06-29,133.0103759765625,133.16648356087228,131.07859300425446,131.51763255879192,64556100.0,,,,,,,,,,,,,,,
2021-06-30,133.62503051757812,134.0640700400228,132.56156070353867,132.8542586809143,63261400.0,,,,,,,,,,,,,,,
2021-07-01,133.927490234375,133.98602685703514,132.45424909031448,133.27380646927242,52485800.0,,,,,,,,,,,,,,,
2021-07-02,136.55197143554688,136.5909908825578,134.39577852908815,134.54212006442484,78852600.0,,,,,,,,,,,,,,,
2021-07-06,138.5618438720703,139.66431846121773,136.65932898286508,136.65932898286508,108181800.0,,,,,,,,,,,,,,,
2021-07-07,141.04974365234375,141.36194394640904,139.18624836793538,140.04481034204434,104911600.0,,,,,,,,,,,,,,,
2021-07-08,139.75205993652344,140.55208490078437,137.24463321327704,138.1324779595245,105575500.0,,,,,,,,,,,,,,,
2021-07-09,141.57655334472656,142.1033977245654,139.17644811221814,139.27401905419063,99890800.0,,,,,,,,,,,,,,,
2021-07-12,140.9813995361328,142.7570893612842,140.49357462424308,142.64976728517905,76299700.0,,,,,,,,,,,,,,,
2021-07-13,142.0937042236328,143.86939485461454,140.13265254729112,140.52290669901112,100827100.0,,,,,,,,,,,,,,,
2021-07-14,145.51817321777344,145.92795926693185,144.083966707426,144.49375275658443,127050800.0,,,,,,,,,,,,,,,
2021-07-15,144.864501953125,146.34749406137323,143.50834910364574,145.6060054508676,106820300.0,,,,,,,,,,,,,,,
2021-07-16,142.8253631591797,146.11329798029973,142.32778715705027,144.8449652430404,93251400.0,,,,,,,,,,,,,,,
2021-07-19,138.98133850097656,140.56190161268026,138.2203326975493,140.24968646910114,121434600.0,,,,,,,,,,,,,,,
2021-07-20,142.59124755859375,143.518127007473,139.47893643261804,139.96676145319103,96350000.0,,,,,,,,,,,,,,,
2021-07-21,141.8594970703125,142.57173225410514,141.10825732605966,141.9863363279922,74993500.0,,,,,,,,,,,,,,,
2021-07-22,143.22540283203125,144.59130668501456,142.25950410848452,142.38634335455993,77338200.0,,,,,,,,,,,,,,,
2021-07-23,144.9425506591797,145.09865822031367,143.34248537564744,143.95714959308972,71447400.0,,,,,,,,,,,,,,,
2021-07-26,145.3621063232422,146.18164879238583,144.1035094217646,144.65963709619385,72434100.0,,,,,,,,,,,,,,,
2021-07-27,143.1961669921875,145.57675557902394,142.00587269876928,145.48893575716545,104818600.0,,,,,,,,,,,,,,,
2021-07-28,141.4497528076172,143.39130194121526,139.06916408946387,141.2838940706625,118931200.0,,,,,,,,,,,,,,,
2021-07-29,142.0937042236328,142.98154953912368,141.05951732305735,141.16683944786658,56699500.0,,,,,,,,,,,,,,,
2021-07-30,142.30831909179688,142.7668758133756,140.60093147786202,140.86436116386733,70440600.0,,,,,,,,,,,,,,,
2021-08-02,141.97659301757812,143.37176538004852,141.71316334757606,142.79613544954273,62880000.0,,,,,,,,,,,,,,,
2021-08-03,143.7718048095703,144.43523975697417,141.64487976916462,142.25954411950144,64786600.0,,,,,,,,,,,,,,,
2021-08-04,143.37176513671875,144.19130756729243,142.71808142038705,143.68398028393025,56368300.0,,,,,,,,,,,,,,,
2021-08-05,143.47906494140625,144.24007063545545,142.6107371680816,143.40101116673,46397700.0,,,,,,,,,,,,,,,
2021-08-06,142.7950897216797,143.74288917370467,142.296768169296,143.0002897194494,54126800.0,,,,,,,,,,,,,,,
2021-08-09,142.7462615966797,143.34230040071924,142.18931561461758,142.853744492803,48908700.0,,,,,,,,,,,,,,,
2021-08-10,142.26747131347656,144.32917762337323,141.97433481779836,143.08824157374232,69023100.0,,,,,,,,,,,,,,,
2021-08-11,142.5215301513672,143.36184690994065,142.19908146277635,142.7071837820295,48493500.0,,,,,,,,,,,,,,,
2021-08-12,145.48220825195312,145.638549753649,142.5020136051408,142.84400877640718,72282600.0,,,,,,,,,,,,,,,
2021-08-13,145.6874237060547,146.01963825004597,144.87641885368927,145.56039435883244,59375000.0,,,,,,,,,,,,,,,
2021-08-16,147.66111755371094,147.72952253031957,143.1175540441941,145.1401675406519,103296000.0,,,,,,,,,,,,,,,
2021-08-17,146.75244140625,148.20832862252,145.67761233221978,146.79151932278535,92229700.0,,,,,,,,,,,,,,,
2021-08-18,143.0100860595703,147.27029417589944,142.80488601790597,146.37135309386304,86326000.0,,,,,,,,,,,,,,,
2021-08-19,143.34230041503906,144.61254875765684,141.19265740190144,141.71052547158095,86960300.0,,,,,,,,,,,,,,,
2021-08-20,144.79820251464844,145.10110479232438,143.4204712746936,144.06536865206095,60549600.0,,,,,,,,,,,,,,,
2021-08-23,146.28343200683594,146.75244155345382,144.5050811570284,144.91546637401214,60131800.0,,,,,,,,,,,,,,,
2021-08-24,146.19544982910156,147.40707372149436,145.73620613091066,146.02934262692168,48606400.0,,,,,,,,,,,,,,,
2021-08-25,144.96429443359375,146.87943995254733,144.41711425947602,146.3811034364789,58991300.0,,,,,,,,,,,,,,,
2021-08-26,144.1630859375,145.7069245583274,144.13377377269998,144.95455911573424,48597200.0,,,,,,,,,,,,,,,
2021-08-27,145.1988067626953,145.34536755607812,143.4693148530707,144.10443150378484,55802400.0,,,,,,,,,,,,,,,
2021-08-30,149.6153564453125,149.97689795560206,145.20858752404757,145.58966053577964,90956700.0,,,,,,,,,,,,,,,
2021-08-31,148.35488891601562,149.30268857096087,147.82724018566304,149.1658935130071,86453100.0,,,,,,,,,,,,,,,
2021-09-01,149.0193328857422,151.4328005101191,148.85322564922996,149.33201585532615,80313700.0,,,,,,,,,,,,,,,
2021-09-02,150.1331787109375,151.17869519131676,148.911789313974,150.34814443756616,71115500.0,,,,,,,,,,,,,,,
2021-09-03,150.76832580566406,151.09077442910467,149.58601418638187,150.24067718201945,57808700.0,,,,,,,,,,,,,,,
2021-09-07,153.1036376953125,153.66058362239795,150.8562777588282,151.4230043452141,82278300.0,,,,,,,,,,,,,,,
2021-09-08,151.5597686767578,153.4455867564318,150.45562788655243,153.3869624506755,74420200.0,,,,,,,,,,,,,,,
2021-09-09,150.54364013671875,152.53694188624507,150.42637656824454,151.93113726904932,57305700.0,,,,,,,,,,,,,,,
2021-09-10,145.5603485107422,151.92134106933233,145.2965241455898,151.45233157203938,140893200.0,,,,,,,,,,,,,,,
2021-09-13,146.1271209716797,147.9543158705734,145.34542829139625,147.18240385363018,102404300.0,,,,,,,,,,,,,,,
2021-09-14,144.7297821044922,147.61227358439965,143.5474852815467,146.9087519585389,109296300.0,,,,,,,,,,,,,,,
2021-09-15,145.6189727783203,146.01959220126037,143.01985176888803,145.15972903193406,83281300.0,,,,,,,,,,,,,,,
2021-09-16,145.3844451904297,145.56033305169905,143.8503875542624,145.04246503666727,68034100.0,,,,,,,,,,,,,,,
2021-09-17,142.71694946289062,145.41378761722353,142.4238129361749,145.41378761722353,129868800.0,,,,,,,,,,,,,,,
2021-09-20,139.6683807373047,141.5248874282257,138.03660561412693,140.50869758793672,123478900.0,,,,,,,,,,,,,,,
2021-09-21,140.14712524414062,141.29035906389458,139.51200859720305,140.6356810985669,75834000.0,,,,,,,,,,,,,,,
2021-09-22,142.51181030273438,143.07852221844172,140.4110102748756,141.14384437329304,76404300.0,,,,,,,,,,,,,,,
2021-09-23,143.4693145751953,143.71359250338787,142.30654925147212,143.29342671393508,64838200.0,,,,,,,,,,,,,,,
2021-09-24,143.5572509765625,144.09466540021555,142.2283784515029,142.32609558654582,53477900.0,,,,,,,,,,,,,,,
2021-09-27,142.04269409179688,142.6192012084837,140.52818319327758,142.14041120568638,74150700.0,,,,,,,,,,,,,,,
2021-09-28,138.66195678710938,141.43695107445913,138.4469909709511,139.9712831876772,108972300.0,,,,,,,,,,,,,,,
2021-09-29,139.5608673095703,141.14378350850296,138.77917495976774,139.2091064976362,74602000.0,,,,,,,,,,,,,,,
2021-09-30,138.26129150390625,141.07537768507382,138.0463257589815,140.37185613978193,89056700.0,,,,,,,,,,,,,,,
2021-10-01,139.385009765625,139.64883415934378,135.92604012055145,138.65217582382982,94639600.0,,,,,,,,,,,,,,,
2021-10-04,135.955322265625,138.95506236159227,135.1052398519007,138.51535016597074,98322000.0,,,,,,,,,,,,,,,
2021-10-05,137.8802032470703,138.9843440041992,136.17025813588964,136.29728740091528,80861100.0,,,,,,,,,,,,,,,
2021-10-06,138.74986267089844,138.89642346342436,135.20294239635672,136.2777712400183,83221100.0,,,,,,,,,,,,,,,
2021-10-07,140.0103759765625,140.91909791585633,139.453429873389,139.7856443847238,61732700.0,,,,,,,,,,,,,,,
2021-10-08,139.62925720214844,140.87995899645605,139.2970427994977,140.73339820397527,58773200.0,,,,,,,,,,,,,,,
2021-10-11,139.54135131835938,141.49557516408288,138.56423939549762,139.0137174402137,64452200.0,,,,,,,,,,,,,,,
2021-10-12,138.27105712890625,139.97123668009883,137.81181348420836,139.95169027343047,73035900.0,,,,,,,,,,,,,,,
2021-10-13,137.68482971191406,138.163604960137,136.01396194464323,138.00727840066958,78762700.0,,,,,,,,,,,,,,,
2021-10-14,140.4696044921875,140.58686806127858,138.27110266842462,138.85737578524592,69907100.0,,,,,,,,,,,,,,,
2021-10-15,141.52487182617188,141.58349614959462,140.22531132197605,140.4793699361988,67940300.0,,,,,,,,,,,,,,,
2021-10-18,143.19570922851562,143.4790650348245,139.883301471598,140.16665727790686,85589200.0,,,,,,,,,,,,,,,
2021-10-19,145.35511779785156,145.75573713641117,143.19570948817753,143.6451724796259,76378900.0,,,,,,,,,,,,,,,
2021-10-20,145.84371948242188,146.32250968957678,144.72981249251907,145.29653919398467,58418800.0,,,,,,,,,,,,,,,
2021-10-21,146.0586700439453,146.21501151275598,144.48551942420278,145.40400691653662,61421000.0,,,,,,,,,,,,,,,
2021-10-22,145.28672790527344,146.7426146643611,145.23786934278849,146.26383951681254,58883400.0,,,,,,,,,,,,,,,
2021-10-25,145.23788452148438,145.95117189778182,144.24122639888336,145.27696242983234,50720600.0,,,,,,,,,,,,,,,
2021-10-26,145.90232849121094,147.38752756365847,145.5994113354405,145.91209424092938,60893400.0,,,,,,,,,,,,,,,
2021-10-27,145.4430694580078,146.30291753836434,145.09130868119013,145.94139101285785,56094900.0,,,,,,,,,,,,,,,
2021-10-28,149.0779571533203,149.66421529809745,146.2931825096138,146.39089965518153,100077900.0,,,,,,,,,,,,,,,
2021-10-29,146.371337890625,146.50813293434493,143.05892977311782,143.85038787675046,124953200.0,,,,,,,,,,,,,,,
2021-11-01,145.55056762695312,146.2736207539483,144.4171144592604,145.57987978563986,74588300.0,,,,,,,,,,,,,,,
2021-11-02,146.58628845214844,148.10081443519022,145.2476354029817,145.25741606122364,69122000.0,,,,,,,,,,,,,,,
2021-11-03,148.022705078125,148.49171467242118,146.3909297960655,146.94787589375233,54511500.0,,,,,,,,,,,,,,,
2021-11-04,147.5048065185547,148.94114717338857,147.19212358039826,148.11061107430388,60394600.0,,,,,,,,,,,,,,,
2021-11-05,148.03321838378906,148.93347149692437,146.83940090236302,148.63012712450208,65463900.0,,,,,,,,,,,,,,,
2021-11-08,147.21119689941406,148.3169491501547,146.9372075697029,148.16037955280584,55020900.0,,,,,,,,,,,,,,,
2021-11-09,147.57327270507812,148.17996131979666,146.8393694074151,146.97636409239348,56787900.0,,,,,,,,,,,,,,,
2021-11-10,144.74530029296875,146.9078752619248,144.67681041564214,146.80023551358215,65187100.0,,,,,,,,,,,,,,,
2021-11-11,144.69638061523438,146.22289720379737,144.51045604306032,145.76299817171153,41000000.0,,,,,,,,,,,,,,,
2021-11-12,146.77088928222656,147.1720784304826,144.31474986015922,145.24435777936998,63804000.0,,,,,,,,,,,,,,,
2021-11-15,146.7806854248047,148.620341460146,146.22291165316477,147.14273967083545,59222800.0,,,,,,,,,,,,,,,
2021-11-16,147.7592010498047,148.23868992516853,146.13482479249984,146.72195341819835,59256200.0,,,,,,,,,,,,,,,
2021-11-17,150.19580078125,151.67338776419928,147.74945581731131,147.75923582189736,88807000.0,,,,,,,,,,,,,,,
2021-11-18,154.48175048828125,155.26458367795593,149.76520627698585,150.41104477831504,137827700.0,,,,,,,,,,,,,,,
2021-11-19,157.10423278808594,157.56414670764048,153.17050700157068,154.26646446197273,117305600.0,,,,,,,,,,,,,,,
2021-11-22,157.5641632080078,162.14371301680876,157.54458827093626,158.20998681834752,117467900.0,,,,,,,,,,,,,,,
2021-11-23,157.94581604003906,158.3274452479913,155.6462458566702,157.66203166951047,96041900.0,,,,,,,,,,,,,,,
2021-11-24,158.4644012451172,158.660105803449,156.21376149604953,157.29993896578694,69463600.0,,,,,,,,,,,,,,,
2021-11-26,153.44451904296875,157.00639624695634,153.00417999336176,156.1452930856568,76959800.0,,,,,,,,,,,,,,,
2021-11-29,156.8009033203125,157.73051124922804,155.38201155737082,155.9495652762871,88748200.0,,,,,,,,,,,,,,,
2021-11-30,161.7523193359375,161.9675988704111,156.4877806077615,156.5562854284138,174048100.0,,,,,,,,,,,,,,,
2021-12-01,161.23367309570312,166.6449857878265,160.99881865483053,163.88550209995378,152052500.0,,,,,,,,,,,,,,,
2021-12-02,160.245361328125,160.6759203936693,154.41328379839803,155.3331118145511,136739200.0,,,,,,,,,,,,,,,
2021-12-03,158.3665313720703,161.41957902573364,156.29203631008477,160.4997512359703,118023100.0,,,,,,,,,,,,,,,
2021-12-06,161.77186584472656,164.27692006238982,160.75417823673777,160.76395823883925,107497000.0,,,,,,,,,,,,,,,
2021-12-07,167.506103515625,167.89752761795768,164.72705957992557,165.4511829707639,120405400.0,,,,,,,,,,,,,,,
2021-12-08,171.32240295410156,172.18352101189242,167.03640253357247,168.43571937748263,116998900.0,,,,,,,,,,,,,,,
2021-12-09,170.81356811523438,172.95656843850207,170.18730447599066,171.15606234208923,108923700.0,,,,,,,,,,,,,,,
2021-12-10,175.59861755371094,175.77476213435622,170.94078267392138,171.4496265464153,115402700.0,,,,,,,,,,,,,,,
2021-12-13,171.96823120117188,178.22108688608395,171.76273170193855,177.23275419312068,153237000.0,,,,,,,,,,,,,,,
2021-12-14,170.58851623535156,173.92533410356964,168.51402063695377,171.48876932392616,139380400.0,,,,,,,,,,,,,,,
2021-12-15,175.45184326171875,175.6475478496639,168.6118581679586,171.35176719309973,131063300.0,,,,,,,,,,,,,,,
2021-12-16,168.5629425048828,177.25236431050817,167.08535557027756,175.4322831196354,150185800.0,,,,,,,,,,,,,,,
2021-12-17,167.46693420410156,169.74692873915046,166.04805758616632,166.28289706807027,195432700.0,,,,,,,,,,,,,,,
2021-12-20,166.10679626464844,166.91898445345717,163.8659512088188,164.66834446331637,107499100.0,,,,,,,,,,,,,,,
2021-12-21,169.27725219726562,169.48273676499653,165.49030091905374,167.87793543850688,91185900.0,,,,,,,,,,,,,,,
2021-12-22,171.87039184570312,172.08567137280502,168.45528928513505,169.32618739702795,92135300.0,,,,,,,,,,,,,,,
2021-12-23,172.4966278076172,173.0544014741378,171.50831008728667,172.07586375572322,68356600.0,,,,,,,,,,,,,,,
2021-12-27,176.459716796875,176.54778161213417,173.26968906108772,173.2892490658333,74919600.0,,,,,,,,,,,,,,,
2021-12-28,175.4420623779297,177.43828815623348,174.6983789116561,176.2934005471934,79144300.0,,,,,,,,,,,,,,,
2021-12-29,175.53012084960938,176.75329313798875,174.3167285642682,175.48119097181373,62348900.0,,,,,,,,,,,,,,,
2021-12-30,174.37545776367188,176.69460283265636,174.2678179931173,175.61820512711046,59773000.0,,,,,,,,,,,,,,,
2021-12-31,173.7589874267578,175.38334904304386,173.45562812611084,174.2678163999058,64062300.0,,,,,,,,,,,,,,,
2022-01-03,178.1036376953125,178.95497562988,173.895937617917,174.0133573614573,104487900.0,,,,,,,,,,,,,,,
2022-01-04,175.84324645996094,179.01371442958575,175.27569272230144,178.71037008888723,99310400.0,,,,,,,,,,,,,,,
2022-01-05,171.165771484375,176.3030931725735,170.8917821888415,175.7551145815065,94537600.0,,,,,,,,,,,,,,,
2022-01-06,168.3085174560547,171.53769548653034,167.95624321761545,168.99349099432447,96904000.0,,,,,,,,,,,,,,,
2022-01-07,168.474853515625,170.40257420223315,167.35932100577125,169.17940193566972,86709100.0,,,,,,,,,,,,,,,
2022-01-10,168.4944305419922,168.79777487885306,164.56070430318124,165.4511773077938,106765600.0,,,,,,,,,,,,,,,
2022-01-11,171.32240295410156,171.4202477771128,167.15383722500894,168.62164395189677,76138300.0,,,,,,,,,,,,,,,
2022-01-12,171.7627410888672,173.37732250749067,171.0679876032979,172.3400748149154,74805200.0,,,,,,,,,,,,,,,
2022-01-13,168.4944305419922,172.82934594142114,168.10300645305696,172.00737775161056,84505800.0,,,,,,,,,,,,,,,
2022-01-14,169.35552978515625,170.0502832024392,167.4180143556812,167.66264878484014,80440800.0,,,,,,,,,,,,,,,
2022-01-18,166.1557159423828,168.83689986985863,165.77408681023036,167.82900716362772,90956700.0,,,,,,,,,,,,,,,
2022-01-19,162.66233825683594,167.40825267441707,162.37856885772902,166.35143003303915,94815000.0,,,,,,,,,,,,,,,
2022-01-20,160.97926330566406,166.0383024176851,160.65634400941124,163.39625309442948,91420500.0,,,,,,,,,,,,,,,
2022-01-21,158.92431640625,162.76018251834915,158.81667665863466,160.8911718694381,122848900.0,,,,,,,,,,,,,,,
2022-01-24,158.1512908935547,158.8167044309835,151.3798104055977,156.58563920962845,162294600.0,,,,,,,,,,,,,,,
2022-01-25,156.3507537841797,159.26679197315192,153.64999508546384,155.5679206315474,115798400.0,,,,,,,,,,,,,,,
2022-01-26,156.26272583007812,160.8618511560036,154.43286466260852,159.99095298775666,108275300.0,,,,,,,,,,,,,,,
2022-01-27,155.80279541015625,160.32363543352318,154.88296745549837,158.96346843901696,121954600.0,,,,,,,,,,,,,,,
2022-01-28,166.67434692382812,166.69392186078738,159.30595841103175,162.15350702087153,179935700.0,,,,,,,,,,,,,,,
2022-01-31,171.02883911132812,171.24411862639118,165.87194061535732,166.5079991576081,115541600.0,,,,,,,,,,,,,,,
2022-02-01,170.8625030517578,171.08756258764447,168.61186289898112,170.27537434014533,86213900.0,,,,,,,,,,,,,,,
2022-02-02,172.06610107421875,172.10525095182186,169.6099763158955,170.99949834473722,84914300.0,,,,,,,,,,,,,,,
2022-02-03,169.18917846679688,172.45750604377838,168.4259201826274,170.73526997176376,89418100.0,,,,,,,,,,,,,,,
2022-02-04,168.90504455566406,170.5804825811808,167.22960653014735,168.20939100229583,82465400.0,,,,,,,,,,,,,,,
2022-02-07,168.18980407714844,170.4335039135459,167.4941505320522,169.36554243968104,77251200.0,,,,,,,,,,,,,,,
2022-02-08,171.29571533203125,171.80520742660315,167.96443926792173,168.25837758980256,74829200.0,,,,,,,,,,,,,,,
2022-02-09,172.71640014648438,173.07891560572492,171.36429283315064,172.4910539110368,71285000.0,,,,,,,,,,,,,,,
2022-02-10,168.64051818847656,171.93259499604034,168.08204874852603,170.61968723864308,90865900.0,,,,,,,,,,,,,,,
2022-02-11,165.23086547851562,169.58111126110254,164.64298876993468,168.8462728505392,98670700.0,,,,,,,,,,,,,,,
2022-02-14,165.46603393554688,166.15188018995096,163.19292640629095,163.98654956855333,86185500.0,,,,,,,,,,,,,,,
2022-02-15,169.2969512939453,169.45372039657573,166.80830532856646,167.51375134007887,62527400.0,,,,,,,,,,,,,,,
2022-02-16,169.0618133544922,169.83583650795123,166.612352178537,168.37596721528965,61177400.0,,,,,,,,,,,,,,,
2022-02-17,165.46603393554688,168.4347801834387,165.06431864713625,167.57256492057238,69589300.0,,,,,,,,,,,,,,,
2022-02-18,163.91793823242188,167.0924302194162,162.83037691642315,166.38699918366942,82772700.0,,,,,,,,,,,,,,,
2022-02-22,160.99819946289062,163.32028399061443,158.87205389872815,161.64484588368407,91162800.0,,,,,,,,,,,,,,,
2022-02-23,156.83409118652344,162.79116699621056,156.52055301215938,162.1934979328617,90009200.0,,,,,,,,,,,,,,,
2022-02-24,159.4501190185547,159.55789590082478,148.92722915533128,149.49550590272597,141147500.0,,,,,,,,,,,,,,,
2022-02-25,161.51748657226562,161.78201763247694,157.61793335879435,160.52789462372328,91974200.0,,,,,,,,,,,,,,,
2022-02-28,161.78199768066406,162.07593599497437,159.14637521454355,159.76364417956287,95056600.0,,,,,,,,,,,,,,,
2022-03-01,159.90081787109375,163.23209394256236,158.69568719407653,161.37049453342058,83474400.0,,,,,,,,,,,,,,,
2022-03-02,163.1929168701172,163.97674752234462,159.65589394659725,161.06678613054137,79724800.0,,,,,,,,,,,,,,,
2022-03-03,162.8695831298828,165.49541352335572,162.203336805619,165.06430592514928,76678400.0,,,,,,,,,,,,,,,
2022-03-04,159.87142944335938,162.2033212553789,158.82306783943153,161.16475211398938,83737200.0,,,,,,,,,,,,,,,
2022-03-07,156.0796661376953,161.68403439715155,155.82491261205914,160.05758861933697,96418800.0,,,,,,,,,,,,,,,
2022-03-08,154.25729370117188,159.58732445146612,152.65044751471495,155.6094012673305,131148300.0,,,,,,,,,,,,,,,
2022-03-09,159.65586853027344,160.1065759424101,156.187438255504,158.21558423430952,91454900.0,,,,,,,,,,,,,,,
2022-03-10,155.31546020507812,157.1476526374479,152.82679892923494,156.96149116992498,105342000.0,,,,,,,,,,,,,,,
2022-03-11,151.60202026367188,156.0600418102309,151.37667406119195,155.71711132575638,96970100.0,,,,,,,,,,,,,,,
2022-03-14,147.57513427734375,151.0043799732345,147.06565710961667,148.38835719355112,108732100.0,,,,,,,,,,,,,,,
2022-03-15,151.9547882080078,152.4250955746164,147.34001116939965,147.8494883910694,92964300.0,,,,,,,,,,,,,,,
2022-03-16,156.3638153076172,156.76553056777536,151.3375306500096,153.8751690879972,102300200.0,,,,,,,,,,,,,,,
2022-03-17,157.37298583984375,157.7453087439647,154.44343967423552,155.40362432397723,75615400.0,,,,,,,,,,,,,,,
2022-03-18,160.6650848388672,161.15497717032517,156.53039236533564,157.2652308625226,123511700.0,,,,,,,,,,,,,,,
2022-03-21,162.03677368164062,162.9871658912754,159.71467413165345,160.2045664067095,95811400.0,,,,,,,,,,,,,,,
2022-03-22,165.40724182128906,165.99510360566663,161.57628048257416,162.1641422669517,81532000.0,,,,,,,,,,,,,,,
2022-03-23,166.76910400390625,169.14997284411103,164.26084346132168,164.59398150898377,98062700.0,,,,,,,,,,,,,,,
2022-03-24,170.55108642578125,170.61966356312797,166.76911784992285,167.60192566241446,90131400.0,,,,,,,,,,,,,,,
2022-03-25,171.18792724609375,171.73660410420254,169.2577508307534,170.36491195893058,80546200.0,,,,,,,,,,,,,,,
2022-03-28,172.0501708984375,172.1775327221898,168.52294058057433,168.6895021580393,90371900.0,,,,,,,,,,,,,,,
2022-03-29,175.3422393798828,175.39121664425457,172.7751938429614,173.11812439551318,100589400.0,,,,,,,,,,,,,,,
2022-03-30,174.1763153076172,175.97911541230812,173.12793859273037,174.94054611178674,92633200.0,,,,,,,,,,,,,,,
2022-03-31,171.08018493652344,174.43104638306448,170.87442359799343,174.2448849220912,103049300.0,,,,,,,,,,,,,,,
2022-04-01,170.78623962402344,171.34472398421482,168.46415506398156,170.5119011506989,78751300.0,,,,,,,,,,,,,,,
2022-04-04,174.83279418945312,174.8817864173012,170.91365516687074,171.0410319692099,76468400.0,,,,,,,,,,,,,,,
2022-04-05,171.5210723876953,174.6955795536943,170.8940109049415,173.9117489626708,73401800.0,,,,,,,,,,,,,,,
2022-04-06,168.35638427734375,170.11999949152553,166.69075350018778,168.87566890286308,89058800.0,,,,,,,,,,,,,,,
2022-04-07,168.66009521484375,169.85543344405016,166.41639539463952,167.69991063657648,77594700.0,,,,,,,,,,,,,,,
2022-04-08,166.65158081054688,168.30741939304966,165.77957300057145,168.30741939304966,76575500.0,,,,,,,,,,,,,,,
2022-04-11,162.39930725097656,165.61299973690032,162.1543610861938,165.29947642014864,72246700.0,,,,,,,,,,,,,,,
2022-04-12,164.27066040039062,166.435975608999,163.27127610008927,164.6233833916544,79265200.0,,,,,,,,,,,,,,,
2022-04-13,166.95526123046875,167.5823226689275,163.39865390857594,164.00611547230426,70618900.0,,,,,,,,,,,,,,,
2022-04-14,161.94859313964844,167.8077159270697,161.70364698483297,167.17084695435335,75329400.0,,,,,,,,,,,,,,,
2022-04-18,161.7330322265625,163.23210129361956,160.2633554980497,160.60627109784113,69023900.0,,,,,,,,,,,,,,,
2022-04-19,164.01593017578125,164.42745284930518,160.59649161266293,161.68405307765963,67723800.0,,,,,,,,,,,,,,,
2022-04-20,163.84934997558594,165.46600329408383,162.74220370933205,165.34841899344127,67929800.0,,,,,,,,,,,,,,,
2022-04-21,163.05572509765625,168.062424195949,162.5560404141873,165.4953937411617,87227800.0,,,,,,,,,,,,,,,
2022-04-22,158.51934814453125,164.4764404677371,158.2352171809879,163.09495550660975,84882400.0,,,,,,,,,,,,,,,
2022-04-25,159.5872802734375,159.8714111577949,155.25663522524357,157.8628502431654,96046400.0,,,,,,,,,,,,,,,
2022-04-26,153.63023376464844,159.0582340646371,153.55184919980582,158.97005703556184,95623200.0,,,,,,,,,,,,,,,
2022-04-27,153.40489196777344,156.55978483050606,152.2389458259476,152.75823050166923,88063200.0,,,,,,,,,,,,,,,
2022-04-28,160.33193969726562,161.19415486672693,155.717147988404,156.030686213781,130216800.0,,,,,,,,,,,,,,,
2022-04-29,154.46302795410156,162.84018882642286,154.07112011517893,158.568327600733,131747600.0,,,,,,,,,,,,,,,
2022-05-02,154.7667999267578,155.03133103517357,150.17160722826696,153.54206903484993,123055300.0,,,,,,,,,,,,,,,
2022-05-03,156.2560577392578,157.46120366883235,153.1599494897431,154.9529423111533,88966500.0,,,,,,,,,,,,,,,
2022-05-04,162.66383361816406,163.1145261346623,156.04048055543203,156.44219580516028,108256500.0,,,,,,,,,,,,,,,
2022-05-05,153.60081481933594,160.76303686900772,151.8175999162394,160.5376906280676,130525300.0,,,,,,,,,,,,,,,
2022-05-06,154.32693481445312,156.44638259515347,151.28513392702433,153.0807759379822,116124600.0,,,,,,,,,,,,,,,
2022-05-09,149.20492553710938,152.90414437032263,148.6456356183626,152.02103374851995,131577900.0,,,,,,,,,,,,,,,
2022-05-10,151.60891723632812,153.7970575708187,150.05858149525076,152.599963074193,115366700.0,,,,,,,,,,,,,,,
2022-05-11,143.7493133544922,152.53126499841446,143.0722664113859,150.61788122808568,142689800.0,,,,,,,,,,,,,,,
2022-05-12,139.88330078125,143.45495579096956,136.19390367446763,140.08936442340104,182602000.0,,,,,,,,,,,,,,,
2022-05-13,144.34786987304688,145.3192870677171,140.42297369266063,141.87518108716213,113990900.0,,,,,,,,,,,,,,,
2022-05-16,142.8073272705078,144.75016147394118,141.472862097978,142.817149092285,86643800.0,,,,,,,,,,,,,,,
2022-05-17,146.4378662109375,146.95791370140876,143.92592034755194,146.06499632256595,78336300.0,,,,,,,,,,,,,,,
2022-05-18,138.17601013183594,144.5932103275883,137.27327061969143,144.09279133540988,109742900.0,,,,,,,,,,,,,,,
2022-05-19,134.7711181640625,139.0001910759216,134.03520018713232,137.25361360845713,136095600.0,,,,,,,,,,,,,,,
2022-05-20,135.00660705566406,138.05821430560903,130.12011571020568,136.47844306099526,137426100.0,,,,,,,,,,,,,,,
2022-05-23,140.42298889160156,140.5701665253798,135.06549843768855,135.20286921997902,117726300.0,,,,,,,,,,,,,,,
2022-05-24,137.72462463378906,139.30439614103204,134.7515166065387,138.16617251433556,104132700.0,,,,,,,,,,,,,,,
2022-05-25,137.88160705566406,139.12775081330722,135.7425308510417,135.83083742178036,92482700.0,,,,,,,,,,,,,,,
2022-05-26,141.08041381835938,141.62989697300142,134.56508575048807,134.8103917996885,90601500.0,,,,,,,,,,,,,,,
2022-05-27,146.8303985595703,146.86964094239937,142.5326314835253,142.66019542923442,90978500.0,,,,,,,,,,,,,,,
2022-05-31,146.04539489746094,147.8312299883083,144.08294665114528,146.27108722583742,103718400.0,,,,,,,,,,,,,,,
2022-06-01,145.91783142089844,148.89093902040028,144.90715690011942,147.08547543452738,74286600.0,,,,,,,,,,,,,,,
2022-06-02,148.37091064453125,148.42978169809749,144.10257959347064,145.05436821890447,72348100.0,,,,,,,,,,,,,,,
2022-06-03,142.6503143310547,145.19168026383338,141.74759027288843,144.14176365900607,88570300.0,,,,,,,,,,,,,,,
2022-06-06,143.3960723876953,145.78045445382116,142.17934925780943,144.2693611343495,71598400.0,,,,,,,,,,,,,,,
2022-06-07,145.91783142089844,146.20237980048756,141.39438806442126,141.63969407079793,67808200.0,,,,,,,,,,,,,,,
2022-06-08,145.18191528320312,147.05604181726716,144.6913032640919,145.79026939576806,53950200.0,,,,,,,,,,,,,,,
2022-06-09,139.9617919921875,145.17208908244996,139.85385675234653,144.3184289860741,69473000.0,,,,,,,,,,,,,,,
2022-06-10,134.55526733398438,138.11710068108783,134.48657445941151,137.6461172993445,91437900.0,,,,,,,,,,,,,,,
2022-06-13,129.4038543701172,132.6615109809625,128.97211331960065,130.37525676148604,122207100.0,,,,,,,,,,,,,,,
2022-06-14,130.26731872558594,131.37610685696256,129.01135295389076,130.63038185886012,84784300.0,,,,,,,,,,,,,,,
2022-06-15,132.8871612548828,134.76130271815364,129.67856950370555,131.76856647591572,91533000.0,,,,,,,,,,,,,,,
2022-06-16,127.61800384521484,129.90425779121338,126.61715107258264,129.60008071626916,108123900.0,,,,,,,,,,,,,,,
2022-06-17,129.08982849121094,130.58129318016776,127.37268647196602,127.627814297091,134520300.0,,,,,,,,,,,,,,,
2022-06-21,133.3188934326172,134.48655232988557,130.81678433537272,130.91489774710016,81000500.0,,,,,,,,,,,,,,,
2022-06-22,132.8086700439453,135.17340842764006,131.3957051346055,132.25917204519908,73409200.0,,,,,,,,,,,,,,,
2022-06-23,135.67384338378906,135.98782727058793,133.08341268546732,134.2510716127321,72433800.0,,,,,,,,,,,,,,,
2022-06-24,139.00021362304688,139.24551965514786,137.1457006192552,137.27324957478913,89116800.0,,,,,,,,,,,,,,,
2022-06-27,139.00021362304688,140.79585557470105,138.32316657888146,140.02068012877845,70207900.0,,,,,,,,,,,,,,,
2022-06-28,134.85946655273438,140.7271835163408,134.74172443104214,139.4614107912665,67083400.0,,,,,,,,,,,,,,,
2022-06-29,136.6157989501953,138.0287637570601,134.10386817011943,134.87904343302176,66242400.0,,,,,,,,,,,,,,,
2022-06-30,134.15296936035156,135.77198324759192,131.25836106107414,134.67301697127326,98964500.0,,,,,,,,,,,,,,,
2022-07-01,136.32144165039062,136.42937688810812,133.11284998534265,133.48570492012948,71051600.0,,,,,,,,,,,,,,,
2022-07-05,138.90208435058594,138.951148551157,134.35901187342057,135.18325151505502,73353800.0,,,,,,,,,,,,,,,
2022-07-06,140.23654174804688,141.41400763305737,138.43109305954474,138.69602774966668,74064300.0,,,,,,,,,,,,,,,
2022-07-07,143.60215759277344,143.79839942455877,140.58979232323185,140.5995991745189,66253700.0,,,,,,,,,,,,,,,
2022-07-08,144.2791748046875,144.77960864232728,142.27748437099987,142.53259722881296,64547800.0,,,,,,,,,,,,,,,
2022-07-11,142.1499481201172,143.88671918371236,141.08041731246487,142.9349304914586,63141600.0,,,,,,,,,,,,,,,
2022-07-12,143.121337890625,145.66270453987497,142.32654882035914,143.0232094985196,77588800.0,,,,,,,,,,,,,,,
2022-07-13,142.75833129882812,143.70029825885086,139.45159516871811,140.30527050583888,71185600.0,,,,,,,,,,,,,,,
2022-07-14,145.68234252929688,146.1533259024835,140.56035155748177,141.3747693527097,78140700.0,,,,,,,,,,,,,,,
2022-07-15,147.3504180908203,148.02746510063992,145.4174054581408,146.96774129904725,76259900.0,,,,,,,,,,,,,,,
2022-07-18,144.30862426757812,148.7241323716371,143.9455611978647,147.90971463576915,81420900.0,,,,,,,,,,,,,,,
2022-07-19,148.16485595703125,148.3905333334654,144.1516525247905,145.14268358851726,82982400.0,,,,,,,,,,,,,,,
2022-07-20,150.16650390625,150.8337439653371,147.54663780551792,148.28255575422767,64823400.0,,,,,,,,,,,,,,,
2022-07-21,152.43316650390625,152.64903699884627,149.08718880462706,151.5991200487024,65086600.0,,,,,,,,,,,,,,,
2022-07-22,151.19680786132812,153.3456908921451,150.52958270466215,152.47240210045547,66675400.0,,,,,,,,,,,,,,,
2022-07-25,150.07823181152344,152.1289867062053,149.42081342303993,151.11832702232695,53623900.0,,,,,,,,,,,,,,,
2022-07-26,148.7535858154297,150.21560020375307,147.96860350790257,149.40118236976926,55138700.0,,,,,,,,,,,,,,,
2022-07-27,153.84609985351562,154.37596918243503,149.30304304810883,149.7151553193297,78620700.0,,,,,,,,,,,,,,,
2022-07-28,154.39559936523438,154.68014773185416,151.5107984661639,154.0325363111874,81378700.0,,,,,,,,,,,,,,,
2022-07-29,159.45870971679688,160.5576907977121,156.5052308137223,158.21256599444197,101786900.0,,,,,,,,,,,,,,,
2022-08-01,158.47747802734375,160.51842568191043,157.8691239569894,157.9868660422736,67829400.0,,,,,,,,,,,,,,,
2022-08-02,157.00567626953125,159.36062329417274,156.6328212608233,157.0939978250213,59907000.0,,,,,,,,,,,,,,,
2022-08-03,163.0107421875,163.4620968271696,157.73175246172306,157.82005902527283,82507500.0,,,,,,,,,,,,,,,
2022-08-04,162.69677734375,164.05087149041262,161.3426831970874,162.8930191834261,55474100.0,,,,,,,,,,,,,,,
2022-08-05,162.47079467773438,162.96208826310027,160.16170882927858,160.368058732092,56697000.0,,,,,,,,,,,,,,,
2022-08-08,161.99911499023438,164.88792318870864,161.34078349494277,163.47299550022427,60276900.0,,,,,,,,,,,,,,,
2022-08-09,162.04824829101562,162.93258559805665,160.40732977942574,161.16392597706255,63135500.0,,,,,,,,,,,,,,,
2022-08-10,166.29302978515625,166.3912794896035,163.99376480339055,164.76018146628317,70170500.0,,,,,,,,,,,,,,,
2022-08-11,165.5561065673828,168.01257432763373,165.26132743753485,167.09876052441393,57149200.0,,,,,,,,,,,,,,,
2022-08-12,169.10321044921875,169.17198373539173,166.45021384103478,166.8629135304174,68039400.0,,,,,,,,,,,,,,,
2022-08-15,170.1742401123047,170.370754508125,168.36628368181792,168.53332166791955,54091700.0,,,,,,,,,,,,,,,
2022-08-16,170.01702880859375,170.6851957704937,168.6708894053126,169.77138205657383,56377100.0,,,,,,,,,,,,,,,
2022-08-17,171.51055908203125,173.08268924248625,169.56504107416526,169.76155547008622,79542000.0,,,,,,,,,,,,,,,
2022-08-18,171.11753845214844,171.8544787813878,170.1054749327735,170.72450960712317,62290100.0,,,,,,,,,,,,,,,
2022-08-19,168.53334045410156,170.71468497495962,168.32699056998192,170.01704154998163,70346300.0,,,,,,,,,,,,,,,
2022-08-22,164.65211486816406,166.90223255698254,164.22959465128477,166.73519456201245,69026800.0,,,,,,,,,,,,,,,
2022-08-23,164.3180389404297,165.77227866474297,163.74813661491604,164.17065687050786,54147100.0,,,,,,,,,,,,,,,
2022-08-24,164.61280822753906,165.1827105189657,163.35509799580043,164.40647334198977,53841500.0,,,,,,,,,,,,,,,
2022-08-25,167.0692596435547,167.1773448089003,165.4185207470986,165.84102594330326,51218200.0,,,,,,,,,,,,,,,
2022-08-26,160.7708740234375,168.07150295198872,160.71192120457525,167.59986540800332,78961000.0,,,,,,,,,,,,,,,
2022-08-29,158.5699005126953,160.06342201093398,157.03706713692557,158.34389469961232,73314000.0,,,,,,,,,,,,,,,
2022-08-30,156.1429443359375,159.72938182049697,154.97366310325177,159.30687649740773,77906200.0,,,,,,,,,,,,,,,
2022-08-31,154.48233032226562,157.78382326299328,154.403721562595,157.51852057324083,87991100.0,,,,,,,,,,,,,,,
2022-09-01,155.20945739746094,155.66143904544523,151.97673759886456,153.91243529158203,74229900.0,,,,,,,,,,,,,,,
2022-09-02,153.09689331054688,157.56766760419046,152.2715237467297,156.9682888748041,76957800.0,,,,,,,,,,,,,,,
2022-09-06,151.8391876220703,154.3546082697241,151.01381803326322,153.74540904842692,73714800.0,,,,,,,,,,,,,,,
2022-09-07,153.24427795410156,153.9419063408882,150.93519246411637,152.1241293530868,87449600.0,,,,,,,,,,,,,,,
2022-09-08,151.77041625976562,153.63732582875608,150.0213973567108,151.94727474830393,84923800.0,,,,,,,,,,,,,,,
2022-09-09,154.62973022460938,155.07190642293236,152.05535676886382,152.76282069447305,68028800.0,,,,,,,,,,,,,,,
2022-09-12,160.58419799804688,161.39974706706778,156.52612358553827,156.81106723949068,104956000.0,,,,,,,,,,,,,,,
2022-09-13,151.1612091064453,157.74454025448654,150.69939192954584,157.11568505512628,122656600.0,,,,,,,,,,,,,,,
2022-09-14,152.60560607910156,154.36444545311878,150.93521094229624,152.09465656902455,87965400.0,,,,,,,,,,,,,,,
2022-09-15,149.716796875,152.53683214610933,148.7440452074938,151.95709434204855,90481100.0,,,,,,,,,,,,,,,
2022-09-16,148.0758514404297,148.71454195841454,145.7864220311532,148.57698038414023,162278800.0,,,,,,,,,,,,,,,
2022-09-19,151.7900390625,151.8686478234834,146.50373107588743,146.71006595451675,81474200.0,,,,,,,,,,,,,,,
2022-09-20,154.16790771484375,155.3273682721185,150.41443284470995,150.7288529156578,107689800.0,,,,,,,,,,,,,,,
2022-09-21,151.04327392578125,155.9758648340084,150.92536828428254,154.600234046477,101696800.0,,,,,,,,,,,,,,,
2022-09-22,150.08035278320312,151.7802241971407,148.28221666613402,149.72662084225365,86652500.0,,,,,,,,,,,,,,,
2022-09-23,147.8105926513672,148.83249178632698,145.97315929376293,148.5573685560897,96029900.0,,,,,,,,,,,,,,,
2022-09-26,148.1446533203125,151.09241446222893,147.03432515906897,147.05398109807987,93339400.0,,,,,,,,,,,,,,,
2022-09-27,149.11740112304688,152.02586530633175,147.33892101138343,150.08034720002962,84442700.0,,,,,,,,,,,,,,,
2022-09-28,147.23081970214844,148.01689223253555,142.317885128587,145.06913148839868,146691400.0,,,,,,,,,,,,,,,
2022-09-29,139.99899291992188,144.16516723784525,138.2303333041484,143.55596808972413,128138200.0,,,,,,,,,,,,,,,
2022-09-30,135.79351806640625,140.60820327947016,135.59700366840286,138.8198877735382,124925300.0,,,,,,,,,,,,,,,
2022-10-03,139.9695281982422,140.57874239032802,135.29241903979042,135.8033685254817,114311700.0,,,,,,,,,,,,,,,
2022-10-04,143.5559844970703,143.67389015390162,141.74801279814906,142.50460908002574,87830100.0,,,,,,,,,,,,,,,
2022-10-05,143.85072326660156,144.8136692711772,140.51975411083046,141.56130887045842,79471000.0,,,,,,,,,,,,,,,
2022-10-06,142.8976287841797,144.97088807825529,142.69129389793306,143.27101666436323,68402200.0,,,,,,,,,,,,,,,
2022-10-07,137.65061950683594,140.60821619318722,137.02176437961742,140.05795483791823,85925600.0,,,,,,,,,,,,,,,
2022-10-10,137.974853515625,139.4192574875598,136.15707670936632,137.974853515625,74899000.0,,,,,,,,,,,,,,,
2022-10-11,136.5599365234375,138.88867789955424,135.8131758038938,137.4639147607023,77033700.0,,,,,,,,,,,,,,,
2022-10-12,135.9311065673828,137.91593686444165,135.7542480720767,136.70735883391194,70433700.0,,,,,,,,,,,,,,,
2022-10-13,140.50013732910156,141.08968060374897,132.03022618093473,132.6394403890868,113224000.0,,,,,,,,,,,,,,,
2022-10-14,135.97042846679688,142.00351358269472,135.78373449038298,141.79716366321318,88598000.0,,,,,,,,,,,,,,,
2022-10-17,139.93023681640625,140.41169491464842,137.82750095740744,138.61357366022068,85250900.0,,,,,,,,,,,,,,,
2022-10-18,141.24688720703125,144.1455159806622,138.1615644966325,142.95659405664904,99136600.0,,,,,,,,,,,,,,,
2022-10-19,141.35498046875,142.42599680685538,139.03607431855443,139.22276826600364,61758300.0,,,,,,,,,,,,,,,
2022-10-20,140.8931427001953,143.34961008460004,140.16602295690015,140.52959032509128,64522000.0,,,,,,,,,,,,,,,
2022-10-21,144.7056121826172,145.2755145225026,140.16604940438248,140.38221977444553,86548600.0,,,,,,,,,,,,,,,
2022-10-24,146.84764099121094,147.61405773965313,143.45771845108737,144.62699951406933,75981900.0,,,,,,,,,,,,,,,
2022-10-25,149.6873016357422,149.83469868322362,146.75919654145045,147.47648086131204,74732300.0,,,,,,,,,,,,,,,
2022-10-26,146.74935913085938,149.3433879403945,145.46215770101213,148.3313246354716,88194300.0,,,,,,,,,,,,,,,
2022-10-27,142.2786407470703,146.45463667546065,141.6203090704716,145.49170534180345,109180200.0,,,,,,,,,,,,,,,
2022-10-28,153.02809143066406,154.75743900232175,145.24600486857483,145.6193777007102,164762400.0,,,,,,,,,,,,,,,
2022-10-31,150.66990661621094,151.55424402730603,149.27463469355658,150.49304812984573,97943200.0,,,,,,,,,,,,,,,
2022-11-01,148.02674865722656,152.7431699919974,146.5332269791364,152.37961754304112,80379300.0,,,,,,,,,,,,,,,
2022-11-02,142.50460815429688,149.5202795588878,142.47513174028057,146.35634784769096,93604600.0,,,,,,,,,,,,,,,
2022-11-03,136.46170043945312,140.31344004952294,136.33395931941936,139.58632020230726,97918500.0,,,,,,,,,,,,,,,
2022-11-04,136.19595336914062,140.41823769444375,132.25908536615194,139.84739003185524,140814800.0,,,,,,,,,,,,,,,
2022-11-07,136.7274169921875,136.95378268582516,133.52871190234,134.94598671425354,83374600.0,,,,,,,,,,,,,,,
2022-11-08,137.2982635498047,139.1977950411925,135.31999290082103,138.1939045722533,89908500.0,,,,,,,,,,,,,,,
2022-11-09,132.74136352539062,136.36329048249237,132.4657839221066,136.31407662091405,74917800.0,,,,,,,,,,,,,,,
2022-11-10,144.55197143554688,144.55197143554688,137.29829567413785,139.01083896213112,118854000.0,,,,,,,,,,,,,,,
2022-11-11,147.33729553222656,147.64240042758996,142.09141663457416,143.51854343102002,93979700.0,,,,,,,,,,,,,,,
2022-11-14,145.93971252441406,147.90814675324938,145.10312196997452,146.61882473623606,73374100.0,,,,,,,,,,,,,,,
2022-11-15,147.6719207763672,151.16589433590542,146.2152837355369,149.81752177217496,89868300.0,,,,,,,,,,,,,,,
2022-11-16,146.44166564941406,147.5046219917799,144.96533989912186,146.7763108997982,64218300.0,,,,,,,,,,,,,,,
2022-11-17,148.3411865234375,149.0891860323431,143.8433076526517,144.11888720950952,80389400.0,,,,,,,,,,,,,,,
2022-11-18,148.9021759033203,150.28992540848853,147.60301733738748,149.90608139833125,74829600.0,,,,,,,,,,,,,,,
2022-11-21,145.67396545410156,147.99671837716943,145.3885491071394,147.79004119922186,58724100.0,,,,,,,,,,,,,,,
2022-11-22,147.80972290039062,148.0459404204949,144.6110171948753,145.79208977743497,51804100.0,,,,,,,,,,,,,,,
2022-11-23,148.68569946289062,149.43369912767082,146.9829928956722,147.0912573882817,58301400.0,,,,,,,,,,,,,,,
2022-11-25,145.77239990234375,146.5302512983949,144.7980195359923,145.9692403249909,35195900.0,,,,,,,,,,,,,,,
2022-11-28,141.94375610351562,144.3255590917021,141.11701754919451,142.84923380843264,69246000.0,,,,,,,,,,,,,,,
2022-11-29,138.94190979003906,142.5244590100729,138.13485967272496,142.01266197350824,83763800.0,,,,,,,,,,,,,,,
2022-11-30,145.69366455078125,146.3727767919922,138.3317244213744,139.16829999405587,111380900.0,,,,,,,,,,,,,,,
2022-12-01,145.96920776367188,146.77627283984336,144.29604201746156,145.870795083282,71250400.0,,,,,,,,,,,,,,,
2022-12-02,145.4771270751953,145.66413072697534,143.35121453595042,143.6563344518848,65447400.0,,,,,,,,,,,,,,,
2022-12-05,144.3157501220703,148.53803463745106,143.46932286260514,145.4377569527139,68826400.0,,,,,,,,,,,,,,,
2022-12-06,140.65444946289062,144.9751613197971,139.68006926529813,144.7487956238567,64727200.0,,,,,,,,,,,,,,,
2022-12-07,138.71554565429688,141.10718574311466,137.7903792762826,139.9458168978351,69721100.0,,,,,,,,,,,,,,,
2022-12-08,140.39854431152344,141.25482328488022,138.8730200272998,140.1131279990439,62128300.0,,,,,,,,,,,,,,,
2022-12-09,139.91629028320312,143.27247380855323,138.67616726979998,140.09344213199822,76097000.0,,,,,,,,,,,,,,,
2022-12-12,142.20950317382812,142.21933993621704,138.83363144766497,140.44774653895632,70462700.0,,,,,,,,,,,,,,,
2022-12-13,143.17405700683594,147.60303377953338,141.9634742273276,147.1404505596148,93886200.0,,,,,,,,,,,,,,,
2022-12-14,140.94970703125,144.3452522886776,138.93205940879196,143.05593056925082,82291200.0,,,,,,,,,,,,,,,
2022-12-15,134.3456268310547,139.5619801804679,133.88304361781863,138.88286801559113,98931900.0,,,,,,,,,,,,,,,
2022-12-16,132.38702392578125,135.4774647205223,131.61933586337778,134.5326248058533,160156900.0,,,,,,,,,,,,,,,
2022-12-19,130.28082275390625,133.06615916355452,129.24740673369394,132.97758322204413,79592600.0,,,,,,,,,,,,,,,
2022-12-20,130.21194458007812,131.14694795968774,127.83997741416955,129.3163032823837,77432800.0,,,,,,,,,,,,,,,
2022-12-21,133.31219482421875,134.6507305969255,130.65481182459862,130.88117753836192,85928000.0,,,,,,,,,,,,,,,
2022-12-22,130.14300537109375,132.4362327068824,128.24347383297044,132.2295555538223,77852100.0,,,,,,,,,,,,,,,
2022-12-23,129.77883911132812,130.32999816428637,127.59387642427376,128.85367283616628,63814900.0,,,,,,,,,,,,,,,
2022-12-27,127.97772979736328,129.3359540046201,126.68840798575984,129.30642869732836,69007800.0,,,,,,,,,,,,,,,
2022-12-28,124.05071258544922,128.96195335269854,123.88339749624971,127.62341762114276,85438400.0,,,,,,,,,,,,,,,
2022-12-29,127.56436920166016,128.42063320760047,125.71404389802797,125.9699349180437,75703700.0,,,,,,,,,,,,,,,
2022-12-30,127.87931823730467,127.8990067839709,125.41878304163788,126.38331908581098,77034200.0,,,,,,,,,,,,,,,
2023-01-03,123.09601593017578,128.83399514878522,122.21021915687209,128.2237854341601,112117500.0,,,,,,,,,,,,,,,
2023-01-04,124.36566162109376,126.62936374107429,123.10586505340991,124.88729543343348,89113600.0,,,,,,,,,,,,,,,
2023-01-05,123.04679870605467,125.7533952948206,122.79090770776376,125.12349705306252,80962700.0,,,,,,,,,,,,,,,
2023-01-06,127.5741958618164,128.23361941413805,122.9188539076289,124.0211795914792,87754700.0,,,,,,,,,,,,,,,
2023-01-09,128.09584045410156,131.30439758356596,127.83994943275364,128.41079711233908,70790800.0,,,,,,,,,,,,,,,
2023-01-10,128.6667022705078,129.18833615231142,126.09789493911428,128.20411901412172,63896200.0,,,,,,,,,,,,,,,
2023-01-11,131.3831329345703,131.4028064616691,128.40095662151043,129.1784814447806,69458900.0,,,,,,,,,,,,,,,
2023-01-12,131.30441284179688,132.14098840377943,129.36550386584642,131.76699610111268,71379600.0,,,,,,,,,,,,,,,
2023-01-13,132.63308715820312,132.79056549396478,129.58202324711493,129.94617875784812,57809700.0,,,,,,,,,,,,,,,
2023-01-17,133.79446411132812,135.12314807764807,132.01303370787318,132.7019826183309,63646600.0,,,,,,,,,,,,,,,
2023-01-18,133.0760040283203,136.42233624485746,132.898837136548,134.6605941996835,69672800.0,,,,,,,,,,,,,,,
2023-01-19,133.13504028320312,134.0995687562006,131.65871475561192,131.96381962844052,58280400.0,,,,,,,,,,,,,,,
2023-01-20,135.6939697265625,135.8416112620328,132.1015842994744,133.1448517377868,80223600.0,,,,,,,,,,,,,,,
2023-01-23,138.88287353515625,141.0579999020067,135.72353008280908,135.9400590430552,81760300.0,,,,,,,,,,,,,,,
2023-01-24,140.28045654296875,140.90051809732327,138.0856567013407,138.0954934654877,66435100.0,,,,,,,,,,,,,,,
2023-01-25,139.6210174560547,140.18201330953534,136.61915274790366,138.6663258108729,65799300.0,,,,,,,,,,,,,,,
2023-01-26,141.68789672851562,141.9733130723702,139.66039693887691,140.91035682918778,54105100.0,,,,,,,,,,,,,,,
2023-01-27,143.6267852783203,144.9062704324847,140.82177572822627,140.90051489349364,70555800.0,,,,,,,,,,,,,,,
2023-01-30,140.74305725097656,143.25281407268088,140.59543068062553,142.6721295386836,64015300.0,,,,,,,,,,,,,,,
2023-01-31,142.01266479492188,142.06187864867766,140.03439402480078,140.4477633640219,65874500.0,,,,,,,,,,,,,,,
2023-02-01,143.13467407226562,144.29605796571016,139.08955653554688,141.69772563249788,77663600.0,,,,,,,,,,,,,,,
2023-02-02,148.4396209716797,148.79392468833726,145.83143680858885,146.54991104174482,118339000.0,,,,,,,,,,,,,,,
2023-02-03,152.06153869628906,154.8960886893848,145.496812581912,145.6936529941079,154357300.0,,,,,,,,,,,,,,,
2023-02-06,149.33526611328125,150.6836538403975,148.4002628109197,150.1620199448286,69858300.0,,,,,,,,,,,,,,,
2023-02-07,152.2091522216797,152.77999988075524,148.2624474794368,148.2624474794368,83322600.0,,,,,,,,,,,,,,,
2023-02-08,149.52224731445312,152.14026818212696,148.78408455222657,151.45131927430748,64120100.0,,,,,,,,,,,,,,,
2023-02-09,148.48880004882812,151.89419715713953,148.04590544398496,151.3528748543498,56007100.0,,,,,,,,,,,,,,,
2023-02-10,148.85353088378906,149.17882019931434,147.08909918660703,147.32567733632254,57450700.0,,,,,,,,,,,,,,,
2023-02-13,151.65296936035156,152.05710297296255,148.7648030561656,148.79437344145694,62199000.0,,,,,,,,,,,,,,,
2023-02-14,151.01226806640625,151.5741355635304,148.7056873791277,149.9476888936107,61707600.0,,,,,,,,,,,,,,,
2023-02-15,153.11183166503906,153.27940219693946,150.6968215839401,150.92353288699502,65573800.0,,,,,,,,,,,,,,,
2023-02-16,151.51498413085938,154.09756497312395,151.16012443154224,151.3178281549916,68167900.0,,,,,,,,,,,,,,,
2023-02-17,150.37155151367188,150.81512239489066,148.69583093968438,150.17441057100683,59144100.0,,,,,,,,,,,,,,,
2023-02-21,146.35968017578125,149.1394173925265,146.29068760704538,148.05511953332274,58867200.0,,,,,,,,,,,,,,,
2023-02-22,146.78353881835938,147.8086807909047,145.0585291708209,146.74410160351695,51011300.0,,,,,,,,,,,,,,,
2023-02-23,147.26654052734375,148.19311959888688,145.13739706863274,147.946689634791,48394200.0,,,,,,,,,,,,,,,
2023-02-24,144.61495971679688,145.0881010134071,143.6390916917033,145.00924162382364,55469600.0,,,,,,,,,,,,,,,
2023-02-27,145.80767822265625,147.03982803359767,145.344388690471,145.6006854773172,44998500.0,,,,,,,,,,,,,,,
2023-02-28,145.30494689941406,146.95109701970668,144.7332276594082,144.95008720013072,50547000.0,,,,,,,,,,,,,,,
2023-03-01,143.23489379882812,145.12747337658178,142.93917494961042,144.73319160488182,55479000.0,,,,,,,,,,,,,,,
2023-03-02,143.8263702392578,144.61494903595985,141.84506394442167,142.31822024697658,52238100.0,,,,,,,,,,,,,,,
2023-03-03,148.87326049804688,148.9521198871165,145.22610023869615,145.9259528752422,70732300.0,,,,,,,,,,,,,,,
2023-03-06,151.63328552246094,154.0680147422593,151.26857399298945,151.59384830577196,87558000.0,,,,,,,,,,,,,,,
2023-03-07,149.4351348876953,151.83042689733767,148.97184535612897,151.50513754277677,56182000.0,,,,,,,,,,,,,,,
2023-03-08,150.6869659423828,151.27840377958802,149.6618240709013,150.6278251668401,47204800.0,,,,,,,,,,,,,,,
2023-03-09,148.4395294189453,152.33311931510104,148.08466971716794,151.3671181983863,53833600.0,,,,,,,,,,,,,,,
2023-03-10,146.37937927246094,148.78453780981002,145.5020893181875,148.06496662146847,68572400.0,,,,,,,,,,,,,,,
2023-03-13,148.32125854492188,150.9531285889032,145.59081050522525,145.69924028415588,84457100.0,,,,,,,,,,,,,,,
2023-03-14,150.4109649658203,151.2093955139033,147.95653254628945,149.11967456920323,73695900.0,,,,,,,,,,,,,,,
2023-03-15,150.80526733398438,151.06154904978908,147.7791005346977,149.03096880678774,77167900.0,,,,,,,,,,,,,,,
2023-03-16,153.6244354248047,154.22572509887632,149.47454848721353,149.98712698991974,76161100.0,,,,,,,,,,,,,,,
2023-03-17,152.7865447998047,154.50170239485772,152.07682545294745,153.85112382009055,98944600.0,,,,,,,,,,,,,,,
2023-03-20,155.15228271484375,155.5662982460434,151.94869352566715,152.85556893212473,73641400.0,,,,,,,,,,,,,,,
2023-03-21,157.00543212890625,157.1237136794573,154.30455474450915,155.07342994575768,73938300.0,,,,,,,,,,,,,,,
2023-03-22,155.57615661621094,159.82460651427928,155.5564380089166,157.0251659140942,75701800.0,,,,,,,,,,,,,,,
2023-03-23,156.66043090820312,159.24302685232914,155.4282812343858,156.56186795883147,67622100.0,,,,,,,,,,,,,,,
2023-03-24,157.96157836914062,158.0502895303303,155.59585715875076,156.59142861861952,59196500.0,,,,,,,,,,,,,,,
2023-03-27,156.01971435546875,158.47416184588545,155.61556566491817,157.6560126824132,52390300.0,,,,,,,,,,,,,,,
2023-03-28,155.398681640625,156.2266974968931,153.75253179068108,155.71411911746748,45992200.0,,,,,,,,,,,,,,,
2023-03-29,158.4741668701172,158.75016719414856,157.074446643704,157.09415020907082,51305700.0,,,,,,,,,,,,,,,
2023-03-30,160.04147338867188,160.14990317241256,158.96704237580855,159.22332411879057,49501700.0,,,,,,,,,,,,,,,
2023-03-31,162.545166015625,162.64374399803975,159.59787385661696,160.1203040734608,68749800.0,,,,,,,,,,,,,,,
2023-04-03,163.7970733642578,163.91535493872908,161.87492257463953,161.92421157763323,56976200.0,,,,,,,,,,,,,,,
2023-04-04,163.2647247314453,164.45743689721806,162.7521463827181,164.22087384464078,46278300.0,,,,,,,,,,,,,,,
2023-04-05,161.42147827148438,162.69306530915642,159.48947577581393,162.38749456021097,51511700.0,,,,,,,,,,,,,,,
2023-04-06,162.3086395263672,162.60435849941234,159.6866210280676,160.11047335808198,45390100.0,,,,,,,,,,,,,,,
2023-04-10,159.71617126464844,159.71617126464844,157.7940207437735,159.11488161033475,47716900.0,,,,,,,,,,,,,,,
2023-04-11,158.50375366210938,160.0414742096721,158.21788648492154,160.03162242596915,47644200.0,,,,,,,,,,,,,,,
2023-04-12,157.813720703125,159.74572277857914,157.49828319805357,158.9177218890988,50133100.0,,,,,,,,,,,,,,,
2023-04-13,163.19573974609375,163.43231787231758,159.11486107428212,159.32186881483895,68445600.0,,,,,,,,,,,,,,,
2023-04-14,162.8507843017578,163.94493394539444,161.48063430124813,162.23962776220338,49386500.0,,,,,,,,,,,,,,,
2023-04-17,162.87046813964844,163.02818690758198,161.68760746192598,162.73246797792896,41516200.0,,,,,,,,,,,,,,,
2023-04-18,164.09275817871094,165.019337094876,163.28446081239204,163.72804670609275,49923000.0,,,,,,,,,,,,,,,
2023-04-19,165.2362060546875,165.7586363174907,163.17604035173306,163.43233711220313,47720200.0,,,,,,,,,,,,,,,
2023-04-20,164.27017211914062,165.47275128415967,163.19574132050678,163.71817152684758,52456400.0,,,,,,,,,,,,,,,
2023-04-21,162.66348266601562,164.07305473489896,162.14105238473394,162.69305305620966,58337300.0,,,,,,,,,,,,,,,
2023-04-24,162.9690704345703,163.2352190150396,161.54963139325648,162.64378106752824,41949600.0,,,,,,,,,,,,,,,
2023-04-25,161.4313201904297,163.93504162144998,161.3918829793584,162.83104036567903,48714100.0,,,,,,,,,,,,,,,
2023-04-26,161.42147827148438,162.91977666468185,160.47519563222698,160.73147738017352,45498800.0,,,,,,,,,,,,,,,
2023-04-27,166.00511169433594,166.1529636805476,162.83109203591238,162.83109203591238,64902300.0,,,,,,,,,,,,,,,
2023-04-28,167.25692749023438,167.424513091262,165.4826438930684,166.08393356927388,55275900.0,,,,,,,,,,,,,,,
2023-05-01,167.16822814941406,168.01594783420873,166.23179728666088,166.8626573980738,52472900.0,,,,,,,,,,,,,,,
2023-05-02,166.13320922851562,167.91737470896658,165.1474894240389,167.66107793363267,48425700.0,,,,,,,,,,,,,,,
2023-05-03,165.0587615966797,168.47921017635483,164.77290950021637,167.07949000013943,65136000.0,,,,,,,,,,,,,,,
2023-05-04,163.42247009277344,164.65461977543495,161.96360907995128,162.535328337613,81235400.0,,,,,,,,,,,,,,,
2023-05-05,171.0913848876953,171.8109560965244,168.32149974515366,168.5383592942621,113453200.0,,,,,,,,,,,,,,,
2023-05-08,171.02236938476562,171.3673772990156,169.65221959190652,170.01693107088172,55962800.0,,,,,,,,,,,,,,,
2023-05-09,169.3170928955078,171.06180609803263,169.14952233576255,170.57881302608763,45326900.0,,,,,,,,,,,,,,,
2023-05-10,171.08152770996094,171.54481722364216,169.4452292165715,170.54924563088602,53724500.0,,,,,,,,,,,,,,,
2023-05-11,171.268798828125,172.09679977091955,169.71135988855104,171.3673768150292,49514700.0,,,,,,,,,,,,,,,
2023-05-12,170.3409423828125,171.8116866019269,168.79121464447562,171.3773676163626,45533100.0,,,,,,,,,,,,,,,
2023-05-15,169.847412109375,170.97268634600138,169.2551561693846,170.92332917405315,37266700.0,,,,,,,,,,,,,,,
2023-05-16,169.847412109375,170.903583292935,169.58089543020992,169.7684436465967,42110300.0,,,,,,,,,,,,,,,
2023-05-17,170.45941162109375,170.69630196545663,168.21872838992437,169.4920742376562,57951600.0,,,,,,,,,,,,,,,
2023-05-18,172.78892517089844,172.97647339745131,170.35082834910114,170.7654015048888,65496700.0,,,,,,,,,,,,,,,
2023-05-19,172.89752197265625,174.11163026725697,172.68036243226308,174.11163026725697,55809500.0,,,,,,,,,,,,,,,
2023-05-22,171.94989013671875,172.45331220735133,171.2095777379714,171.73273062815065,43570900.0,,,,,,,,,,,,,,,
2023-05-23,169.34397888183594,171.1404774028389,169.0675968111729,170.89370662105455,50747300.0,,,,,,,,,,,,,,,
2023-05-24,169.62037658691406,170.19288666082696,168.317434571077,168.88006417332414,45143500.0,,,,,,,,,,,,,,,
2023-05-25,170.7555389404297,171.65377326209193,169.47232768730396,170.18302884098296,56058300.0,,,,,,,,,,,,,,,
2023-05-26,173.16400146484375,173.49962120538788,170.87397623432938,171.08127033696854,54835000.0,,,,,,,,,,,,,,,
2023-05-30,175.00985717773438,176.67803022234617,174.28929064745816,174.6742524991613,55964400.0,,,,,,,,,,,,,,,
2023-05-31,174.96051025390625,177.03339115324283,174.47683402760893,175.03947872320146,99625300.0,,,,,,,,,,,,,,,
2023-06-01,177.7637939453125,177.79340523372372,174.64460769798924,175.40466591116137,68901800.0,,,,,,,,,,,,,,,
2023-06-02,178.61270141601562,179.43198227661338,176.94452840385708,178.69166987914852,61996900.0,,,,,,,,,,,,,,,
2023-06-05,177.26039123535156,182.5610228518948,175.7402747725204,180.2709978101985,121946500.0,,,,,,,,,,,,,,,
2023-06-06,176.8951873779297,177.79342164547316,175.13816542041533,177.64536518975015,64848400.0,,,,,,,,,,,,,,,
2023-06-07,175.5231170654297,178.86932803839457,175.0295755351299,176.13510374325992,61944600.0,,,,,,,,,,,,,,,
2023-06-08,178.23764038085938,178.5041420299357,175.1678106866245,175.6021146908698,50214900.0,,,,,,,,,,,,,,,
2023-06-09,178.62258911132812,179.87617397731293,178.2968498358667,179.1556074319137,48900000.0,,,,,,,,,,,,,,,
2023-06-12,181.416015625,181.51472997018053,178.63244881890137,178.92857679274874,54274900.0,,,,,,,,,,,,,,,
2023-06-13,180.94224548339844,181.7713918780308,180.08348779336475,180.43883839987808,54929100.0,,,,,,,,,,,,,,,
2023-06-14,181.573959350586,182.00827838693,179.66889592317074,181.00144926283195,57462900.0,,,,,,,,,,,,,,,
2023-06-15,183.6073303222656,184.11075236554325,181.40613912687283,181.58382192499832,65433200.0,,,,,,,,,,,,,,,
2023-06-16,182.5314178466797,184.57468723659963,181.88981981135748,184.31803597311568,101256200.0,,,,,,,,,,,,,,,
2023-06-20,182.62022399902344,183.69615593706703,182.0279832243918,182.0279832243918,49799100.0,,,,,,,,,,,,,,,
2023-06-21,181.5838165283203,183.01508403325016,180.2315024183292,182.51166200493424,49515700.0,,,,,,,,,,,,,,,
2023-06-22,184.5845489501953,184.6339061200073,181.29756025506936,181.3666633051449,51245300.0,,,,,,,,,,,,,,,
2023-06-23,184.26866149902344,185.13729942612093,182.6202345686034,183.1532678644832,53117000.0,,,,,,,,,,,,,,,
2023-06-26,182.8769073486328,185.6209974197008,182.8374155863717,184.4167547195407,48088700.0,,,,,,,,,,,,,,,
2023-06-27,185.630859375,185.9565986299679,183.27173119056016,183.4888906938721,50730800.0,,,,,,,,,,,,,,,
2023-06-28,186.8054962158203,187.44709427325768,185.1768149551289,185.5025391579117,51216800.0,,,,,,,,,,,,,,,
2023-06-29,187.1410980224609,187.61490879718235,186.49949997485515,186.6376910187253,46347300.0,,,,,,,,,,,,,,,
2023-06-30,191.46453857421875,191.96794560784363,188.7895363484197,189.1547673916645,85213200.0,,,,,,,,,,,,,,,
2023-07-03,189.9740600585937,191.37571654835668,189.2830896937324,191.277002192892,31458200.0,,,,,,,,,,,,,,,
2023-07-05,188.858642578125,190.48732393792235,188.1578068340229,189.09554798353173,46920300.0,,,,,,,,,,,,,,,
2023-07-06,189.3324279785156,189.53972207962792,186.756140199604,187.3878728511301,45094300.0,,,,,,,,,,,,,,,
2023-07-07,188.217041015625,190.1813422528557,187.7827370048323,188.93762268666168,46815000.0,,,,,,,,,,,,,,,
2023-07-10,186.1737670898437,187.5359467558433,184.6240392018072,186.8153651594175,59922200.0,,,,,,,,,,,,,,,
2023-07-11,185.650634765625,186.8548776347941,184.1897556525184,186.71668657087457,46638100.0,,,,,,,,,,,,,,,
2023-07-12,187.3188018798828,189.2238654174545,186.0355905787657,187.2299529360785,60750200.0,,,,,,,,,,,,,,,
2023-07-13,188.0788116455078,188.72042471252908,187.32863389417253,188.0393349477294,41342300.0,,,,,,,,,,,,,,,
2023-07-14,188.2268829345703,188.7105440248424,187.1805772351739,187.7728180713282,41616200.0,,,,,,,,,,,,,,,
2023-07-17,191.4842834472656,191.81002272437505,189.3324341486416,189.4212680255728,50520200.0,,,,,,,,,,,,,,,
2023-07-18,191.2276306152344,191.8198865800326,189.93455398917624,190.852549228444,48288200.0,,,,,,,,,,,,,,,
2023-07-19,192.57994079589844,195.66950100927124,190.16157487576123,190.6057743707706,80507300.0,,,,,,,,,,,,,,,
2023-07-20,190.6353759765625,193.93223012421527,190.0135087645004,192.57005054034343,59581200.0,,,,,,,,,,,,,,,
2023-07-21,189.4607696533203,192.4516308259383,188.75993388819955,191.5928731808388,71951700.0,,,,,,,,,,,,,,,
2023-07-24,190.2602996826172,192.3924031537896,189.76675804919924,190.91177825353577,45377800.0,,,,,,,,,,,,,,,
2023-07-25,191.11903381347656,191.92844922240585,190.4280786239598,190.83278632842445,37283200.0,,,,,,,,,,,,,,,
2023-07-26,191.98768615722656,193.11296042478057,190.8229351880455,191.1684052777898,47471900.0,,,,,,,,,,,,,,,
2023-07-27,190.7242126464844,194.6527994732912,190.06286872536143,193.48804855415668,47460200.0,,,,,,,,,,,,,,,
2023-07-28,193.300537109375,194.09020681344484,191.6323638132229,192.15551679155857,48291400.0,,,,,,,,,,,,,,,
2023-07-31,193.9125061035156,193.9519978690126,192.73787459795656,193.52754422924545,38824100.0,,,,,,,,,,,,,,,
2023-08-01,193.0833282470703,194.1888565133771,192.75758901252783,193.7051954277144,35175100.0,,,,,,,,,,,,,,,
2023-08-02,190.0924530029297,192.65885986117044,189.3718866034585,192.52066883850893,50389300.0,,,,,,,,,,,,,,,
2023-08-03,188.70069885253903,189.885195713569,188.22690312046603,189.09554118067888,61235200.0,,,,,,,,,,,,,,,
2023-08-04,179.6392822265625,184.95966022717985,179.57017917093492,183.12368481919472,115956800.0,,,,,,,,,,,,,,,
2023-08-07,176.53982543945312,180.7645400695484,175.05920073091434,179.7774569305225,97576100.0,,,,,,,,,,,,,,,
2023-08-08,177.47756958007812,177.94149990785485,175.2862435821482,177.3689898212007,67823000.0,,,,,,,,,,,,,,,
2023-08-09,175.88836669921875,178.59296516430098,174.72360063232372,178.53374257918168,60378500.0,,,,,,,,,,,,,,,
2023-08-10,175.6711883544922,178.41527829006225,175.30597241092943,177.1616784798233,54686900.0,,,,,,,,,,,,,,,
2023-08-11,175.7305145263672,176.55090180538758,174.50488805624465,175.26597277471524,52036700.0,,,,,,,,,,,,,,,
2023-08-14,177.38119506835938,177.60852659340796,175.25609098331174,175.90844935818416,43675600.0,,,,,,,,,,,,,,,
2023-08-15,175.39442443847656,177.40090780634856,174.99906405268155,176.80786722765603,43622600.0,,,,,,,,,,,,,,,
2023-08-16,174.52464294433594,176.47180884084688,174.45544657600635,175.07815356283987,46964900.0,,,,,,,,,,,,,,,
2023-08-17,171.98439025878906,175.4537251155125,171.47040969711574,175.08801600845376,66062900.0,,,,,,,,,,,,,,,
2023-08-18,172.46873474121094,173.07166917955516,169.96804315644715,170.30410101859755,61172200.0,,,,,,,,,,,,,,,
2023-08-21,173.80308532714844,174.08973444525807,171.7274205434044,173.0420157807921,46311900.0,,,,,,,,,,,,,,,
2023-08-22,175.17698669433594,175.62177093693052,174.2083431088137,175.00895776189057,42038900.0,,,,,,,,,,,,,,,
2023-08-23,179.0219268798828,179.44695366375947,176.264252478764,176.45205395893973,52722800.0,,,,,,,,,,,,,,,
2023-08-24,174.33685302734375,179.00217866700072,173.9711287799832,178.57715186115848,54945800.0,,,,,,,,,,,,,,,
2023-08-25,176.54098510742188,177.0747231196245,173.78331106065053,175.3252376314931,51449600.0,,,,,,,,,,,,,,,
2023-08-28,178.10269165039062,178.49805204021447,176.48168992086147,178.0038440119186,43820700.0,,,,,,,,,,,,,,,
2023-08-29,181.9871520996093,182.7581153857808,177.42067493043544,177.61835511729424,53003900.0,,,,,,,,,,,,,,,
2023-08-30,185.476318359375,185.67401369107617,182.6000383003729,182.79771855003776,60813900.0,,,,,,,,,,,,,,,
2023-08-31,185.69374084472656,186.9292610559829,185.30825914209595,185.6640895662192,60794500.0,,,,,,,,,,,,,,,
2023-09-01,187.26531982421875,187.7199827815663,186.09898099052413,187.2949711004792,45766500.0,,,,,,,,,,,,,,,
2023-09-05,187.5025329589844,187.77928826308653,185.4367469097816,186.09898389331408,45280000.0,,,,,,,,,,,,,,,
2023-09-06,180.79119873046875,186.6623929808804,179.3678770840619,186.2175936548533,81755800.0,,,,,,,,,,,,,,,
2023-09-07,175.50318908691406,176.14566870650594,171.5297514902668,173.15075355684382,112488800.0,,,,,,,,,,,,,,,
2023-09-08,176.11598205566406,178.15213198996554,175.7305003611282,176.2840260730559,65551300.0,,,,,,,,,,,,,,,
2023-09-11,177.28231811523438,178.21143169284028,175.28571330476424,177.98410020535158,58953100.0,,,,,,,,,,,,,,,
2023-09-12,174.25779724121094,178.0434334916735,172.79494533569144,177.4108476610135,90370200.0,,,,,,,,,,,,,,,
2023-09-13,172.1919708251953,175.24617287306006,171.96462426919445,174.46531572894506,84267900.0,,,,,,,,,,,,,,,
2023-09-14,173.7042694091797,174.06009984649242,171.5692867853032,171.98441978182902,60895800.0,,,,,,,,,,,,,,,
2023-09-15,172.98269653320312,174.45544195430384,171.806494041059,174.43566940930015,109259500.0,,,,,,,,,,,,,,,
2023-09-18,175.90843200683594,177.3021024660386,174.12927983360214,174.4356864419302,67257600.0,,,,,,,,,,,,,,,
2023-09-19,176.9956817626953,177.54919237650395,175.07815207769175,175.46363376102514,51826900.0,,,,,,,,,,,,,,,
2023-09-20,173.4571533203125,177.61837681135137,173.36818440563272,177.18347129792434,58436200.0,,,,,,,,,,,,,,,
2023-09-21,171.91519165039062,174.25774788080986,171.84601037143327,172.52801984046553,63149100.0,,,,,,,,,,,,,,,
2023-09-22,172.76524353027344,175.0287248458324,172.03382526857388,172.6466384244914,56725400.0,,,,,,,,,,,,,,,
2023-09-25,174.04029846191406,174.91998813589507,172.13264765845275,172.18207147695253,46172700.0,,,,,,,,,,,,,,,
2023-09-26,169.96803283691406,173.17049122867175,169.67150500159482,172.79490338049743,64588900.0,,,,,,,,,,,,,,,
2023-09-27,168.4557647705078,171.03553164114703,167.0917606780329,170.62039864934732,66921800.0,,,,,,,,,,,,,,,
2023-09-28,168.71275329589844,170.03722730338785,165.67830850769053,167.37838547451082,56294400.0,,,,,,,,,,,,,,,
2023-09-29,169.22671508789062,171.06516950648842,168.3667828862352,170.027329658855,51861100.0,,,,,,,,,,,,,,,
2023-10-02,171.73727416992188,172.28090596787308,168.94993390517055,169.23658298137698,52164500.0,,,,,,,,,,,,,,,
2023-10-03,170.40293884277344,171.61870157072957,168.84125459232132,170.26456118455488,49594600.0,,,,,,,,,,,,,,,
2023-10-04,171.6483612060547,172.19199313339385,168.98951921036945,169.10812432832188,53020300.0,,,,,,,,,,,,,,,
2023-10-05,172.8838653564453,173.41760341955526,170.67968657288918,171.77682905786853,48527900.0,,,,,,,,,,,,,,,
2023-10-06,175.43399047851562,175.92819856079907,171.17390414032383,171.78673241813826,57266700.0,,,,,,,,,,,,,,,
2023-10-09,176.9165802001953,176.97588274537105,173.76353083741722,174.761825539281,42390800.0,,,,,,,,,,,,,,,
2023-10-10,176.3235626220703,177.63815795783916,175.8886570875863,176.03692856454262,43698000.0,,,,,,,,,,,,,,,
2023-10-11,177.71722412109375,177.76664794425923,175.54271164011269,176.13575227199846,47551100.0,,,,,,,,,,,,,,,
2023-10-12,178.61668395996094,180.227791982292,176.96601576479657,177.98409824545533,56743100.0,,,,,,,,,,,,,,,
2023-10-13,176.77822875976562,179.82253713140665,176.07644667980117,179.31845034069394,51427100.0,,,,,,,,,,,,,,,
2023-10-16,176.6497344970703,177.0055649122618,174.46532818230494,174.70255348644375,52517000.0,,,,,,,,,,,,,,,
2023-10-17,175.097900390625,176.35319301979084,172.7751316803463,174.60369235668924,57549400.0,,,,,,,,,,,,,,,
2023-10-18,173.80308532714844,175.52293478970745,173.08154578913502,173.54610256783715,54764400.0,,,,,,,,,,,,,,,
2023-10-19,173.427490234375,175.7799102245973,173.16061367257353,174.0007582826414,59302900.0,,,,,,,,,,,,,,,
2023-10-20,170.8773651123047,173.3879351486228,170.6401398397108,173.27920878393786,64244000.0,,,,,,,,,,,,,,,
2023-10-23,170.99598693847656,171.99428177951037,167.96154224302492,168.93020088937016,55980100.0,,,,,,,,,,,,,,,
2023-10-24,171.43089294433594,171.65822442721412,169.4639394511676,171.045411263789,43816600.0,,,,,,,,,,,,,,,
2023-10-25,169.11802673339844,171.05531414118843,168.67322735441405,169.88899020331988,57157000.0,,,,,,,,,,,,,,,
2023-10-26,164.95677185058594,169.39476582537458,163.75090293239452,168.3964558542296,70625300.0,,,,,,,,,,,,,,,
2023-10-27,166.27137756347656,167.00281099505466,164.89747962237493,164.97655472973753,58499100.0,,,,,,,,,,,,,,,
2023-10-30,168.31736755371094,169.18717852998205,166.91381853056686,167.06208999172168,51131000.0,,,,,,,,,,,,,,,
2023-10-31,168.7918243408203,168.92030818010912,165.9550598323106,167.38827526603964,44846000.0,,,,,,,,,,,,,,,
2023-11-01,171.9547576904297,172.2117404582064,168.14934950515965,169.01916053768616,56934900.0,,,,,,,,,,,,,,,
2023-11-02,175.51307678222656,175.72063574409248,173.4275179386151,173.4868204991482,77334800.0,,,,,,,,,,,,,,,
2023-11-03,174.6037139892578,174.77175801380423,171.34195262679097,172.2216424329047,79829200.0,,,,,,,,,,,,,,,
2023-11-06,177.15383911132812,177.3515193436343,174.1688329148246,174.33686186638658,63841300.0,,,,,,,,,,,,,,,
2023-11-07,179.71383666992188,180.32664987384885,176.89684453064555,177.10440348202485,70530000.0,,,,,,,,,,,,,,,
2023-11-08,180.7714233398437,181.32493395317235,179.4864793691692,180.23768527185777,49340300.0,,,,,,,,,,,,,,,
2023-11-09,180.2969970703125,181.98718027395728,179.70394133589065,180.8406289798602,53763500.0,,,,,,,,,,,,,,,
2023-11-10,184.4834899902344,184.65175539538808,181.6430032262288,182.07848170612576,66133400.0,,,,,,,,,,,,,,,
2023-11-13,182.89991760253903,184.11726670158296,182.3159875170197,183.90943434662208,43627500.0,,,,,,,,,,,,,,,
2023-11-14,185.51280212402344,186.175911578356,184.3845238566377,185.7701234474964,60108400.0,,,,,,,,,,,,,,,
2023-11-15,186.0769500732422,187.5516359190005,185.84931907084464,185.91860660743325,53790500.0,,,,,,,,,,,,,,,
2023-11-16,187.75946044921875,188.99660829200764,186.7103463929358,187.6209004949025,54412900.0,,,,,,,,,,,,,,,
2023-11-17,187.7396850585937,188.42259316852056,186.63120528706287,188.2939249443592,50922700.0,,,,,,,,,,,,,,,
2023-11-20,189.4815673828125,189.93684445013847,187.9277174894817,187.93760923589429,46505100.0,,,,,,,,,,,,,,,
2023-11-21,188.6798858642578,189.5508427535813,187.78914548337832,189.44197314241592,38134500.0,,,,,,,,,,,,,,,
2023-11-22,189.343017578125,190.9463564933125,188.8679569924961,189.52117473642568,39617700.0,,,,,,,,,,,,,,,
2023-11-24,188.0167999267578,188.9372307617957,187.30420149232032,188.9075404188528,24048300.0,,,,,,,,,,,,,,,
2023-11-27,187.8386383056641,188.70959528304604,186.957789581504,187.9673065232965,40552600.0,,,,,,,,,,,,,,,
2023-11-28,188.44235229492188,189.1153685705385,187.4526340263521,187.8287318010173,38415400.0,,,,,,,,,,,,,,,
2023-11-29,187.42295837402344,190.11499348364924,187.02707707633283,188.93722623545,43014200.0,,,,,,,,,,,,,,,
2023-11-30,187.9969787597656,188.36318478193425,186.2550800746654,187.888109148078,48794400.0,,,,,,,,,,,,,,,
2023-12-01,189.2737274169922,189.5904294104457,187.2843840288066,188.37308016671423,45704800.0,,,,,,,,,,,,,,,
2023-12-04,187.4823455810547,188.0959812462982,185.5227074160739,188.0266937107449,43389500.0,,,,,,,,,,,,,,,
2023-12-05,191.4312896728516,192.4012092663407,188.22459731438207,188.2543027537032,66628400.0,,,,,,,,,,,,,,,
2023-12-06,190.3426208496093,192.7575206909756,190.1347733725338,192.45071045016567,41089700.0,,,,,,,,,,,,,,,
2023-12-07,192.2725982666016,192.9950884718347,191.59958189996595,191.6391790931292,47477700.0,,,,,,,,,,,,,,,
2023-12-08,193.6977386474609,193.97485851110247,191.67870523875752,192.2032546307864,53406400.0,,,,,,,,,,,,,,,
2023-12-11,191.1937866210937,191.5006120000344,189.4518877342921,191.12451418849048,60943700.0,,,,,,,,,,,,,,,
2023-12-12,192.70803833007807,192.71793007544312,189.748775460602,191.094792823406,52696900.0,,,,,,,,,,,,,,,
2023-12-13,195.9246368408203,195.96421892707963,192.8466123940007,193.08413511536145,70404200.0,,,,,,,,,,,,,,,
2023-12-14,196.07305908203125,197.56752801969333,194.14311175143447,195.9839880749037,66831600.0,,,,,,,,,,,,,,,
2023-12-15,195.53863525390625,196.3600880838065,194.97448862167192,195.49903806818725,128538400.0,,,,,,,,,,,,,,,
2023-12-18,193.8759002685547,194.60829718334296,192.39132294807408,194.0738408909052,55751900.0,,,,,,,,,,,,,,,
2023-12-19,194.9151306152344,194.92502236186388,193.87592334681435,194.1431515248431,40714100.0,,,,,,,,,,,,,,,
2023-12-20,192.8268280029297,195.6475162401682,192.8268280029297,194.87553713507947,52242800.0,,,,,,,,,,,,,,,
2023-12-21,192.67832946777344,195.05366217859583,191.5104692555924,194.08374258350807,46482500.0,,,,,,,,,,,,,,,
2023-12-22,191.60948181152344,193.4008696387368,190.985954407966,193.17322354105164,37149600.0,,,,,,,,,,,,,,,
2023-12-26,191.0651397705078,191.8964996004414,190.8474005147769,191.6193796571302,28919300.0,,,,,,,,,,,,,,,
2023-12-27,191.16409301757807,191.5105004803971,189.1252756354868,190.5108903848591,48087700.0,,,,,,,,,,,,,,,
2023-12-28,191.5896759033203,192.65857351066376,191.1838877640513,192.1439157511496,34049900.0,,,,,,,,,,,,,,,
2023-12-29,,,,,,190.55047607421875,192.4012445887141,189.7586983598896,191.90638540499623,42672100.0,,,,,,,,,,
2024-01-02,,,,,,183.73130798339844,186.5025222946912,181.9993009265784,185.2257772071696,82488700.0,,,,,,,,,,
2024-01-03,,,,,,182.3556060791016,183.96885182302103,181.5440297827802,182.3259157367389,58414500.0,,,,,,,,,,
2024-01-04,,,,,,180.03965759277344,181.2075179249861,179.0202489631632,180.2771803169373,71983600.0,,,,,,,,,,
2024-01-05,,,,,,179.31715393066406,180.8809106532784,178.31754388665928,180.1188384374096,62379700.0,,,,,,,,,,
2024-01-08,,,,,,183.65213012695312,183.6917273170526,179.63387614033877,180.21780632812883,59144500.0,,,,,,,,,,
2024-01-09,,,,,,183.2364501953125,183.2463419418833,180.85122540618832,182.0289926299427,42841800.0,,,,,,,,,,
2024-01-10,,,,,,184.2756500244141,184.48348240733844,182.02898528742008,182.4545720032457,46792900.0,,,,,,,,,,
2024-01-11,,,,,,183.68179321289065,185.12678839904137,181.7320471921432,184.62202246254373,49128400.0,,,,,,,,,,
2024-01-12,,,,,,184.0084228515625,184.8199990991005,183.28593272766105,184.1469828082272,40477800.0,,,,,,,,,,
2024-01-16,,,,,,181.7419891357422,182.3655014396163,179.06973745492456,180.28710192352952,65603000.0,,,,,,,,,,
2024-01-17,,,,,,180.8017425537109,181.04917214343425,178.44622312883942,179.40625114511818,47317400.0,,,,,,,,,,
2024-01-18,,,,,,186.6905975341797,187.1953485109901,183.9193828318584,184.17670419420983,78005800.0,,,,,,,,,,
2024-01-19,,,,,,189.59043884277344,189.9764283832528,186.8786203129096,187.38337121910467,68903000.0,,,,,,,,,,
2024-01-22,,,,,,191.89645385742188,193.32165042723852,190.2832084204904,190.3228056040412,60133900.0,,,,,,,,,,
2024-01-23,,,,,,193.1732482910156,193.73739508116287,191.83713738608208,193.0149048095215,42355600.0,,,,,,,,,,
2024-01-24,,,,,,192.50021362304688,194.3608889009584,192.34185506707504,193.41075266703035,53631300.0,,,,,,,,,,
2024-01-25,,,,,,192.17361450195312,194.2520291241628,191.1245154438125,193.212821813058,54822100.0,,,,,,,,,,
2024-01-26,,,,,,190.44158935546875,192.7575265029299,189.96652881027472,192.2725742116348,44594000.0,,,,,,,,,,
2024-01-29,,,,,,189.7586669921875,190.22383575614063,187.6307788947091,190.0357868811084,47145600.0,,,,,,,,,,
2024-01-30,,,,,,186.10662841796875,189.8279790097777,185.54249682198056,188.97682064057707,55859400.0,,,,,,,,,,
2024-01-31,,,,,,182.5040435791016,185.1762949988752,182.45456974695213,185.11689921687164,55467800.0,,,,,,,,,,
2024-02-01,,,,,,184.93875122070312,185.02782223798647,181.93001441121828,182.0982647000541,64885400.0,,,,,,,,,,
2024-02-02,,,,,,183.93914794921875,185.40392677166545,177.4070012757119,178.01073002917815,102551700.0,,,,,,,,,,
2024-02-05,,,,,,185.7503204345703,187.30418539055444,183.9292424150712,186.21548923655905,69668800.0,,,,,,,,,,
2024-02-06,,,,,,187.35369873046875,187.36359047792,184.8497123520045,184.93878338477884,43490800.0,,,,,,,,,,
2024-02-07,,,,,,187.46255493164065,189.0856924097343,186.6707772370308,188.67990426473503,53439000.0,,,,,,,,,,
2024-02-08,,,,,,186.38375854492188,187.5912009839088,185.42373058041275,187.44274927884152,40962000.0,,,,,,,,,,
2024-02-09,,,,,,187.14682006835932,188.27653811843788,186.30447993507684,186.9486117161699,45155200.0,,,,,,,,,,
2024-02-12,,,,,,185.46212768554688,186.96842336096995,185.1053738445565,186.7206780580925,41781900.0,,,,,,,,,,
2024-02-13,,,,,,183.3711395263672,184.53060074172208,181.85493962465304,184.094566630165,56529500.0,,,,,,,,,,
2024-02-14,,,,,,182.4891815185547,183.8567404102353,180.7946121382465,183.6486428265632,54630500.0,,,,,,,,,,
2024-02-15,,,,,,182.2017974853516,182.826120457678,179.71444020641266,181.89459574378543,65434500.0,,,,,,,,,,
2024-02-16,,,,,,180.665771484375,183.18287207946287,180.0315441516518,181.76576116844507,49752500.0,,,,,,,,,,
2024-02-20,,,,,,179.92254638671875,180.7846952021696,178.3766181157698,180.15046783149373,53665600.0,,,,,,,,,,
2024-02-21,,,,,,180.6757354736328,181.2405870066437,179.03070272630967,180.2991577041748,41371400.0,,,,,,,,,,
2024-02-22,,,,,,182.70721435546875,183.29190480468336,180.81445159653885,181.82524161821627,52292200.0,,,,,,,,,,
2024-02-23,,,,,,180.87391662597656,183.3711786908889,180.58652357235425,183.3414504606763,45119700.0,,,,,,,,,,
2024-02-26,,,,,,179.52615356445312,181.11171437415507,179.0207434868858,180.59641504961763,40867400.0,,,,,,,,,,
2024-02-27,,,,,,180.98291015625,182.26126931281985,177.94059046680667,179.46671005654383,54318900.0,,,,,,,,,,
2024-02-28,,,,,,179.7838134765625,181.46847854843008,178.50545433930714,180.8639793914523,48953900.0,,,,,,,,,,
2024-02-29,,,,,,179.11984252929688,180.9234354771045,177.9108443188521,179.63515696026653,136682600.0,,,,,,,,,,
2024-03-01,,,,,,178.0397186279297,178.90186759105143,175.78028228782205,177.93071007111854,73563100.0,,,,,,,,,,
2024-03-04,,,,,,173.5207977294922,175.3045516235648,172.22259977869518,174.56131579397731,81510100.0,,,,,,,,,,
2024-03-05,,,,,,168.5857391357422,170.48842147609815,168.09024847040442,169.21996658252752,95132400.0,,,,,,,,,,
2024-03-06,,,,,,167.59474182128906,169.69563232435493,167.15870765798908,169.5172478388351,68587700.0,,,,,,,,,,
2024-03-07,,,,,,167.47581481933594,169.1902079797121,166.97041987504164,167.62445594378354,71765100.0,,,,,,,,,,
2024-03-08,,,,,,169.1902313232422,172.13344696276567,167.41638146834518,167.47583792632756,76267000.0,,,,,,,,,,
2024-03-11,,,,,,171.1920166015625,172.8073209312821,170.49833272784605,171.38030546468005,60139500.0,,,,,,,,,,
2024-03-12,,,,,,171.66766357421875,172.46045153320196,169.4676841705973,171.58838326620315,59825400.0,,,,,,,,,,
2024-03-13,,,,,,169.5866241455078,171.62804307697533,169.21995080494636,171.21183277143888,52488700.0,,,,,,,,,,
2024-03-14,,,,,,171.43975830078125,172.73794133442243,170.49832912625453,171.35057361629617,72913500.0,,,,,,,,,,
2024-03-15,,,,,,171.0631866455078,171.0631866455078,168.75419840900892,169.6262667891251,121752700.0,,,,,,,,,,
2024-03-18,,,,,,172.1532440185547,176.10726419166866,171.9550508157469,173.98656516716397,75604200.0,,,,,,,,,,
2024-03-19,,,,,,174.4919891357422,175.0172080151,171.46949314620932,172.76767622994936,55215200.0,,,,,,,,,,
2024-03-20,,,,,,177.05859375,177.05859375,173.5108795488189,174.1352024891535,53423100.0,,,,,,,,,,
2024-03-21,,,,,,169.82444763183594,175.8892630091755,169.29922879245808,175.45322885093574,106181300.0,,,,,,,,,,
2024-03-22,,,,,,170.72625732421875,171.48931715990707,168.5262776263353,170.210942813777,71160100.0,,,,,,,,,,
2024-03-25,,,,,,169.3091583251953,170.38932429506946,167.92177545566648,169.0316847755244,54288300.0,,,,,,,,,,
2024-03-26,,,,,,168.17942810058594,169.87399750483326,168.0505957042821,168.4668059986792,57388400.0,,,,,,,,,,
2024-03-27,,,,,,171.74696350097656,172.0343565405087,168.57582642397568,168.87312383270142,60273300.0,,,,,,,,,,
2024-03-28,,,,,,169.9334716796875,170.67670766601367,168.97221859434498,170.20104086869387,65672700.0,,,,,,,,,,
2024-04-01,,,,,,168.4965362548828,169.70553455748254,167.9514935576168,169.6460781034487,46240500.0,,,,,,,,,,
2024-04-02,,,,,,167.3172607421875,167.81275133793278,166.71276161053132,167.55510167176752,49329500.0,,,,,,,,,,
2024-04-03,,,,,,168.11996459960938,169.14067408704202,167.05962251511946,167.2677201117247,47691700.0,,,,,,,,,,
2024-04-04,,,,,,167.29745483398438,170.3694875068381,167.29745483398438,168.7541832986243,53704400.0,,,,,,,,,,
2024-04-05,,,,,,168.05059814453125,168.85329051832247,167.42627513328318,168.06050251317026,42104800.0,,,,,,,,,,
2024-04-08,,,,,,166.9307861328125,167.67402205960258,166.72268854116854,167.50555706407098,37425500.0,,,,,,,,,,
2024-04-09,,,,,,168.13978576660156,168.5460917055098,166.83169838821917,167.17853275073267,42373800.0,,,,,,,,,,
2024-04-10,,,,,,166.26683044433594,167.5650134431552,165.60287483124418,167.27763553824258,49709300.0,,,,,,,,,,
2024-04-11,,,,,,173.46136474609375,173.877590209879,166.64342350182488,166.82179288243998,91070300.0,,,,,,,,,,
2024-04-12,,,,,,174.95774841308594,176.7514221146486,172.63885584160187,172.68839280877705,101670900.0,,,,,,,,,,
2024-04-15,,,,,,171.13253784179688,175.03700600653332,170.94424900321735,173.7784557074799,73531800.0,,,,,,,,,,
2024-04-16,,,,,,167.85240173339844,172.19288913903023,166.7524119884344,170.20102235595408,73711200.0,,,,,,,,,,
2024-04-17,,,,,,166.48483276367188,169.1109267558204,166.48483276367188,168.08031301583728,50901200.0,,,,,,,,,,
2024-04-18,,,,,,165.5334930419922,167.11906901091456,165.0479219314042,166.51456987389489,43122900.0,,,,,,,,,,
2024-04-19,,,,,,163.5119171142578,164.89928490796945,162.6002161182223,164.71101115974596,68149400.0,,,,,,,,,,
2024-04-22,,,,,,164.34432983398438,165.75152141981465,163.28398774037723,164.0272236912775,48116400.0,,,,,,,,,,
2024-04-23,,,,,,165.39474487304688,165.54340111554177,163.4326064657252,163.85873621547074,49537800.0,,,,,,,,,,
2024-04-24,,,,,,167.49563598632812,167.7731094949557,164.7109814111337,165.03799187966663,48251800.0,,,,,,,,,,
2024-04-25,,,,,,168.3577880859375,169.07129572836638,166.63347542987228,168.00103426472305,50558300.0,,,,,,,,,,
2024-04-26,,,,,,167.7731170654297,169.79471202253325,167.6541890412428,168.3478879652858,44838400.0,,,,,,,,,,
2024-04-29,,,,,,171.93524169921875,174.44242297655094,171.53885525962073,171.80640930182136,68169400.0,,,,,,,,,,
2024-04-30,,,,,,168.7938232421875,173.4117990890393,168.46679764398493,171.76676673002254,65934800.0,,,,,,,,,,
2024-05-01,,,,,,167.7731170654297,171.15236652369296,167.58482822154218,168.05059058657778,50383100.0,,,,,,,,,,
2024-05-02,,,,,,171.469482421875,171.8559644998941,169.34878317714927,170.95416794412498,94214900.0,,,,,,,,,,
2024-05-03,,,,,,181.7261199951172,185.3134667588396,181.01261238934663,184.9666173233892,163224100.0,,,,,,,,,,
2024-05-06,,,,,,180.07122802734375,182.5387619149301,178.7928536161005,180.70545548743195,78569700.0,,,,,,,,,,
2024-05-07,,,,,,180.7549743652344,183.23242749590463,179.68472791941784,181.79550770435063,77305800.0,,,,,,,,,,
2024-05-08,,,,,,181.0919189453125,181.4189445721307,179.81354466582562,181.20092748758523,45057100.0,,,,,,,,,,
2024-05-09,,,,,,182.9054107666016,182.99459544718977,180.4675903156434,180.91352883975787,48983000.0,,,,,,,,,,
2024-05-10,,,,,,181.6451568603516,183.669493895456,180.7322193628195,183.48094965782863,50759500.0,,,,,,,,,,
2024-05-13,,,,,,184.85037231445312,185.6640864017181,183.2031085341488,184.01682262141367,72044800.0,,,,,,,,,,
2024-05-14,,,,,,185.99151611328125,186.8548493853584,184.86026592315983,186.07090395104012,52393600.0,,,,,,,,,,
2024-05-15,,,,,,188.26397705078125,189.18683240943687,185.9320062923224,186.4678704903736,70400000.0,,,,,,,,,,
2024-05-16,,,,,,188.383041381836,189.6333810173086,188.2044300863017,189.00821119957223,52845200.0,,,,,,,,,,
2024-05-17,,,,,,188.41281127929688,189.3455995404724,187.72810435814964,188.0555735439889,41282900.0,,,,,,,,,,
2024-05-20,,,,,,189.57383728027344,190.44708847543168,187.5594179346384,187.8769693298537,44361300.0,,,,,,,,,,
2024-05-21,,,,,,190.873779296875,191.2508526180576,189.4547462309282,189.62343971650407,42309400.0,,,,,,,,,,
2024-05-22,,,,,,189.4348907470703,191.3401686179172,188.80973611420333,190.7943866831268,34648500.0,,,,,,,,,,
2024-05-23,,,,,,185.44577026367188,189.5341459487459,185.19768892080705,189.51429520164533,51005900.0,,,,,,,,,,
2024-05-24,,,,,,188.5219573974609,189.11735863774425,186.59684388111853,187.37087155015985,36327000.0,,,,,,,,,,
2024-05-28,,,,,,188.5319061279297,191.5188000981433,187.6487371372896,190.0402298173639,52280100.0,,,,,,,,,,
2024-05-29,,,,,,188.82960510253903,190.77456966628964,188.05559245514976,188.154831057814,53068000.0,,,,,,,,,,
2024-05-30,,,,,,189.8219146728516,190.70508365256933,189.16699143181853,189.29598343446253,49889100.0,,,,,,,,,,
2024-05-31,,,,,,190.7745513916016,191.09210277636024,188.45251367186648,189.9707702687458,75158300.0,,,,,,,,,,
2024-06-03,,,,,,192.54087829589844,193.4935172538989,191.0424725318553,191.41954585254337,50080500.0,,,,,,,,,,
2024-06-04,,,,,,192.8584442138672,193.82100104656783,191.548567440495,193.1462119125533,47471400.0,,,,,,,,,,
2024-06-05,,,,,,194.36676025390625,195.38885414673365,193.3744349100596,193.90036613096368,54156800.0,,,,,,,,,,
2024-06-06,,,,,,192.9874420166016,194.99194358986875,192.679823561343,194.1881624282746,41181800.0,,,,,,,,,,
2024-06-07,,,,,,195.37893676757807,195.42855606321456,192.65004206608785,193.1561225415401,53103900.0,,,,,,,,,,
2024-06-10,,,,,,191.63787841796875,195.78580650726497,190.6753215585116,195.3888672580803,97010200.0,,,,,,,,,,
2024-06-11,,,,,,205.5601959228516,205.5701288673056,192.14396771907968,192.1638033246204,172373300.0,,,,,,,,,,
2024-06-12,,,,,,211.4347686767578,218.51003809526932,205.3121079690946,205.7785020929093,198134300.0,,,,,,,,,,
2024-06-13,,,,,,212.5957794189453,215.08651049080893,209.97604121171412,213.0919420729033,97862700.0,,,,,,,,,,
2024-06-14,,,,,,210.85923767089844,213.51866257545944,209.678367977573,212.2088008716011,70122700.0,,,,,,,,,,
2024-06-17,,,,,,215.0071258544922,217.2696263789355,211.0874438581257,211.73244926121387,93728300.0,,,,,,,,,,
2024-06-18,,,,,,212.6453857421875,216.9520891301952,211.36529274424583,215.9200623200828,79943300.0,,,,,,,,,,
2024-06-20,,,,,,208.0707550048828,212.59577094768608,207.2471383568116,212.28813739547687,86172500.0,,,,,,,,,,
2024-06-21,,,,,,205.8975982666016,210.26382387597764,205.5205097773767,208.77533580800625,241805100.0,,,,,,,,,,
2024-06-24,,,,,,206.54263305664065,211.0676350036265,205.0045254728284,206.1258581553852,80727000.0,,,,,,,,,,
2024-06-25,,,,,,207.4654693603516,209.75773850908567,207.0089930344414,207.54484206411715,55549700.0,,,,,,,,,,
2024-06-26,,,,,,211.61338806152344,213.2110325348534,209.0234182045521,209.876818640151,66213200.0,,,,,,,,,,
2024-06-27,,,,,,212.4568634033203,214.0842763709762,210.7202940415425,213.0423317255729,49772700.0,,,,,,,,,,
2024-06-28,,,,,,209.0035552978516,214.411740437408,208.68601906723532,214.1140398112984,82542700.0,,,,,,,,,,
2024-07-01,,,,,,215.0865173339844,215.84067914098924,210.29358412725625,210.46227761796723,60402900.0,,,,,,,,,,
2024-07-02,,,,,,218.5794982910156,218.68865467979296,213.4491783018458,214.49110775455017,58046200.0,,,,,,,,,,
2024-07-03,,,,,,219.84967041015625,219.84967041015625,217.34900644671097,218.3115631866412,37369800.0,,,,,,,,,,
2024-07-05,,,,,,224.6029052734375,224.71206166235044,219.94889718329503,219.94889718329503,60412400.0,,,,,,,,,,
2024-07-08,,,,,,226.0715484619141,226.1013170084402,221.53661474646515,225.3471401186269,59085900.0,,,,,,,,,,
2024-07-09,,,,,,226.9249420166016,227.6394174429305,224.63267299949703,226.18069804264903,48076100.0,,,,,,,,,,
2024-07-10,,,,,,231.19195556640625,231.29119415797783,227.49058625437067,227.5402055501565,62627700.0,,,,,,,,,,
2024-07-11,,,,,,225.823486328125,230.60648662367137,224.0372976764276,229.61416127735984,64710600.0,,,,,,,,,,
2024-07-12,,,,,,228.7706756591797,230.8545649156238,226.92494993371523,227.16311346469493,53046500.0,,,,,,,,,,
2024-07-15,,,,,,232.60107421875,235.40935699641528,231.3011303310065,234.66511292556817,62631300.0,,,,,,,,,,
2024-07-16,,,,,,233.0178375244141,234.4567062015191,230.5469420413052,233.196448812944,43234300.0,,,,,,,,,,
2024-07-17,,,,,,227.12342834472656,229.6836295353235,224.9006141352506,227.68904591405493,57345900.0,,,,,,,,,,
2024-07-18,,,,,,222.45948791503903,228.67145424701283,220.56415801938329,228.51267855827928,66034600.0,,,,,,,,,,
2024-07-19,,,,,,222.5885009765625,225.0593965950336,221.5664070583836,223.0945966051545,49151500.0,,,,,,,,,,
2024-07-22,,,,,,222.24118041992188,226.0318551849056,221.37784711424985,225.2677604657143,48201800.0,,,,,,,,,,
2024-07-23,,,,,,223.2831420898437,225.1983380651768,220.9710219946754,222.6480544130964,39960300.0,,,,,,,,,,
2024-07-24,,,,,,216.86279296875,223.0747598557794,215.46362561910504,222.28089648286087,61777600.0,,,,,,,,,,
2024-07-25,,,,,,215.8208465576172,219.15506035064124,212.97286249707204,217.2497823474704,51391200.0,,,,,,,,,,
2024-07-26,,,,,,216.2872314453125,217.80548795978973,214.3521849755396,217.02154248476683,41601300.0,,,,,,,,,,
2024-07-29,,,,,,216.56509399414065,217.6169564626724,214.0941983741811,215.2949187330816,36311800.0,,,,,,,,,,
2024-07-30,,,,,,217.12078857421875,218.63904514115285,214.46134877521007,217.50779485320817,41643800.0,,,,,,,,,,
2024-07-31,,,,,,220.3756103515625,222.10226187087767,218.936741656308,219.7405227481965,50036300.0,,,,,,,,,,
2024-08-01,,,,,,216.6841583251953,222.7571844619209,215.35444602521784,222.64802807062824,62501000.0,,,,,,,,,,
2024-08-02,,,,,,218.1726531982422,223.86860618805187,216.0391597412521,217.46809553371503,105568600.0,,,,,,,,,,
2024-08-05,,,,,,207.66392517089844,211.8614570593827,194.49576385779395,197.56204548052773,119548600.0,,,,,,,,,,
2024-08-06,,,,,,205.6395721435547,208.3783997216886,199.52685967053256,203.72439154098564,69660500.0,,,,,,,,,,
2024-08-07,,,,,,208.209701538086,212.00037630720823,204.80601788828693,205.3120983398537,63516400.0,,,,,,,,,,
2024-08-08,,,,,,211.6729278564453,212.55609685346144,207.2273143208112,211.4744658055274,47161100.0,,,,,,,,,,
2024-08-09,,,,,,214.5804443359375,215.11629337558463,210.3432107490655,210.4722178930309,42201600.0,,,,,,,,,,
2024-08-12,,,,,,216.1103973388672,218.0774716082045,214.1929998012183,214.65993379251097,38028100.0,,,,,,,,,,
2024-08-13,,,,,,219.82598876953125,220.44193777769505,217.5807279037812,217.5807279037812,44155300.0,,,,,,,,,,
2024-08-14,,,,,,220.27305603027344,221.57450454206744,218.2662343099079,219.13056699635612,41960600.0,,,,,,,,,,
2024-08-15,,,,,,223.25344848632807,223.87934187315213,221.30623303799132,223.1342364732981,46414000.0,,,,,,,,,,
2024-08-16,,,,,,224.5747985839844,225.34970708383625,222.1904519112624,222.45869413327577,44340200.0,,,,,,,,,,
2024-08-19,,,,,,224.41583251953125,224.51518597934856,221.58442566604344,224.2469437652095,40687800.0,,,,,,,,,,
2024-08-20,,,,,,225.0317840576172,225.68748051768907,223.97870407222223,224.2966230198485,30299000.0,,,,,,,,,,
2024-08-21,,,,,,224.9225006103516,226.4921913011218,223.58131984717625,225.0417277949432,34765500.0,,,,,,,,,,
2024-08-22,,,,,,223.0647125244141,226.84984597984075,222.4388190632393,226.3034322565302,43695300.0,,,,,,,,,,
2024-08-23,,,,,,225.3596343994141,226.73063334528243,222.866020162344,224.187342377279,38677300.0,,,,,,,,,,
2024-08-26,,,,,,225.6973876953125,225.7967411465175,222.4288653159012,225.2801304868265,30602200.0,,,,,,,,,,
2024-08-27,,,,,,226.5418701171875,227.35652605602343,223.4223624308928,224.52511915345733,35934600.0,,,,,,,,,,
2024-08-28,,,,,,225.01193237304688,228.3599349118564,224.2072056969652,226.43259292076607,38052200.0,,,,,,,,,,
2024-08-29,,,,,,228.29039001464844,231.3999685703833,227.38634017099784,228.59837969678284,51906300.0,,,,,,,,,,
2024-08-30,,,,,,227.50552368164065,228.89638108151303,225.9954391052015,228.6877600511365,52990800.0,,,,,,,,,,
2024-09-03,,,,,,221.31619262695312,227.5055309941364,219.7266282681139,227.05847075546572,50190600.0,,,,,,,,,,
2024-09-04,,,,,,219.4087371826172,220.33266071869627,216.06071952153204,220.21344869061124,43840200.0,,,,,,,,,,
2024-09-05,,,,,,220.92874145507807,224.0085015990201,220.0743532532445,220.1836359939166,36615400.0,,,,,,,,,,
2024-09-06,,,,,,219.37890625,223.77005891628232,218.3357556594125,222.48846914066652,48423000.0,,,,,,,,,,
2024-09-09,,,,,,219.4683532714844,219.8260045313677,215.29576534565257,219.37894424631625,67180000.0,,,,,,,,,,
2024-09-10,,,,,,218.6735382080078,220.0345925843304,215.3155916138712,217.4913018551984,51591000.0,,,,,,,,,,
2024-09-11,,,,,,221.2069091796875,221.63409569372263,216.46803428284608,220.01474349397893,44587100.0,,,,,,,,,,
2024-09-12,,,,,,221.31619262695312,222.09110108310472,218.385447552102,221.04795042006705,37455600.0,,,,,,,,,,
2024-09-13,,,,,,221.04795837402344,222.57790161811045,220.46181236980377,222.1209120809665,36766600.0,,,,,,,,,,
2024-09-16,,,,,,214.90830993652344,215.80243050187988,212.52396316355507,215.12686027714844,59357400.0,,,,,,,,,,
2024-09-17,,,,,,215.37521362304688,215.48449636527133,213.10016491936787,214.34200737227792,45519300.0,,,,,,,,,,
2024-09-18,,,,,,219.2497711181641,221.25659276615585,216.1203190420684,216.13026348358332,59894900.0,,,,,,,,,,
2024-09-19,,,,,,227.3763732910156,228.32018565098164,223.16405353373213,223.52170475455893,66781300.0,,,,,,,,,,
2024-09-20,,,,,,226.71075439453125,231.56884144729943,226.1345376792504,228.4692075464048,318679900.0,,,,,,,,,,
2024-09-23,,,,,,224.99203491210932,227.95258288382507,224.336338501163,225.8563523524968,54146000.0,,,,,,,,,,
2024-09-24,,,,,,225.8861846923828,227.8532741806864,224.2568878942957,227.15783023434292,43556100.0,,,,,,,,,,
2024-09-25,,,,,,224.8927001953125,225.8066944385944,222.55804543582803,223.462095237407,42308700.0,,,,,,,,,,
2024-09-26,,,,,,226.0352020263672,227.0088022729372,223.9389713421174,225.81663654010725,36636700.0,,,,,,,,,,
2024-09-27,,,,,,226.30340576171875,228.0221264682928,225.81661326820583,226.96904659349977,34026000.0,,,,,,,,,,
2024-09-30,,,,,,231.4794311523437,231.4794311523437,228.1512873446241,228.5387415800987,54541900.0,,,,,,,,,,
2024-10-01,,,,,,224.7337646484375,228.15130254219565,222.27988260723768,228.02216122790813,63285000.0,,,,,,,,,,
2024-10-02,,,,,,225.30001831054688,225.8861642954019,221.56456176324292,224.4158271126304,32880600.0,,,,,,,,,,
2024-10-03,,,,,,224.19728088378903,225.3298406632996,221.86262602596847,223.6707408644945,34044200.0,,,,,,,,,,
2024-10-04,,,,,,225.3199157714844,226.5120815901165,222.66734189828435,226.412728122226,37245100.0,,,,,,,,,,
2024-10-07,,,,,,220.2432403564453,224.21713611955545,219.885589131397,223.0348997045567,39505400.0,,,,,,,,,,
2024-10-08,,,,,,224.296615600586,224.5052366387564,221.79305702807565,222.83620769655573,31855700.0,,,,,,,,,,
2024-10-09,,,,,,228.04202270507807,228.25065892191472,223.3627685020828,223.76015205132023,33591100.0,,,,,,,,,,
2024-10-10,,,,,,227.54527282714844,228.00227752622936,225.68748134269669,226.2935010745161,28183500.0,,,,,,,,,,
2024-10-11,,,,,,226.0650177001953,227.9128799953492,225.8563814846346,227.8035972460956,31759200.0,,,,,,,,,,
2024-10-14,,,,,,229.79054260253903,230.2177291523844,227.1081657950345,227.2075041009655,39882100.0,,,,,,,,,,
2024-10-15,,,,,,232.3238983154297,235.9401430278398,230.8535458975589,232.085459100832,64751400.0,,,,,,,,,,
2024-10-16,,,,,,230.26739501953125,230.60517253033711,228.3400530967301,230.0885769817669,34082200.0,,,,,,,,,,
2024-10-17,,,,,,230.63497924804688,232.3238971476739,229.0156269629083,231.9066247344228,32993800.0,,,,,,,,,,
2024-10-18,,,,,,233.46636962890625,234.6386615701971,232.4828249974097,234.6386615701971,46431500.0,,,,,,,,,,
2024-10-21,,,,,,234.93670654296875,235.3043021987925,232.91995571367767,232.91995571367767,36254500.0,,,,,,,,,,
2024-10-22,,,,,,234.32077026367188,234.67842149785605,231.0820505913223,232.36362533760988,38846600.0,,,,,,,,,,
2024-10-23,,,,,,229.25405883789065,233.60547988580885,226.2736367851708,232.55239985265487,52287000.0,,,,,,,,,,
2024-10-24,,,,,,229.0653076171875,229.3136761173618,226.91940013747097,228.4791464357764,31109500.0,,,,,,,,,,
2024-10-25,,,,,,229.8998107910156,231.69799621804017,228.0718223581781,228.2407111108546,38802300.0,,,,,,,,,,
2024-10-28,,,,,,231.87681579589844,233.19813797949908,231.032372026897,231.7973512193415,36087100.0,,,,,,,,,,
2024-10-29,,,,,,232.1450653076172,232.8007617788984,230.8038845173168,231.5787930163908,35417200.0,,,,,,,,,,
2024-10-30,,,,,,228.5983428955078,231.94634497686565,228.05192923673224,231.091956844746,47070900.0,,,,,,,,,,
2024-10-31,,,,,,224.43569946289065,228.330115454563,223.89921505082023,227.8433077709005,64370100.0,,,,,,,,,,
2024-11-01,,,,,,221.45529174804688,223.87937072005496,218.8325210089845,219.52794977327943,65276700.0,,,,,,,,,,
2024-11-04,,,,,,220.56114196777344,221.33605042123,218.2761640538016,219.54780947276663,44944500.0,,,,,,,,,,
2024-11-05,,,,,,221.9917449951172,222.4884819564664,219.6968226591573,220.3525190863484,28111300.0,,,,,,,,,,
2024-11-06,,,,,,221.2665100097656,224.5946536653585,219.7464961432124,221.15722727351368,54561100.0,,,,,,,,,,
2024-11-07,,,,,,225.99545288085932,226.39285156162416,223.1044551692448,223.16406118155703,42137700.0,,,,,,,,,,
2024-11-08,,,,,,225.7269287109375,227.4176895436531,225.17991383614745,225.9357792784742,38328800.0,,,,,,,,,,
2024-11-11,,,,,,223.01174926757807,224.47376393957063,220.29658566640109,223.7775700900237,42005600.0,,,,,,,,,,
2024-11-12,,,,,,223.01174926757807,224.3643609649356,222.14648085284745,223.3300179850212,40398300.0,,,,,,,,,,
2024-11-13,,,,,,223.8969268798828,225.4186132349141,221.54974806168275,222.79295685996905,48566200.0,,,,,,,,,,
2024-11-14,,,,,,226.9800720214844,227.6265344728401,223.77756520755412,223.7974607959322,44923900.0,,,,,,,,,,
2024-11-15,,,,,,223.7775421142578,225.6871086525265,223.0515125602018,225.1699296392811,47923700.0,,,,,,,,,,
2024-11-18,,,,,,226.7811584472656,228.49181480220403,223.9466365911712,224.0262037676668,44633700.0,,,,,,,,,,
2024-11-19,,,,,,227.0397491455078,228.90953992555225,225.4285554930197,225.7468090353896,36211800.0,,,,,,,,,,
2024-11-20,,,,,,227.7558441162109,228.68078414631773,224.6627401240164,226.82094870348703,35169600.0,,,,,,,,,,
2024-11-21,,,,,,227.2784423828125,228.9095315645878,224.48371169719937,227.63648708983084,42108300.0,,,,,,,,,,
2024-11-22,,,,,,228.62110900878903,229.46649702017743,226.82094518602503,226.82094518602503,38168300.0,,,,,,,,,,
2024-11-25,,,,,,231.6048126220703,231.98275293866183,228.49182822914253,230.2024846846048,90152800.0,,,,,,,,,,
2024-11-26,,,,,,233.7829132080078,234.29015208323423,232.0623165721609,232.0623165721609,45986200.0,,,,,,,,,,
2024-11-27,,,,,,233.6536407470703,234.40952145314373,232.539730455033,233.19614838107907,33498400.0,,,,,,,,,,
2024-11-29,,,,,,236.04058837890625,236.51797629056327,232.698842645531,233.5342752849028,28481400.0,,,,,,,,,,
2024-12-02,,,,,,238.2882843017578,239.4817615684827,235.8714939748314,235.98089694287452,48137100.0,,,,,,,,,,
2024-12-03,,,,,,241.3316802978516,241.441083276618,237.60205398884364,238.50711361537608,38861000.0,,,,,,,,,,
2024-12-04,,,,,,241.6897125244141,242.78374225546824,239.9392801306149,241.55047375645148,44383900.0,,,,,,,,,,
2024-12-05,,,,,,241.7195587158203,243.21140922639395,240.81451427308068,242.6644095132275,40033900.0,,,,,,,,,,
2024-12-06,,,,,,241.52066040039065,243.30094393033409,240.76479490063875,241.59028737878447,36870600.0,,,,,,,,,,
2024-12-09,,,,,,245.40939331054688,245.89673657618508,240.436558593008,240.51612576959505,44649200.0,,,,,,,,,,
2024-12-10,,,,,,246.42385864257807,246.86147053083656,244.00705305092785,245.54863486606115,36914800.0,,,,,,,,,,
2024-12-11,,,,,,245.1508178710937,249.43739908317045,244.9220565413804,246.61283253090065,45205800.0,,,,,,,,,,
2024-12-12,,,,,,246.6128387451172,247.3885997871069,244.3452120348149,245.5486447760948,32777500.0,,,,,,,,,,
2024-12-13,,,,,,246.7819061279297,247.9355922748061,244.90217516924,246.47359279661413,33155300.0,,,,,,,,,,
2024-12-16,,,,,,249.67608642578125,250.01425073054844,246.3045049916291,246.6426692963963,51694800.0,,,,,,,,,,
2024-12-17,,,,,,252.1028289794922,252.45093348613432,248.4229342596344,248.721307383058,51356400.0,,,,,,,,,,
2024-12-18,,,,,,246.7023468017578,252.89849494785605,246.39403346062903,250.7900177691265,56774100.0,,,,,,,,,,
2024-12-19,,,,,,248.43289184570312,250.63089166027345,245.74756389880645,246.15534002348284,60882300.0,,,,,,,,,,
2024-12-20,,,,,,253.1073608398437,253.6145845456153,244.35516822034683,246.69239156062656,147495300.0,,,,,,,,,,
2024-12-23,,,,,,253.88311767578125,254.26104280923545,252.07299848460428,253.38583418491564,40858800.0,,,,,,,,,,
2024-12-24,,,,,,256.79718017578125,256.80710520536127,253.90297174117552,254.10189725758943,23234700.0,,,,,,,,,,
2024-12-26,,,,,,257.6127014160156,258.6868506395932,256.2302692406472,256.7872242633273,27237100.0,,,,,,,,,,
2024-12-27,,,,,,254.2013702392578,257.29448932345014,251.68511699924173,256.42919055718573,42355300.0,,,,,,,,,,
2024-12-30,,,,,,250.82980346679688,252.122743648892,249.38768429964367,250.8596392638085,35557500.0,,,,,,,,,,
2024-12-31,,,,,,249.0594787597656,251.9039411288861,248.07485191726244,251.06850844936807,39480700.0,,,,,,,,,,
2025-01-02,,,,,,242.52517700195312,247.746653923794,240.5062071395791,247.57756417344768,55740700.0,,,,,,,,,,
2025-01-03,,,,,,242.037826538086,242.8533635893569,240.5758118291158,242.037826538086,40244100.0,,,,,,,,,,
2025-01-06,,,,,,243.66891479492188,245.9862577240781,241.87869116125097,242.98266113735733,45045600.0,,,,,,,,,,
2025-01-07,,,,,,240.89407348632807,244.215923537777,240.0387452815234,241.6598791297847,40856000.0,,,,,,,,,,
2025-01-08,,,,,,241.3813934326172,242.3859157551251,238.74579711055483,240.605632433071,37628900.0,,,,,,,,,,
2025-01-10,,,,,,235.56320190429688,238.85521627248303,231.73411285331807,238.70602211575692,61710900.0,,,,,,,,,,
2025-01-13,,,,,,233.12649536132807,233.39503269669683,228.47192915300568,232.2612269401141,49630700.0,,,,,,,,,,
2025-01-14,,,,,,232.01258850097656,234.8371551382162,231.2069916592748,233.47460320476435,39435300.0,,,,,,,,,,
2025-01-15,,,,,,236.5776214599609,237.66171090461413,233.1563089274433,233.36517465190275,39832000.0,,,,,,,,,,
2025-01-16,,,,,,227.01986694335932,236.71689557722044,226.79112077355305,236.06049286491137,71759100.0,,,,,,,,,,
2025-01-17,,,,,,228.7305145263672,231.0279618693864,227.2386640256131,230.85888730040747,68488300.0,,,,,,,,,,
2025-01-21,,,,,,221.43038940429688,223.20071739531107,218.1881065481907,222.783001089375,98070400.0,,,,,,,,,,
2025-01-22,,,,,,222.6139068603516,222.90232457853585,218.59584816144172,218.59584816144172,64126500.0,,,,,,,,,,
2025-01-23,,,,,,222.44485473632807,225.7965406078772,221.09224303438072,223.51898889751172,60234800.0,,,,,,,,,,
2025-01-24,,,,,,221.5696258544922,224.4041477572621,220.2070739772995,223.5587597719764,54697900.0,,,,,,,,,,
2025-01-27,,,,,,228.61117553710932,230.888727332658,222.76311661057,222.8029077898176,94863400.0,,,,,,,,,,
2025-01-28,,,,,,236.9655303955078,238.88505261672515,229.5560092044273,229.5958003833341,75707600.0,,,,,,,,,,
2025-01-29,,,,,,238.0595550537109,238.55683854812665,232.738615593108,232.8480185689149,45486100.0,,,,,,,,,,
2025-01-30,,,,,,236.2991485595703,239.48175963713217,235.92122345328548,237.3732826437262,55658300.0,,,,,,,,,,
2025-01-31,,,,,,234.7178192138672,245.84702671405668,232.17173004375724,245.84702671405668,100959800.0,,,,,,,,,,
2025-02-03,,,,,,226.77120971679688,230.5704628324937,224.4737624406888,228.7404632470789,73063300.0,,,,,,,,,,
2025-02-04,,,,,,231.5352020263672,231.86341095944584,225.4186058340825,226.0153521080233,45067300.0,,,,,,,,,,
2025-02-05,,,,,,231.2069854736328,231.4058958330951,227.0298072213747,227.2883891710869,39620300.0,,,,,,,,,,
2025-02-06,,,,,,231.95291137695312,232.5297620441898,229.1780610151748,230.03338922164468,29925300.0,,,,,,,,,,
2025-02-07,,,,,,226.393295288086,232.72868233994456,226.02529517161955,231.33629458433444,39707200.0,,,,,,,,,,
2025-02-10,,,,,,226.662109375,229.5893537097388,226.21406518332185,228.57379092662129,33115600.0,,,,,,,,,,
2025-02-11,,,,,,231.61053466796875,234.2092091135714,227.1400288616486,227.2097171947109,53718400.0,,,,,,,,,,
2025-02-12,,,,,,235.84210205078125,235.93172304376256,229.67896101319025,230.19670873650108,45243300.0,,,,,,,,,,
2025-02-13,,,,,,240.4818878173828,241.28837041996871,234.5477595362729,235.88194100703416,53614100.0,,,,,,,,,,
2025-02-14,,,,,,243.5385589599609,244.484433375407,239.94422402720733,240.2030902821229,40896200.0,,,,,,,,,,
2025-02-18,,,,,,243.4091186523437,244.1160290849872,240.7905267294893,243.0905000064508,48822500.0,,,,,,,,,,
2025-02-19,,,,,,243.807373046875,244.9424253685456,242.1048021606556,243.5982928571997,32204200.0,,,,,,,,,,
2025-02-20,,,,,,244.7632293701172,245.7091038330044,243.2299036494767,243.87709210808563,32316900.0,,,,,,,,,,
2025-02-21,,,,,,244.48443603515625,247.6108093619248,244.1558662507813,244.88269415360097,53197400.0,,,,,,,,,,
2025-02-24,,,,,,246.0277099609375,247.7800669312537,243.3593319822528,243.86711335623195,51326400.0,,,,,,,,,,
2025-02-25,,,,,,245.96795654296875,248.91511822751468,243.84721006662005,246.92379728169456,48013300.0,,,,,,,,,,
2025-02-26,,,,,,239.31695556640625,243.91690216055417,238.0922974197643,243.26972892021308,44433600.0,,,,,,,,,,
2025-02-27,,,,,,236.27023315429688,241.4078448384303,236.0312691715791,238.3710773588995,41153600.0,,,,,,,,,,
2025-02-28,,,,,,240.79052734375,241.03944246427383,229.2010399398617,235.92174819400608,56833400.0,,,,,,,,,,
2025-03-03,,,,,,236.9970703125,242.971033380884,235.085403953726,240.7407483660274,47184000.0,,,,,,,,,,
2025-03-04,,,,,,234.9061737060547,239.02822274747484,233.6615980851158,236.6784633674393,53798100.0,,,,,,,,,,
2025-03-05,,,,,,234.71701049804688,235.5234930679701,228.235250954078,234.39839184729647,47227600.0,,,,,,,,,,
2025-03-06,,,,,,234.3087921142578,236.82781201573715,232.1482106078643,233.42265485870865,45170400.0,,,,,,,,,,
2025-03-07,,,,,,238.03256225585932,240.32256924437755,233.74125275300776,234.0897400039076,46273600.0,,,,,,,,,,
2025-03-10,,,,,,226.4928436279297,235.13518456664028,223.24699590534985,234.5178647329352,72071200.0,,,,,,,,,,
2025-03-11,,,,,,219.88165283203125,224.8599551431671,216.50636447278404,222.8387656202518,76137400.0,,,,,,,,,,
2025-03-12,,,,,,216.03842163085932,220.78772670269151,213.9774121949233,219.1847126113749,62547500.0,,,,,,,,,,
2025-03-13,,,,,,208.77008056640625,215.899013195213,207.51555384047248,215.01287598245443,61368300.0,,,,,,,,,,
2025-03-14,,,,,,212.5635528564453,213.02154815111564,208.67051688888432,210.3332680009786,60107600.0,,,,,,,,,,
2025-03-17,,,,,,213.07135009765625,214.28605714072168,209.0588394397278,212.3843419118567,48073400.0,,,,,,,,,,
2025-03-18,,,,,,211.7670440673828,214.2163605039484,210.57225445008928,213.230666286154,42432400.0,,,,,,,,,,
2025-03-19,,,,,,214.3059539794922,217.81066771448715,212.82241448637808,213.2903760985492,54385400.0,,,,,,,,,,
2025-03-20,,,,,,213.17092895507807,216.5462175979897,211.29908226715483,213.0614056873257,48862900.0,,,,,,,,,,
2025-03-21,,,,,,217.32281494140625,217.89033350890864,210.36314278996363,210.64192650603025,94127800.0,,,,,,,,,,
2025-03-24,,,,,,219.77212524414065,220.5188705761007,217.63146136955083,220.0409578175666,44299500.0,,,,,,,,,,
2025-03-25,,,,,,222.779037475586,223.1275247285548,219.1249652538438,219.81197343150768,34493600.0,,,,,,,,,,
2025-03-26,,,,,,220.56866455078125,224.0435250895068,219.51326687455483,222.5400680439697,34466100.0,,,,,,,,,,
2025-03-27,,,,,,222.87863159179688,224.0136840691367,219.6028997069453,220.42929982881355,37094800.0,,,,,,,,,,
2025-03-28,,,,,,216.9544219970703,222.8387793372666,216.7353754664909,220.7080664246457,39818600.0,,,,,,,,,,
2025-03-31,,,,,,221.16607666015625,224.64092215942225,215.29167046357225,216.0682844554902,65299300.0,,,,,,,,,,
2025-04-01,,,,,,222.22146606445312,222.70932997882656,217.9500740762217,218.85612876373423,36412700.0,,,,,,,,,,
2025-04-02,,,,,,222.91842651367188,224.21278818927524,220.06088576879955,220.3595869543347,35905900.0,,,,,,,,,,
2025-04-03,,,,,,202.3082427978516,206.58958563447752,200.37665915579905,204.64803566499705,103419000.0,,,,,,,,,,
2025-04-04,,,,,,187.56253051757807,199.0126263082325,186.52703508606032,193.0486144227304,125910900.0,,,,,,,,,,
2025-04-07,,,,,,180.6725616455078,193.30748067285785,173.86223225537526,176.43103817745248,160466300.0,,,,,,,,,,
2025-04-08,,,,,,171.67176818847656,189.5140011328404,168.4757067407598,185.88979780340043,120859500.0,,,,,,,,,,
2025-04-09,,,,,,197.9871063232422,199.739463420842,171.1440912269536,171.2038284291051,184395900.0,,,,,,,,,,
2025-04-10,,,,,,189.5936584472656,193.9347385570105,182.205859833413,188.24952597387417,121880000.0,,,,,,,,,,
2025-04-11,,,,,,197.2901306152344,198.67409816298056,185.2525982906752,185.29243322025624,87435900.0,,,,,,,,,,
2025-04-14,,,,,,201.64117431640625,212.01595519155484,200.28707539108044,210.52246440005905,101352900.0,,,,,,,,,,
2025-04-15,,,,,,201.26280212402344,202.62685207462167,198.93296032454865,200.98401841430368,51343900.0,,,,,,,,,,
2025-04-16,,,,,,193.42697143554688,199.8290612192316,191.5352073519423,197.4992192732065,59732400.0,,,,,,,,,,
2025-04-17,,,,,,196.1251983642578,197.9671763411939,193.5763099497932,196.34424488667963,52164700.0,,,,,,,,,,
2025-04-21,,,,,,192.32179260253903,192.9590147372882,188.9863237329868,192.43131586910096,46742500.0,,,,,,,,,,
2025-04-22,,,,,,198.8732452392578,200.715208155226,195.1196006832811,195.26894368988752,52976400.0,,,,,,,,,,
2025-04-23,,,,,,203.712142944336,207.0973825434984,201.9199510184256,205.1060615575032,52929200.0,,,,,,,,,,
2025-04-24,,,,,,207.4657745361328,207.92378505310097,202.0593452871763,204.00088023313933,47311000.0,,,,,,,,,,
2025-04-25,,,,,,208.371810913086,208.8397725246136,205.3051750047529,205.474435452582,38222300.0,,,,,,,,,,
2025-04-28,,,,,,209.2281036376953,210.5822025692478,206.55974070372147,209.0887117708844,38743100.0,,,,,,,,,,
2025-04-29,,,,,,210.29345703125,211.31898611202763,207.46576971677675,207.784388363366,36827600.0,,,,,,,,,,
2025-04-30,,,,,,211.57785034179688,212.65316547487808,205.7731479657814,208.39173986928208,52286500.0,,,,,,,,,,
2025-05-01,,,,,,212.3943023681641,213.62891164873253,207.9934696463897,208.1726964341785,57365700.0,,,,,,,,,,
2025-05-02,,,,,,204.4588928222656,206.0917754590827,201.2827333487594,205.1956718800824,101010600.0,,,,,,,,,,
2025-05-05,,,,,,198.0269012451172,203.2142987421232,197.34985944880984,202.2186383175024,69018500.0,,,,,,,,,,
2025-05-06,,,,,,197.6485595703125,199.7792724238197,196.1650351546796,197.3498735756035,51216500.0,,,,,,,,,,
2025-05-07,,,,,,195.3983612060547,198.5745204381265,192.4113798882551,198.30568786560423,68536700.0,,,,,,,,,,
2025-05-08,,,,,,196.63299560546875,199.1818840286168,193.83517686729027,196.86199326420865,50478900.0,,,,,,,,,,
2025-05-09,,,,,,197.66847229003903,199.6697443694255,196.6827629534363,198.1364339272832,36453900.0,,,,,,,,,,
2025-05-12,,,,,,210.15049743652344,210.6290521628615,206.1227607044075,210.32995926202443,63775800.0,,,,,,,,,,
2025-05-13,,,,,,212.28399658203125,212.75257189298435,208.36592688565327,209.79158118866212,51909300.0,,,,,,,,,,
2025-05-14,,,,,,211.68582153320312,213.2909376210484,209.94113079478424,211.78550901932945,49325800.0,,,,,,,,,,
2025-05-15,,,,,,210.8085021972656,212.3139309113297,208.90429308394448,210.31001909194572,45029500.0,,,,,,,,,,
2025-05-16,,,,,,210.6190643310547,211.92510277199543,209.1335944967917,211.71573318604425,54737900.0,,,,,,,,,,
2025-05-19,,,,,,208.14659118652344,208.8444644477049,203.64029993754312,207.27923550566183,46140500.0,,,,,,,,,,
2025-05-20,,,,,,206.232421875,207.83753801206532,204.40797196423648,207.03996203611737,42496600.0,,,,,,,,,,
2025-05-21,,,,,,201.4768829345703,206.41186226922272,200.10108001028595,204.5475404614086,59211800.0,,,,,,,,,,
2025-05-22,,,,,,200.74908447265625,202.1348666739061,199.09411717835945,200.1010626250374,46742400.0,,,,,,,,,,
2025-05-23,,,,,,194.67759704589844,197.1002176461426,192.8730906309023,193.082445017036,78432900.0,,,,,,,,,,
2025-05-27,,,,,,199.60260009765625,200.1309909415137,196.83102019804124,197.6983910952664,56288500.0,,,,,,,,,,
2025-05-28,,,,,,199.8119506835937,202.11494001836,199.2935240345892,199.98143310081724,45339700.0,,,,,,,,,,
2025-05-29,,,,,,199.3433837890625,203.19167383577107,197.9077500620525,202.9623758748587,51396800.0,,,,,,,,,,
2025-05-30,,,,,,200.2406616210937,201.3472946799051,196.18300200128652,198.7651407343476,70819900.0,,,,,,,,,,
2025-06-02,,,,,,201.08807373046875,201.5167770946724,199.5128653541448,199.6723835925692,35423300.0,,,,,,,,,,
2025-06-03,,,,,,202.6533050537109,203.1517881077627,200.35031577799097,200.7391319516516,46381600.0,,,,,,,,,,
2025-06-04,,,,,,202.2046813964844,205.6143037964219,201.48686455307688,202.29440469878628,43604000.0,,,,,,,,,,
2025-06-05,,,,,,200.02133178710932,204.12882762641604,199.5427770623868,202.88261988754903,55126100.0,,,,,,,,,,
2025-06-06,,,,,,203.30133056640625,205.07592905349443,201.4370087789868,202.3841235560851,46607700.0,,,,,,,,,,
2025-06-09,,,,,,200.83883666992188,205.37503589356555,199.4131823149893,203.76991971327607,72862600.0,,,,,,,,,,
2025-06-10,,,,,,202.0551147460937,203.7300256804245,199.96149509379936,199.9914028593682,54672600.0,,,,,,,,,,
2025-06-11,,,,,,198.1769256591797,203.8795731269679,197.80805305990708,202.88260699920767,60989900.0,,,,,,,,,,
2025-06-12,,,,,,198.5956573486328,199.07419684911244,196.7612432530472,198.476026276637,43904600.0,,,,,,,,,,
2025-06-13,,,,,,195.85400390625,199.76210952406475,195.1062792678608,199.1240517744725,51447300.0,,,,,,,,,,
2025-06-16,,,,,,197.81802368164065,198.08720880439395,195.9636660151664,196.701426450214,43020700.0,,,,,,,,,,
2025-06-17,,,,,,195.04644775390625,197.78810453675544,194.6177596316768,196.6017124403596,38856200.0,,,,,,,,,,
2025-06-18,,,,,,195.9835968017578,196.97059871241268,194.4781834746436,195.3455391093888,45394700.0,,,,,,,,,,
2025-06-20,,,,,,200.3901824951172,201.08805571006383,196.2627435238668,197.63856158511533,96813500.0,,,,,,,,,,
2025-06-23,,,,,,200.88868713378903,201.68626312768808,198.3563997065937,201.0182976063905,55814300.0,,,,,,,,,,
2025-06-24,,,,,,199.6923217773437,202.8227948624406,199.5926190778996,201.97536755465325,54064000.0,,,,,,,,,,
2025-06-25,,,,,,200.9485015869141,203.05210084338043,200.01135094007645,200.8388346981885,39525700.0,,,,,,,,,,
2025-06-26,,,,,,200.3901824951172,202.0252062612044,198.8548614222345,200.8188706084076,50799100.0,,,,,,,,,,
2025-06-27,,,,,,200.469955444336,202.60346239871808,199.39323017588663,201.2774955925489,73188600.0,,,,,,,,,,
2025-06-30,,,,,,204.54754638671875,206.7608124915243,198.6554726965608,201.3971296521761,91912800.0,,,,,,,,,,
2025-07-01,,,,,,207.18951416015625,209.55231908550664,205.5146031050056,206.04299395149744,78788900.0,,,,,,,,,,
2025-07-02,,,,,,211.7954864501953,212.69274987948137,207.5085290616707,208.2761972389462,67941800.0,,,,,,,,,,
2025-07-03,,,,,,212.90213012695312,213.9987837940836,211.1674035025876,211.5063683517463,34955800.0,,,,,,,,,,
2025-07-07,,,,,,209.3130340576172,215.57398008038285,208.16652910348648,212.0347473083985,50229000.0,,,,,,,,,,
2025-07-08,,,,,,209.37286376953125,210.78855393169587,207.8175989494771,209.46260228799343,42848900.0,,,,,,,,,,
2025-07-09,,,,,,210.4994354248047,210.6888614301138,206.59132988433592,208.8943192909964,48749400.0,,,,,,,,,,
2025-07-10,,,,,,211.7655792236328,212.8323250717279,209.39279496736208,209.87133445003573,44443600.0,,,,,,,,,,
2025-07-11,,,,,,210.5193634033203,211.4864217284832,209.2233044426644,209.9311570606941,39765800.0,,,,,,,,,,
2025-07-14,,,,,,207.9870758056641,210.27013683517245,206.910350525426,209.293099043616,38840100.0,,,,,,,,,,
2025-07-15,,,,,,208.47560119628903,211.2471659954246,208.2861751856472,208.5852680860029,42296300.0,,,,,,,,,,
2025-07-16,,,,,,209.5224151611328,211.7556096589697,208.0070223143888,209.6619898172476,47490500.0,,,,,,,,,,
2025-07-17,,,,,,209.38282775878903,211.1574262267181,208.95412441878605,209.93116216460888,48068100.0,,,,,,,,,,
2025-07-18,,,,,,210.539306640625,211.1474566075158,209.06380098140497,210.23024956462243,48974600.0,,,,,,,,,,
2025-07-21,,,,,,211.8353576660156,215.1253489161305,210.9879455885212,211.4565208835752,51377400.0,,,,,,,,,,
2025-07-22,,,,,,213.74954223632807,214.29787667610697,211.5861274580158,212.4933703299684,46404100.0,,,,,,,,,,
2025-07-23,,,,,,213.50030517578125,214.49727137359017,211.7655937275917,214.3477325289176,46989300.0,,,,,,,,,,
2025-07-24,,,,,,213.1114654541016,215.0356179140754,212.8821675134036,213.25104009789536,46022600.0,,,,,,,,,,
2025-07-25,,,,,,213.2311248779297,214.58699944946252,212.7525701732737,214.04862920984863,40268800.0,,,,,,,,,,
2025-07-28,,,,,,213.400619506836,214.1981955143971,212.41361748607304,213.38067592321025,37858000.0,,,,,,,,,,
2025-07-29,,,,,,210.6290435791016,214.1582970701604,210.18041185237743,213.53020352524888,51411700.0,,,,,,,,,,
2025-07-30,,,,,,208.415771484375,211.74563469104572,207.0898047125579,211.2571158132724,45512500.0,,,,,,,,,,
2025-07-31,,,,,,206.94027709960932,209.2033793731888,206.5315173151756,207.85748415888983,80698400.0,,,,,,,,,,
2025-08-01,,,,,,201.7660217285156,212.93203997684435,200.8886866162373,210.23025491744008,104434500.0,,,,,,,,,,
2025-08-04,,,,,,202.7330780029297,207.24933356384108,201.06813110178,203.8895472057539,75109300.0,,,,,,,,,,
2025-08-05,,,,,,202.3043670654297,204.7170232958933,201.5466782764192,202.7829065525681,44155100.0,,,,,,,,,,
2025-08-06,,,,,,212.60304260253903,214.72658548105812,204.96627784328447,205.00616501036765,108483100.0,,,,,,,,,,
2025-08-07,,,,,,219.36245727539065,220.1799768073744,215.92292715514492,218.2159523061407,90224800.0,,,,,,,,,,
2025-08-08,,,,,,228.65419006347656,230.29917810781973,218.58482597462972,220.16003429974123,113854000.0,,,,,,,,,,
2025-08-11,,,,,,226.747802734375,229.123279867368,224.3324083989562,227.486400432218,61806100.0,,,,,,,,,,
2025-08-12,,,,,,229.21310424804688,230.36092560837628,226.63802588155733,227.57622481823225,55626200.0,,,,,,,,,,
2025-08-13,,,,,,232.88612365722656,234.552944884794,229.99163136972763,230.6304284784954,69878500.0,,,,,,,,,,
2025-08-14,,,,,,232.337158203125,234.6727029329224,230.41083714463488,233.6147219132583,51916300.0,,,,,,,,,,
2025-08-15,,,,,,231.1494140625,233.834298979768,228.9036945156081,233.5548328767578,56038700.0,,,,,,,,,,
2025-08-18,,,,,,230.4507598876953,232.67651332576617,229.672244959047,231.25921652669464,37476200.0,,,,,,,,,,
2025-08-19,,,,,,230.1213836669922,232.42698672077373,228.9136940815642,230.8400151681398,39402600.0,,,,,,,,,,
2025-08-20,,,,,,225.5800323486328,230.0315543310328,225.3404986724704,229.54248102593337,42263900.0,,,,,,,,,,
2025-08-21,,,,,,224.4721527099609,226.08908123987143,223.3542882288465,225.83955683035407,30621200.0,,,,,,,,,,
2025-08-22,,,,,,227.3267059326172,228.65417758009715,224.98118568943207,225.7397343895232,42477800.0,,,,,,,,,,
2025-08-25,,,,,,226.72784423828125,228.8637723966904,225.7996055926997,226.049129981438,30983100.0,,,,,,,,,,
2025-08-26,,,,,,228.873764038086,229.0534295301293,224.2625578823749,226.438403395408,54575100.0,,,,,,,,,,
2025-08-27,,,,,,230.0515289306641,230.4607373856072,227.82576024347395,228.17510050695543,31259500.0,,,,,,,,,,
2025-08-28,,,,,,232.1175842285156,232.9659733126178,228.90370861616245,230.3809040856524,38074700.0,,,,,,,,,,
2025-08-29,,,,,,231.6983795166016,232.9360260407387,230.92984008944924,232.0676707602769,39418400.0,,,,,,,,,,
2025-09-02,,,,,,229.28298950195312,230.4108447009183,226.53822101083423,228.8138823959992,44075600.0,,,,,,,,,,
2025-09-03,,,,,,238.016342163086,238.395624134605,233.9141603097862,236.75874463665696,66427800.0,,,,,,,,,,
2025-09-04,,,,,,239.32383728027344,239.4436041167336,236.2896273284533,237.996365667052,47549400.0,,,,,,,,,,
2025-09-05,,,,,,239.2340087890625,240.8609127003189,238.0362947520209,239.5434165987409,54870400.0,,,,,,,,,,
2025-09-08,,,,,,237.42745971679688,239.69313028194867,235.89038089866293,238.844756467826,48999500.0,,,,,,,,,,
2025-09-09,,,,,,233.9041748046875,238.3257397896772,232.9160527142261,236.54912730927947,66313900.0,,,,,,,,,,
2025-09-10,,,,,,226.35855102539065,231.9778454619465,225.5201526853384,231.7482872752143,83440800.0,,,,,,,,,,
2025-09-11,,,,,,229.59239196777344,230.0115911363252,226.21881717306923,226.44839058875493,50208600.0,,,,,,,,,,
2025-09-12,,,,,,233.6247100830078,234.063860229386,228.584314210114,228.7839306820605,55824200.0,,,,,,,,,,
2025-09-15,,,,,,236.24969482421875,237.7368657054393,234.58287368836287,236.549127145038,42699500.0,,,,,,,,,,
2025-09-16,,,,,,237.6969451904297,240.76111223381088,235.87043992435724,236.72878926810645,63421100.0,,,,,,,,,,
2025-09-17,,,,,,238.5353546142578,239.6432435766681,237.27774187166392,238.5153883976145,46508000.0,,,,,,,,,,
2025-09-18,,,,,,237.42745971679688,240.74113579799257,236.199788714976,239.5134800259323,44249600.0,,,,,,,,,,
2025-09-19,,,,,,245.032958984375,245.83144010441063,239.7530294205925,240.77107799962133,163741300.0,,,,,,,,,,
2025-09-22,,,,,,255.5928192138672,256.15178189089505,247.64797087115,247.82763635806887,105517400.0,,,,,,,,,,
2025-09-23,,,,,,253.9459686279297,256.8504363399061,253.0975947938589,255.3932223520852,60275200.0,,,,,,,,,,
2025-09-24,,,,,,251.8300018310547,255.2534845023776,250.5624136207024,254.73446948849343,42303700.0,,,,,,,,,,
2025-09-25,,,,,,256.3813171386719,256.6807646844572,251.2311452680336,252.7282916183988,55202100.0,,,,,,,,,,
2025-09-26,,,,,,254.97401428222656,257.10994249251326,253.2972024297037,253.61660096533103,46076300.0,,,,,,,,,,
2025-09-29,,,,,,253.9459686279297,254.5148915782133,252.52867184357527,254.0757261912774,40127700.0,,,,,,,,,,
2025-09-30,,,,,,254.1455993652344,255.4331385813304,252.6284867333586,254.3751575512532,37704300.0,,,,,,,,,,
2025-10-01,,,,,,254.9640350341797,258.29769267334166,254.44502000530687,254.55481135315,48713900.0,,,,,,,,,,
2025-10-02,,,,,,256.6408386230469,257.68882891050583,253.66649683440303,256.09186667190835,42630200.0,,,,,,,,,,
2025-10-03,,,,,,257.5291442871094,258.7468246365968,253.46689477740225,254.18552630266564,49155600.0,,,,,,,,,,
2025-10-06,,,,,,256.20166015625,258.57713717661323,254.56478079871025,257.499174775338,44664100.0,,,,,,,,,,
2025-10-07,,,,,,255.9920959472656,256.9103287268919,254.94407514023973,256.32145476920215,31955800.0,,,,,,,,,,
2025-10-08,,,,,,257.569091796875,258.0282082133661,255.62278908467795,256.03201279963565,36496900.0,,,,,,,,,,
2025-10-09,,,,,,253.55670166015625,257.50917476461467,252.6584199331141,257.3195337882977,38322000.0,,,,,,,,,,
2025-10-10,,,,,,244.80340576171875,255.8922708493858,243.53581752909892,254.4550078501572,61999100.0,,,,,,,,,,
2025-10-13,,,,,,247.18885803222656,249.2149949644775,245.09284695691,248.9055871417832,38142900.0,,,,,,,,,,
2025-10-14,,,,,,247.29864501953125,248.37659224814223,244.2344780970313,246.1308726626428,35478000.0,,,,,,,,,,
2025-10-15,,,,,,248.8656616210937,251.3409547309234,246.9992239099276,249.01538540478128,33893600.0,,,,,,,,,,
2025-10-16,,,,,,246.9792633056641,248.56623493239263,244.6636846503341,247.77774448085987,39777000.0,,,,,,,,,,
2025-10-17,,,,,,251.81002807617188,252.89796599708643,246.79958926324147,247.5481624372989,49147000.0,,,,,,,,,,
2025-10-20,,,,,,261.7411193847656,263.87706298772724,255.143708503654,255.4032084113237,90483000.0,,,,,,,,,,
2025-10-21,,,,,,262.27008056640625,264.7853058703715,261.3318664386604,261.3817895915523,46695900.0,,,,,,,,,,
2025-10-22,,,,,,257.9583435058594,262.349966966352,254.94406918261987,262.15033525743416,45015300.0,,,,,,,,,,
2025-10-23,,,,,,259.0861511230469,260.12418111371363,257.51916110368444,259.4454820834593,32754900.0,,,,,,,,,,
2025-10-24,,,,,,262.3200378417969,263.62754335723145,258.68694768993146,260.69313376057823,38253700.0,,,,,,,,,,
2025-10-27,,,,,,268.2986145019531,268.60802232244004,264.1465248140549,264.37609822840903,44888200.0,,,,,,,,,,
2025-10-28,,,,,,268.4882507324219,269.3765722048576,267.63986169210665,268.4782600095115,41534800.0,,,,,,,,,,
2025-10-29,,,,,,269.1869201660156,270.8936584399069,266.6018207191691,268.76770579477784,51086700.0,,,,,,,,,,
2025-10-30,,,,,,270.8836669921875,273.6184749716116,267.969239224885,271.4725408872279,69886500.0,,,,,,,,,,
2025-10-31,,,,,,269.85565185546875,276.79244258078194,268.647962249571,276.4630533049319,86167100.0,,,,,,,,,,
2025-11-03,,,,,,268.53814697265625,270.33474092754267,265.74348587775046,269.90556627002525,50194600.0,,,,,,,,,,
2025-11-04,,,,,,269.5262756347656,270.9734988318123,267.11086611942017,267.8195068636227,49274800.0,,,,,,,,,,
2025-11-05,,,,,,269.6260986328125,271.18312844251227,266.4221834255846,268.0989800730272,43683100.0,,,,,,,,,,
2025-11-06,,,,,,269.2567749023437,272.8798740142925,267.38037702601645,267.38037702601645,51204000.0,,,,,,,,,,
2025-11-07,,,,,,267.9592590332031,271.7719991063764,266.26248096015127,269.28671541495146,48227400.0,,,,,,,,,,
2025-11-10,,,,,,269.1781311035156,273.4741297822401,267.2099714283653,268.7085692371889,41312400.0,,,,,,,,,,
2025-11-11,,,,,,274.99267578125,275.65206242273547,269.5477586519058,269.55775905965567,46208300.0,,,,,,,,,,
2025-11-12,,,,,,273.21435546875,275.4722525277038,271.4460210796085,274.74292397164845,48398000.0,,,,,,,,,,
2025-11-13,,,,,,272.6948547363281,276.4413491841305,271.83564282199285,273.85374352181776,49602800.0,,,,,,,,,,
2025-11-14,,,,,,272.15533447265625,275.702003472256,269.3479639093673,270.7965900477885,47431300.0,,,,,,,,,,
2025-11-17,,,,,,267.2099609375,270.2371271729127,265.48159771217263,268.5687054184609,45018300.0,,,,,,,,,,
2025-11-18,,,,,,267.19000244140625,270.4569347049811,265.0719890725528,269.7376065335732,45677300.0,,,,,,,,,,
2025-11-19,,,,,,268.3089294433594,271.9555110777923,265.2517925781922,265.2817633125939,40424500.0,,,,,,,,,,
2025-11-20,,,,,,266.0010986328125,275.17250947675234,265.67142054546326,270.5768036466949,45823600.0,,,,,,,,,,
2025-11-21,,,,,,271.2361755371094,273.0744516711978,265.4216397990326,265.70137680880595,59030800.0,,,,,,,,,,
2025-11-24,,,,,,275.6620788574219,276.7410558404627,270.64675212306133,270.64675212306133,65585800.0,,,,,,,,,,
2025-11-25,,,,,,276.7110900878906,280.1179060838009,274.9926967216935,275.012667049666,46914200.0,,,,,,,,,,
2025-11-26,,,,,,277.29052734375,279.26868736786383,276.3714044558947,276.70108254872224,33431400.0,,,,,,,,,,
2025-11-28,,,,,,278.5893249511719,278.73917862681736,275.73198274965245,277.0008150112318,20135600.0,,,,,,,,,,
2025-12-01,,,,,,282.8353576660156,283.1550658399818,275.88187257202503,277.75011957449965,46587700.0,,,,,,,,,,
2025-12-02,,,,,,285.9224548339844,287.1313151163589,282.36578537497866,282.7354345985028,53669500.0,,,,,,,,,,
2025-12-03,,,,,,283.8843688964844,288.35019153510143,283.0351573834178,285.9324708384744,43538700.0,,,,,,,,,,
2025-12-04,,,,,,280.4375915527344,284.46382276925783,278.32954829392816,283.83440686502166,43989100.0,,,,,,,,,,
2025-12-05,,,,,,278.5193786621094,280.8771882481053,277.79005013345267,280.27774306596746,47265800.0,,,,,,,,,,
2025-12-08,,,,,,277.6302185058594,279.4085531850005,275.8918244790692,277.8699843761556,38211800.0,,,,,,,,,,
2025-12-09,,,,,,276.9208679199219,279.7682096639769,276.6611317163261,277.8999627322321,32193300.0,,,,,,,,,,
2025-12-10,,,,,,278.5193786621094,279.48847306800184,276.1815698919154,277.490342786908,33038300.0,,,,,,,,,,
2025-12-11,,,,,,277.77008056640625,279.3286197507982,273.5540244422053,278.83908758708685,33248000.0,,,,,,,,,,
2025-12-12,,,,,,278.0198669433594,278.9589906850317,276.5612402656973,277.64021728323,39532900.0,,,,,,,,,,
2025-12-15,,,,,,273.8537292480469,279.8880911943856,272.5849275039148,279.8880911943856,50409100.0,,,,,,,,,,
2025-12-16,,,,,,274.353271484375,275.2424541197232,271.53593087885605,272.5649667835892,37648600.0,,,,,,,,,,
2025-12-17,,,,,,271.5858764648437,275.90184538512057,271.38608172110213,274.75292651919426,50138700.0,,,,,,,,,,
2025-12-18,,,,,,271.935546875,273.374203136776,266.7004552212896,273.35420232069225,51630700.0,,,,,,,,,,
2025-12-19,,,,,,273.4141845703125,274.34330788170604,269.64768928264715,271.8955859651445,144632000.0,,,,,,,,,,
2025-12-22,,,,,,270.7166748046875,273.62395794129594,270.25711338978425,272.6048920133635,36571800.0,,,,,,,,,,
2025-12-23,,,,,,272.1053771972656,272.2452609569047,269.30800689497966,270.5868091030317,29642000.0,,,,,,,,,,
2025-12-24,,,,,,273.55401611328125,275.17249671786806,271.9455359163183,272.085389177814,17910600.0,,,,,,,,,,
2025-12-26,,,,,,273.1444091796875,275.1125687682936,272.6049054553,273.9037084592662,21521800.0,,,,,,,,,,
2025-12-29,,,,,,273.50408935546875,274.10350406329195,272.0954038139857,272.4350823114352,23715200.0,,,,,,,,,,
2025-12-30,,,,,,272.82470703125,273.82377221524894,272.0254670796708,272.5549704076282,22139600.0,,,,,,,,,,
2025-12-31,,,,,,271.6058349609375,273.42414083736213,271.4959524300237,272.80472532736104,27293600.0,,,,,,,,,,
2026-01-02,,,,,,270.75665283203125,277.5802543100492,268.7485221479618,272.0054842546519,37838100.0,,,,,,,,,,
2026-01-05,,,,,,267.0101623535156,271.25618925068443,265.89121426121545,270.38700744645297,45647200.0,,,,,,,,,,
2026-01-06,,,,,,262.1147155761719,267.2998660934885,261.8749496989937,266.7503924619391,52352100.0,,,,,,,,,,
2026-01-07,,,,,,260.08660888671875,263.4334831315393,259.5671060011504,262.95395138764474,48309800.0,,,,,,,,,,
2026-01-08,,,,,,258.7978515625,259.0476178563403,255.4609622909548,256.7797203952787,50419300.0,,,,,,,,,,
2026-01-09,,,,,,259.1275329589844,259.9667440583015,255.98048371428257,258.8377955175017,39997000.0,,,,,,,,,,
2026-01-12,,,,,,260.0067138671875,261.05572011368304,256.5599267903311,258.9177364764393,45263800.0,,,,,,,,,,
2026-01-13,,,,,,260.8059387207031,261.56523797230057,258.148452318208,258.4781303943212,45730800.0,,,,,,,,,,
2026-01-14,,,,,,259.71697998046875,261.57525710051715,256.4700180914029,259.247418118488,40019400.0,,,,,,,,,,
2026-01-15,,,,,,257.9685974121094,260.7959687899761,256.8096782083212,260.40631875644857,39388600.0,,,,,,,,,,
2026-01-16,,,,,,255.29112243652344,258.6579671912775,254.6916772349149,257.6589020182799,72142800.0,,,,,,,,,,
2026-01-20,,,,,,246.4693756103516,254.55180921698133,243.1924430560896,252.49373739571587,80267500.0,,,,,,,,,,
2026-01-21,,,,,,247.41848754882807,251.3248360900433,244.9507953165175,248.4675090444481,54641700.0,,,,,,,,,,
2026-01-22,,,,,,248.1178436279297,250.76536025794263,247.9180183962477,248.9670398844788,39708300.0,,,,,,,,,,
2026-01-23,,,,,,247.80812072753903,249.176850391454,244.4512611104124,247.0888078223564,41689000.0,,,,,,,,,,
2026-01-26,,,,,,255.17123413085932,256.32015295784896,249.5664780183616,251.24490015634893,55969200.0,,,,,,,,,,
2026-01-27,,,,,,258.0285339355469,261.7051166970889,257.96859246831417,258.92771692213245,49648300.0,,,,,,,,,,
2026-01-28,,,,,,256.2002868652344,258.61800761819165,254.2720830679268,257.409147241713,41288000.0,,,,,,,,,,
2026-01-29,,,,,,258.0385437011719,259.4072580677027,254.17216647920577,257.75880668092503,67253000.0,,,,,,,,,,
2026-01-30,,,,,,259.2374267578125,261.6551472598355,251.94423313215475,254.9314433110553,92443400.0,,,,,,,,,,
2026-02-02,,,,,,269.7575988769531,270.2371306501278,258.9676766447768,259.7869174093499,73913400.0,,,,,,,,,,
2026-02-03,,,,,,269.22808837890625,271.6258386480508,267.3598109321867,268.9483513556569,64394700.0,,,,,,,,,,
2026-02-04,,,,,,276.23150634765625,278.68922850453845,272.03545112075,272.03545112075,90545700.0,,,,,,,,,,
2026-02-05,,,,,,275.6520690917969,279.2387093202658,272.97458180817284,277.86999494352693,52977400.0,,,,,,,,,,
2026-02-06,,,,,,277.8599853515625,280.6473855638201,276.6710954236804,276.8609202349588,50453400.0,,,,,,,,,,
2026-02-09,,,,,,274.6199951171875,278.20001220703125,271.70001220703125,277.9100036621094,44623400.0,,,,,,,,,,
2026-02-10,,,,,,273.67999267578125,275.3699951171875,272.94000244140625,274.8900146484375,34376900.0,,,,,,,,,,
2026-02-11,,,,,,275.5,280.17999267578125,274.45001220703125,274.70001220703125,51931300.0,,,,,,,,,,
2026-02-12,,,,,,261.7300109863281,275.7200012207031,260.17999267578125,275.5899963378906,81077200.0,,,,,,,,,,
2026-02-13,,,,,,255.77999877929688,262.2300109863281,255.4499969482422,262.010009765625,56290700.0,,,,,,,,,,
2026-02-17,,,,,,263.8800048828125,266.2900085449219,255.5399932861328,258.04998779296875,58469100.0,,,,,,,,,,
2026-02-18,,,,,,264.3500061035156,266.82000732421875,262.45001220703125,263.6000061035156,34203300.0,,,,,,,,,,
2026-02-19,,,,,,260.5799865722656,264.4800109863281,260.04998779296875,262.6000061035156,30845300.0,,,,,,,,,,
2026-02-20,,,,,,264.5799865722656,264.75,258.1600036621094,258.9700012207031,42070500.0,,,,,,,,,,
2026-02-23,,,,,,266.17999267578125,269.42999267578125,263.3800048828125,263.489990234375,37308200.0,,,,,,,,,,
2026-02-24,,,,,,272.1400146484375,274.8900146484375,267.7099914550781,267.8599853515625,47014600.0,,,,,,,,,,
2026-02-25,,,,,,274.2300109863281,274.94000244140625,271.04998779296875,271.7799987792969,33714300.0,,,,,,,,,,
2026-02-26,,,,,,272.95001220703125,276.1099853515625,270.79998779296875,274.95001220703125,32345100.0,,,,,,,,,,
2026-02-27,,,,,,264.17999267578125,272.8099975585937,262.8900146484375,272.8099975585937,72366500.0,,,,,,,,,,
2026-03-02,,,,,,264.7200012207031,266.5299987792969,260.20001220703125,262.4100036621094,41827900.0,,,,,,,,,,
2026-03-03,,,,,,263.75,265.5599975585937,260.1300048828125,263.4800109863281,38568900.0,,,,,,,,,,
2026-03-04,,,,,,262.5199890136719,266.1499938964844,261.4200134277344,264.6499938964844,39803100.0,,,,,,,,,,
2026-03-05,,,,,,260.2900085449219,261.5599975585937,257.25,260.7900085449219,49658600.0,,,,,,,,,,
2026-03-06,,,,,,257.4599914550781,258.7699890136719,254.3699951171875,258.6300048828125,41120000.0,,,,,,,,,,
2026-03-09,,,,,,259.8800048828125,261.1499938964844,253.67999267578125,255.69000244140625,38218500.0,,,,,,,,,,
2026-03-10,,,,,,260.8299865722656,262.4800109863281,256.95001220703125,257.6499938964844,30590800.0,,,,,,,,,,
2026-03-11,,,,,,260.8099975585937,262.1300048828125,259.54998779296875,261.0899963378906,26218900.0,,,,,,,,,,
2026-03-12,,,,,,255.759994506836,258.95001220703125,254.17999267578125,258.6600036621094,40794000.0,,,,,,,,,,
2026-03-13,,,,,,250.1199951171875,256.3299865722656,249.5200042724609,255.47999572753903,36930000.0,,,,,,,,,,
2026-03-16,,,,,,252.82000732421875,253.88999938964844,249.8800048828125,252.1100006103516,32074200.0,,,,,,,,,,
2026-03-17,,,,,,254.22999572753903,255.1300048828125,252.17999267578125,252.9600067138672,32361600.0,,,,,,,,,,
2026-03-18,,,,,,249.94000244140625,254.94000244140625,249.0,252.6300048828125,35757900.0,,,,,,,,,,
2026-03-19,,,,,,248.9600067138672,251.8300018310547,247.3000030517578,249.3999938964844,34864100.0,,,,,,,,,,
2026-03-20,,,,,,247.9900054931641,249.1999969482422,246.0,247.97999572753903,88331100.0,,,,,,,,,,
2026-03-23,,,,,,251.4900054931641,254.6000061035156,250.27999877929688,253.97000122070312,40546100.0,,,,,,,,,,
2026-03-24,,,,,,251.63999938964844,254.8300018310547,249.5500030517578,250.3500061035156,45152300.0,,,,,,,,,,
2026-03-25,,,,,,252.6199951171875,255.0,251.6000061035156,254.1000061035156,28476700.0,,,,,,,,,,
2026-03-26,,,,,,252.88999938964844,257.0,250.7700042724609,252.1199951171875,41796700.0,,,,,,,,,,
2026-03-27,,,,,,248.8000030517578,255.4900054931641,248.07000732421875,253.8999938964844,47900000.0,,,,,,,,,,
2026-03-30,,,,,,246.6300048828125,250.8699951171875,245.509994506836,250.07000732421875,39446200.0,,,,,,,,,,
2026-03-31,,,,,,253.7899932861328,255.47999572753903,247.1000061035156,247.91000366210932,49598100.0,,,,,,,,,,
2026-04-01,,,,,,255.6300048828125,256.17999267578125,253.3300018310547,254.0800018310547,40059400.0,,,,,,,,,,
2026-04-02,,,,,,,,,,,,,,,,255.9199981689453,256.1300048828125,250.64999389648438,254.1999969482422,31289400.0
