Date,Close,High,Low,Open,Volume,"('Close', 'MSFT')","('High', 'MSFT')","('Low', 'MSFT')","('Open', 'MSFT')","('Volume', 'MSFT')","('Close', 'MSFT').1","('High', 'MSFT').1","('Low', 'MSFT').1","('Open', 'MSFT').1","('Volume', 'MSFT').1","('Close', 'MSFT')","('High', 'MSFT')","('Low', 'MSFT')","('Open', 'MSFT')","('Volume', 'MSFT')"
2018-01-02,78.870361328125,79.2007089630862,78.45743028490708,79.03553514560559,22483800.0,,,,,,,,,,,,,,,
2018-01-03,79.23739624023438,79.38422048804543,78.8886991531313,78.97128254180092,26061400.0,,,,,,,,,,,,,,,
2018-01-04,79.93480682373047,80.4395064837773,79.43928543049348,79.45763496314687,21912000.0,,,,,,,,,,,,,,,
2018-01-05,80.92585754394531,81.12773742775576,80.22845621831836,80.43951436983846,23407100.0,,,,,,,,,,,,,,,
2018-01-08,81.00843811035156,81.2837301242538,80.38444894634434,80.93502597318206,22113000.0,,,,,,,,,,,,,,,
2018-01-09,80.95338439941406,81.42137803359573,80.62303677539958,81.34796589471098,19484300.0,,,,,,,,,,,,,,,
2018-01-10,80.58634948730469,80.92587545805095,80.2101244395299,80.62305556530173,18652200.0,,,,,,,,,,,,,,,
2018-01-11,80.82489776611328,80.87077509146843,80.05408448991493,80.87077509146843,17808900.0,,,,,,,,,,,,,,,
2018-01-12,82.2197265625,82.38490040317807,81.16444963599947,81.36632955249135,24271500.0,,,,,,,,,,,,,,,
2018-01-16,81.07267761230469,83.31169894475336,80.76068650911022,82.67853146937172,36599700.0,,,,,,,,,,,,,,,
2018-01-17,82.71524047851562,82.84370823156674,81.43973421538863,81.74255406228086,25621200.0,,,,,,,,,,,,,,,
2018-01-18,82.67852020263672,83.2015693933374,82.27476747710904,82.40323520809052,24159700.0,,,,,,,,,,,,,,,
2018-01-19,82.58676147460938,83.14651675134795,82.2747704028359,82.71522921015922,36875000.0,,,,,,,,,,,,,,,
2018-01-22,84.06415557861328,84.07333384660362,82.34818351471458,82.58676947569296,23601600.0,,,,,,,,,,,,,,,
2018-01-23,84.33026885986328,84.69732256673645,83.99992122377415,84.33026885986328,23412800.0,,,,,,,,,,,,,,,
2018-01-24,84.25685119628906,85.7342371939278,84.03662178698536,84.92672469250311,33277500.0,,,,,,,,,,,,,,,
2018-01-25,84.7248306274414,85.55987079005816,84.35777700609717,84.85329834476705,26383200.0,,,,,,,,,,,,,,,
2018-01-26,86.31234741210938,86.31234741210938,84.95425780207921,85.44977925470117,29172200.0,,,,,,,,,,,,,,,
2018-01-29,86.18387603759766,87.58784992711374,86.0003526929294,87.30338664258788,31569900.0,,,,,,,,,,,,,,,
2018-01-30,85.10106658935547,85.94529212861116,84.51378351915717,85.6149445265038,38635100.0,,,,,,,,,,,,,,,
2018-01-31,87.18408966064453,87.54196505260539,85.80764369126697,86.02787308609685,48756300.0,,,,,,,,,,,,,,,
2018-02-01,86.49588775634766,88.15679739054353,85.87189848478197,86.98223099723586,47227900.0,,,,,,,,,,,,,,,
2018-02-02,84.22016143798828,86.2297753148456,83.96322591054805,85.92695544280473,47867800.0,,,,,,,,,,,,,,,
2018-02-05,80.75149536132812,85.55987789757307,80.75149536132812,83.10062753153034,51031500.0,,,,,,,,,,,,,,,
2018-02-06,83.80722045898438,83.94486647558878,78.22802366022806,79.7329375729105,67998600.0,,,,,,,,,,,,,,,
2018-02-07,82.22888946533203,84.2109681821036,81.85265750927424,83.03640197942907,41107600.0,,,,,,,,,,,,,,,
2018-02-08,78.0078125,82.4766709452531,77.77840475226523,82.32067535702599,55628700.0,,,,,,,,,,,,,,,
2018-02-09,80.91666412353516,81.60488705257374,76.9249725353045,79.19152116842608,63499100.0,,,,,,,,,,,,,,,
2018-02-12,81.78844451904297,82.38490604013431,80.68729017315789,81.43056900658189,35720300.0,,,,,,,,,,,,,,,
2018-02-13,82.43074035644531,82.58673584391904,80.5679517681201,81.60487159781326,26407700.0,,,,,,,,,,,,,,,
2018-02-14,83.72149658203125,83.88744631597784,81.50884284121638,81.60103557477454,34960900.0,,,,,,,,,,,,,,,
2018-02-15,85.42707824707031,85.48239247036035,83.54631728282148,84.09025923544928,27823900.0,,,,,,,,,,,,,,,
2018-02-16,84.81859588623047,86.20150777567987,84.63421044784532,85.23346663952384,30596900.0,,,,,,,,,,,,,,,
2018-02-20,85.4823989868164,85.79585565449312,83.90588019818914,84.33919373726903,30911700.0,,,,,,,,,,,,,,,
2018-02-21,84.34840393066406,86.07243661951622,84.34840393066406,85.72210147280906,26922500.0,,,,,,,,,,,,,,,
2018-02-22,84.56966400146484,85.49160514292969,84.22854324693589,84.86468488537949,24392800.0,,,,,,,,,,,,,,,
2018-02-23,86.7177734375,86.72699481753442,85.15047645654619,86.2936813959931,26329200.0,,,,,,,,,,,,,,,
2018-02-26,87.97163391113281,87.99929102369545,86.89296431806788,87.03125691473474,30199800.0,,,,,,,,,,,,,,,
2018-02-27,86.84687042236328,88.35885363998281,86.84687042236328,88.26666091380682,25869100.0,,,,,,,,,,,,,,,
2018-02-28,86.450439453125,88.2390079676159,86.32136822361066,87.43691644090148,31167300.0,,,,,,,,,,,,,,,
2018-03-01,85.60225677490234,87.18799709334523,84.67109400021585,86.65326939826944,37135600.0,,,,,,,,,,,,,,,
2018-03-02,85.78662872314453,85.87882143341812,83.7675753090442,84.43137407717872,32830400.0,,,,,,,,,,,,,,,
2018-03-05,86.33059692382812,86.91141750587053,85.05832025341641,85.1320702237793,23901600.0,,,,,,,,,,,,,,,
2018-03-06,86.03557586669922,87.11424567550095,85.68524064774837,86.97595305117521,22175800.0,,,,,,,,,,,,,,,
2018-03-07,86.53340911865234,86.60716610919015,85.21503280666747,85.8880530360809,26716100.0,,,,,,,,,,,,,,,
2018-03-08,87.0589370727539,87.67663619634348,86.45045229988858,86.9114230548997,25887800.0,,,,,,,,,,,,,,,
2018-03-09,89.00419616699219,89.00419616699219,87.5844060045405,87.8517697721956,36937300.0,,,,,,,,,,,,,,,
2018-03-12,89.21626281738281,89.62191926891275,88.54324955973114,88.96734174366952,26073700.0,,,,,,,,,,,,,,,
2018-03-13,87.04048919677734,89.64957796048643,86.63483273811599,89.4283139984232,35387800.0,,,,,,,,,,,,,,,
2018-03-14,86.52418518066406,87.96241831825452,86.20150714890944,87.69505451084254,32132000.0,,,,,,,,,,,,,,,
2018-03-15,86.82842254638672,87.1972004333656,85.5838033324545,86.22915935927767,27611000.0,,,,,,,,,,,,,,,
2018-03-16,87.21565246582031,87.93476561123468,86.58873205092108,87.28940946377422,49081300.0,,,,,,,,,,,,,,,
2018-03-19,85.63910675048828,86.57026921502911,84.91999383021303,86.42275526530483,33344100.0,,,,,,,,,,,,,,,
2018-03-20,85.86038208007812,86.4504238898798,85.74053225534921,85.78663212924282,23075200.0,,,,,,,,,,,,,,,
2018-03-21,85.2611312866211,86.70857879139378,85.01220320609984,85.67600204235166,24457100.0,,,,,,,,,,,,,,,
2018-03-22,82.78109741210938,84.58810123753553,82.66124759376909,84.14556638684718,38604700.0,,,,,,,,,,,,,,,
2018-03-23,80.3748550415039,83.3988218400753,80.28266230425086,82.5137589015072,44068900.0,,,,,,,,,,,,,,,
2018-03-26,86.45967102050781,86.66249927188012,83.3435113448345,83.53711821191116,56396800.0,,,,,,,,,,,,,,,
2018-03-27,82.48609161376953,87.713497247305,81.60102878432338,87.52911179553234,56569000.0,,,,,,,,,,,,,,,
2018-03-28,82.41233825683594,84.1087140302022,81.93293184075567,82.80877332611274,52501100.0,,,,,,,,,,,,,,,
2018-03-29,84.14558410644531,85.0859682244918,81.49961692773682,83.14067140896401,45867500.0,,,,,,,,,,,,,,,
2018-04-02,81.61023712158203,83.7860190547251,80.67908151471123,83.40802679627886,48515400.0,,,,,,,,,,,,,,,
2018-04-03,82.70735931396484,83.02082303682084,81.02942630485408,82.58750946826208,37213800.0,,,,,,,,,,,,,,,
2018-04-04,85.12283325195312,85.51926825195174,80.88190511043382,80.99253355350578,35560000.0,,,,,,,,,,,,,,,
2018-04-05,85.16891479492188,85.80505639361891,84.26541647169505,85.22423604297309,29771900.0,,,,,,,,,,,,,,,
2018-04-06,83.186767578125,85.24269276249161,82.495311594944,84.34840856549421,38026000.0,,,,,,,,,,,,,,,
2018-04-09,83.68460845947266,85.89726897972238,83.54632289196333,83.93353654869722,31533900.0,,,,,,,,,,,,,,,
2018-04-10,85.6299057006836,85.99868362869844,84.4867004543061,85.17815643163873,26812000.0,,,,,,,,,,,,,,,
2018-04-11,84.68952941894531,86.00790577546188,84.33919425283784,84.82782202241147,24872100.0,,,,,,,,,,,,,,,
2018-04-12,86.2752456665039,86.80997316684746,85.21501204585087,85.21501204585087,26758900.0,,,,,,,,,,,,,,,
2018-04-13,85.81429290771484,86.82842687203943,85.22425107269495,86.70857704218815,23346100.0,,,,,,,,,,,,,,,
2018-04-16,86.81922912597656,87.27098552409899,86.12777300289515,86.72703638300347,20288100.0,,,,,,,,,,,,,,,
2018-04-17,88.57089233398438,89.00420583089262,87.47378003618294,87.58441551428291,26771000.0,,,,,,,,,,,,,,,
2018-04-18,88.91202545166016,89.17016790252129,88.06383406958957,88.70919723059663,21043300.0,,,,,,,,,,,,,,,
2018-04-19,88.6077651977539,89.49282786476891,87.8978665676197,88.91200746781142,23552500.0,,,,,,,,,,,,,,,
2018-04-20,87.58440399169922,88.60775916946832,86.70856276532317,88.42337376407936,31154400.0,,,,,,,,,,,,,,,
2018-04-23,87.9070816040039,88.77370848021816,87.24328289318892,88.26663806671996,22331800.0,,,,,,,,,,,,,,,
2018-04-24,85.85118865966797,88.93969104936454,85.19661108716579,88.72764142515867,34524800.0,,,,,,,,,,,,,,,
2018-04-25,85.10440826416016,86.0171353132592,83.23286835019398,86.0171353132592,33729300.0,,,,,,,,,,,,,,,
2018-04-26,86.90218353271484,87.72271067625822,85.8327283146091,86.24760609426191,42529000.0,,,,,,,,,,,,,,,
2018-04-27,88.3404312133789,90.25807115561648,86.57952666648622,89.98148590157744,48272800.0,,,,,,,,,,,,,,,
2018-04-30,86.21995544433594,88.8751511413941,85.87884163270608,88.81061552563808,41523600.0,,,,,,,,,,,,,,,
2018-05-01,87.58440399169922,87.85176775320984,85.54691501658618,85.93412858821439,31408900.0,,,,,,,,,,,,,,,
2018-05-02,86.21072387695312,87.74114261659477,85.9157029732961,87.57519291867187,27471000.0,,,,,,,,,,,,,,,
2018-05-03,86.7270278930664,87.5198980659587,85.23348028122992,85.70367236837644,31142500.0,,,,,,,,,,,,,,,
2018-05-04,87.73192596435547,87.9255327678709,85.66677265915159,86.03555053749892,22531300.0,,,,,,,,,,,,,,,
2018-05-07,88.7092056274414,89.16095495920908,87.67662869240321,87.74116431122717,24242000.0,,,,,,,,,,,,,,,
2018-05-08,88.3311996459961,88.6538847497928,87.63974362446784,88.36807814454014,23484600.0,,,,,,,,,,,,,,,
2018-05-09,89.37299346923828,89.40065058331567,87.63052494382214,88.5155877635689,27327400.0,,,,,,,,,,,,,,,
2018-05-10,90.26728057861328,90.30415204266788,89.47441045820877,89.85240275252947,22388100.0,,,,,,,,,,,,,,,
2018-05-11,90.07366943359376,90.2304048129159,89.46519178430852,90.16586919808483,16778300.0,,,,,,,,,,,,,,,
2018-05-14,90.37789916992188,90.98638376819464,89.71410034775286,90.27648507020974,19454100.0,,,,,,,,,,,,,,,
2018-05-15,89.72332763671875,90.21195540358096,88.8198220617602,89.64957064409887,24594000.0,,,,,,,,,,,,,,,
2018-05-16,89.95479583740234,90.18628012567956,89.46405027654897,90.14924179183444,17384700.0,,,,,,,,,,,,,,,
2018-05-17,89.05665588378906,90.31593126301054,88.73257921950591,89.5937012499391,17246700.0,,,,,,,,,,,,,,,
2018-05-18,89.22330474853516,89.75108864388322,88.89922815741615,88.89922815741615,17865800.0,,,,,,,,,,,,,,,
2018-05-21,90.37149047851562,90.75112821033689,89.63074478358482,89.81592944123204,19422500.0,,,,,,,,,,,,,,,
2018-05-22,90.27889251708984,90.89926885227815,90.00110848360838,90.44556152431043,15441200.0,,,,,,,,,,,,,,,
2018-05-23,91.3529815673828,91.41779689875963,89.18628451329481,89.54739951158592,21251200.0,,,,,,,,,,,,,,,
2018-05-24,91.02889251708984,91.61223752967211,89.63998658517531,91.417791546925,26649300.0,,,,,,,,,,,,,,,
2018-05-25,91.07522583007812,91.64930970370392,90.61225701518929,91.01967183288136,18363900.0,,,,,,,,,,,,,,,
2018-05-29,90.75111389160156,91.55667479604148,90.02888395065236,90.59369918666228,28671000.0,,,,,,,,,,,,,,,
2018-05-30,91.6214828491211,91.8992668340533,90.6585143805272,91.02888360798322,22158500.0,,,,,,,,,,,,,,,
2018-05-31,91.51964569091795,92.58447507266598,91.30668405317324,91.9363217434323,34140900.0,,,,,,,,,,,,,,,
2018-06-01,93.32522583007812,93.39004116164044,91.82520478833982,91.92705846141509,28655600.0,,,,,,,,,,,,,,,
2018-06-04,94.1400375366211,94.31596787288716,93.38076928206192,93.76040694151176,27281600.0,,,,,,,,,,,,,,,
2018-06-05,94.62154388427734,94.75117455337325,94.01042181767524,94.4456135200722,23514400.0,,,,,,,,,,,,,,,
2018-06-06,94.89932250976562,95.00117618930126,94.35302283256702,94.8900682220564,21122900.0,,,,,,,,,,,,,,,
2018-06-07,93.40853881835938,95.08448989356528,92.9455702350846,95.0474515591825,28232200.0,,,,,,,,,,,,,,,
2018-06-08,94.10301208496094,94.39931175988995,93.09374374560126,93.60300505895414,22165100.0,,,,,,,,,,,,,,,
2018-06-11,93.56594848632812,94.0659483128238,93.2140878607369,93.52891015393224,23490900.0,,,,,,,,,,,,,,,
2018-06-12,93.80673217773438,93.9363628713113,93.28820940342668,93.612286137369,18325200.0,,,,,,,,,,,,,,,
2018-06-13,93.38079071044922,94.45488154667852,93.11226800139193,94.1863588376212,29492900.0,,,,,,,,,,,,,,,
2018-06-14,93.9085464477539,94.47336868877716,93.51965453029725,94.121515105984,25691800.0,,,,,,,,,,,,,,,
2018-06-15,92.714111328125,94.01042512908688,92.6585573435104,93.99190948899596,65738600.0,,,,,,,,,,,,,,,
2018-06-18,93.3900375366211,93.62152186383572,92.05668555127563,92.60299223695952,23586000.0,,,,,,,,,,,,,,,
2018-06-19,93.3900375366211,93.519668194714,92.13076223142616,92.26965424062315,28653100.0,,,,,,,,,,,,,,,
2018-06-20,94.32522583007812,94.9270793632186,93.6307729247558,93.8622572265299,26180800.0,,,,,,,,,,,,,,,
2018-06-21,93.64928436279295,94.87152113880036,93.40853872172394,94.51966755903791,23198200.0,,,,,,,,,,,,,,,
2018-06-22,92.973388671875,93.30671967592808,92.25115148078936,92.973388671875,38923100.0,,,,,,,,,,,,,,,
2018-06-25,91.10299682617188,92.69561057475184,90.0937282670968,92.59375687703964,35433300.0,,,,,,,,,,,,,,,
2018-06-26,91.74187469482422,92.6678120484716,91.43631367267864,91.50112900486032,26897200.0,,,,,,,,,,,,,,,
2018-06-27,90.31591033935548,92.61223051229024,90.18627970367396,92.20482297057978,31298400.0,,,,,,,,,,,,,,,
2018-06-28,91.32521057128906,91.76966366738164,90.05668075234038,90.1677887281068,26650700.0,,,,,,,,,,,,,,,
2018-06-29,91.30669403076172,92.51041556155184,91.04743267073732,91.6029937371242,28053200.0,,,,,,,,,,,,,,,
2018-07-02,92.60298919677734,92.64928182209586,90.74185328905776,90.8344456040356,19564500.0,,,,,,,,,,,,,,,
2018-07-03,91.71409606933594,93.1770716931159,91.61224239710336,93.03818674401808,14670300.0,,,,,,,,,,,,,,,
2018-07-05,92.3715362548828,92.51968259630304,91.69559870368776,92.13079050268882,18977400.0,,,,,,,,,,,,,,,
2018-07-06,93.66781616210938,93.91781611279744,92.28816456501777,92.49187189153278,19234600.0,,,,,,,,,,,,,,,
2018-07-09,94.30671691894533,94.67709326880646,93.75115592632424,94.1215322761854,18212000.0,,,,,,,,,,,,,,,
2018-07-10,94.55673217773438,94.91784720754868,94.31598646974422,94.44561714381386,19293100.0,,,,,,,,,,,,,,,
2018-07-11,94.42707824707033,94.76040913805146,93.61224899435594,93.6585486798384,19644600.0,,,,,,,,,,,,,,,
2018-07-12,96.4734115600586,96.67711890060257,95.12154392157908,95.15857519773152,24335900.0,,,,,,,,,,,,,,,
2018-07-13,97.62157440185548,97.778982054799,96.38081468818328,96.64008307839424,24635200.0,,,,,,,,,,,,,,,
2018-07-16,97.14007568359376,97.9826748676944,96.7789536740189,97.59378293657105,21786900.0,,,,,,,,,,,,,,,
2018-07-17,98.10306549072266,98.61233389054198,96.59379005978631,96.86231275566,25901700.0,,,,,,,,,,,,,,,
2018-07-18,97.33454132080078,98.19566337908984,96.96416495063548,98.09380970068584,29493900.0,,,,,,,,,,,,,,,
2018-07-19,96.66785430908205,97.51045356795768,96.19562431404484,97.15859994157478,40171600.0,,,,,,,,,,,,,,,
2018-07-20,98.39936065673828,100.18642005351673,98.2234373611646,100.07531209091051,56004000.0,,,,,,,,,,,,,,,
2018-07-23,99.9734344482422,100.13084206709212,98.26970643186596,98.42712111505566,29707000.0,,,,,,,,,,,,,,,
2018-07-24,99.68641662597656,100.7605002584146,99.31604028004092,100.52901592524748,26316600.0,,,,,,,,,,,,,,,
2018-07-25,102.62163543701172,102.9179350984722,99.63085476860714,99.96419277079282,30702100.0,,,,,,,,,,,,,,,
2018-07-26,101.50125122070312,102.77904217484928,101.39013619951346,102.53829649444222,31372100.0,,,,,,,,,,,,,,,
2018-07-27,99.7049331665039,102.01977651912117,98.27898881357072,102.01977651912117,37005300.0,,,,,,,,,,,,,,,
2018-07-30,97.5660400390625,99.5660614295802,97.0012175808478,99.25124606039442,34668300.0,,,,,,,,,,,,,,,
2018-07-31,98.22342681884766,98.81602610361536,97.57526649439872,98.60305742424228,27655200.0,,,,,,,,,,,,,,,
2018-08-01,98.40863800048828,98.56604568265456,97.61233117214483,98.17715362165222,23628700.0,,,,,,,,,,,,,,,
2018-08-02,99.6030731201172,100.08455739834064,97.0752612325068,97.5937909140638,26104300.0,,,,,,,,,,,,,,,
2018-08-03,100.03827667236328,100.04753802429828,98.90863192390808,99.81605367631458,18659600.0,,,,,,,,,,,,,,,
2018-08-06,100.12159729003906,100.39011995364484,99.59381331380456,100.112343003403,20265900.0,,,,,,,,,,,,,,,
2018-08-07,100.81605529785156,101.0197626434752,100.15864063246524,100.51975563085574,16080200.0,,,,,,,,,,,,,,,
2018-08-08,101.3808822631836,101.62162796119844,100.70495192844793,101.23273595510328,15487500.0,,,,,,,,,,,,,,,
2018-08-09,101.54752349853516,102.00123777921596,101.482708181915,101.58456183150948,13677200.0,,,,,,,,,,,,,,,
2018-08-10,100.9271469116211,101.56604579027416,100.3530633493285,101.31603880978398,18183700.0,,,,,,,,,,,,,,,
2018-08-13,100.19567108154295,101.46420768387846,100.09381741675408,101.14938533880176,18472500.0,,,,,,,,,,,,,,,
2018-08-14,101.44569396972656,101.62162432710076,100.0382723037571,100.51975661822678,16788300.0,,,,,,,,,,,,,,,
2018-08-15,100.07003021240234,101.30626052463754,99.28924608156966,100.84151026080478,29982800.0,,,,,,,,,,,,,,,
2018-08-16,100.05145263671876,101.18544460106334,99.735425809424,100.66492648950612,21384300.0,,,,,,,,,,,,,,,
2018-08-17,99.99569702148438,100.29313699160876,99.16844188296568,99.79120571236233,18061500.0,,,,,,,,,,,,,,,
2018-08-20,99.3357391357422,100.293123691004,98.97323444183776,99.9306189970996,17914200.0,,,,,,,,,,,,,,,
2018-08-21,98.50847625732422,99.7818875349177,98.38763664130023,99.38220199508628,22881900.0,,,,,,,,,,,,,,,
2018-08-22,99.5123291015625,99.77258812742484,98.32256950246222,98.3876342589278,18000600.0,,,,,,,,,,,,,,,
2018-08-23,99.97708129882812,100.55337421819866,99.3357307132753,99.59598974411142,18167700.0,,,,,,,,,,,,,,,
2018-08-24,100.75786590576172,100.90658231335225,99.97708171844953,100.07932735121096,17234000.0,,,,,,,,,,,,,,,
2018-08-27,101.87327575683594,101.91045663598535,100.86012339324267,101.56653882249891,19662300.0,,,,,,,,,,,,,,,
2018-08-28,102.48674011230467,102.70981827496666,102.04987368726007,102.1893001982464,19151500.0,,,,,,,,,,,,,,,
2018-08-29,104.1226577758789,104.13195476783535,102.49603166832432,102.66334206590533,20818000.0,,,,,,,,,,,,,,,
2018-08-30,104.05760955810548,104.67108347727358,103.58356926586993,103.7973504741656,22798700.0,,,,,,,,,,,,,,,
2018-08-31,104.41081237792967,104.8290848444807,103.65791200999956,103.8159325140882,23222700.0,,,,,,,,,,,,,,,
2018-09-04,103.83448791503906,104.06686301298468,102.4495343169102,103.03511701078408,22634600.0,,,,,,,,,,,,,,,
2018-09-05,100.84154510498048,103.56498287574163,100.47904034125531,103.18389121531231,32872400.0,,,,,,,,,,,,,,,
2018-09-06,101.07389831542967,101.30627347705618,99.93061649148255,100.61844498426936,23477600.0,,,,,,,,,,,,,,,
2018-09-07,100.58126068115234,101.05530798034968,99.6703540498615,100.59985466470428,22498600.0,,,,,,,,,,,,,,,
2018-09-10,101.66881561279295,101.91048785553495,100.72072772438936,101.16688422780408,20727900.0,,,,,,,,,,,,,,,
2018-09-11,103.39765167236328,103.72297548581166,101.21332653460723,101.22262352685642,24301800.0,,,,,,,,,,,,,,,
2018-09-12,103.83448791503906,103.9646174025666,102.71909028151016,103.574228939984,18891100.0,,,,,,,,,,,,,,,
2018-09-13,104.94993591308594,105.71212626495314,104.21562944982526,104.21562944982526,26055600.0,,,,,,,,,,,,,,,
2018-09-14,105.37747192382812,105.71209266380184,104.51303619415036,105.368174933405,19122300.0,,,,,,,,,,,,,,,
2018-09-17,104.23419952392578,105.6842182296893,103.97394048356074,105.6749283293384,20736500.0,,,,,,,,,,,,,,,
2018-09-18,105.22875213623048,105.6842054015857,103.84379835866596,104.28066473404849,22170900.0,,,,,,,,,,,,,,,
2018-09-19,103.82524871826172,105.33104274407609,103.21178180580122,105.0800806188716,21728400.0,,,,,,,,,,,,,,,
2018-09-20,105.56339263916016,105.7771809172402,104.03901208124306,104.3643359030801,23714500.0,,,,,,,,,,,,,,,
2018-09-21,106.20474243164062,107.1621269320339,105.50761696923462,105.96307028571232,71229700.0,,,,,,,,,,,,,,,
2018-09-24,106.5858154296875,106.79960365452216,104.3085421524707,105.06143525142735,27334500.0,,,,,,,,,,,,,,,
2018-09-25,106.38133239746094,106.98550915785572,105.73068486566731,106.70666325488398,22668000.0,,,,,,,,,,,,,,,
2018-09-26,105.94448852539062,106.94834385031952,105.72140326071552,106.39994186392958,19352000.0,,,,,,,,,,,,,,,
2018-09-27,106.34418487548828,106.80893525339036,106.1489834762248,106.68809561655792,19091300.0,,,,,,,,,,,,,,,
2018-09-28,106.30699157714844,106.49288886998444,105.66563386126802,106.13968117698516,21647800.0,,,,,,,,,,,,,,,
2018-10-01,107.45957946777344,107.5246442349127,106.64162138209012,106.6602082763323,18883100.0,,,,,,,,,,,,,,,
2018-10-02,107.03201293945312,107.67336363566476,106.37206825695829,107.17143947046536,20787200.0,,,,,,,,,,,,,,,
2018-10-03,107.0505599975586,107.98935739272392,106.82748188586966,107.28293509892944,16648000.0,,,,,,,,,,,,,,,
2018-10-04,104.83837127685548,106.66948855423374,103.76014720004378,106.5300620489182,34821700.0,,,,,,,,,,,,,,,
2018-10-05,104.2248992919922,105.1915807629588,102.83994538937422,104.68964959006114,29068900.0,,,,,,,,,,,,,,,
2018-10-08,103.03517150878906,104.13198283488568,101.63162318919692,103.78807204659888,29640600.0,,,,,,,,,,,,,,,
2018-10-09,104.34573364257812,105.10792380928852,102.9886636916804,103.30469047448712,26198600.0,,,,,,,,,,,,,,,
2018-10-10,98.67578887939452,103.63931876897108,98.33187109824289,103.3976466229854,61376300.0,,,,,,,,,,,,,,,
2018-10-11,98.4434051513672,101.25049364923603,96.85395299459222,97.92288002907678,63904300.0,,,,,,,,,,,,,,,
2018-10-12,101.84539031982422,103.39765477016044,99.56811646593108,101.32487220271209,47742100.0,,,,,,,,,,,,,,,
2018-10-15,100.0142593383789,101.76172493850387,99.41008255304902,101.23190990031264,32068100.0,,,,,,,,,,,,,,,
2018-10-16,103.17455291748048,103.55565151687384,101.2690741035653,101.81748307243184,31610200.0,,,,,,,,,,,,,,,
2018-10-17,102.9050064086914,103.92745560899004,101.82678944393922,103.80662308883184,26548200.0,,,,,,,,,,,,,,,
2018-10-18,100.85082244873048,102.73770766957848,100.22805870331776,102.3380220987934,32506200.0,,,,,,,,,,,,,,,
2018-10-19,100.9995574951172,103.04445636106996,100.5812778919486,101.25051958379584,32785500.0,,,,,,,,,,,,,,,
2018-10-22,101.90115356445312,102.74700255870668,100.60914823007694,101.61301063264362,26545600.0,,,,,,,,,,,,,,,
2018-10-23,100.47900390625,101.28767190445716,97.69979936162365,100.17226703539284,43770400.0,,,,,,,,,,,,,,,
2018-10-24,95.10650634765624,100.84152366362588,94.42796775200448,100.76716900109012,63897800.0,,,,,,,,,,,,,,,
2018-10-25,100.66490936279295,101.56651891219347,98.66648182231512,99.03828344939666,61646800.0,,,,,,,,,,,,,,,
2018-10-26,99.41937255859376,101.08317930339832,97.37447429665266,98.23891004470138,55523100.0,,,,,,,,,,,,,,,
2018-10-29,96.52863311767578,101.03670947981831,94.4651407103317,100.48830754551103,55162000.0,,,,,,,,,,,,,,,
2018-10-30,96.41709899902344,97.02126870728466,93.05230432150928,96.35203424160176,65350900.0,,,,,,,,,,,,,,,
2018-10-31,99.27996826171876,100.5162059041988,97.96007895952818,98.00655683149688,51062400.0,,,,,,,,,,,,,,,
2018-11-01,98.45271301269533,99.75401541854356,98.09020830491632,99.50305334836104,33384200.0,,,,,,,,,,,,,,,
2018-11-02,98.67578887939452,99.75400590724452,97.5789778679542,98.97322879309732,37680200.0,,,,,,,,,,,,,,,
2018-11-05,99.93059539794922,100.14437653026506,98.43409910563564,98.87096545192324,27922100.0,,,,,,,,,,,,,,,
2018-11-06,100.12581634521484,101.16685258862609,98.7873330705118,99.80978242023106,24340200.0,,,,,,,,,,,,,,,
2018-11-07,104.06688690185548,104.32714593665378,101.68736762195444,101.72454849714376,37901700.0,,,,,,,,,,,,,,,
2018-11-08,103.87168884277344,104.29925825458824,103.0909117668142,103.91816670794908,25644100.0,,,,,,,,,,,,,,,
2018-11-09,101.84539031982422,103.59284906407753,101.09249703021165,103.035150068382,32039200.0,,,,,,,,,,,,,,,
2018-11-12,99.3357391357422,102.20789280152768,98.62001964873176,101.705961588846,33621800.0,,,,,,,,,,,,,,,
2018-11-13,99.40079498291016,101.07389178358156,99.12194197036824,99.96779090795914,35374600.0,,,,,,,,,,,,,,,
2018-11-14,97.99118041992188,101.0624490637824,97.52442239724694,100.91308307788856,39495100.0,,,,,,,,,,,,,,,
2018-11-15,100.14759826660156,100.63303058919574,97.00165381286584,98.00984570948054,38505200.0,,,,,,,,,,,,,,,
2018-11-16,101.09044647216795,101.64121748251114,99.69950965420142,99.9608929894261,33502100.0,,,,,,,,,,,,,,,
2018-11-19,97.66445922851562,101.34250790540553,96.66559726305752,101.07178737541892,44773900.0,,,,,,,,,,,,,,,
2018-11-20,94.94790649414062,96.12413858626628,92.7448082806437,95.03192663323034,64052500.0,,,,,,,,,,,,,,,
2018-11-21,96.25485229492188,97.48709334722083,95.44269066779816,96.7122732213381,28130600.0,,,,,,,,,,,,,,,
2018-11-23,96.21752166748048,96.90832171309944,95.21865954343104,95.3773556000174,13823100.0,,,,,,,,,,,,,,,
2018-11-26,99.39144897460938,99.54080783005593,97.62710431654097,97.82314182053058,32336200.0,,,,,,,,,,,,,,,
2018-11-27,100.01690673828124,100.19427706281394,98.35524934685522,99.20474522938964,29124500.0,,,,,,,,,,,,,,,
2018-11-28,103.7322998046875,103.92833730874432,100.689035670411,100.7170400106817,46788500.0,,,,,,,,,,,,,,,
2018-11-29,102.86415100097656,103.73232134041751,101.78126880461438,102.99484269748052,28123200.0,,,,,,,,,,,,,,,
2018-11-30,103.5176239013672,103.59230691610362,102.08934507481334,103.34025352190925,33665600.0,,,,,,,,,,,,,,,
2018-12-03,104.63782501220705,105.87940323872688,103.36824956204612,105.48732815314058,34732800.0,,,,,,,,,,,,,,,
2018-12-04,101.30516815185548,105.15125720400866,101.0157804281966,104.49779875633932,45197000.0,,,,,,,,,,,,,,,
2018-12-06,101.93062591552734,101.97729744753995,98.01919115143974,98.78467407364067,49107400.0,,,,,,,,,,,,,,,
2018-12-07,97.85114288330078,102.17331922476724,97.36571771665636,101.17445742999372,45044900.0,,,,,,,,,,,,,,,
2018-12-10,100.4369888305664,100.80106664401332,96.98298227965388,97.8324853074262,40801500.0,,,,,,,,,,,,,,,
2018-12-11,101.37052917480467,103.57362815990636,100.29699115320204,102.5000901383037,42381900.0,,,,,,,,,,,,,,,
2018-12-12,101.82793426513672,103.87232960814296,101.79059276780916,103.51759606677476,36183000.0,,,,,,,,,,,,,,,
2018-12-13,102.17332458496094,103.49892273381164,101.4078417406036,102.29468622461007,31333400.0,,,,,,,,,,,,,,,
2018-12-14,98.980712890625,101.99597308669344,98.48595048743796,101.05311981293988,47043100.0,,,,,,,,,,,,,,,
2018-12-17,96.04945373535156,98.76598851785248,94.94790464999814,98.40191787391171,56957300.0,,,,,,,,,,,,,,,
2018-12-18,97.05768585205078,97.56178548274922,95.70408301346318,96.85231113708136,49319200.0,,,,,,,,,,,,,,,
2018-12-19,96.79629516601562,99.77420694276609,94.61186359716716,96.75895366408557,68198200.0,,,,,,,,,,,,,,,
2018-12-20,94.76126098632812,97.37510288757257,92.21275783239506,96.19887723698707,70334200.0,,,,,,,,,,,,,,,
2018-12-21,91.69927978515624,96.15214797001649,90.98046847696976,94.873228486437,111242100.0,,,,,,,,,,,,,,,
2018-12-24,87.87187957763672,91.45658558036293,87.73185784180502,91.1858650208157,43935200.0,,,,,,,,,,,,,,,
2018-12-26,93.87439727783205,93.9957589555716,87.7131910941135,88.81474061803318,51634800.0,,,,,,,,,,,,,,,
2018-12-27,94.45315551757812,94.46249267241144,89.99094987700683,92.6981478835188,49498500.0,,,,,,,,,,,,,,,
2018-12-28,93.71566009521484,95.60136619083964,92.90349870288205,95.3026342672736,38196300.0,,,,,,,,,,,,,,,
2018-12-31,94.81723022460938,95.5920502988283,93.76235959300134,94.55584685551447,33173800.0,,,,,,,,,,,,,,,
2019-01-02,94.39714813232422,94.98526069599664,92.36208280255052,92.93152817846168,35329300.0,,,,,,,,,,,,,,,
2019-01-03,90.92445373535156,93.52896405559063,90.73774627455798,93.4449439176932,42579100.0,,,,,,,,,,,,,,,
2019-01-04,95.15328979492188,95.69473080489634,92.3527416880828,93.09022021087657,44060600.0,,,,,,,,,,,,,,,
2019-01-07,95.27464294433594,96.40419647651116,94.26645105322748,94.88256792434032,35656100.0,,,,,,,,,,,,,,,
2019-01-08,95.9654769897461,97.05768933436477,94.94794053511612,96.18951890404028,31514400.0,,,,,,,,,,,,,,,
2019-01-09,97.33772277832033,97.90716818175945,96.37620231347934,96.95498487233168,32280800.0,,,,,,,,,,,,,,,
2019-01-10,96.7122573852539,96.85228621143776,95.57336671146264,96.35752386479514,30067600.0,,,,,,,,,,,,,,,
2019-01-11,95.9654769897461,96.56292684263994,94.88259468002347,96.32954777128565,28314200.0,,,,,,,,,,,,,,,
2019-01-14,95.26531219482422,96.03079504235994,94.52783368819703,95.12528336811948,28437100.0,,,,,,,,,,,,,,,
2019-01-15,98.02852630615234,98.06586780429797,95.10661639517912,95.6947360882696,31587600.0,,,,,,,,,,,,,,,
2019-01-16,98.37393188476562,99.1954306763425,97.98185680087477,98.26191450203292,29853900.0,,,,,,,,,,,,,,,
2019-01-17,99.064697265625,99.54078518608505,97.79511523341117,98.01915702669592,28393000.0,,,,,,,,,,,,,,,
2019-01-18,100.5490264892578,100.7263968418376,98.86870164530524,100.31564744519524,37427600.0,,,,,,,,,,,,,,,
2019-01-22,98.65399169921876,99.97958298581506,97.88850870477378,99.65285374224038,32371300.0,,,,,,,,,,,,,,,
2019-01-23,99.61549377441406,99.92355577075004,98.33657426130416,99.06472274050611,25874300.0,,,,,,,,,,,,,,,
2019-01-24,99.13941955566406,99.88623537932818,98.33659503798236,99.7555436785115,23164800.0,,,,,,,,,,,,,,,
2019-01-25,100.04491424560548,100.70770979225227,99.13940252962696,100.11026008479142,31225600.0,,,,,,,,,,,,,,,
2019-01-28,98.0938491821289,99.40077282260538,97.70177422663424,99.19539819196696,29476700.0,,,,,,,,,,,,,,,
2019-01-29,96.09613800048828,97.99117431493924,95.37732670194096,97.90715417256796,31490500.0,,,,,,,,,,,,,,,
2019-01-30,99.30744934082033,99.30744934082033,97.3937454320837,97.66446598078724,49471900.0,,,,,,,,,,,,,,,
2019-01-31,97.48711395263672,98.22459273315611,96.32021850032716,96.89900120865197,55636400.0,,,,,,,,,,,,,,,
2019-02-01,95.94677734375,97.1790182302777,95.54536516211496,96.88029338270016,35535700.0,,,,,,,,,,,,,,,
2019-02-04,98.7100067138672,98.76602253218432,95.93746229965691,96.03081962279754,31315100.0,,,,,,,,,,,,,,,
2019-02-05,100.09158325195312,100.13825477706708,98.91535113779231,99.00870131018186,27325400.0,,,,,,,,,,,,,,,
2019-02-06,98.980712890625,99.88622466498444,98.51395483144285,99.88622466498444,20609800.0,,,,,,,,,,,,,,,
2019-02-07,98.2712173461914,98.56994215443294,97.35637573689728,98.19654148575196,29760700.0,,,,,,,,,,,,,,,
2019-02-08,98.64463806152344,98.74732539551324,97.32838415099565,97.4497386720008,21461100.0,,,,,,,,,,,,,,,
2019-02-11,98.2525634765625,99.49414152244988,97.9911801241993,99.13940086810364,18914100.0,,,,,,,,,,,,,,,
2019-02-12,99.78353881835938,100.01691785144978,98.4672847752542,99.08340171908816,25056600.0,,,,,,,,,,,,,,,
2019-02-13,99.7088851928711,100.61439724757342,99.61553497656637,100.3530137930542,18394900.0,,,,,,,,,,,,,,,
2019-02-14,99.7928695678711,100.15694026634826,98.63531163225558,99.24209138160924,21784700.0,,,,,,,,,,,,,,,
2019-02-15,101.0251235961914,101.0998066009877,100.22229910003954,100.73573585530993,26606900.0,,,,,,,,,,,,,,,
2019-02-19,100.97843170166016,101.4358597044565,100.61436100370382,100.6236981586203,18038500.0,,,,,,,,,,,,,,,
2019-02-20,100.45343780517578,101.19406595920144,99.64718473383542,101.11906401010476,21607700.0,,,,,,,,,,,,,,,
2019-02-21,102.57220458984376,102.637829512414,100.19094615966888,100.21907010468756,29063200.0,,,,,,,,,,,,,,,
2019-02-22,104.03468322753906,104.2503048585655,102.95655361467142,103.17218239827632,27763200.0,,,,,,,,,,,,,,,
2019-02-25,104.61595916748048,105.16908967178892,104.30658860507046,104.77534011775404,23750600.0,,,,,,,,,,,,,,,
2019-02-26,105.33782958984376,106.16282959177089,104.22219881640638,104.3065777992899,21536700.0,,,,,,,,,,,,,,,
2019-02-27,105.15967559814452,105.33780339904762,103.95029626309412,104.70967830991708,21487100.0,,,,,,,,,,,,,,,
2019-02-28,105.02845001220705,105.82532605632404,104.74720343035492,105.03782704404264,29083900.0,,,,,,,,,,,,,,,
2019-03-01,105.49720764160156,105.9565820923151,104.69095451846675,105.83470928163844,23501200.0,,,,,,,,,,,,,,,
2019-03-04,105.24407958984376,106.17220547605116,103.8753261877115,105.95657665775065,26608000.0,,,,,,,,,,,,,,,
2019-03-05,104.71907806396484,105.36595739700034,104.27845767969916,105.23470755443952,19538300.0,,,,,,,,,,,,,,,
2019-03-06,104.76595306396484,105.619084168686,104.4659524106455,104.87845599117702,17687000.0,,,,,,,,,,,,,,,
2019-03-07,103.49092864990234,104.5784352799662,103.0034303639768,104.4378084360678,25339000.0,,,,,,,,,,,,,,,
2019-03-08,103.60342407226562,103.79092174886824,102.00029533380618,102.3377968737532,22818400.0,,,,,,,,,,,,,,,
2019-03-11,105.77845001220705,105.89094577839636,104.04407114185577,104.05344102065204,26491600.0,,,,,,,,,,,,,,,
2019-03-12,106.51905822753906,106.86592964523744,105.60967947370015,105.7690532144036,26132700.0,,,,,,,,,,,,,,,
2019-03-13,107.34408569335938,107.81283715926924,106.6690824380364,106.99720703365738,35513800.0,,,,,,,,,,,,,,,
2019-03-14,107.42847442626952,108.00035187686242,107.18472877550404,107.38160356385194,30763400.0,,,,,,,,,,,,,,,
2019-03-15,108.66595458984376,109.92220492720251,107.42844400904904,108.13157111945758,54681100.0,,,,,,,,,,,,,,,
2019-03-18,110.22222137451172,110.25972235076316,108.79722003985614,108.9097158160306,31207600.0,,,,,,,,,,,,,,,
2019-03-19,110.29721069335938,111.03783879618774,109.67845538495376,110.7097070797174,37588700.0,,,,,,,,,,,,,,,
2019-03-20,110.17532348632812,111.32845505210769,109.41594852385047,110.0534506999362,28113300.0,,,,,,,,,,,,,,,
2019-03-21,112.70658111572266,113.26908133204434,109.77219294707103,109.8190709453388,29854400.0,,,,,,,,,,,,,,,
2019-03-22,109.7347183227539,112.11596941654687,109.72534129094475,112.03159758800332,33624500.0,,,,,,,,,,,,,,,
2019-03-25,110.30658721923828,110.6347117816266,109.0503296984928,109.27532837661924,27067100.0,,,,,,,,,,,,,,,
2019-03-26,110.54097747802734,111.29097555469096,109.54721947639258,111.20660372150554,26097700.0,,,,,,,,,,,,,,,
2019-03-27,109.47222137451172,110.82222797361548,108.30034263295089,110.51285026922416,22733400.0,,,,,,,,,,,,,,,
2019-03-28,109.62220001220705,110.23157824783664,108.87219492949696,110.10032843124915,18334800.0,,,,,,,,,,,,,,,
2019-03-29,110.56908416748048,110.92533266185758,109.6503282626632,110.69095695836712,25399800.0,,,,,,,,,,,,,,,
2019-04-01,111.5815887451172,111.66596772298894,110.71908781897976,111.51596383014106,22789100.0,,,,,,,,,,,,,,,
2019-04-02,111.740966796875,112.01284348123814,111.11283445244612,111.61908684892448,18142300.0,,,,,,,,,,,,,,,
2019-04-03,112.47222137451172,112.90347183991516,111.70346930095263,112.36909548576531,22860700.0,,,,,,,,,,,,,,,
2019-04-04,111.90032196044922,112.71595187793568,110.981566174571,112.59407195024836,20112800.0,,,,,,,,,,,,,,,
2019-04-05,112.397216796875,112.71597148715192,111.90971845904927,111.9284653690283,15826200.0,,,,,,,,,,,,,,,
2019-04-08,112.43472290039062,112.51909472801536,111.2253433030464,112.32221997764483,15116200.0,,,,,,,,,,,,,,,
2019-04-09,111.82535552978516,112.06910830996648,111.1691062976588,111.215977155622,17612000.0,,,,,,,,,,,,,,,
2019-04-10,112.67845916748048,112.82845588994503,112.06908094213055,112.27533269402548,16477200.0,,,,,,,,,,,,,,,
2019-04-11,112.80973815917967,113.29723657400008,112.42535849439912,113.00661293165986,14209100.0,,,,,,,,,,,,,,,
2019-04-12,113.3909683227539,113.41909941678662,112.84722209863476,113.10034472429548,19745100.0,,,,,,,,,,,,,,,
2019-04-15,113.48473358154295,113.98160899460126,113.03472902386804,113.38160768608788,15792600.0,,,,,,,,,,,,,,,
2019-04-16,113.22222900390624,114.04723618396623,112.59410373914596,114.03785915167104,14071800.0,,,,,,,,,,,,,,,
2019-04-17,114.15972900390624,114.23473095516516,113.00660440176463,113.66285359383062,19300900.0,,,,,,,,,,,,,,,
2019-04-18,115.65974426269533,115.80036398647032,113.71911339621948,114.55349046932484,27991000.0,,,,,,,,,,,,,,,
2019-04-22,116.02535247802734,116.25035115496,114.9097218192472,114.95659982187354,15648700.0,,,,,,,,,,,,,,,
2019-04-23,117.6003875732422,117.73163743104064,116.09100705597903,116.3441297381387,24025500.0,,,,,,,,,,,,,,,
2019-04-24,117.19722747802734,117.9847263997952,116.73784595441734,117.9284785204057,31257000.0,,,,,,,,,,,,,,,
2019-04-25,121.07850646972656,123.15976426970096,120.77851294904978,121.93163763114572,38033900.0,,,,,,,,,,,,,,,
2019-04-26,121.7722625732422,122.36289403349905,120.9566395511049,121.5941347166466,23654900.0,,,,,,,,,,,,,,,
2019-04-29,121.65973663330078,122.04410189128392,121.26598719245872,121.78160226405586,16324200.0,,,,,,,,,,,,,,,
2019-04-30,122.4378890991211,122.53163080957594,121.30350425288889,121.69725376918215,24166500.0,,,,,,,,,,,,,,,
2019-05-01,119.88786315917967,122.48474293418654,119.71911235828031,122.37224716863976,26821700.0,,,,,,,,,,,,,,,
2019-05-02,118.3222427368164,120.00037382280424,117.67536343285236,119.98162691152947,27350200.0,,,,,,,,,,,,,,,
2019-05-03,120.84410858154295,121.34098393504276,119.29723464029384,119.40036052338766,24911100.0,,,,,,,,,,,,,,,
2019-05-06,120.14099884033205,120.52537848793314,118.22849909240742,118.49099877731553,24239800.0,,,,,,,,,,,,,,,
2019-05-07,117.67534637451172,119.23160443016764,116.45659704609282,118.5566012808508,36017700.0,,,,,,,,,,,,,,,
2019-05-08,117.66597747802734,118.47223045170574,116.95347335307416,117.60035256866183,28419000.0,,,,,,,,,,,,,,,
2019-05-09,117.65662384033205,117.92850056249578,115.84724280513048,116.52224609428464,27235800.0,,,,,,,,,,,,,,,
2019-05-10,119.18474578857422,119.93475099909725,116.08161335638036,117.10349527690346,30915100.0,,,,,,,,,,,,,,,
2019-05-13,115.64097595214844,117.70348652859144,115.35035235537484,116.35348012601632,33944900.0,,,,,,,,,,,,,,,
2019-05-14,116.93474578857422,118.01286845613316,115.96911174448408,116.12849268151946,25266300.0,,,,,,,,,,,,,,,
2019-05-15,118.58143615722656,119.23070994419304,116.39837868202451,116.92532854090472,24722700.0,,,,,,,,,,,,,,,
2019-05-16,121.31964874267578,121.74309810270356,118.9954513338714,119.2683343805284,30112200.0,,,,,,,,,,,,,,,
2019-05-17,120.51042175292967,122.75934669994427,120.36926718484226,120.7362460888954,25770500.0,,,,,,,,,,,,,,,
2019-05-20,118.76959991455078,120.05872818566158,118.3367532444866,119.05188747552126,23706900.0,,,,,,,,,,,,,,,
2019-05-21,119.40947723388672,120.00228764984313,119.10836615575823,119.90819178400066,15293300.0,,,,,,,,,,,,,,,
2019-05-22,120.13404846191406,120.67041008558014,119.05192783042168,119.14603089502997,15396500.0,,,,,,,,,,,,,,,
2019-05-23,118.73198699951172,118.83549461566813,117.3769834273228,118.75080330287877,23603800.0,,,,,,,,,,,,,,,
2019-05-24,118.7884521484375,119.8988007872087,118.53439254880298,119.41890963467064,14123400.0,,,,,,,,,,,,,,,
2019-05-28,118.71316528320312,120.4445522762276,118.60965767176636,119.48476290906052,23128400.0,,,,,,,,,,,,,,,
2019-05-29,117.56519317626952,117.98862824202146,116.71831586570993,117.97921649994422,22763100.0,,,,,,,,,,,,,,,
2019-05-30,118.3085479736328,118.33677601725672,117.41461924423136,117.86628947937854,16829600.0,,,,,,,,,,,,,,,
2019-05-31,116.37957763671876,117.26409483301896,116.04082667554236,116.89711582158728,26646800.0,,,,,,,,,,,,,,,
2019-06-03,112.7662124633789,117.02882662186624,111.98521024919418,116.539516591308,37983600.0,,,,,,,,,,,,,,,
2019-06-04,115.89025115966795,116.00316333777204,113.5284066539054,114.12121712611692,29382600.0,,,,,,,,,,,,,,,
2019-06-05,118.40265655517578,118.440296343733,116.87827742435825,117.57459556502796,24926100.0,,,,,,,,,,,,,,,
2019-06-06,120.27517700195312,120.41632439765586,118.18621564690602,118.97663675540846,21459000.0,,,,,,,,,,,,,,,
2019-06-07,123.64386749267578,124.44370042199728,120.68921234431537,121.56432484941745,33885600.0,,,,,,,,,,,,,,,
2019-06-10,124.77303314208984,126.16566924663287,124.20844356446216,124.58482704414102,26477100.0,,,,,,,,,,,,,,,
2019-06-11,124.3025360107422,126.3162176072918,123.53093127767428,125.97746676123168,23913700.0,,,,,,,,,,,,,,,
2019-06-12,123.72854614257812,124.18020916670162,122.9945883440867,123.64384765959169,17092500.0,,,,,,,,,,,,,,,
2019-06-13,124.50957489013672,125.1494297443046,123.79442610240686,124.18963310494188,17200800.0,,,,,,,,,,,,,,,
2019-06-14,124.63186645507812,125.89276678336986,123.86968065003772,124.45307929426954,17821700.0,,,,,,,,,,,,,,,
2019-06-17,125.0082778930664,125.83632442982923,124.70715961925478,124.8012626693483,14517800.0,,,,,,,,,,,,,,,
2019-06-18,127.18189239501952,127.25717194512993,125.685749026604,126.26914759232692,25934500.0,,,,,,,,,,,,,,,
2019-06-19,127.68065643310548,127.90648081302444,125.9116222138114,127.03138262461512,23744400.0,,,,,,,,,,,,,,,
2019-06-20,128.86624145507812,129.53433856104968,127.70884875740856,129.3367279257853,33042600.0,,,,,,,,,,,,,,,
2019-06-21,128.8850860595703,129.6002204433433,128.40519494970937,128.51810712659196,36727900.0,,,,,,,,,,,,,,,
2019-06-24,129.64732360839844,130.23072256547343,128.9133654501055,128.9133654501055,20628800.0,,,,,,,,,,,,,,,
2019-06-25,125.5540542602539,129.46850643881675,124.89537585475352,129.14857897873262,33327400.0,,,,,,,,,,,,,,,
2019-06-26,126.02454376220705,127.72771744987098,125.71403521676044,126.4197651726372,23657700.0,,,,,,,,,,,,,,,
2019-06-27,126.23155975341795,126.75851685096868,125.62933742861564,126.22215518953972,16557500.0,,,,,,,,,,,,,,,
2019-06-28,126.0527801513672,126.65500244397036,125.2999986960852,126.6267743957321,30043000.0,,,,,,,,,,,,,,,
2019-07-01,127.67121887207033,128.6310154209321,127.00313603486688,128.56515477244182,22613500.0,,,,,,,,,,,,,,,
2019-07-02,128.51812744140625,128.52753200492972,127.35131544944544,128.08527343141864,15237800.0,,,,,,,,,,,,,,,
2019-07-03,129.34620666503906,129.609678061838,128.24525517927623,128.72516079053548,13629300.0,,,,,,,,,,,,,,,
2019-07-05,128.96978759765625,129.22385438804022,127.70888692526631,127.91590218289596,18141100.0,,,,,,,,,,,,,,,
2019-07-08,128.87567138671875,129.0074070354499,127.37951336985428,128.34871443368533,16779700.0,,,,,,,,,,,,,,,
2019-07-09,128.4051971435547,128.88508826161473,127.78415144386976,127.97234319459272,19953100.0,,,,,,,,,,,,,,,
2019-07-10,129.71316528320312,130.40007171969037,128.93215578062745,129.03566341007993,24204400.0,,,,,,,,,,,,,,,
2019-07-11,130.2306365966797,131.00224122497772,129.73192213521142,130.04244489844555,22327900.0,,,,,,,,,,,,,,,
2019-07-12,130.70118713378906,130.91762133312605,129.8637214614573,130.65414995473716,18936800.0,,,,,,,,,,,,,,,
2019-07-15,130.70118713378906,131.30340947840838,130.2871709378303,131.20932076219137,16651500.0,,,,,,,,,,,,,,,
2019-07-16,128.98861694335938,130.8423354248371,128.46167421203603,130.75765127689854,22726100.0,,,,,,,,,,,,,,,
2019-07-17,128.22640991210938,129.7884143648862,128.17935838491684,129.57199456953273,20211000.0,,,,,,,,,,,,,,,
2019-07-18,128.36753845214844,128.55573018568003,126.72083565705636,127.54889651432607,30381800.0,,,,,,,,,,,,,,,
2019-07-19,128.55575561523438,132.36669999505327,128.39579189218472,131.94326492132046,48992400.0,,,,,,,,,,,,,,,
2019-07-22,130.25892639160156,130.97407528530488,129.22386438151926,129.29914396812555,25074900.0,,,,,,,,,,,,,,,
2019-07-23,131.0681610107422,131.72685378899644,129.88253985448742,131.51041959814708,18034600.0,,,,,,,,,,,,,,,
2019-07-24,132.41371154785156,132.43253502667753,130.65409676747075,130.7011339273745,20738300.0,,,,,,,,,,,,,,,
2019-07-25,131.9150390625,132.31024609508248,131.09639694915856,132.1408634479117,18356900.0,,,,,,,,,,,,,,,
2019-07-26,132.9971466064453,133.31707404360185,132.01854081099262,132.08440146776655,19037600.0,,,,,,,,,,,,,,,
2019-07-29,132.70542907714844,133.1570921242279,131.14341035661647,133.1476875625775,16605900.0,,,,,,,,,,,,,,,
2019-07-30,132.0655975341797,132.88423964323982,131.54805939013113,131.8679868398659,16846500.0,,,,,,,,,,,,,,,
2019-07-31,128.22640991210938,132.1973175909083,127.10664961223388,132.04675844713628,38598800.0,,,,,,,,,,,,,,,
2019-08-01,129.91075134277344,132.62075862086454,128.84744708416753,128.91332209684015,40557500.0,,,,,,,,,,,,,,,
2019-08-02,128.81924438476562,130.15543916148184,127.27604868290362,129.9390049556382,30791600.0,,,,,,,,,,,,,,,
2019-08-05,124.40606689453124,126.02452750847426,123.06046781931992,125.4317241855099,42749600.0,,,,,,,,,,,,,,,
2019-08-06,126.73966979980467,127.67122398449112,125.34703362478476,125.9022043107448,32696700.0,,,,,,,,,,,,,,,
2019-08-07,127.29485321044922,127.64300869947908,124.0484985455629,125.89279797503691,33414500.0,,,,,,,,,,,,,,,
2019-08-08,130.69174194335938,130.78584498843722,127.90645549149568,128.53692004892136,27496500.0,,,,,,,,,,,,,,,
2019-08-09,129.5814208984375,131.15284436136244,128.40520444192683,130.4282910038808,23466700.0,,,,,,,,,,,,,,,
2019-08-12,127.7747039794922,129.72252477752474,127.2571803701432,128.97916250289302,20484300.0,,,,,,,,,,,,,,,
2019-08-13,130.41885375976562,130.60704547402656,127.03134547063894,128.01936991814318,25154600.0,,,,,,,,,,,,,,,
2019-08-14,126.49139404296876,129.2670696599427,126.19872331161432,128.7383722864092,32527300.0,,,,,,,,,,,,,,,
2019-08-15,126.2081527709961,127.05785728317043,124.85808736125207,126.87847473929178,28074400.0,,,,,,,,,,,,,,,
2019-08-16,128.52125549316406,128.83281244696497,127.19006152853991,127.3411220647935,24449100.0,,,,,,,,,,,,,,,
2019-08-19,130.67376708984375,130.8059414063787,129.2387213632356,130.14506982370392,24355700.0,,,,,,,,,,,,,,,
2019-08-20,129.58810424804688,130.95707073912703,129.56923248284804,130.48501730245874,21170800.0,,,,,,,,,,,,,,,
2019-08-21,131.03256225585938,131.69344846909365,130.2867243031656,130.80598586816757,14970300.0,,,,,,,,,,,,,,,
2019-08-22,130.07901000976562,131.4196396923654,128.67228594838454,130.9098284520228,18697000.0,,,,,,,,,,,,,,,
2019-08-23,125.93437957763672,130.61715468124206,125.3773601376089,129.5219875610384,38508600.0,,,,,,,,,,,,,,,
2019-08-26,127.87922668457033,127.98307897916996,126.41585868100178,127.44494574782448,20312600.0,,,,,,,,,,,,,,,
2019-08-27,128.1529998779297,129.07822005819563,127.13336330122212,128.7666632370417,23102100.0,,,,,,,,,,,,,,,
2019-08-28,127.98304748535156,128.1718658638171,126.08539901200685,127.34106211738496,17393300.0,,,,,,,,,,,,,,,
2019-08-29,130.4000244140625,130.70214549982853,129.25766327258458,129.57865612176627,20168700.0,,,,,,,,,,,,,,,
2019-08-30,130.15455627441406,131.4007696851287,128.65343000921834,131.3724476352892,23940100.0,,,,,,,,,,,,,,,
2019-09-03,128.43624877929688,129.531415835195,128.11525600957862,128.974396427874,18869300.0,,,,,,,,,,,,,,,
2019-09-04,129.93739318847656,129.99403727831717,128.85166197814678,129.6258362884301,17995900.0,,,,,,,,,,,,,,,
2019-09-05,132.22210693359375,132.5336637807426,131.00420158510994,131.3346445943068,26101800.0,,,,,,,,,,,,,,,
2019-09-06,131.3252410888672,132.34486359607237,130.4755364582972,132.20325336060617,20824500.0,,,,,,,,,,,,,,,
2019-09-09,129.83351135253906,131.93886451289768,128.83276091055478,131.78780403707216,25773900.0,,,,,,,,,,,,,,,
2019-09-10,128.47398376464844,129.23870754324872,126.99172999651226,129.1537414358306,28903400.0,,,,,,,,,,,,,,,
2019-09-11,128.5117645263672,128.65338913649668,127.53933604167992,128.3135102404754,24726100.0,,,,,,,,,,,,,,,
2019-09-12,129.83351135253906,130.68320131869783,129.21983357171783,130.14506818170923,27010000.0,,,,,,,,,,,,,,,
2019-09-13,129.64468383789062,130.34331327906276,128.93660411394447,130.0789646679297,23363100.0,,,,,,,,,,,,,,,
2019-09-16,128.71005249023438,129.05936731686623,128.07750280685522,128.23799919762993,16731400.0,,,,,,,,,,,,,,,
2019-09-17,129.71078491210938,129.83352336080964,128.8044363792482,129.30482605244111,17814200.0,,,,,,,,,,,,,,,
2019-09-18,130.77764892578125,130.919259151961,128.89887162489774,129.6824818235801,23982100.0,,,,,,,,,,,,,,,
2019-09-19,133.1851348876953,134.412462034287,132.24102821744046,132.45816871794025,35772100.0,,,,,,,,,,,,,,,
2019-09-20,131.6461944580078,133.73266146712885,130.52270557344113,133.12843396693162,39167300.0,,,,,,,,,,,,,,,
2019-09-23,131.36300659179688,131.82562406420516,130.702134778303,131.4479727379764,17139300.0,,,,,,,,,,,,,,,
2019-09-24,129.7013702392578,132.8263608025091,129.22931693590448,132.51480389358508,29773200.0,,,,,,,,,,,,,,,
2019-09-25,131.57069396972656,132.1371636818382,128.42681731994574,129.81465514928834,21382000.0,,,,,,,,,,,,,,,
2019-09-26,131.74061584472656,132.34484343387115,130.70210732903035,131.64621383743895,17456600.0,,,,,,,,,,,,,,,
2019-09-27,130.03179931640625,132.51480430973805,129.01216244925013,132.3165355831006,22477700.0,,,,,,,,,,,,,,,
2019-09-30,131.25914001464844,131.43852257437396,130.07900675953152,130.33391957629536,17280900.0,,,,,,,,,,,,,,,
2019-10-01,129.40867614746094,132.41092770026117,129.3425817820733,131.85390836022654,21466600.0,,,,,,,,,,,,,,,
2019-10-02,127.12390899658205,128.74777300375584,126.1137227350266,128.63448485634527,30521700.0,,,,,,,,,,,,,,,
2019-10-03,128.662841796875,129.10657303583395,125.77387800683437,127.40717833406802,24132900.0,,,,,,,,,,,,,,,
2019-10-04,130.4000244140625,130.52276290589572,128.7950457622277,129.10660272970156,22897700.0,,,,,,,,,,,,,,,
2019-10-07,129.45590209960938,130.4566528657822,129.36150007607725,129.47478826668564,15303700.0,,,,,,,,,,,,,,,
2019-10-08,128.0869598388672,130.06013947038318,128.0397516206261,129.41815380126675,25550500.0,,,,,,,,,,,,,,,
2019-10-09,130.5133056640625,130.94758664636785,129.3142862107932,129.776903645437,19749900.0,,,,,,,,,,,,,,,
2019-10-10,131.3252410888672,131.86337438956303,130.522744672094,130.7493354547642,17654600.0,,,,,,,,,,,,,,,
2019-10-11,131.872802734375,133.14735240443656,131.70287046152598,132.28821194257057,25446000.0,,,,,,,,,,,,,,,
2019-10-14,131.7500762939453,132.4487059442759,131.72175424898182,131.8822506390827,13304300.0,,,,,,,,,,,,,,,
2019-10-15,133.6571807861328,133.86487098858242,131.99554391914612,132.23157057357727,19695700.0,,,,,,,,,,,,,,,
2019-10-16,132.56199645996094,133.1095799559351,131.73117813421783,132.92074713214123,20751600.0,,,,,,,,,,,,,,,
2019-10-17,131.88226318359375,133.5155636908473,131.24971344270278,133.07183240298096,21460600.0,,,,,,,,,,,,,,,
2019-10-18,129.72972106933594,132.1749542658314,128.9272245132084,131.9483634438135,32273500.0,,,,,,,,,,,,,,,
2019-10-21,130.69268798828125,130.7587823743616,129.3520581576306,130.71157415657927,20078200.0,,,,,,,,,,,,,,,
2019-10-22,128.74781799316406,132.18436558936338,128.6439656864414,131.2025010215596,27431000.0,,,,,,,,,,,,,,,
2019-10-23,129.56919860839844,129.7674529326482,128.0303001972911,129.2293196466178,29844600.0,,,,,,,,,,,,,,,
2019-10-24,132.11825561523438,132.5714226662481,130.9192364200497,131.59899419953072,37029300.0,,,,,,,,,,,,,,,
2019-10-25,132.8641357421875,133.25122295792764,131.41965360142592,131.5518279670536,25959700.0,,,,,,,,,,,,,,,
2019-10-28,136.13072204589844,137.52799566822608,135.48872211828478,136.32897634868806,35280100.0,,,,,,,,,,,,,,,
2019-10-29,134.8467559814453,136.42341237499207,134.6768092915584,136.0268893064885,20589500.0,,,,,,,,,,,,,,,
2019-10-30,136.5272216796875,136.89542258488592,134.80894118481498,135.49814920181498,18496600.0,,,,,,,,,,,,,,,
2019-10-31,135.3565673828125,136.8293714690805,134.99781664764748,136.80104942172338,24605100.0,,,,,,,,,,,,,,,
2019-11-01,135.68698120117188,136.3478528401246,134.97890135816797,136.19679234952932,33128400.0,,,,,,,,,,,,,,,
2019-11-04,136.4705810546875,136.8954260474438,136.10238014017602,136.73492969044344,16912000.0,,,,,,,,,,,,,,,
2019-11-05,136.38571166992188,136.91440931641654,135.8664499078537,136.867201082423,18250200.0,,,,,,,,,,,,,,,
2019-11-06,136.0080108642578,136.44230629114642,135.1960785142771,136.300681640543,16575800.0,,,,,,,,,,,,,,,
2019-11-07,136.19680786132812,136.78216372757217,135.73420486433483,135.80028483279548,17786700.0,,,,,,,,,,,,,,,
2019-11-08,137.8018035888672,137.83012563396463,135.72475757556614,135.93246217689625,16732700.0,,,,,,,,,,,,,,,
2019-11-11,137.94342041015625,138.23609116077284,136.64054864968358,137.21645427074083,14362600.0,,,,,,,,,,,,,,,
2019-11-12,138.8498077392578,139.32186118599884,137.896250557047,138.1039552260873,18641600.0,,,,,,,,,,,,,,,
2019-11-13,139.0763397216797,139.21796435399204,138.10391108467948,138.53820645547805,16919200.0,,,,,,,,,,,,,,,
2019-11-14,139.78439331054688,140.1148363177174,138.7836428169502,138.80252897888238,19729800.0,,,,,,,,,,,,,,,
2019-11-15,141.58767700195312,141.60656316881852,139.9826985605794,140.60579800789372,23485700.0,,,,,,,,,,,,,,,
2019-11-18,141.93698120117188,142.13524992356358,140.65299566327678,141.68208279428393,21534000.0,,,,,,,,,,,,,,,
2019-11-19,141.9841766357422,142.8716390549211,141.80479409493938,142.44679400907984,23935700.0,,,,,,,,,,,,,,,
2019-11-20,141.73789978027344,142.89363040716188,140.63902044982487,142.3915523673597,25696800.0,,,,,,,,,,,,,,,
2019-11-21,141.60520935058594,141.90835830318767,140.676840979384,141.5294221124355,18576100.0,,,,,,,,,,,,,,,
2019-11-22,141.70945739746094,142.38206030296143,140.9800321150177,142.16418096242268,15901800.0,,,,,,,,,,,,,,,
2019-11-25,143.26304626464844,143.37673437237504,142.02206070526566,142.09784795876988,22420900.0,,,,,,,,,,,,,,,
2019-11-26,144.02090454101562,144.39035836801426,143.3483161545276,143.38620255386104,24620100.0,,,,,,,,,,,,,,,
2019-11-27,144.29563903808594,144.466149522101,143.53778093649,144.30510702443976,15184400.0,,,,,,,,,,,,,,,
2019-11-29,143.4051513671875,144.27668309145497,143.3104136875091,144.08722218703866,11977300.0,,,,,,,,,,,,,,,
2019-12-02,141.67160034179688,143.83148713048882,140.50640168196318,143.812536697621,27418400.0,,,,,,,,,,,,,,,
2019-12-03,141.4442596435547,141.55793334785417,138.9243865286378,139.7201458235754,24066000.0,,,,,,,,,,,,,,,
2019-12-04,141.95578002929688,142.26838262760975,141.34001391048014,142.2304962218862,17574700.0,,,,,,,,,,,,,,,
2019-12-05,142.03155517578125,142.4010235261113,141.6052644434032,142.14524330470715,17869100.0,,,,,,,,,,,,,,,
2019-12-06,143.7556915283203,143.86936520905385,142.3536631311451,143.0357341254345,16403500.0,,,,,,,,,,,,,,,
2019-12-09,143.38623046875,144.19145754702078,142.95993973228923,143.11151426901324,16687400.0,,,,,,,,,,,,,,,
2019-12-10,143.16835021972656,143.88830758229085,142.8178322988556,143.31991030056835,16476100.0,,,,,,,,,,,,,,,
2019-12-11,143.7082977294922,143.8693402342234,142.4104752499314,143.55672321153048,18856600.0,,,,,,,,,,,,,,,
2019-12-12,145.1671905517578,145.35665148920563,143.0641408997182,143.6609421299317,24612100.0,,,,,,,,,,,,,,,
2019-12-13,146.3892364501953,146.73027194419177,144.77879668324582,144.93983921444635,23845400.0,,,,,,,,,,,,,,,
2019-12-16,147.33653259277344,147.68703602021847,146.66394415335506,146.9386603212284,24144200.0,,,,,,,,,,,,,,,
2019-12-17,146.540771484375,147.5070408660075,146.31340973136145,147.26072868650778,25425600.0,,,,,,,,,,,,,,,
2019-12-18,146.23768615722656,147.28921123350642,146.05769316458327,146.1713813180638,24129200.0,,,,,,,,,,,,,,,
2019-12-19,147.50709533691406,147.56393218242093,145.65034313899864,145.8871729652409,24958900.0,,,,,,,,,,,,,,,
2019-12-20,149.1174774169922,150.14058360405707,148.05647037766204,149.06064059353412,53477500.0,,,,,,,,,,,,,,,
2019-12-23,149.1174774169922,149.79006576783252,148.9848533439434,149.79006576783252,17718200.0,,,,,,,,,,,,,,,
2019-12-24,149.08909606933594,149.40171313101288,148.84278383319707,149.18381931366798,8989200.0,,,,,,,,,,,,,,,
2019-12-26,150.31112670898438,150.3679635447825,149.1080273498001,149.2596018818904,14520600.0,,,,,,,,,,,,,,,
2019-12-27,150.58587646484375,151.14479136104296,149.88485500617273,151.05005365272842,18412800.0,,,,,,,,,,,,,,,
2019-12-30,149.28799438476562,150.64266804088126,148.47329948488263,150.6142496279154,16348400.0,,,,,,,,,,,,,,,
2019-12-31,149.39224243164062,149.4585617173354,148.20809337232998,148.51124246988692,18369400.0,,,,,,,,,,,,,,,
2020-01-02,152.1584014892578,152.26260717686054,149.98904693545597,150.41533767385138,22622100.0,,,,,,,,,,,,,,,
2020-01-03,150.26373291015625,151.5236688959314,149.73323659087,149.97954877835332,21116200.0,,,,,,,,,,,,,,,
2020-01-06,150.65211486816406,150.7184341257304,148.26486732973,148.80484601012395,20813700.0,,,,,,,,,,,,,,,
2020-01-07,149.27854919433594,151.25844269298102,149.03225142604057,150.92688967276914,21634100.0,,,,,,,,,,,,,,,
2020-01-08,151.65634155273438,152.32894460830389,149.62907885185848,150.55744770797486,27746500.0,,,,,,,,,,,,,,,
2020-01-09,153.55096435546875,153.67412047600544,152.5468083247831,153.31413455747898,21385000.0,,,,,,,,,,,,,,,
2020-01-10,152.84043884277344,154.62140312836723,152.68886433869304,154.24248132310657,20725900.0,,,,,,,,,,,,,,,
2020-01-13,154.67828369140625,154.70670211208954,152.76469478737948,153.23835440536027,21626500.0,,,,,,,,,,,,,,,
2020-01-14,153.58883666992188,154.98139677965818,153.20043240422595,154.7824534261497,23477400.0,,,,,,,,,,,,,,,
2020-01-15,154.58355712890625,155.30352905130025,154.00570623006226,154.05306063131832,21417900.0,,,,,,,,,,,,,,,
2020-01-16,157.416015625,157.48233490143087,155.38875329683958,155.6919023520506,23865400.0,,,,,,,,,,,,,,,
2020-01-17,158.2970428466797,158.64754632231816,156.71500707487465,158.60017747170502,34371700.0,,,,,,,,,,,,,,,
2020-01-21,157.72865295410156,159.32962477735774,157.6623336691409,157.89916347838133,29517200.0,,,,,,,,,,,,,,,
2020-01-22,156.9707489013672,158.66645793583385,156.9517984747694,158.58118824361392,24138800.0,,,,,,,,,,,,,,,
2020-01-23,157.9370574951172,158.0128447653816,156.56344755206595,157.43497947769117,19680800.0,,,,,,,,,,,,,,,
2020-01-24,156.34556579589844,158.70439597949334,155.78665089637408,158.68544554672874,24918100.0,,,,,,,,,,,,,,,
2020-01-27,153.73092651367188,154.7729831980211,151.76050125459204,152.6604514156532,32078100.0,,,,,,,,,,,,,,,
2020-01-28,156.74342346191406,157.0276076258131,154.4793314082179,155.15191986936853,24899900.0,,,,,,,,,,,,,,,
2020-01-29,159.18746948242188,159.8600722949178,156.96127863009366,158.9980085840233,34754500.0,,,,,,,,,,,,,,,
2020-01-30,163.6777801513672,164.88087936173753,161.7926100859004,164.88087936173753,51597500.0,,,,,,,,,,,,,,,
2020-01-31,161.2621307373047,163.31781150569444,160.6463790875127,163.1378330139446,36142700.0,,,,,,,,,,,,,,,
2020-02-03,165.19354248046875,165.3072161697308,161.4232012972318,161.45161971954732,30107000.0,,,,,,,,,,,,,,,
2020-02-04,170.63113403320312,171.1237440771596,167.02185010187932,167.80812679253964,36433300.0,,,,,,,,,,,,,,,
2020-02-05,170.42271423339844,174.4961895872338,169.01121791022703,174.33514706166798,39186300.0,,,,,,,,,,,,,,,
2020-02-06,173.9561767578125,174.13616966421563,170.57424129734784,171.4363049780474,27751400.0,,,,,,,,,,,,,,,
2020-02-07,174.20252990722656,175.85087054547617,172.86680634459037,173.21732428358098,33529100.0,,,,,,,,,,,,,,,
2020-02-10,178.75912475585938,178.89174886166035,173.5962381626121,173.90885522377374,35844300.0,,,,,,,,,,,,,,,
2020-02-11,174.7235565185547,180.6537695392819,173.8330741528824,180.6064006880335,53159900.0,,,,,,,,,,,,,,,
2020-02-12,174.9792938232422,176.05923687401918,172.26996098288024,175.80345670398398,47062900.0,,,,,,,,,,,,,,,
2020-02-13,174.0320281982422,176.41926233388548,173.23626903141627,173.43521243685896,35295800.0,,,,,,,,,,,,,,,
2020-02-14,175.58563232421875,175.64246916757827,173.0278587334808,173.5962560769659,23149500.0,,,,,,,,,,,,,,,
2020-02-18,177.36654663085938,177.81178775317247,175.72768867603537,175.83189435263932,27792200.0,,,,,,,,,,,,,,,
2020-02-19,177.89846801757812,178.75337797301026,177.12904615880493,178.63939384413166,29997500.0,,,,,,,,,,,,,,,
2020-02-20,175.18179321289062,177.8700309337573,172.028110481901,177.58505602269517,36862400.0,,,,,,,,,,,,,,,
2020-02-21,169.64382934570312,174.30787459136025,168.37095788184524,173.99440364976678,48572600.0,,,,,,,,,,,,,,,
2020-02-24,162.32952880859375,165.80619024009897,155.05324119911742,159.36582502799183,68311100.0,,,,,,,,,,,,,,,
2020-02-25,159.65081787109375,166.0816754656081,159.25184432237913,165.4737357884397,68073300.0,,,,,,,,,,,,,,,
2020-02-26,161.64559936523438,164.58080718946448,159.78379060390208,161.20865045967483,56206100.0,,,,,,,,,,,,,,,
2020-02-27,150.25619506835938,158.66287293546242,150.06621667754132,155.13872812835805,93174900.0,,,,,,,,,,,,,,,
2020-02-28,153.8943634033203,155.50921622258826,144.38580353335962,144.7752687189207,97012700.0,,,,,,,,,,,,,,,
2020-03-02,164.1343536376953,164.25784613285873,154.17933661297113,157.02905638868572,71030800.0,,,,,,,,,,,,,,,
2020-03-03,156.2691192626953,166.2336440588436,154.13182955336734,165.09375911275336,71677000.0,,,,,,,,,,,,,,,
2020-03-04,162.006591796875,162.1490720051714,157.32354419371018,160.049786299332,49814400.0,,,,,,,,,,,,,,,
2020-03-05,157.9409942626953,162.310556474439,157.39004662621815,157.7320136249134,47817300.0,,,,,,,,,,,,,,,
2020-03-06,153.47642517089844,154.93927504171984,148.18543814642317,154.46432171432747,72821100.0,,,,,,,,,,,,,,,
2020-03-09,143.0749053955078,149.84774304753546,142.4859680325218,143.43587448607195,70419300.0,,,,,,,,,,,,,,,
2020-03-10,152.85899353027344,152.96348385327482,144.93677465901976,150.23725610009342,65354400.0,,,,,,,,,,,,,,,
2020-03-11,145.93417358398438,149.80028638541867,143.5783944896267,149.25884709378187,56371600.0,,,,,,,,,,,,,,,
2020-03-12,132.09400939941406,145.7821669760473,131.63805829012034,138.0214317979302,93226400.0,,,,,,,,,,,,,,,
2020-03-13,150.8736572265625,153.79937110403267,133.6803430845326,140.11121440764762,92727400.0,,,,,,,,,,,,,,,
2020-03-16,128.6363525390625,141.8685592719839,128.23739349861998,132.98692659116145,87905900.0,,,,,,,,,,,,,,,
2020-03-17,139.2278289794922,140.1112352341527,128.23740173973297,132.98693513750086,81059800.0,,,,,,,,,,,,,,,
2020-03-18,133.36691284179688,138.68639687590408,128.25642396381355,131.08714225256688,81593200.0,,,,,,,,,,,,,,,
2020-03-19,135.56117248535156,142.6284651649305,132.0370127460227,135.61816456023482,85922700.0,,,,,,,,,,,,,,,
2020-03-20,130.46969604492188,139.73128672500724,129.054329789664,138.68638351717573,84866200.0,,,,,,,,,,,,,,,
2020-03-23,129.16827392578125,133.52835551035776,125.88160575331062,130.1466764014955,78975200.0,,,,,,,,,,,,,,,
2020-03-24,140.90914916992188,142.10604082694735,134.19331668258258,136.5490811192796,82516700.0,,,,,,,,,,,,,,,
2020-03-25,139.56028747558594,146.59909944242216,137.20452297118143,141.4506069839255,75638200.0,,,,,,,,,,,,,,,
2020-03-26,148.28994750976562,148.81239913590423,140.9376638391544,140.96615988290495,64568100.0,,,,,,,,,,,,,,,
2020-03-27,142.20101928710938,147.1310370046496,141.7260659731949,144.1483307730437,57042300.0,,,,,,,,,,,,,,,
2020-03-30,152.2035369873047,152.55501230058746,142.49548995938957,144.8037706334884,63420300.0,,,,,,,,,,,,,,,
2020-03-31,149.8097686767578,156.52560046154846,148.71736744542542,151.41509857414286,77927200.0,,,,,,,,,,,,,,,
2020-04-01,144.49029541015625,149.8477681249907,143.2649222575526,145.33571171552185,57969900.0,,,,,,,,,,,,,,,
2020-04-02,147.4824981689453,147.69147878711792,142.82796147930063,144.25282142442757,49630700.0,,,,,,,,,,,,,,,
2020-04-03,146.12413024902344,149.49630149094543,144.56628404497476,147.33051565835152,41243300.0,,,,,,,,,,,,,,,
2020-04-06,156.99110412597656,158.15948545558706,149.68631836450496,152.2890682680744,67111700.0,,,,,,,,,,,,,,,
2020-04-07,155.3002166748047,161.48410268308842,155.08172774695498,161.09463754501482,62769000.0,,,,,,,,,,,,,,,
2020-04-08,156.85804748535156,158.3208969546214,155.30969542485835,157.37099056058554,48318200.0,,,,,,,,,,,,,,,
2020-04-09,156.86756896972656,158.98585654320863,155.1482404127014,158.02645613418778,51385100.0,,,,,,,,,,,,,,,
2020-04-13,157.2190399169922,157.2760464896753,154.1698477747721,156.11715925033957,41905300.0,,,,,,,,,,,,,,,
2020-04-14,164.998779296875,165.04627752742255,159.58431438622728,160.53422101947862,52874300.0,,,,,,,,,,,,,,,
2020-04-15,163.26995849609375,164.87530304245226,160.76220553744395,162.62401444151914,40940800.0,,,,,,,,,,,,,,,
2020-04-16,168.1714630126953,168.3994458213664,164.23885015327437,165.5687281288851,50479600.0,,,,,,,,,,,,,,,
2020-04-17,169.65338134765625,170.983245235046,167.0601250256023,170.50829177605976,52765600.0,,,,,,,,,,,,,,,
2020-04-20,166.2906494140625,169.79580713643446,166.22416348822875,167.7820097543469,36669600.0,,,,,,,,,,,,,,,
2020-04-21,159.41336059570312,164.97030648601222,157.7890136465808,164.808824074953,56203700.0,,,,,,,,,,,,,,,
2020-04-22,164.8277587890625,165.2837097921201,162.2630144670345,162.80445356546147,34620200.0,,,,,,,,,,,,,,,
2020-04-23,162.83299255371094,166.2906521024293,162.34854539106306,165.38824370404214,32790800.0,,,,,,,,,,,,,,,
2020-04-24,165.80618286132812,165.81567670835807,162.1585453714661,163.44091045280888,34277600.0,,,,,,,,,,,,,,,
2020-04-27,165.3312530517578,168.03847827027482,164.61882307408098,167.74400953194305,33194400.0,,,,,,,,,,,,,,,
2020-04-28,161.30360412597656,166.87005623256687,160.90464517567204,166.79406198092485,34392700.0,,,,,,,,,,,,,,,
2020-04-29,168.5419158935547,168.779392536246,163.26994602134675,164.54281734751044,51286600.0,,,,,,,,,,,,,,,
2020-04-30,170.23277282714844,171.36314953679909,167.40204064561368,170.98319268415975,53875900.0,,,,,,,,,,,,,,,
2020-05-01,165.8251953125,169.69130747870238,165.29323546301947,166.99357632410124,39370500.0,,,,,,,,,,,,,,,
2020-05-04,169.8812713623047,170.03325987772834,165.09374908184083,165.74918687198553,30372900.0,,,,,,,,,,,,,,,
2020-05-05,171.705078125,174.4503070808574,170.8881580294289,171.57209180685686,36839200.0,,,,,,,,,,,,,,,
2020-05-06,173.3959503173828,174.97279880598006,172.53154629757884,172.95900138331487,32139300.0,,,,,,,,,,,,,,,
2020-05-07,174.40284729003906,175.3052556080261,173.4339385566434,174.94428648306186,28316000.0,,,,,,,,,,,,,,,
2020-05-08,175.4287109375,175.73268794965426,174.17484199841795,175.7136857627892,30877800.0,,,,,,,,,,,,,,,
2020-05-11,177.38555908203125,178.11697670899608,173.6904230840471,173.97538346108584,30892700.0,,,,,,,,,,,,,,,
2020-05-12,173.3674774169922,177.67055387694649,173.1680051144238,177.44258553115407,32038200.0,,,,,,,,,,,,,,,
2020-05-13,170.7457275390625,174.83032920522427,167.69652068640866,173.4054691701278,44711500.0,,,,,,,,,,,,,,,
2020-05-14,171.4866180419922,171.63860655955162,166.87956575262888,168.64639240959448,41873900.0,,,,,,,,,,,,,,,
2020-05-15,173.98487854003906,177.6895081033715,168.13345100384268,170.09025608059895,46610400.0,,,,,,,,,,,,,,,
2020-05-18,175.647216796875,176.87258982109455,174.7448085084128,176.44513478913066,35264500.0,,,,,,,,,,,,,,,
2020-05-19,174.43133544921875,177.2525589172662,174.29834911883097,175.76119875309638,26799100.0,,,,,,,,,,,,,,,
2020-05-20,176.85084533691406,177.0318325808868,175.21245438645676,176.04117015118126,31261300.0,,,,,,,,,,,,,,,
2020-05-21,174.7266387939453,177.81291307895333,174.5932820706001,176.6031677448123,29119500.0,,,,,,,,,,,,,,,
2020-05-22,174.80287170410156,175.7078080395273,173.87889478725262,174.49806251858578,20826900.0,,,,,,,,,,,,,,,
2020-05-26,172.9548797607422,177.65095431086615,172.5071791420549,177.49854249710228,36073600.0,,,,,,,,,,,,,,,
2020-05-27,173.18348693847656,173.35495386661088,168.22069886726882,171.6498775472554,39517100.0,,,,,,,,,,,,,,,
2020-05-28,172.79295349121094,175.41247189302518,171.82136076722483,172.16428012121764,33810200.0,,,,,,,,,,,,,,,
2020-05-29,174.55519104003906,175.52679835595217,171.8499462743446,174.0598598251902,42130400.0,,,,,,,,,,,,,,,
2020-06-01,174.15513610839844,174.31706825276393,172.8501441283507,173.87888780610865,22622400.0,,,,,,,,,,,,,,,
2020-06-02,176.1364288330078,176.22215504170484,172.74534536425864,175.50774089964386,30794600.0,,,,,,,,,,,,,,,
2020-06-03,176.56507873535156,177.11756076291744,174.86953695945328,176.05070693577963,27311000.0,,,,,,,,,,,,,,,
2020-06-04,174.2408447265625,177.0222953752069,173.65026702031676,175.5553713989603,28761800.0,,,,,,,,,,,,,,,
2020-06-05,178.31777954101562,178.82263107426536,173.3740310033493,173.95508846130764,39893600.0,,,,,,,,,,,,,,,
2020-06-08,179.4227294921875,179.60371673224284,175.68872668481072,177.11755495708823,33211600.0,,,,,,,,,,,,,,,
2020-06-09,180.7944183349609,181.6517095383522,178.37492750218286,179.0798213933847,29783900.0,,,,,,,,,,,,,,,
2020-06-10,187.5003662109375,189.10066141937924,181.9469852991804,182.06130144357863,43872300.0,,,,,,,,,,,,,,,
2020-06-11,177.43186950683594,186.47157890859128,177.24136200907282,183.9663769701649,52854700.0,,,,,,,,,,,,,,,
2020-06-12,178.8321533203125,182.62330696543887,176.39360750554297,181.49928782354127,43373600.0,,,,,,,,,,,,,,,
2020-06-15,179.97523498535156,181.7660379714091,175.27914455961388,175.8221063506272,32770200.0,,,,,,,,,,,,,,,
2020-06-16,184.38552856445312,186.3001531732844,182.37564292571705,183.7377855376434,42556700.0,,,,,,,,,,,,,,,
2020-06-17,185.02371215820312,187.0050221314009,184.49980563299377,185.7762218691107,25687800.0,,,,,,,,,,,,,,,
2020-06-18,187.0050201416016,187.16695224134497,184.7950924714294,184.7950924714294,23061600.0,,,,,,,,,,,,,,,
2020-06-19,185.8905792236328,189.83414524257643,185.1475895776576,189.1673615262903,44441100.0,,,,,,,,,,,,,,,
2020-06-22,191.0534210205078,191.2343937475536,185.9667807124898,186.50020767278065,32818900.0,,,,,,,,,,,,,,,
2020-06-23,192.329833984375,194.27303423664063,191.87259842577603,192.5012864177539,30917400.0,,,,,,,,,,,,,,,
2020-06-24,188.45291137695312,193.6062219286943,187.2336458038509,192.03451671588377,36740600.0,,,,,,,,,,,,,,,
2020-06-25,190.83428955078125,191.0914826946997,186.1953653454678,188.4148135445753,27803900.0,,,,,,,,,,,,,,,
2020-06-26,187.0145874023437,190.4056711305793,185.6333895289616,190.25325928026007,54675800.0,,,,,,,,,,,,,,,
2020-06-29,189.02444458007807,189.1101707823293,184.3664653054702,186.4906524584032,26701600.0,,,,,,,,,,,,,,,
2020-06-30,193.8539123535156,194.7016833148076,188.3576960755504,188.4910528154796,34310300.0,,,,,,,,,,,,,,,
2020-07-01,194.9874267578125,196.5591465629425,192.1964558697461,193.5014476946297,32061200.0,,,,,,,,,,,,,,,
2020-07-02,196.473373413086,198.14987426202228,195.2731631065168,195.920891500122,29315800.0,,,,,,,,,,,,,,,
2020-07-06,200.70274353027344,201.1123485300744,198.21658173292928,198.9214755860696,31897600.0,,,,,,,,,,,,,,,
2020-07-07,198.3689880371093,204.4843711822416,198.12132970713927,200.46459988972657,33600700.0,,,,,,,,,,,,,,,
2020-07-08,202.7317352294922,203.1413257973028,198.78816875441075,200.10269575770343,33600000.0,,,,,,,,,,,,,,,
2020-07-09,204.1509704589844,206.113225434526,201.4361911945056,206.06559492317183,33121700.0,,,,,,,,,,,,,,,
2020-07-10,203.5317840576172,203.92233386589348,201.06467786642992,203.4841535506681,26177600.0,,,,,,,,,,,,,,,
2020-07-13,197.24497985839844,205.5607560236362,196.7020181584521,204.30338021415548,38135600.0,,,,,,,,,,,,,,,
2020-07-14,198.4642333984375,198.9405094425568,192.44409722406945,196.3495665997644,37591800.0,,,,,,,,,,,,,,,
2020-07-15,198.1689300537109,201.30283456368667,195.30175350046605,199.61681329766185,32179400.0,,,,,,,,,,,,,,,
2020-07-16,194.24444580078125,195.93998757949456,192.71083615432784,195.6542190082387,29940700.0,,,,,,,,,,,,,,,
2020-07-17,193.2538299560547,195.31133203391312,191.834521688708,194.76838473976025,31635300.0,,,,,,,,,,,,,,,
2020-07-20,201.56005859375,202.2268422508077,193.37762385459047,195.27320803339163,36884800.0,,,,,,,,,,,,,,,
2020-07-21,198.84527587890625,203.7890242251272,198.15943711788177,203.5223107663725,37990400.0,,,,,,,,,,,,,,,
2020-07-22,201.7028961181641,202.2268026514032,198.50232065621967,199.2738854893579,49605700.0,,,,,,,,,,,,,,,
2020-07-23,192.92990112304688,200.91229258668065,192.55840637545583,197.35927722794668,67457000.0,,,,,,,,,,,,,,,
2020-07-24,191.748764038086,193.23474316986903,188.1385829990141,190.91051343665205,39827000.0,,,,,,,,,,,,,,,
2020-07-27,194.17774963378903,194.29205123361672,191.3296136481544,191.9106710052641,30160900.0,,,,,,,,,,,,,,,
2020-07-28,192.43460083007807,194.98743376684,192.1678873750372,193.949155350088,23251400.0,,,,,,,,,,,,,,,
2020-07-29,194.37779235839844,194.939794647092,192.4250575142541,192.8918133073751,19632600.0,,,,,,,,,,,,,,,
2020-07-30,194.2253875732422,194.7588290139388,190.10084934195524,191.4629920099021,25079600.0,,,,,,,,,,,,,,,
2020-07-31,195.28274536132807,195.36848611633985,189.56743145682043,194.7016878663113,51044000.0,,,,,,,,,,,,,,,
2020-08-03,206.26564025878903,207.3134534584986,200.4550807493608,201.4838388359504,78983000.0,,,,,,,,,,,,,,,
2020-08-04,203.1698455810547,204.57963325518696,200.3312441892674,204.0080961402909,49280100.0,,,,,,,,,,,,,,,
2020-08-05,202.83648681640625,204.79874220686773,201.5314948311525,204.70348116401647,28806400.0,,,,,,,,,,,,,,,
2020-08-06,206.08465576171875,206.1036963389564,201.5124027056989,202.2649124807569,32656800.0,,,,,,,,,,,,,,,
2020-08-07,202.39830017089844,205.4655196114251,200.9218412606781,204.6558589111581,27820400.0,,,,,,,,,,,,,,,
2020-08-10,198.3689880371093,201.8267570415429,196.55914474048373,201.62671469191105,36716500.0,,,,,,,,,,,,,,,
2020-08-11,193.7300720214844,197.7974594700501,193.50145425985625,197.33071819206663,36446500.0,,,,,,,,,,,,,,,
2020-08-12,199.264404296875,200.3026827443184,195.03507004935847,195.54944186077296,28013100.0,,,,,,,,,,,,,,,
2020-08-13,198.797592163086,201.3218635908864,198.2736856754451,199.5024858496199,22588900.0,,,,,,,,,,,,,,,
2020-08-14,198.98814392089844,199.6454072484616,197.66409697652952,198.8547871975373,17958900.0,,,,,,,,,,,,,,,
2020-08-17,200.3026580810547,201.1694839962256,199.00718662001864,199.65492961793257,20184800.0,,,,,,,,,,,,,,,
2020-08-18,201.45529174804688,202.2840076003336,199.2834736604858,200.54083514206584,21336200.0,,,,,,,,,,,,,,,
2020-08-19,200.2330474853516,202.5247077340246,199.80336574182783,201.9422457266037,27627600.0,,,,,,,,,,,,,,,
2020-08-20,204.8927459716797,205.293783241714,199.4787209713245,200.08026959141188,26981500.0,,,,,,,,,,,,,,,
2020-08-21,203.40318298339844,206.48736005046817,203.240859408282,204.20525755571333,36249300.0,,,,,,,,,,,,,,,
2020-08-24,204.0428924560547,205.79027821365773,202.83976627250053,205.0932238289261,25460100.0,,,,,,,,,,,,,,,
2020-08-25,206.6973876953125,206.8310667638028,203.4795321802732,203.4795321802732,23043700.0,,,,,,,,,,,,,,,
2020-08-26,211.1661376953125,212.06370355764227,207.54724433690507,208.04377292307376,39600800.0,,,,,,,,,,,,,,,
2020-08-27,216.3509826660156,220.71466112899327,209.49511824885343,212.8275664431069,57602200.0,,,,,,,,,,,,,,,
2020-08-28,218.5758209228516,220.227715686254,216.35100743795783,217.87876641205395,26292900.0,,,,,,,,,,,,,,,
2020-08-31,215.348388671875,218.3752764538557,214.1834647217213,216.7520263073893,28774200.0,,,,,,,,,,,,,,,
2020-09-01,217.0098571777344,217.181724050309,214.29805843882244,215.3293033840546,25725500.0,,,,,,,,,,,,,,,
2020-09-02,221.1920928955078,222.3474735322865,217.08622920281584,217.67823447442825,34080800.0,,,,,,,,,,,,,,,
2020-09-03,207.48995971679688,218.95776110393624,205.2556028872172,218.9195733210918,58400300.0,,,,,,,,,,,,,,,
2020-09-04,204.57765197753903,208.50210600083884,195.92666935229124,205.3892844294588,59664100.0,,,,,,,,,,,,,,,
2020-09-08,193.51089477539065,200.5481706258097,193.071655116876,197.17753404239843,52924300.0,,,,,,,,,,,,,,,
2020-09-09,201.7512664794922,205.141003970412,197.3684863965206,198.22786446784107,45679000.0,,,,,,,,,,,,,,,
2020-09-10,196.09852600097656,205.0455254022006,194.89541419577407,203.7660088945279,35461500.0,,,,,,,,,,,,,,,
2020-09-11,194.8190460205078,199.2113844321981,192.15500723376067,197.84593433524395,33620100.0,,,,,,,,,,,,,,,
2020-09-14,196.1367034912109,199.755596320884,194.81899936925464,195.0195252630017,30375800.0,,,,,,,,,,,,,,,
2020-09-15,199.35459899902344,200.30945387096816,197.58811165795407,199.01085066232616,21823900.0,,,,,,,,,,,,,,,
2020-09-16,195.79298400878903,201.1401622657636,195.4014900352988,201.11151778672067,26328100.0,,,,,,,,,,,,,,,
2020-09-17,193.74957275390625,195.1054646940721,190.93275427264976,191.01868769979,34011300.0,,,,,,,,,,,,,,,
2020-09-18,191.3433837890625,194.45620569620183,187.39028485941148,193.64458772666708,55225300.0,,,,,,,,,,,,,,,
2020-09-21,193.3962860107422,193.55862414931087,187.5143914784935,188.2878215402221,39839700.0,,,,,,,,,,,,,,,
2020-09-22,198.05596923828125,198.7052780405181,192.95704840245924,195.80251145980125,33517100.0,,,,,,,,,,,,,,,
2020-09-23,191.53433227539065,198.70530157646007,190.99961588664087,198.51431894911047,30803800.0,,,,,,,,,,,,,,,
2020-09-24,194.0169677734375,196.28952707803427,190.2070915104246,190.82775593198,31202500.0,,,,,,,,,,,,,,,
2020-09-25,198.4379425048828,199.60285202097856,193.39629547770284,194.360708203797,29437300.0,,,,,,,,,,,,,,,
2020-09-28,199.98475646972656,202.97345613044888,198.6670524151084,201.3597494710803,32004900.0,,,,,,,,,,,,,,,
2020-09-29,197.90318298339844,200.5863369712553,197.4735012756388,199.89884041086924,24221900.0,,,,,,,,,,,,,,,
2020-09-30,200.8345947265625,202.4100991843997,197.21568718363864,198.35196663004595,33829100.0,,,,,,,,,,,,,,,
2020-10-01,202.8684539794922,204.3293806345708,201.7799201076704,203.85195324219404,27158400.0,,,,,,,,,,,,,,,
2020-10-02,196.8815155029297,201.4648215025371,196.26085113479485,198.6098003769444,33154800.0,,,,,,,,,,,,,,,
2020-10-05,200.8824157714844,200.9110602582012,197.635899767566,197.86507023123275,21331600.0,,,,,,,,,,,,,,,
2020-10-06,196.61412048339844,200.6913392657094,195.57333243282773,199.39275095522328,28554300.0,,,,,,,,,,,,,,,
2020-10-07,200.357162475586,200.6245206246924,197.3875637902221,197.71221088986192,25681100.0,,,,,,,,,,,,,,,
2020-10-08,201.07334899902344,201.65581107779784,198.91538214434803,201.00650216165653,19925800.0,,,,,,,,,,,,,,,
2020-10-09,206.0671844482422,206.1149300958309,201.6939483017704,201.6939483017704,26458000.0,,,,,,,,,,,,,,,
2020-10-12,211.40484619140625,213.75379540238984,207.02206617071408,208.9126745888685,40461400.0,,,,,,,,,,,,,,,
2020-10-13,212.7989501953125,215.0428648969688,210.47864535807548,212.6652711005284,28950800.0,,,,,,,,,,,,,,,
2020-10-14,210.8892364501953,214.09754923309413,209.23734168865147,212.9326251853201,23421700.0,,,,,,,,,,,,,,,
2020-10-15,209.7434234619141,210.41181895444555,206.2581944574021,207.29899733498223,22733100.0,,,,,,,,,,,,,,,
2020-10-16,209.7434234619141,212.2546818531345,209.4187763041029,210.2112930217216,26057900.0,,,,,,,,,,,,,,,
2020-10-19,204.5489654541016,212.26419281845352,204.0715381263812,210.4690614038488,27625800.0,,,,,,,,,,,,,,,
2020-10-20,204.9595642089844,207.55677026859448,203.4699931450753,206.0576559024547,22753500.0,,,,,,,,,,,,,,,
2020-10-21,205.102767944336,207.12705500386107,203.49860466382708,203.49860466382708,22724900.0,,,,,,,,,,,,,,,
2020-10-22,205.188705444336,206.30588358357,202.1427169238113,204.2720386129535,22351500.0,,,,,,,,,,,,,,,
2020-10-23,206.4682464599609,206.5159921132841,203.5368498409925,205.32242362984323,18879600.0,,,,,,,,,,,,,,,
2020-10-26,200.59591674804688,206.57330310558484,198.7053081481749,204.1957237576952,37111600.0,,,,,,,,,,,,,,,
2020-10-27,203.62277221679688,204.97866419195947,200.83459813928872,202.0377098600853,36700300.0,,,,,,,,,,,,,,,
2020-10-28,193.5299530029297,199.41186173741897,192.97615007156463,198.2946834325445,51195600.0,,,,,,,,,,,,,,,
2020-10-29,195.4778747558593,197.9986908313189,194.18881495491607,194.8572249672143,31432600.0,,,,,,,,,,,,,,,
2020-10-30,193.32937622070312,195.06720369447592,190.6080352867577,194.31287511095348,36953700.0,,,,,,,,,,,,,,,
2020-11-02,193.19580078125,196.01261992601425,191.08556496375604,195.06730829502152,30842200.0,,,,,,,,,,,,,,,
2020-11-03,197.1107177734375,198.724425112892,193.95014994050905,194.68539239663684,27512000.0,,,,,,,,,,,,,,,
2020-11-04,206.6210174560547,208.46389468820024,202.83024295706136,204.35801637531904,42311800.0,,,,,,,,,,,,,,,
2020-11-05,213.2095184326172,214.0020496521896,211.16612977646565,212.0159499519229,36080100.0,,,,,,,,,,,,,,,
2020-11-06,213.6201019287109,214.2312083747373,208.18697616938863,212.22600760843943,25231900.0,,,,,,,,,,,,,,,
2020-11-09,208.5307006835937,217.82143209246183,208.0437300706879,214.30757407086816,44395000.0,,,,,,,,,,,,,,,
2020-11-10,201.48385620117188,206.7260130000172,200.2521002250101,204.8163038729962,44045100.0,,,,,,,,,,,,,,,
2020-11-11,206.7738037109375,208.19652799591583,202.62017962636645,202.80160436416497,29440800.0,,,,,,,,,,,,,,,
2020-11-12,205.71392822265625,209.2182437227873,204.7781745628488,207.4040253621504,21593900.0,,,,,,,,,,,,,,,
2020-11-13,206.7356109619141,207.6045323412355,204.49171088632605,206.59238856748885,18621100.0,,,,,,,,,,,,,,,
2020-11-16,207.423080444336,207.9100656614941,204.8354323909098,205.1696227908008,24953300.0,,,,,,,,,,,,,,,
2020-11-17,204.77818298339844,207.8528022777668,204.4153334683792,206.34414439621403,24154100.0,,,,,,,,,,,,,,,
2020-11-18,202.07843017578125,205.9940073608106,201.93481820711207,204.5388241384548,28372800.0,,,,,,,,,,,,,,,
2020-11-19,203.3613128662109,203.94529990151645,200.97749406149,202.3656702625809,24792700.0,,,,,,,,,,,,,,,
2020-11-20,201.41786193847656,204.19418482435063,201.0444941764718,203.1506716700391,22843100.0,,,,,,,,,,,,,,,
2020-11-23,201.14976501464844,203.2367909210462,199.282926564414,201.9539393304308,25683500.0,,,,,,,,,,,,,,,
2020-11-24,204.73985290527344,205.11322061051,199.9530799622044,200.6519447216324,33979700.0,,,,,,,,,,,,,,,
2020-11-25,204.7494354248047,206.10887728216528,203.39957646316228,205.93656045611112,21012900.0,,,,,,,,,,,,,,,
2020-11-27,206.05142211914065,207.0470790626481,204.9121678318924,205.6876373123069,14512200.0,,,,,,,,,,,,,,,
2020-11-30,204.94093322753903,205.60149571776424,201.8486669444314,204.96965270067608,33064800.0,,,,,,,,,,,,,,,
2020-12-01,206.9896545410156,208.0523187829212,204.2516196677861,205.3621399555571,30904500.0,,,,,,,,,,,,,,,
2020-12-02,206.1854858398437,206.28122715714795,203.7250917523255,205.7163913660457,23724500.0,,,,,,,,,,,,,,,
2020-12-03,205.10362243652344,207.152360373299,204.53877220941484,205.4578389081124,25120900.0,,,,,,,,,,,,,,,
2020-12-04,205.21853637695312,206.19504217699352,204.08885033218635,205.0845073148356,24666000.0,,,,,,,,,,,,,,,
2020-12-07,205.1515350341797,206.34822842550528,203.90698559365995,205.22812516419336,24620000.0,,,,,,,,,,,,,,,
2020-12-08,206.79820251464844,207.6981183527373,203.81126025041704,204.8452051745144,23284100.0,,,,,,,,,,,,,,,
2020-12-09,202.76773071289065,206.0514503597692,202.2028949393342,205.984443126197,32440600.0,,,,,,,,,,,,,,,
2020-12-10,201.5423126220703,203.9931382813653,201.38913236634608,202.73900597977865,26733300.0,,,,,,,,,,,,,,,
2020-12-11,204.1654357910156,204.2228893375298,200.1924200626549,201.0923357197763,30979400.0,,,,,,,,,,,,,,,
2020-12-14,205.0653686523437,206.98966090003364,203.80166807637727,204.0122872737172,28798400.0,,,,,,,,,,,,,,,
2020-12-15,204.99835205078125,206.23333309866624,203.1889523803943,205.99399444063587,27000600.0,,,,,,,,,,,,,,,
2020-12-16,209.92874145507807,210.72334762421664,205.563206277028,205.5919257499304,35023300.0,,,,,,,,,,,,,,,
2020-12-17,210.062744140625,211.4700565683337,208.626712243622,210.49355078811152,32515800.0,,,,,,,,,,,,,,,
2020-12-18,209.2681579589844,210.3212539600956,206.80776400449463,209.2681579589844,63354900.0,,,,,,,,,,,,,,,
2020-12-21,213.09754943847656,214.4474228830975,208.01399902795885,208.27248885115827,37181900.0,,,,,,,,,,,,,,,
2020-12-22,214.38999938964844,216.00793106077268,212.3891317075916,213.19330609539352,22612200.0,,,,,,,,,,,,,,,
2020-12-23,211.59454345703125,214.0262180085377,211.38392425082907,213.59541130787824,18699600.0,,,,,,,,,,,,,,,
2020-12-24,213.2507476806641,214.0740732616441,211.7668450557722,211.97746424681867,10550600.0,,,,,,,,,,,,,,,
2020-12-28,215.3665313720703,216.39089336020064,213.50926081646244,214.87827109953108,17933500.0,,,,,,,,,,,,,,,
2020-12-29,214.5910186767578,217.49180182350608,214.04533417401936,216.65890803129253,17403200.0,,,,,,,,,,,,,,,
2020-12-30,212.22634887695312,216.007911022454,212.0253126026884,215.624960438974,20272300.0,,,,,,,,,,,,,,,
2020-12-31,212.9348297119141,213.49009718851207,210.3116725862071,212.2455331622111,20942100.0,,,,,,,,,,,,,,,
2021-01-04,208.40652465820312,213.4900752334204,205.64933874293737,213.0401174039688,37130100.0,,,,,,,,,,,,,,,
2021-01-05,208.60757446289065,209.2011442852732,206.5013971335944,207.9948680651304,23823000.0,,,,,,,,,,,,,,,
2021-01-06,203.1985321044922,207.2577212320584,202.90175448912245,203.12194197664303,35930700.0,,,,,,,,,,,,,,,
2021-01-07,208.98097229003903,209.98619774889107,204.5963001731968,204.9122144012225,27694500.0,,,,,,,,,,,,,,,
2021-01-08,210.2542419433593,211.17330891527592,207.7746966889817,209.35432615637777,22956200.0,,,,,,,,,,,,,,,
2021-01-11,208.215087890625,209.57452986995204,207.48748893825697,209.15329144659665,23031300.0,,,,,,,,,,,,,,,
2021-01-12,205.7642517089844,207.84172439484524,204.2229245679817,207.26730569518543,23249300.0,,,,,,,,,,,,,,,
2021-01-13,207.11407470703125,207.5161618550956,204.8068467927867,204.8930198022847,20087100.0,,,,,,,,,,,,,,,
2021-01-14,203.93569946289065,208.1863566093762,203.6676413192449,206.7024539232908,29480800.0,,,,,,,,,,,,,,,
2021-01-15,203.5814666748047,205.3621469623185,202.98791144832447,204.41437517914176,31746500.0,,,,,,,,,,,,,,,
2021-01-19,207.2098083496093,207.72677334714928,203.5622900765377,204.63452243177323,30480900.0,,,,,,,,,,,,,,,
2021-01-20,214.77296447753903,216.161125965196,208.0236104625681,208.41612942216207,37777300.0,,,,,,,,,,,,,,,
2021-01-21,215.37608337402344,216.64936685048048,212.9348260201569,215.11759352034807,30709400.0,,,,,,,,,,,,,,,
2021-01-22,216.3142547607422,220.2585653875312,216.1706574233892,217.39607006237097,30172700.0,,,,,,,,,,,,,,,
2021-01-25,219.74159240722656,219.9809310487722,214.65804199808883,219.3490735291546,33152100.0,,,,,,,,,,,,,,,
2021-01-26,222.42218017578125,224.19327729516465,220.2681324787497,221.972222377089,49169600.0,,,,,,,,,,,,,,,
2021-01-27,222.9678955078125,230.1863578583069,220.3256018928292,227.8504101397505,69870600.0,,,,,,,,,,,,,,,
2021-01-28,228.7407684326172,232.2925610607269,225.064529617763,225.56235818896445,49111200.0,,,,,,,,,,,,,,,
2021-01-29,222.06797790527344,227.86954440379407,221.48399101899585,225.9261157479021,42503100.0,,,,,,,,,,,,,,,
2021-02-01,229.4300079345703,232.1584741961869,222.51790703934128,225.0357541351032,33314200.0,,,,,,,,,,,,,,,
2021-02-02,229.2960205078125,231.97661660777808,228.51099724463657,231.0096936130651,25916300.0,,,,,,,,,,,,,,,
2021-02-03,232.6371612548828,234.63802880665224,229.0566498927126,229.35344208114293,27158100.0,,,,,,,,,,,,,,,
2021-02-04,231.68942260742188,232.86697949222687,230.1193613690897,232.3117119727092,25296100.0,,,,,,,,,,,,,,,
2021-02-05,231.87130737304688,232.9052522107318,230.16721716132736,231.9000268456431,18054800.0,,,,,,,,,,,,,,,
2021-02-08,232.12977600097656,233.2881669112596,230.5405638250113,232.78077013104104,22211900.0,,,,,,,,,,,,,,,
2021-02-09,233.37432861328125,234.3221002924528,231.08625176555745,231.55534615769,23565000.0,,,,,,,,,,,,,,,
2021-02-10,232.46484375,235.43263415280472,230.61714183329968,234.55186970118112,22186700.0,,,,,,,,,,,,,,,
2021-02-11,234.0636444091797,234.69548737812784,231.82342341865785,234.34127083104315,15751100.0,,,,,,,,,,,,,,,
2021-02-12,234.54234313964844,234.8391207719188,232.3787120768989,233.5275348439118,16561100.0,,,,,,,,,,,,,,,
2021-02-16,233.307357788086,235.6337375078981,232.5606222256955,234.58064140295025,26728500.0,,,,,,,,,,,,,,,
2021-02-17,234.3244171142578,234.42996924048617,231.1962585468688,231.56089582687864,21653500.0,,,,,,,,,,,,,,,
2021-02-18,233.9309844970703,234.06532223016592,231.11948242524304,232.02147062247693,16925600.0,,,,,,,,,,,,,,,
2021-02-19,231.22506713867188,233.99819366694103,230.4670068908638,233.8926415302228,25262600.0,,,,,,,,,,,,,,,
2021-02-22,225.02633666992188,228.3080290387014,223.00166514699936,227.81865886991,36446900.0,,,,,,,,,,,,,,,
2021-02-23,223.8364715576172,225.3333821880396,219.48006278270333,221.01536399641307,30228700.0,,,,,,,,,,,,,,,
2021-02-24,225.064697265625,225.68840512166148,219.7391387901833,220.7082886727813,26339700.0,,,,,,,,,,,,,,,
2021-02-25,219.7295837402344,225.10310934285124,218.6644718741568,222.6946197365492,39542200.0,,,,,,,,,,,,,,,
2021-02-26,222.98248291015625,225.851556979908,220.25732229386043,222.16685132625005,37819200.0,,,,,,,,,,,,,,,
2021-03-01,227.35806274414065,227.86662818043703,223.72132352037755,226.3601125222516,25324000.0,,,,,,,,,,,,,,,
2021-03-02,224.4121856689453,227.70348251561023,224.00917241783225,227.42520204873816,22812500.0,,,,,,,,,,,,,,,
2021-03-03,218.35739135742188,224.1339445433861,218.06952053441296,222.77137159897669,34029500.0,,,,,,,,,,,,,,,
2021-03-04,217.5609588623047,223.0880319063651,215.19084531714768,217.5705638296597,44727800.0,,,,,,,,,,,,,,,
2021-03-05,222.2340087890625,223.8364715609729,217.30187304022164,220.23812306789688,41872800.0,,,,,,,,,,,,,,,
2021-03-08,218.1942901611328,223.93245334526267,217.9448098980732,222.01333385234915,35267400.0,,,,,,,,,,,,,,,
2021-03-09,224.3258514404297,225.8611527209292,222.3011800146085,223.4622536212225,33080500.0,,,,,,,,,,,,,,,
2021-03-10,223.02078247070312,227.4155660526933,222.65614523219008,227.4155660526933,29746800.0,,,,,,,,,,,,,,,
2021-03-11,227.5403289794922,229.497823745589,224.83436439861,225.45808680397872,29907600.0,,,,,,,,,,,,,,,
2021-03-12,226.2161865234375,226.283362726676,223.79809211606155,224.5465474685344,22653700.0,,,,,,,,,,,,,,,
2021-03-15,225.31417846679688,225.67881578579733,222.4354997800782,225.458121186163,26034900.0,,,,,,,,,,,,,,,
2021-03-16,228.0969390869141,230.3518955608736,226.39851434535456,226.72476112413224,28092200.0,,,,,,,,,,,,,,,
2021-03-17,227.4540100097656,228.9029544329572,223.7980901339011,226.60000251813773,29562100.0,,,,,,,,,,,,,,,
2021-03-18,221.38961791992188,224.71929129183843,221.0153902179175,223.1552042759569,34833000.0,,,,,,,,,,,,,,,
2021-03-19,221.03456115722656,223.06882283713475,220.07500155097284,221.6774643364104,46430700.0,,,,,,,,,,,,,,,
2021-03-22,226.44647216796875,227.3196602642825,220.83304272830307,220.95779015994103,30127000.0,,,,,,,,,,,,,,,
2021-03-23,227.97213745117188,231.3018099368401,227.48276739933385,227.8857806140914,31638400.0,,,,,,,,,,,,,,,
2021-03-24,225.9379119873047,228.3751869519147,225.8035742277076,228.2312588672456,25620100.0,,,,,,,,,,,,,,,
2021-03-25,222.94406127929688,227.358041045122,222.20521097132493,225.78436397622824,34061900.0,,,,,,,,,,,,,,,
2021-03-26,226.9166259765625,227.1373352031275,222.18600467967124,222.18600467967124,25479900.0,,,,,,,,,,,,,,,
2021-03-29,225.72683715820312,227.22374800097268,222.50271586542272,227.0222340144216,25227500.0,,,,,,,,,,,,,,,
2021-03-30,222.473876953125,224.3929959619362,221.7542073248208,224.0859298925027,24792000.0,,,,,,,,,,,,,,,
2021-03-31,226.2353973388672,229.43073293599943,222.99208082780365,223.4910559775948,43623500.0,,,,,,,,,,,,,,,
2021-04-01,232.54928588867188,233.0194607441561,228.42317648565304,228.82618977966163,30338000.0,,,,,,,,,,,,,,,
2021-04-05,238.99752807617188,239.8515355755108,232.88512317429945,232.94269441038907,36910600.0,,,,,,,,,,,,,,,
2021-04-06,237.83644104003903,239.3141563692469,236.89607673963403,237.596551142058,22931900.0,,,,,,,,,,,,,,,
2021-04-07,239.7939300537109,240.7822752368662,237.1935318252326,237.7884540717137,22719800.0,,,,,,,,,,,,,,,
2021-04-08,243.00848388671875,243.8624913984209,241.80903431175963,242.5478993496156,23625200.0,,,,,,,,,,,,,,,
2021-04-09,245.5033264160156,245.63766417265023,242.2312247073296,242.64382830209405,24326800.0,,,,,,,,,,,,,,,
2021-04-12,245.56092834472656,247.2497628012072,244.32308812226344,244.40945962367468,27148700.0,,,,,,,,,,,,,,,
2021-04-13,248.0365753173828,248.7082788148953,246.4437027152732,246.8563356380846,23837500.0,,,,,,,,,,,,,,,
2021-04-14,245.2538146972656,248.36277817763545,244.8412111308576,247.06739624976976,23070900.0,,,,,,,,,,,,,,,
2021-04-15,249.00572204589844,249.41832565556072,247.3073120560616,247.4992064105056,25627500.0,,,,,,,,,,,,,,,
2021-04-16,250.19552612304688,250.4450209552328,247.1825246232301,248.97689614166003,24878600.0,,,,,,,,,,,,,,,
2021-04-19,248.2764587402344,250.90567213918928,247.3936802457765,249.66783197003824,23209300.0,,,,,,,,,,,,,,,
2021-04-20,247.81591796875,249.67746628323744,246.453330197452,247.3937093231895,19722900.0,,,,,,,,,,,,,,,
2021-04-21,250.04202270507807,250.1379845198546,246.8467021854068,248.4683602197952,24030400.0,,,,,,,,,,,,,,,
2021-04-22,246.7699584960937,251.1935142548305,245.3018188182032,249.6869986347857,25606200.0,,,,,,,,,,,,,,,
2021-04-23,250.5889587402344,250.9344153892346,246.8658631774736,247.4512097025957,21462600.0,,,,,,,,,,,,,,,
2021-04-26,250.97280883789065,251.82683096234217,249.6486411501395,251.07837562429333,19763300.0,,,,,,,,,,,,,,,
2021-04-27,251.3758544921875,252.5465184915261,249.60066319959668,251.001612155055,31014200.0,,,,,,,,,,,,,,,
2021-04-28,244.2655029296875,246.1654415847011,242.7206113026592,245.72402306023824,46903100.0,,,,,,,,,,,,,,,
2021-04-29,242.29840087890625,245.74323113487725,238.93035179332017,245.129113547262,40589000.0,,,,,,,,,,,,,,,
2021-04-30,241.98171997070312,242.8453323495901,239.5060692196905,239.64040697084403,30945100.0,,,,,,,,,,,,,,,
2021-05-03,241.6746826171875,244.06399130382755,240.9646032387153,243.1523979660195,19626600.0,,,,,,,,,,,,,,,
2021-05-04,237.769287109375,241.05099410582287,235.8213821266708,240.82069451117363,32756100.0,,,,,,,,,,,,,,,
2021-05-05,236.50265502929688,239.41011943668963,235.87894714797247,238.98791087136087,21901300.0,,,,,,,,,,,,,,,
2021-05-06,239.6307983398437,239.7555457646202,234.79462473056245,236.4834442394811,26491100.0,,,,,,,,,,,,,,,
2021-05-07,242.2504425048828,244.0160287966021,241.01260232215404,241.9529667059604,27032900.0,,,,,,,,,,,,,,,
2021-05-10,237.1839294433593,241.5499284512594,237.12635821135868,240.72470662857563,29299900.0,,,,,,,,,,,,,,,
2021-05-11,236.2723846435547,236.6274316946523,232.7604072125957,234.66033134956947,33641600.0,,,,,,,,,,,,,,,
2021-05-12,229.33474731445312,234.49718271340848,228.44236390313688,232.3765495281032,36684400.0,,,,,,,,,,,,,,,
2021-05-13,233.20176696777344,235.66784215247608,231.6568754357032,232.0215127667873,29624300.0,,,,,,,,,,,,,,,
2021-05-14,238.1147308349609,239.10307614273847,235.5623131913605,235.64867004930943,23901100.0,,,,,,,,,,,,,,,
2021-05-17,235.2648162841797,236.6177988375516,233.67195847192968,236.57942289581203,24970200.0,,,,,,,,,,,,,,,
2021-05-18,233.2497711181641,236.445106641719,233.0770427603325,236.31076887083617,20168000.0,,,,,,,,,,,,,,,
2021-05-19,233.8268280029297,233.9326238827976,229.479613808698,230.16246611695863,25739800.0,,,,,,,,,,,,,,,
2021-05-20,237.058334350586,238.4721449920727,234.5384881591989,234.6346715442007,21800700.0,,,,,,,,,,,,,,,
2021-05-21,235.7984619140625,238.8376755565684,235.3849055558589,238.10673157029987,21863100.0,,,,,,,,,,,,,,,
2021-05-24,241.19403076171875,241.5595101055293,238.04902113207515,238.3183170668216,21411500.0,,,,,,,,,,,,,,,
2021-05-25,242.0980834960937,243.0887108966254,241.23249158269627,242.14617519695508,17704300.0,,,,,,,,,,,,,,,
2021-05-26,241.8768768310547,243.271448088738,241.16515782189023,241.81915798529013,17771600.0,,,,,,,,,,,,,,,
2021-05-27,239.78024291992188,241.8672939534979,239.7225387391225,241.5691459023484,24426200.0,,,,,,,,,,,,,,,
2021-05-28,240.1360321044922,242.44430145913847,240.02062377319373,241.40558245087644,18270200.0,,,,,,,,,,,,,,,
2021-06-01,237.94325256347656,241.684558667268,237.52008367139496,241.6268544854173,23213300.0,,,,,,,,,,,,,,,
2021-06-02,237.84703063964844,239.74172912294227,236.4428322679461,238.64530588633545,19406700.0,,,,,,,,,,,,,,,
2021-06-03,236.31784057617188,236.92374910031265,233.71142277848813,235.8465653458153,25307700.0,,,,,,,,,,,,,,,
2021-06-04,241.20362854003903,242.0307559108141,238.04900663185688,238.28945046434345,25281100.0,,,,,,,,,,,,,,,
2021-06-07,244.10818481445312,244.377480722502,240.2610836417249,240.42458368050268,23079200.0,,,,,,,,,,,,,,,
2021-06-08,242.9155731201172,246.2240822081188,242.8578542797705,245.40656740508024,22455000.0,,,,,,,,,,,,,,,
2021-06-09,243.89659118652344,245.7624375889268,243.53112655730328,244.10818292342643,17937600.0,,,,,,,,,,,,,,,
2021-06-10,247.4070587158203,247.61865044725548,243.97352866576068,244.56982463133653,24563600.0,,,,,,,,,,,,,,,
2021-06-11,248.03225708007807,248.6092988045353,246.8011564650918,248.1284111334516,18999700.0,,,,,,,,,,,,,,,
2021-06-14,249.955795288086,250.0134994576514,246.9838838002012,248.04184249398912,19150500.0,,,,,,,,,,,,,,,
2021-06-15,248.4842834472656,250.0519820781897,247.83028320585453,249.8403903117265,18038900.0,,,,,,,,,,,,,,,
2021-06-16,247.54171752929688,250.6193807060856,244.69485634370264,249.48449295997696,27220000.0,,,,,,,,,,,,,,,
2021-06-17,250.9271850585937,251.7446999831913,246.2241188200235,246.2818229934253,27565500.0,,,,,,,,,,,,,,,
2021-06-18,249.5133819580078,252.2736726264324,248.85938173817627,249.70574877610207,37202200.0,,,,,,,,,,,,,,,
2021-06-21,252.5909881591797,253.44695269818988,248.06103585464265,249.88840259449225,26696100.0,,,,,,,,,,,,,,,
2021-06-22,255.36094665527344,255.63024254135576,252.3698104749173,252.67758558788293,24694100.0,,,,,,,,,,,,,,,
2021-06-23,255.1301422119141,256.63050944325494,254.32225442204245,255.8226216533833,19518700.0,,,,,,,,,,,,,,,
2021-06-24,256.4958801269531,257.61154309721616,255.32251298159505,255.98614034624336,21446900.0,,,,,,,,,,,,,,,
2021-06-25,254.88970947265625,257.03447921074826,254.6396678239104,256.0534788555384,25611100.0,,,,,,,,,,,,,,,
2021-06-28,258.4482421875,258.6213546854569,255.7456561266536,256.01495201827004,19590000.0,,,,,,,,,,,,,,,
2021-06-29,261.0258178710937,261.26626170283777,257.7365626894256,258.59252746788644,19937800.0,,,,,,,,,,,,,,,
2021-06-30,260.5448608398437,260.9872691541704,259.2945649880765,260.3428962932451,21656500.0,,,,,,,,,,,,,,,
2021-07-01,261.2181396484375,261.4489562947867,259.2945893260647,259.30418711896345,16725300.0,,,,,,,,,,,,,,,
2021-07-02,267.0368957519531,267.3735229640247,262.0837590204918,262.3915341487316,26458000.0,,,,,,,,,,,,,,,
2021-07-06,267.0465087890625,268.6911361826912,263.81492881537,267.40236092120523,31565600.0,,,,,,,,,,,,,,,
2021-07-07,269.2297668457031,269.960725504487,266.5560325451121,268.7200270839339,23260000.0,,,,,,,,,,,,,,,
2021-07-08,266.81573486328125,268.0756582442465,264.36319007014714,266.31559288844903,24618600.0,,,,,,,,,,,,,,,
2021-07-09,267.3158264160156,267.4216076093967,264.79597985271084,265.18068409845046,23916700.0,,,,,,,,,,,,,,,
2021-07-12,266.7195129394531,269.0758446344741,266.0077793129093,268.4891758346326,18931700.0,,,,,,,,,,,,,,,
2021-07-13,270.2396545410156,272.03816979015454,266.7868844783001,266.9118906217508,26120100.0,,,,,,,,,,,,,,,
2021-07-14,271.7111511230469,272.8171868548692,269.82605039030216,271.557263551942,23113700.0,,,,,,,,,,,,,,,
2021-07-15,270.2876892089844,271.71112710257626,269.1335472032558,271.22061234748406,22604200.0,,,,,,,,,,,,,,,
2021-07-16,270.0184631347656,273.24041682866897,268.7777645604806,271.28801379910107,26186800.0,,,,,,,,,,,,,,,
2021-07-19,266.4214172363281,269.6529685438566,263.9592745207665,268.2680095974711,32935600.0,,,,,,,,,,,,,,,
2021-07-20,268.64312744140625,270.2300510737556,265.7000968938325,267.4024288847443,26259700.0,,,,,,,,,,,,,,,
2021-07-21,270.64361572265625,270.7590240847354,266.6907325661512,268.2391770091446,24364300.0,,,,,,,,,,,,,,,
2021-07-22,275.202392578125,275.4716884823561,272.58636264371466,272.99029182453523,23384100.0,,,,,,,,,,,,,,,
2021-07-23,278.5974426269531,278.9051883924715,275.5486022461029,276.38534199654606,22768100.0,,,,,,,,,,,,,,,
2021-07-26,278.00115966796875,278.616709994847,275.6833068492784,277.953082639768,23176100.0,,,,,,,,,,,,,,,
2021-07-27,275.5870361328125,278.5108112060348,272.1342671616975,278.36655081608063,33604100.0,,,,,,,,,,,,,,,
2021-07-28,275.279296875,279.0590663386957,272.98064007555604,277.94340359284985,33566900.0,,,,,,,,,,,,,,,
2021-07-29,275.5486755371094,277.58763486236643,275.1447169202856,275.2986045195014,18168300.0,,,,,,,,,,,,,,,
2021-07-30,274.0193786621094,275.70248527997103,273.0576034519027,274.2694496090991,20944800.0,,,,,,,,,,,,,,,
2021-08-02,273.9328918457031,275.8083363703218,272.8941579188168,275.41400491206474,16267400.0,,,,,,,,,,,,,,,
2021-08-03,276.1450500488281,276.2508606444211,273.14431438973133,274.51004887614937,17879000.0,,,,,,,,,,,,,,,
2021-08-04,275.55828857421875,276.59699312691515,273.7693710071133,275.2793654804813,16191300.0,,,,,,,,,,,,,,,
2021-08-05,278.45318603515625,278.558996585167,275.1639308070006,275.91411439860224,13900200.0,,,,,,,,,,,,,,,
2021-08-06,278.3955078125,278.4339870480046,276.6258445430264,277.4818387644274,16589300.0,,,,,,,,,,,,,,,
2021-08-09,277.3086242675781,280.4055415160007,276.8085117411987,278.67435793533804,16117600.0,,,,,,,,,,,,,,,
2021-08-10,275.49090576171875,278.1934918740184,274.29831384057627,277.7606812698353,18616600.0,,,,,,,,,,,,,,,
2021-08-11,275.9814453125,277.62607292416914,274.9330843638876,276.23148694196493,13955900.0,,,,,,,,,,,,,,,
2021-08-12,278.732177734375,278.88606534888424,275.39481530680047,275.6737384425398,14561300.0,,,,,,,,,,,,,,,
2021-08-13,281.6559143066406,281.70399133323906,278.24159423758465,278.41473610565794,18249000.0,,,,,,,,,,,,,,,
2021-08-16,283.33905029296875,283.55064206366075,278.9341023443054,281.98294340140507,22507600.0,,,,,,,,,,,,,,,
2021-08-17,281.8770751953125,282.21370240044297,279.953524710054,281.21347728086533,20075300.0,,,,,,,,,,,,,,,
2021-08-18,280.1522827148437,284.09347133334273,279.70899787712983,281.4146181894163,21813000.0,,,,,,,,,,,,,,,
2021-08-19,285.9725036621094,286.64704708243323,278.13832497152845,278.1864940413031,29850500.0,,,,,,,,,,,,,,,
2021-08-20,293.2863464355469,294.7125096493585,287.21557336643235,288.8151805177053,40817600.0,,,,,,,,,,,,,,,
2021-08-23,293.5657653808594,294.2884777670295,290.8676509020545,292.21670814145693,22830200.0,,,,,,,,,,,,,,,
2021-08-24,291.609619140625,294.5293759454758,291.0121816186196,293.9222928481988,18175800.0,,,,,,,,,,,,,,,
2021-08-25,291.02178955078125,293.5079068482192,289.4896430501033,293.22844986666524,20006100.0,,,,,,,,,,,,,,,
2021-08-26,288.2080993652344,291.42657543670686,288.0732083264492,290.0389651127222,17666100.0,,,,,,,,,,,,,,,
2021-08-27,288.81512451171875,289.92327755138285,286.0302588466658,288.1116739143192,22605700.0,,,,,,,,,,,,,,,
2021-08-30,292.5443420410156,293.15142516677145,290.10639336951124,290.1642080093696,16348100.0,,,,,,,,,,,,,,,
2021-08-31,290.89654541015625,293.42121586283224,290.53036644546444,293.3441394842218,26285300.0,,,,,,,,,,,,,,,
2021-09-01,290.848388671875,294.08615577563324,290.5207625531025,291.85055818104365,18983800.0,,,,,,,,,,,,,,,
2021-09-02,290.1930847167969,292.3226688129112,289.2583755946985,291.2048996220678,16285600.0,,,,,,,,,,,,,,,
2021-09-03,290.1835632324219,291.59043545834663,289.3355757842756,290.0389971936132,14747900.0,,,,,,,,,,,,,,,
2021-09-07,289.2584228515625,290.13531748316177,287.3504808113143,290.05824109463697,17180400.0,,,,,,,,,,,,,,,
2021-09-08,289.2873229980469,289.67276374560055,286.6470229996981,288.8729749296078,15046800.0,,,,,,,,,,,,,,,
2021-09-09,286.43505859375,291.1471582820578,286.19415442336,289.87517720465905,19927000.0,,,,,,,,,,,,,,,
2021-09-10,284.9510803222656,289.0079277198995,284.6330997569278,287.56250269932383,19633400.0,,,,,,,,,,,,,,,
2021-09-13,286.1845092773437,287.67813278036044,283.3803812009098,286.7241322672505,23652900.0,,,,,,,,,,,,,,,
2021-09-14,288.8825988769531,290.42439115897747,287.2540846387654,288.66095649526324,21853400.0,,,,,,,,,,,,,,,
2021-09-15,293.7295837402344,294.211391982283,290.8387342879429,292.2263443776221,28356300.0,,,,,,,,,,,,,,,
2021-09-16,294.1150817871094,294.20180375871473,289.81735966426726,292.7082096801,19550800.0,,,,,,,,,,,,,,,
2021-09-17,288.9596862792969,293.4212355512948,288.6320601855472,293.103255033234,41372500.0,,,,,,,,,,,,,,,
2021-09-20,283.5923767089844,287.85157536698296,278.9862901622176,285.5485173899759,38278700.0,,,,,,,,,,,,,,,
2021-09-21,284.0741271972656,286.7144563554884,283.37070598587525,284.9317599819224,22364100.0,,,,,,,,,,,,,,,
2021-09-22,287.71661376953125,289.29695901168185,283.79471679857085,285.9339466951143,26626300.0,,,,,,,,,,,,,,,
2021-09-23,288.6609802246094,289.9522229123692,286.70483974436394,287.9768206871402,18604600.0,,,,,,,,,,,,,,,
2021-09-24,288.4585876464844,288.8921974008184,286.1266229188525,287.37934193715523,14999000.0,,,,,,,,,,,,,,,
2021-09-27,283.467041015625,285.683346907745,282.2817822917721,285.3653664442536,23571700.0,,,,,,,,,,,,,,,
2021-09-28,273.2045288085937,280.20039373530875,272.4625547192188,279.2560390156346,43186200.0,,,,,,,,,,,,,,,
2021-09-29,273.66705322265625,276.33626002135594,272.7130824122316,274.7270371271494,26353700.0,,,,,,,,,,,,,,,
2021-09-30,271.662841796875,277.3577907998415,271.37373913316804,275.314928034874,32343600.0,,,,,,,,,,,,,,,
2021-10-01,278.5815124511719,279.4294996045535,271.0556705757692,271.8554592638854,30086300.0,,,,,,,,,,,,,,,
2021-10-04,272.80938720703125,277.2805808009272,270.0534587991654,276.94330922606474,31350700.0,,,,,,,,,,,,,,,
2021-10-05,278.2539367675781,279.83425268811834,273.7152814419423,273.7152814419423,24993000.0,,,,,,,,,,,,,,,
2021-10-06,282.4456481933594,282.9467476472076,275.12218554145016,275.382351437471,28002600.0,,,,,,,,,,,,,,,
2021-10-07,284.122314453125,285.84719612226604,283.22615821775884,284.4402949405245,20430500.0,,,,,,,,,,,,,,,
2021-10-08,284.122314453125,285.84719612226604,283.0719760578184,285.44246427651734,17685700.0,,,,,,,,,,,,,,,
2021-10-11,283.5249328613281,287.12884966284184,282.0987696561335,282.26259742313226,19298600.0,,,,,,,,,,,,,,,
2021-10-12,282.2239990234375,284.69085485665033,281.71328346594987,284.5944873273196,17974100.0,,,,,,,,,,,,,,,
2021-10-13,285.5293273925781,286.4640369818574,282.81192061872434,284.1802695851788,23416300.0,,,,,,,,,,,,,,,
2021-10-14,291.7348937988281,292.2359637895139,286.9938877052562,288.32368317323034,27262900.0,,,,,,,,,,,,,,,
2021-10-15,293.1416931152344,293.37298101368174,289.58594677666315,291.3397354209865,25384800.0,,,,,,,,,,,,,,,
2021-10-18,296.10968017578125,296.9961907609561,291.67703902819403,292.5250261320918,22729300.0,,,,,,,,,,,,,,,
2021-10-19,297.0155639648437,298.0466114077476,296.0423017598198,297.13119325509496,17682100.0,,,,,,,,,,,,,,,
2021-10-20,296.22540283203125,298.4320932312607,294.97268352184886,297.9599010679799,16537100.0,,,,,,,,,,,,,,,
2021-10-21,299.4534912109375,299.70401151928974,295.2135548265935,295.99411129385413,16918100.0,,,,,,,,,,,,,,,
2021-10-22,297.91162109375,299.77139350910244,296.60108762405923,299.10649590448656,17449300.0,,,,,,,,,,,,,,,
2021-10-25,296.919189453125,298.1429719558944,295.3099367822359,298.1044190576334,17554500.0,,,,,,,,,,,,,,,
2021-10-26,298.8271484375,301.03383882381803,297.3721072772416,299.6847813807239,28107300.0,,,,,,,,,,,,,,,
2021-10-27,311.4119873046875,314.2353768644904,304.50284339356364,304.50284339356364,52588700.0,,,,,,,,,,,,,,,
2021-10-28,312.5490417480469,313.0501117800628,309.667808194034,312.5297505959251,26297900.0,,,,,,,,,,,,,,,
2021-10-29,319.5545959472656,319.92077503348816,312.11547313465474,312.337115583487,34766000.0,,,,,,,,,,,,,,,
2021-11-01,317.38641357421875,319.429276181663,314.49556360355314,319.30400131110804,27073200.0,,,,,,,,,,,,,,,
2021-11-02,321.0096130371094,321.31797741681345,317.9934882764792,318.2922070795532,26487100.0,,,,,,,,,,,,,,,
2021-11-03,321.8478698730469,322.7151187307781,318.6197491291001,321.7515023539127,21500100.0,,,,,,,,,,,,,,,
2021-11-04,324.1991271972656,324.2954947256181,317.5212721245384,320.7783004950608,23992200.0,,,,,,,,,,,,,,,
2021-11-05,323.8329162597656,326.4635995471143,322.2526006983357,326.19378813871225,22570100.0,,,,,,,,,,,,,,,
2021-11-08,324.7291564941406,325.3651469944245,322.2719458674832,325.0278752948011,20897000.0,,,,,,,,,,,,,,,
2021-11-09,323.7269592285156,326.39616621738094,322.35861092573055,324.84472843590123,21307400.0,,,,,,,,,,,,,,,
2021-11-10,318.7643737792969,322.4550419904824,317.9164158354432,322.3972273444752,25500900.0,,,,,,,,,,,,,,,
2021-11-11,320.3350524902344,321.62629517799496,318.484925125508,319.197991984075,16849800.0,,,,,,,,,,,,,,,
2021-11-12,324.4690246582031,324.96047859803025,321.6456347130858,321.7709095924338,23831000.0,,,,,,,,,,,,,,,
2021-11-15,323.84259033203125,325.5867337696935,321.87680452226203,325.25910770260543,16723000.0,,,,,,,,,,,,,,,
2021-11-16,327.15753173828125,328.275330695564,323.3030647437543,323.466863122962,20886800.0,,,,,,,,,,,,,,,
2021-11-17,327.3795166015625,330.3432389660273,326.298296191854,327.20575534879794,19053400.0,,,,,,,,,,,,,,,
2021-11-18,329.4551086425781,330.5942790410435,325.44878891319365,326.472089004235,22463500.0,,,,,,,,,,,,,,,
2021-11-19,331.2312927246094,333.15241765352346,330.3528234468968,330.7775927153273,21963400.0,,,,,,,,,,,,,,,
2021-11-22,328.0649108886719,337.56427133664994,327.7946058002201,332.6890870606931,31031100.0,,,,,,,,,,,,,,,
2021-11-23,325.98931884765625,327.6980592938018,322.01196030987296,325.38112509299714,30427600.0,,,,,,,,,,,,,,,
2021-11-24,326.21142578125,326.4527706824411,322.34990736219254,324.6378523117165,21661300.0,,,,,,,,,,,,,,,
2021-11-26,318.2663879394531,326.2307708526822,316.7603978909267,322.77472432107714,24217200.0,,,,,,,,,,,,,,,
2021-11-29,324.9757080078125,327.2926129313529,323.1511265991085,323.3442142848388,28563500.0,,,,,,,,,,,,,,,
2021-11-30,319.1448059082031,326.0858868817991,317.6001928133879,323.71106155688426,42885600.0,,,,,,,,,,,,,,,
2021-12-01,318.65240478515625,327.5339066425295,317.9863201338412,323.5275882083492,33337600.0,,,,,,,,,,,,,,,
2021-12-02,318.08282470703125,321.94434201116263,316.4513312891526,318.86477960423474,30766000.0,,,,,,,,,,,,,,,
2021-12-03,311.8272399902344,321.1817696501505,307.0196395009661,320.49632899700646,41779300.0,,,,,,,,,,,,,,,
2021-12-06,314.89715576171875,316.11354341449044,308.1781223856923,312.73471501105405,30032600.0,,,,,,,,,,,,,,,
2021-12-07,323.32489013671875,324.1743992838451,318.6717542353688,320.1584467996634,31021900.0,,,,,,,,,,,,,,,
2021-12-08,323.37310791015625,323.88475776484546,319.34746323379886,323.70133333948155,24761000.0,,,,,,,,,,,,,,,
2021-12-09,321.5679626464844,324.8405842928064,320.6218799972191,322.832607612771,22214200.0,,,,,,,,,,,,,,,
2021-12-10,330.6810607910156,331.12512705634384,323.1993706024248,323.3827950413509,38095700.0,,,,,,,,,,,,,,,
2021-12-13,327.64971923828125,331.88774838642314,327.34079080039083,328.8854035288056,28899400.0,,,,,,,,,,,,,,,
2021-12-14,316.97271728515625,323.05462611476247,312.8891511907512,321.68377419361184,44438700.0,,,,,,,,,,,,,,,
2021-12-15,323.0642395019531,323.5855526741377,313.2656435990005,317.23333915012444,35381100.0,,,,,,,,,,,,,,,
2021-12-16,313.6517639160156,325.1011790200771,311.83684591434667,324.0875129645706,35034800.0,,,,,,,,,,,,,,,
2021-12-17,312.58984375,313.6710934453868,306.2666203467996,309.77095234774947,47750300.0,,,,,,,,,,,,,,,
2021-12-20,308.8345642089844,311.6244956878622,306.5755796789902,308.96970202135424,28326500.0,,,,,,,,,,,,,,,
2021-12-21,315.95904541015625,316.38381472096694,308.7283333654757,312.09752764718075,24740600.0,,,,,,,,,,,,,,,
2021-12-22,321.6644287109375,322.0602083402628,314.47234037759364,316.93404606965555,24831500.0,,,,,,,,,,,,,,,
2021-12-23,323.1029052734375,324.74406240118367,321.2107694796361,321.23006646593336,19617800.0,,,,,,,,,,,,,,,
2021-12-27,330.59423828125,330.6231984892731,323.8172549933941,323.8462152014172,19947000.0,,,,,,,,,,,,,,,
2021-12-28,329.43572998046875,331.9070989605817,328.5379341826007,331.2699450024373,15661500.0,,,,,,,,,,,,,,,
2021-12-29,330.1114807128906,332.3800986179056,327.9200507320242,329.4839605661863,15042000.0,,,,,,,,,,,,,,,
2021-12-30,327.5725402832031,331.250633386475,327.0898505902694,330.072869357275,15994500.0,,,,,,,,,,,,,,,
2021-12-31,324.67645263671875,327.6111852143737,324.222723076331,326.7906361775632,18000800.0,,,,,,,,,,,,,,,
2022-01-03,323.16070556640625,326.2981881447209,318.3627694912806,323.73993901153324,28865100.0,,,,,,,,,,,,,,,
2022-01-04,317.6195068359375,323.5952080741863,314.82954604404773,323.2379929252775,32674300.0,,,,,,,,,,,,,,,
2022-01-05,305.42681884765625,314.7813500273399,305.04067287927575,314.5785990885747,40054300.0,,,,,,,,,,,,,,,
2022-01-06,303.01336669921875,307.6665036436116,300.7060952138819,302.3086289546871,39646100.0,,,,,,,,,,,,,,,
2022-01-07,303.1678161621094,305.54264171592666,299.35455497870817,303.2739937762214,32720000.0,,,,,,,,,,,,,,,
2022-01-10,303.3898010253906,303.82423357931884,294.1414784951119,298.77528825214137,44289500.0,,,,,,,,,,,,,,,
2022-01-11,304.07525634765625,305.6488002414314,299.1614780529444,302.53064320042563,29386800.0,,,,,,,,,,,,,,,
2022-01-12,307.25128173828125,312.2133458454884,306.10247793014696,308.6028364262324,34372200.0,,,,,,,,,,,,,,,
2022-01-13,294.2476806640625,309.7710006221289,293.47538879376066,309.3751914637592,45366000.0,,,,,,,,,,,,,,,
2022-01-14,299.46075439453125,300.05928501415605,293.2340443836935,293.71673416868725,39846400.0,,,,,,,,,,,,,,,
2022-01-18,292.1720275878906,299.074483415104,291.2935289246399,293.5428791020165,42333200.0,,,,,,,,,,,,,,,
2022-01-19,292.8285522460937,303.04228390568943,292.2203879053098,295.6860967924291,45933900.0,,,,,,,,,,,,,,,
2022-01-20,291.1584777832031,300.8605304633222,290.71441143988926,298.3698641905101,35380700.0,,,,,,,,,,,,,,,
2022-01-21,285.7812805175781,293.58153359567393,285.3758081813032,292.2107112599279,57984400.0,,,,,,,,,,,,,,,
2022-01-24,286.1094665527344,286.82383782749025,266.49295154897675,282.0838512555884,85731500.0,,,,,,,,,,,,,,,
2022-01-25,278.5022888183594,284.77725480885573,275.2972516566814,281.4273871708722,72848600.0,,,,,,,,,,,,,,,
2022-01-26,286.437744140625,297.8195767322565,282.8851546395586,297.32722375809846,90428900.0,,,,,,,,,,,,,,,
2022-01-27,289.4594116210937,296.6611350858043,287.6155330759337,292.18178912511314,53481300.0,,,,,,,,,,,,,,,
2022-01-28,297.5878295898437,297.8002142122472,284.2559439416612,289.8358350636743,49743700.0,,,,,,,,,,,,,,,
2022-01-31,300.2137756347656,301.56530125918164,295.7633601067022,298.25405611410014,46444500.0,,,,,,,,,,,,,,,
2022-02-01,298.07061767578125,299.87587283189384,294.5662849793049,299.66348813934843,40950400.0,,,,,,,,,,,,,,,
2022-02-02,302.6078491210937,304.21038262271304,298.1864239841783,298.91045860750387,36636000.0,,,,,,,,,,,,,,,
2022-02-03,290.8205871582031,300.45508559766955,289.57523929937065,298.7753051603236,43730000.0,,,,,,,,,,,,,,,
2022-02-04,295.34820556640625,298.1091767855653,289.5848887928777,289.816570444543,35096500.0,,,,,,,,,,,,,,,
2022-02-07,290.531005859375,297.18245606272853,289.5173395906922,295.5702886097434,28533300.0,,,,,,,,,,,,,,,
2022-02-08,294.0159606933594,294.9813401359987,289.5655756040924,290.8205570951065,32421200.0,,,,,,,,,,,,,,,
2022-02-09,300.4357604980469,301.1308349501558,296.74803301981893,299.14215544071413,31284700.0,,,,,,,,,,,,,,,
2022-02-10,291.9114074707031,298.4180547485802,290.28957726166584,293.51394069905155,45386200.0,,,,,,,,,,,,,,,
2022-02-11,284.8255310058594,293.7552899724405,284.0339128700643,292.6933667977203,39175600.0,,,,,,,,,,,,,,,
2022-02-14,284.78692626953125,286.4860034605709,281.263297311286,283.599498987924,36359500.0,,,,,,,,,,,,,,,
2022-02-15,290.06756591796875,290.3861281751453,286.7369950149994,289.62349961792046,27058300.0,,,,,,,,,,,,,,,
2022-02-16,289.7289733886719,291.05427315111,284.09884067695083,288.6358343081328,29982100.0,,,,,,,,,,,,,,,
2022-02-17,281.2451477050781,287.1170957635478,280.53895281663284,286.69144809406896,32461600.0,,,,,,,,,,,,,,,
2022-02-18,278.5364990234375,284.2730302677064,276.9693549958802,283.4894582539277,34264000.0,,,,,,,,,,,,,,,
2022-02-22,278.33331298828125,282.02869492098785,275.21836232867406,275.70205013593005,41736100.0,,,,,,,,,,,,,,,
2022-02-23,271.1263732910156,282.18349983515145,270.9619359564501,280.71306989618563,37811200.0,,,,,,,,,,,,,,,
2022-02-24,284.9791564941406,285.530567636646,262.66179572392394,263.6195175824751,56989700.0,,,,,,,,,,,,,,,
2022-02-25,287.6104736328125,287.92004094921725,282.1351235020053,285.51128484773926,32546700.0,,,,,,,,,,,,,,,
2022-02-28,289.04217529296875,289.38076267083534,283.44106207991604,284.7083218045915,34627500.0,,,,,,,,,,,,,,,
2022-03-01,285.32745361328125,290.1836686434819,282.6187841386107,286.7301305623066,31217800.0,,,,,,,,,,,,,,,
2022-03-02,290.396484375,291.63472396489,284.1182261639909,285.7240436842559,31873000.0,,,,,,,,,,,,,,,
2022-03-03,286.2658386230469,293.24060936073806,284.45682121195006,293.0084486328815,27314500.0,,,,,,,,,,,,,,,
2022-03-04,280.40350341796875,286.0143001348497,277.80128997128503,284.6890001626616,32356500.0,,,,,,,,,,,,,,,
2022-03-07,269.81072998046875,280.2390376841762,269.4431225318955,279.1168784545169,43157200.0,,,,,,,,,,,,,,,
2022-03-08,266.8505554199219,274.6959570788936,261.1914024621827,268.736920057862,48159500.0,,,,,,,,,,,,,,,
2022-03-09,279.087890625,280.1520098038728,271.6197490086795,274.1929719241488,35204500.0,,,,,,,,,,,,,,,
2022-03-10,276.2727966308594,277.2498554429739,271.42623538275626,273.7866342304661,30628000.0,,,,,,,,,,,,,,,
2022-03-11,270.93292236328125,280.06495143344847,270.31378773793114,278.5655013687833,27209300.0,,,,,,,,,,,,,,,
2022-03-14,267.4213256835937,276.08900319722903,266.8215575071672,271.19408479495587,30660700.0,,,,,,,,,,,,,,,
2022-03-15,277.7819519042969,278.4301066725858,269.63666429329595,271.20380834794634,34245100.0,,,,,,,,,,,,,,,
2022-03-16,284.7857666015625,284.9598871545855,273.96082939248333,279.67799420383034,37826300.0,,,,,,,,,,,,,,,
2022-03-17,285.588623046875,285.9658841758017,279.92946993729333,283.7215952422282,30816600.0,,,,,,,,,,,,,,,
2022-03-18,290.6286315917969,291.1800427447232,283.17985751382827,285.7337136336589,43390600.0,,,,,,,,,,,,,,,
2022-03-21,289.40008544921875,290.3481241566419,285.27905598306444,289.1389046674614,28351200.0,,,,,,,,,,,,,,,
2022-03-22,294.1402893066406,295.04962493870084,289.0228629554874,290.019258868664,27599700.0,,,,,,,,,,,,,,,
2022-03-23,289.71929931640625,293.3373040144488,288.0070551895243,290.7060412894904,25715400.0,,,,,,,,,,,,,,,
2022-03-24,294.17889404296875,294.2756374968961,288.58746486067383,289.3807198521377,24484500.0,,,,,,,,,,,,,,,
2022-03-25,293.7725830078125,295.5332134926127,289.5258199394837,295.27203273707045,22566500.0,,,,,,,,,,,,,,,
2022-03-28,300.5636291503906,300.6603430987499,294.4014214022609,294.4014214022609,29578200.0,,,,,,,,,,,,,,,
2022-03-29,305.1199035644531,305.5165310537255,298.9673801627558,303.6688403450475,30393400.0,,,,,,,,,,,,,,,
2022-03-30,303.6205139160156,305.6423550476428,301.41489856711223,303.52379996649006,28163600.0,,,,,,,,,,,,,,,
2022-03-31,298.25164794921875,304.8588415812711,297.8453666217999,303.659275444299,33422100.0,,,,,,,,,,,,,,,
2022-04-01,299.32537841796875,300.012206844516,295.57195627521304,299.27699192361627,27110500.0,,,,,,,,,,,,,,,
2022-04-04,304.6942749023437,304.8296921264754,299.605870116793,299.9734775453708,24289600.0,,,,,,,,,,,,,,,
2022-04-05,300.7377319335937,304.59755113932056,299.7606731283504,303.04974427141804,23156700.0,,,,,,,,,,,,,,,
2022-04-06,289.7289733886719,296.9842899176036,287.0299873737609,295.23334255704475,40110400.0,,,,,,,,,,,,,,,
2022-04-07,291.5379638671875,293.7435789334034,286.6817492492974,286.9816333071018,31411200.0,,,,,,,,,,,,,,,
2022-04-08,287.2815246582031,291.2961273756615,286.6140331520905,290.6383190722913,24361900.0,,,,,,,,,,,,,,,
2022-04-11,275.9535217285156,283.0637074472377,275.7019946723153,282.2704820396031,34569300.0,,,,,,,,,,,,,,,
2022-04-12,272.85797119140625,281.25478467779203,271.33918434835886,279.8037212149481,30966700.0,,,,,,,,,,,,,,,
2022-04-13,278.236572265625,279.16524459856345,272.122751236361,273.5061208154424,21907200.0,,,,,,,,,,,,,,,
2022-04-14,270.7007141113281,278.9040702197633,270.2073726066549,278.6912463967013,28221600.0,,,,,,,,,,,,,,,
2022-04-18,271.3681945800781,273.2449056189471,269.25932284261444,269.81073402373755,20778000.0,,,,,,,,,,,,,,,
2022-04-19,275.99224853515625,276.8338901106772,269.3270459623916,270.26540148092727,22297700.0,,,,,,,,,,,,,,,
2022-04-20,277.0177001953125,280.2487611166092,276.0600076685243,279.9585306840921,22906700.0,,,,,,,,,,,,,,,
2022-04-21,271.6487731933594,283.7312864723143,270.92324140436915,279.16527189939075,29454600.0,,,,,,,,,,,,,,,
2022-04-22,265.0899963378906,273.9608456492988,264.46120795557385,272.4904155001635,29405800.0,,,,,,,,,,,,,,,
2022-04-25,271.5616455078125,271.93890659301337,261.93624768786924,264.3740527877632,35678900.0,,,,,,,,,,,,,,,
2022-04-26,261.4042663574219,269.2786893101123,261.19144251967543,268.4467603674442,46518400.0,,,,,,,,,,,,,,,
2022-04-27,273.9801940917969,281.47735705719344,270.05265043555306,272.89673784482875,63477700.0,,,,,,,,,,,,,,,
2022-04-28,280.1810302734375,281.4869933800965,272.27755777079875,275.8858797797823,33646600.0,,,,,,,,,,,,,,,
2022-04-29,268.466064453125,280.4228421568128,267.47935197429007,279.1942562573067,37073900.0,,,,,,,,,,,,,,,
2022-05-02,275.1893615722656,275.6440293239036,267.2085121919129,268.6498925117606,35151100.0,,,,,,,,,,,,,,,
2022-05-03,272.5870666503906,274.8604049751224,271.0102398651095,274.6959381507982,25978600.0,,,,,,,,,,,,,,,
2022-05-04,280.51959228515625,281.39022443680767,267.7018653489587,273.3706722988792,33599300.0,,,,,,,,,,,,,,,
2022-05-05,268.3016357421875,277.0080163751068,265.38982566126134,276.2244444799009,43260400.0,,,,,,,,,,,,,,,
2022-05-06,265.76708984375,270.1396166091243,262.4199492559165,265.8444668964473,37780300.0,,,,,,,,,,,,,,,
2022-05-09,255.9482421875,263.47442373123533,254.7293689162889,261.24947149546875,47726000.0,,,,,,,,,,,,,,,
2022-05-10,260.7077331542969,264.8190795955056,256.42226618437826,262.8262881528178,39336400.0,,,,,,,,,,,,,,,
2022-05-11,252.04969787597656,262.5070256300987,250.8404783898665,257.01233937048545,48975900.0,,,,,,,,,,,,,,,
2022-05-12,247.0194091796875,251.40162024410785,241.86329454579928,249.28306494257023,51033800.0,,,,,,,,,,,,,,,
2022-05-13,252.6011199951172,254.4584941959466,247.0193732332159,248.9541244948476,34925100.0,,,,,,,,,,,,,,,
2022-05-16,252.9686737060547,257.14774262845646,247.4352850926769,251.4789072850036,32550900.0,,,,,,,,,,,,,,,
2022-05-17,258.1151428222656,259.5758597796513,253.89737021197143,257.4282849486114,28828800.0,,,,,,,,,,,,,,,
2022-05-18,246.36328125,255.5941513427868,245.0930699203447,255.01236815888072,31356000.0,,,,,,,,,,,,,,,
2022-05-19,245.4518280029297,249.8442599742027,244.23010107031448,246.1887405470746,32692300.0,,,,,,,,,,,,,,,
2022-05-20,244.889404296875,250.6877941538868,238.95528181890765,249.42725918111856,39199300.0,,,,,,,,,,,,,,,
2022-05-23,252.7337188720703,253.5579091986996,245.73299835989616,247.7304459426805,33175400.0,,,,,,,,,,,,,,,
2022-05-24,251.7350006103516,253.39305741677543,245.80087764780723,250.05756188241344,29043900.0,,,,,,,,,,,,,,,
2022-05-25,254.54690551757807,256.54433819264386,249.3206224202264,250.29995683719147,28547900.0,,,,,,,,,,,,,,,
2022-05-26,257.82427978515625,258.9975222921612,253.49003807090028,254.30452267342017,25002100.0,,,,,,,,,,,,,,,
2022-05-27,264.9413452148437,265.0383140061704,259.43386111985046,260.32593257304654,26910800.0,,,,,,,,,,,,,,,
2022-05-31,263.61297607421875,266.4248936649032,260.7622650462861,264.2529346305631,37827700.0,,,,,,,,,,,,,,,
2022-06-01,264.1462707519531,269.2562034890883,261.8385496478532,266.84183742859545,25292200.0,,,,,,,,,,,,,,,
2022-06-02,266.2406311035156,266.30851221318625,253.6548697199132,256.4183173881909,44008200.0,,,,,,,,,,,,,,,
2022-06-03,261.81915283203125,265.14500204030634,260.25806469793486,262.1003534639654,28059000.0,,,,,,,,,,,,,,,
2022-06-06,260.5876770019531,265.8527530113279,259.1041464802311,263.79714518679435,22400300.0,,,,,,,,,,,,,,,
2022-06-07,264.2238464355469,264.8347173104456,257.8630839124664,258.54183590473656,22860700.0,,,,,,,,,,,,,,,
2022-06-08,262.1972961425781,264.70863088470054,261.4215754404992,263.4578015962176,17372300.0,,,,,,,,,,,,,,,
2022-06-09,256.7480163574219,264.4274598263861,256.59287219967115,259.647196979162,26439700.0,,,,,,,,,,,,,,,
2022-06-10,245.3064117431641,252.6658764780792,244.8603759555584,252.6658764780792,31422800.0,,,,,,,,,,,,,,,
2022-06-13,234.90223693847656,241.4569362354191,234.19441215005645,237.66568457400948,46135800.0,,,,,,,,,,,,,,,
2022-06-14,237.0645446777344,238.2765806472597,234.17504027372604,236.4536738145781,28651500.0,,,,,,,,,,,,,,,
2022-06-15,244.1137237548828,247.5462177447153,238.9359098872212,240.76850759523,33111700.0,,,,,,,,,,,,,,,
2022-06-16,237.52996826171875,239.9055558620673,235.639195061252,238.5092880231499,33169200.0,,,,,,,,,,,,,,,
2022-06-17,240.1285095214844,242.8919568650381,236.61845883144224,237.26810819811337,43084800.0,,,,,,,,,,,,,,,
2022-06-21,246.0335693359375,247.01288890773137,241.9320296545073,242.6592511135094,29928300.0,,,,,,,,,,,,,,,
2022-06-22,245.44210815429688,249.3594162374933,242.76592357588208,244.23976328607,25939900.0,,,,,,,,,,,,,,,
2022-06-23,250.9980926513672,251.4926127999007,245.92695305257084,247.8080352595046,25861400.0,,,,,,,,,,,,,,,
2022-06-24,259.5696105957031,259.8411054436494,253.7712204115489,253.8584834422403,33923200.0,,,,,,,,,,,,,,,
2022-06-27,256.844970703125,260.1513786610391,255.2838530472185,260.0641156254748,24615100.0,,,,,,,,,,,,,,,
2022-06-28,248.6903839111328,258.8036043245108,248.5352397655749,255.9625992863611,27295500.0,,,,,,,,,,,,,,,
2022-06-29,252.35557556152344,254.0136323572645,247.9922316052621,249.76665390613857,20069800.0,,,,,,,,,,,,,,,
2022-06-30,249.0297241210937,251.6477334276176,245.2190904606339,249.2430436171121,31730900.0,,,,,,,,,,,,,,,
2022-07-01,251.6962280273437,251.88045986451053,246.877186557772,248.60313941391496,22837700.0,,,,,,,,,,,,,,,
2022-07-05,254.8668975830078,254.99295404252345,247.00320860845787,248.38007952148388,22941000.0,,,,,,,,,,,,,,,
2022-07-06,258.1249084472656,259.8508467542047,254.43062460156605,255.7396295715468,23824400.0,,,,,,,,,,,,,,,
2022-07-07,260.248291015625,260.8882493950364,256.9709418562369,257.0679106271867,20859900.0,,,,,,,,,,,,,,,
2022-07-08,259.5308532714844,259.95749231914675,255.2935800665284,256.74802329518,19658800.0,,,,,,,,,,,,,,,
2022-07-11,256.4765014648437,258.4351408209991,254.2172499828831,257.5818628153171,19455200.0,,,,,,,,,,,,,,,
2022-07-12,245.9657287597656,257.8630779320997,244.38522912726305,257.80490257305115,35868500.0,,,,,,,,,,,,,,,
2022-07-13,245.0445709228516,245.84936453464945,240.574581938754,242.59141144867635,29497400.0,,,,,,,,,,,,,,,
2022-07-14,246.36328125,247.391085385588,238.47050360298064,242.959889571624,25102800.0,,,,,,,,,,,,,,,
2022-07-15,248.92312622070312,252.462265699821,247.0323528716489,247.9534973447407,29774100.0,,,,,,,,,,,,,,,
2022-07-18,246.5281219482422,252.91797217764625,245.60697754900244,251.8610803384697,20975000.0,,,,,,,,,,,,,,,
2022-07-19,251.6477508544922,251.8319826861172,245.975416691355,249.7569629365393,25012600.0,,,,,,,,,,,,,,,
2022-07-20,254.3044891357422,256.82552948195536,251.04655115531952,252.0064740262088,22788300.0,,,,,,,,,,,,,,,
2022-07-21,256.7965087890625,256.8450079874524,249.2237096105759,251.8998947859146,22404700.0,,,,,,,,,,,,,,,
2022-07-22,252.4525146484375,257.27157048099224,251.2017149281793,257.18430744869886,21881300.0,,,,,,,,,,,,,,,
2022-07-25,250.968978881836,253.55790048413337,249.0103395957646,253.0730861428635,21056000.0,,,,,,,,,,,,,,,
2022-07-26,244.24948120117188,251.98712943704783,241.9902591873935,251.9677179235894,39348000.0,,,,,,,,,,,,,,,
2022-07-27,260.5780334472656,261.8482448041291,250.9884200317244,253.2282601856269,45994000.0,,,,,,,,,,,,,,,
2022-07-28,268.0151062011719,269.40166831465785,259.7344677770861,261.5573746966984,33459300.0,,,,,,,,,,,,,,,
2022-07-29,272.2135314941406,273.4352730341739,268.22837203750606,269.26588177100365,32152800.0,,,,,,,,,,,,,,,
2022-08-01,269.5665283203125,272.7372040337669,267.4624206782317,269.3822964700081,21539600.0,,,,,,,,,,,,,,,
2022-08-02,266.473388671875,269.45015613104664,264.10749207919315,267.61754353157727,22754200.0,,,,,,,,,,,,,,,
2022-08-03,273.8910217285156,274.8897381119249,268.20898212498906,268.3544501034442,23518900.0,,,,,,,,,,,,,,,
2022-08-04,275.03515625,275.18059462702735,271.6608675400947,273.24133735808226,18098700.0,,,,,,,,,,,,,,,
2022-08-05,274.3176574707031,275.0351732354952,270.2161174409248,270.67184411090017,16774600.0,,,,,,,,,,,,,,,
2022-08-08,271.8063659667969,277.2362934376105,270.836737118106,275.42306263435034,18739200.0,,,,,,,,,,,,,,,
2022-08-09,273.7261657714844,274.48247496169216,269.17860487436343,271.1469795107976,23405200.0,,,,,,,,,,,,,,,
2022-08-10,280.3778686523437,281.0081214571068,278.22529152278446,279.4179456049466,24687800.0,,,,,,,,,,,,,,,
2022-08-11,278.30279541015625,282.3655416886504,277.8083049364427,282.01648958955855,20065900.0,,,,,,,,,,,,,,,
2022-08-12,283.0443115234375,283.0443115234375,278.22525580031515,279.7184922528835,22619700.0,,,,,,,,,,,,,,,
2022-08-15,284.5570068359375,285.2454350994593,281.29903820314064,282.16202216520173,18085700.0,,,,,,,,,,,,,,,
2022-08-16,283.82000732421875,285.1096300607174,281.59957891566967,283.12187347946144,18102900.0,,,,,,,,,,,,,,,
2022-08-17,283.0718688964844,285.0443923547638,281.2742419844088,281.5365868037145,18253400.0,,,,,,,,,,,,,,,
2022-08-18,281.95440673828125,283.64513249063674,280.89524189994404,281.97382980141776,17186200.0,,,,,,,,,,,,,,,
2022-08-19,278.0481872558594,281.06042243303864,277.4748955705993,280.7203261035374,20570000.0,,,,,,,,,,,,,,,
2022-08-22,269.885986328125,274.46262247376245,269.37099355295584,274.0933767758062,25061100.0,,,,,,,,,,,,,,,
2022-08-23,268.6131591796875,270.96462513583367,267.6025963871895,268.6131591796875,17527400.0,,,,,,,,,,,,,,,
2022-08-24,267.9815368652344,269.38076836522134,267.32076724046834,267.61229110085856,18137000.0,,,,,,,,,,,,,,,
2022-08-25,270.9548645019531,271.12003464855854,266.7474441390709,269.4778816182688,16583400.0,,,,,,,,,,,,,,,
2022-08-26,260.4994506835937,272.40261124334864,260.3925793938901,271.17827666807574,27549300.0,,,,,,,,,,,,,,,
2022-08-29,257.72052001953125,259.82906392811554,256.3795873901303,258.3229611362696,20338500.0,,,,,,,,,,,,,,,
2022-08-30,255.5245056152344,259.48897512489526,253.2799112455645,259.1197590113756,22767100.0,,,,,,,,,,,,,,,
2022-08-31,254.0669860839844,259.54728502076154,253.93093567831625,257.8760119467737,24791800.0,,,,,,,,,,,,,,,
2022-09-01,253.0272216796875,253.50336834765315,248.17851432635865,251.54054215060617,23263400.0,,,,,,,,,,,,,,,
2022-09-02,248.8101348876953,257.2443697118644,247.265156339412,254.2904630093309,22855400.0,,,,,,,,,,,,,,,
2022-09-06,246.07969665527344,250.53000941495105,244.80678924426493,248.94618474623337,21328200.0,,,,,,,,,,,,,,,
2022-09-07,250.7826538085937,251.5016925834483,246.05054362667008,247.4886360031437,24126700.0,,,,,,,,,,,,,,,
2022-09-08,251.2004547119141,253.0563800129086,247.5760671881248,250.21907123233504,20319900.0,,,,,,,,,,,,,,,
2022-09-09,256.9722595214844,257.72047726789003,252.920342538908,253.12438844541632,22084700.0,,,,,,,,,,,,,,,
2022-09-12,259.1003112792969,259.8776786073918,257.65250725767163,258.254948403488,18747700.0,,,,,,,,,,,,,,,
2022-09-13,244.8553466796875,253.0272208857183,244.4666630880592,251.51139194527525,33353300.0,,,,,,,,,,,,,,,
2022-09-14,245.0788726806641,247.0319580245921,242.78569098884205,246.35178015556983,23913000.0,,,,,,,,,,,,,,,
2022-09-15,238.4325256347656,244.2820698366611,237.111030916621,242.6982303424856,31530900.0,,,,,,,,,,,,,,,
2022-09-16,237.8106384277344,238.35478067639863,235.20651003185853,237.34421807736703,39791800.0,,,,,,,,,,,,,,,
2022-09-19,237.5968780517578,238.19931916772865,234.0307890113476,235.60491699915,26826900.0,,,,,,,,,,,,,,,
2022-09-20,235.5854949951172,236.61548077642544,232.85505707344663,235.2162640411252,26660300.0,,,,,,,,,,,,,,,
2022-09-21,232.18458557128903,240.6479851319112,232.13599826014465,237.35396708033133,28625600.0,,,,,,,,,,,,,,,
2022-09-22,234.15708923339844,236.9555520614077,230.8436483959942,231.13514258494143,31061200.0,,,,,,,,,,,,,,,
2022-09-23,231.1837615966797,234.3028832870533,228.54077185815763,232.7578897399294,34176000.0,,,,,,,,,,,,,,,
2022-09-26,230.72705078125,234.6137983701589,230.19262002242195,230.33838195306527,27694200.0,,,,,,,,,,,,,,,
2022-09-27,229.71649169921875,234.95388322610447,227.86056625784224,233.1854060427788,27018700.0,,,,,,,,,,,,,,,
2022-09-28,234.2445678710937,235.46888802626256,228.0840616627681,230.10517219200625,29029700.0,,,,,,,,,,,,,,,
2022-09-29,230.77560424804688,233.15623383177936,227.77309573435863,232.12624824404912,27484200.0,,,,,,,,,,,,,,,
2022-09-30,226.30587768554688,233.72956515957875,226.1406926883965,231.5432695900787,35694800.0,,,,,,,,,,,,,,,
2022-10-03,233.9239196777344,234.76928257243105,228.01606129310665,228.7448264993668,28880400.0,,,,,,,,,,,,,,,
2022-10-04,241.8334350585937,243.2715274872376,238.0438473364952,238.15073348619765,34888400.0,,,,,,,,,,,,,,,
2022-10-05,242.1443786621093,243.48531136271737,237.18878424235805,239.0252719369114,20347100.0,,,,,,,,,,,,,,,
2022-10-06,239.80262756347656,243.25211936958425,239.1127380983152,240.9103501474368,20239900.0,,,,,,,,,,,,,,,
2022-10-07,227.60797119140625,234.4875170205017,226.56825897097391,234.0793954276145,37769600.0,,,,,,,,,,,,,,,
2022-10-10,222.7592163085937,227.91887124753765,220.31056122973789,226.451629402508,29743600.0,,,,,,,,,,,,,,,
2022-10-11,219.0279235839844,222.5745744479787,217.7647277876426,221.17534309367792,30474000.0,,,,,,,,,,,,,,,
2022-10-12,219.3583221435547,221.4085821373912,217.61900908089987,219.0182257909204,21903900.0,,,,,,,,,,,,,,,
2022-10-13,227.60797119140625,229.4153096280904,212.9257798365081,213.62539567179016,42551800.0,,,,,,,,,,,,,,,
2022-10-14,222.0887451171875,230.52299472511268,221.8749728230323,228.8711152108653,30198600.0,,,,,,,,,,,,,,,
2022-10-17,230.80479431152344,232.19431432541023,228.4824631518074,229.1432179713051,28142300.0,,,,,,,,,,,,,,,
2022-10-18,231.747314453125,237.02356694835527,228.7059298585046,236.3531154742312,26329600.0,,,,,,,,,,,,,,,
2022-10-19,229.7845153808593,232.82590014122383,227.6565186844232,230.3286576759404,19985700.0,,,,,,,,,,,,,,,
2022-10-20,229.4638519287109,234.47775981300623,228.22009390223283,229.0946209946649,21811000.0,,,,,,,,,,,,,,,
2022-10-21,235.26483154296875,236.1199207742884,227.86058198177213,228.09379217943177,26299700.0,,,,,,,,,,,,,,,
2022-10-24,240.24957275390625,240.8228644348146,234.4680389836242,236.858380322596,24911200.0,,,,,,,,,,,,,,,
2022-10-25,243.5630645751953,243.93229554935056,238.86981463229145,240.25931991173303,34775500.0,,,,,,,,,,,,,,,
2022-10-26,224.7705993652344,231.55296912820413,223.5462644989959,224.62483744809148,82543200.0,,,,,,,,,,,,,,,
2022-10-27,220.3300170898437,227.0735269311606,219.387479557166,224.49854760384136,40424600.0,,,,,,,,,,,,,,,
2022-10-28,229.1917724609375,229.9011145363862,219.64981530818488,219.83443818188343,40647700.0,,,,,,,,,,,,,,,
2022-10-31,225.5576934814453,228.2686935125121,224.6054296076982,227.14153310691304,28357300.0,,,,,,,,,,,,,,,
2022-11-01,221.7097930908203,229.0654698713663,220.8935796720304,227.9577474239328,30592300.0,,,,,,,,,,,,,,,
2022-11-02,213.8683013916016,224.7511921525638,213.80998772072712,222.9632917416644,38407000.0,,,,,,,,,,,,,,,
2022-11-03,208.1839294433593,214.1695246254524,207.92156981485337,213.8585776839984,36633900.0,,,,,,,,,,,,,,,
2022-11-04,215.1217498779297,215.31608428144708,207.38711607311453,211.39047595404304,36789100.0,,,,,,,,,,,,,,,
2022-11-07,221.4182891845703,221.9430084136209,215.0148760712381,215.7047802940964,33498000.0,,,,,,,,,,,,,,,
2022-11-08,222.38995361328125,225.09124173650707,219.4457437895728,222.22476863616475,28192500.0,,,,,,,,,,,,,,,
2022-11-09,218.15338134765625,222.15674073787417,217.97848485395787,220.93240597493428,27852900.0,,,,,,,,,,,,,,,
2022-11-10,236.10044860839844,236.4405449105993,228.34639228979617,228.7642104865012,46268000.0,,,,,,,,,,,,,,,
2022-11-11,240.1135406494141,240.9686298310699,235.0801950029828,236.1101955294159,34620200.0,,,,,,,,,,,,,,,
2022-11-14,234.71096801757807,237.0041496395175,232.43722428466577,235.13851261558185,31123300.0,,,,,,,,,,,,,,,
2022-11-15,235.1190490722656,240.00663234232653,233.23397436498703,238.70457562812345,31390100.0,,,,,,,,,,,,,,,
2022-11-16,235.54782104492188,237.5648885308963,234.271326294768,236.58070947272424,24093300.0,,,,,,,,,,,,,,,
2022-11-17,235.49908447265625,237.02893923380267,231.5526741520921,231.6988319904281,23123500.0,,,,,,,,,,,,,,,
2022-11-18,235.0508728027344,237.5064287297349,232.91687900998213,237.28230020466623,27613500.0,,,,,,,,,,,,,,,
2022-11-21,235.8596343994141,238.4126237928328,235.02162809086872,235.2554806346632,26394700.0,,,,,,,,,,,,,,,
2022-11-22,238.763427734375,239.0362656262226,234.55391821119068,237.36025293713024,19665700.0,,,,,,,,,,,,,,,
2022-11-23,241.2482147216797,241.93030944994973,238.02286939557064,238.8413830694947,19508500.0,,,,,,,,,,,,,,,
2022-11-25,241.16053771972656,242.33958407903893,240.4199649301905,240.985133423265,9200800.0,,,,,,,,,,,,,,,
2022-11-28,235.5770263671875,240.3419649067529,234.6415865199682,239.78655028531924,24778200.0,,,,,,,,,,,,,,,
2022-11-29,234.18359375,236.58067124825368,232.1178172281639,235.2262209095606,17956300.0,,,,,,,,,,,,,,,
2022-11-30,248.6148223876953,248.79996553787345,233.72560787140327,234.41745624282456,47594200.0,,,,,,,,,,,,,,,
2022-12-01,248.1763458251953,249.5697666639808,244.5027588170049,247.3773100588765,26041500.0,,,,,,,,,,,,,,,
2022-12-02,248.4979553222656,249.5113511375868,243.3042664559368,243.43094650855843,21528500.0,,,,,,,,,,,,,,,
2022-12-05,243.8012084960937,247.3286382131056,241.7159389367775,245.56491592032447,23435300.0,,,,,,,,,,,,,,,
2022-12-06,238.85110473632807,245.41873605992336,237.5453785123422,244.4053403751184,22463700.0,,,,,,,,,,,,,,,
2022-12-07,238.12030029296875,239.86452986599545,236.01555299377063,238.5685424627585,20481500.0,,,,,,,,,,,,,,,
2022-12-08,241.0727996826172,242.3785408111069,236.84379768747013,238.5782734342088,22611800.0,,,,,,,,,,,,,,,
2022-12-09,239.1434326171875,241.9595208718469,237.91566220853431,238.44184527837177,20609700.0,,,,,,,,,,,,,,,
2022-12-12,246.05210876464844,246.0813403319802,240.8486816199145,241.12151949404333,30665100.0,,,,,,,,,,,,,,,
2022-12-13,250.34933471679688,257.1703110963209,246.59779176063924,254.99733220148903,42196900.0,,,,,,,,,,,,,,,
2022-12-14,250.6416931152344,255.874352557754,247.80611173983112,250.55399840099744,35410900.0,,,,,,,,,,,,,,,
2022-12-15,242.64161682128903,247.69888605332656,241.01432850057725,247.2311661145022,35560400.0,,,,,,,,,,,,,,,
2022-12-16,238.4321136474609,243.4503976711588,237.28228413602537,242.19339565744824,86102000.0,,,,,,,,,,,,,,,
2022-12-19,234.300537109375,238.9388105919564,232.60504677186884,238.5977558234553,29696400.0,,,,,,,,,,,,,,,
2022-12-20,235.61599731445312,236.6976097938858,232.32243564637847,233.27736810210143,25150800.0,,,,,,,,,,,,,,,
2022-12-21,238.1787567138672,239.33832514030232,233.9692473656318,235.5088410448142,23690600.0,,,,,,,,,,,,,,,
2022-12-22,232.0983428955078,235.80116166317555,227.8888188559996,235.08982055529697,28651700.0,,,,,,,,,,,,,,,
2022-12-23,232.62452697753903,232.7609459126413,227.95703674860303,230.07153767696204,21207000.0,,,,,,,,,,,,,,,
2022-12-27,230.89979553222656,232.8193994439389,229.7986903288203,232.59528581734625,16688600.0,,,,,,,,,,,,,,,
2022-12-28,228.5319366455078,233.5892057168544,228.18114298539857,230.8315806687688,17457100.0,,,,,,,,,,,,,,,
2022-12-29,234.84620666503903,235.732937144972,229.6232871191542,229.6232871191542,19770700.0,,,,,,,,,,,,,,,
2022-12-30,233.6866607666016,233.8230797011239,230.60747353761343,232.1178355853205,21938500.0,,,,,,,,,,,,,,,
2023-01-03,233.4528045654297,239.4650066094032,231.3285497761705,236.86329296068047,25740000.0,,,,,,,,,,,,,,,
2023-01-04,223.24082946777344,226.9144019342719,220.1811347947113,226.3394946084548,50623400.0,,,,,,,,,,,,,,,
2023-01-05,216.62448120117188,221.73047501122883,216.0885443244928,221.3894202164649,39585600.0,,,,,,,,,,,,,,,
2023-01-06,219.1774444580078,219.98621912634763,213.74016514069567,217.2968110330553,43613600.0,,,,,,,,,,,,,,,
2023-01-09,221.3114624023437,225.3261046224166,220.61962878753835,220.658599256148,27369800.0,,,,,,,,,,,,,,,
2023-01-10,222.9972076416016,225.3942852499652,221.51607720978163,221.93507289887148,27033900.0,,,,,,,,,,,,,,,
2023-01-11,229.74020385742188,229.91559323383737,225.19937944418504,225.3747688206005,28669300.0,,,,,,,,,,,,,,,
2023-01-12,232.41017150878903,233.76462207264603,227.58676927741644,229.2432893034318,27269500.0,,,,,,,,,,,,,,,
2023-01-13,233.1117248535156,233.2481437799973,228.9119548290973,230.93876092864625,21333300.0,,,,,,,,,,,,,,,
2023-01-17,234.20309448242188,234.74877019615067,231.0264589269251,231.8839578305264,29831300.0,,,,,,,,,,,,,,,
2023-01-18,229.7792510986328,236.1812331108518,229.49667427491408,235.3919509161512,30028700.0,,,,,,,,,,,,,,,
2023-01-19,225.9984588623047,229.49665708491057,224.78042720405,227.80115166394185,28623000.0,,,,,,,,,,,,,,,
2023-01-20,234.07644653320312,234.583151851916,228.51247153332469,228.85352633542087,35389800.0,,,,,,,,,,,,,,,
2023-01-23,236.3760681152344,238.89982582882288,233.52099453170567,234.93392297440505,31934000.0,,,,,,,,,,,,,,,
2023-01-24,235.8498687744141,237.71102447414427,234.2907973761476,236.2981109084017,40234400.0,,,,,,,,,,,,,,,
2023-01-25,234.45643615722656,237.07764219216483,224.9947613996476,228.48320522416125,66526600.0,,,,,,,,,,,,,,,
2023-01-26,241.65744018554688,241.9595096068112,235.8108892133159,237.41868478326023,33454500.0,,,,,,,,,,,,,,,
2023-01-27,241.81336975097656,243.44065810829167,240.5173824049245,242.62214447980068,26498900.0,,,,,,,,,,,,,,,
2023-01-30,236.50274658203125,239.31883481228712,236.00578021469,238.25670004532253,25867400.0,,,,,,,,,,,,,,,
2023-01-31,241.47232055664065,241.60873949787776,236.73661321290928,237.22382584140607,26541100.0,,,,,,,,,,,,,,,
2023-02-01,246.28599548339844,248.653841834228,239.1921804627177,241.65747529132665,31259900.0,,,,,,,,,,,,,,,
2023-02-02,257.8329467773437,257.9206414880855,250.67091469575905,252.2007695919337,39940400.0,,,,,,,,,,,,,,,
2023-02-03,251.7428131103516,257.44320776264226,250.5247813358067,252.90238173868656,29077300.0,,,,,,,,,,,,,,,
2023-02-06,250.20314025878903,251.6940095797821,248.26404368586967,250.85601820717645,22518000.0,,,,,,,,,,,,,,,
2023-02-07,260.7171936035156,261.8962397215106,253.4284826965279,253.86698591365703,50841400.0,,,,,,,,,,,,,,,
2023-02-08,259.9084167480469,269.68189927846043,259.40169666602293,266.21294831317726,54686000.0,,,,,,,,,,,,,,,
2023-02-09,256.8779602050781,266.97302049431784,256.07892442365,266.7976013623995,42375100.0,,,,,,,,,,,,,,,
2023-02-10,256.3713073730469,257.3359789229723,253.9937072157492,254.8414524853322,25818500.0,,,,,,,,,,,,,,,
2023-02-13,264.38104248046875,267.5771558270563,260.3176764646167,260.7951650159258,44630900.0,,,,,,,,,,,,,,,
2023-02-14,265.2094116210937,267.9377912312034,262.3933075439561,265.6966243898353,37047900.0,,,,,,,,,,,,,,,
2023-02-15,263.0895080566406,264.4668924311176,260.0221350925757,262.1126422431033,28922400.0,,,,,,,,,,,,,,,
2023-02-16,256.0853576660156,260.5691680083441,255.84114122158653,257.91209190049267,29603600.0,,,,,,,,,,,,,,,
2023-02-17,252.08999633789065,254.07303280103977,250.07765509199857,253.3892445998453,30000100.0,,,,,,,,,,,,,,,
2023-02-21,246.82470703125,249.5794760448662,245.7696900625751,248.5928319386973,28397400.0,,,,,,,,,,,,,,,
2023-02-22,245.6915283203125,248.45606050673507,244.5485970470492,248.2118440405047,22491100.0,,,,,,,,,,,,,,,
2023-02-23,248.8761444091797,250.8982491921697,244.6853811001648,249.6478619578108,29219100.0,,,,,,,,,,,,,,,
2023-02-24,243.4544982910156,245.19331823985505,242.3604133539812,244.177384356293,24990900.0,,,,,,,,,,,,,,,
2023-02-27,244.372802734375,246.971269878113,243.6206117389156,246.6195975210222,21190000.0,,,,,,,,,,,,,,,
2023-02-28,243.64987182617188,245.6719912349112,242.9758320232588,243.3079777315364,22491000.0,,,,,,,,,,,,,,,
2023-03-01,240.57276916503903,245.1249529268237,240.10386280126264,244.95888751265767,27565300.0,,,,,,,,,,,,,,,
2023-03-02,245.3008270263672,245.5841116137893,239.9280639131269,240.8463203574076,24808200.0,,,,,,,,,,,,,,,
2023-03-03,249.38409423828125,249.7064617806796,245.5743231113751,246.35581882878407,30760100.0,,,,,,,,,,,,,,,
2023-03-06,250.9275665283203,254.1023810520836,250.0581563780445,250.4977431001764,24109800.0,,,,,,,,,,,,,,,
2023-03-07,248.27047729492188,251.72859113392445,247.52806453283253,250.370733142572,21473200.0,,,,,,,,,,,,,,,
2023-03-08,247.8308563232422,248.65142003720348,245.0077146908978,248.1629871256852,17340200.0,,,,,,,,,,,,,,,
2023-03-09,246.4828186035156,253.55531839675493,245.7599324492568,249.90184935839267,26653400.0,,,,,,,,,,,,,,,
2023-03-10,242.839111328125,246.9419454788028,241.87202354389905,245.27151299379872,28333900.0,,,,,,,,,,,,,,,
2023-03-13,248.0458068847656,251.9435074958377,240.0452721548656,241.6766365464032,33339700.0,,,,,,,,,,,,,,,
2023-03-14,254.75686645507807,255.03038771466515,249.9409098161816,250.81031987110973,33620300.0,,,,,,,,,,,,,,,
2023-03-15,259.29931640625,260.3152654051746,253.21343042410643,253.96563633216903,46028000.0,,,,,,,,,,,,,,,
2023-03-16,269.8103942871094,270.16205172863715,257.1892727698562,259.0746169472976,54768800.0,,,,,,,,,,,,,,,
2023-03-17,272.9656066894531,276.7753773938965,269.9275683237235,271.8226903839095,69527400.0,,,,,,,,,,,,,,,
2023-03-20,265.9321594238281,271.06070433302705,263.6072142951392,270.5722714845319,43466600.0,,,,,,,,,,,,,,,
2023-03-21,267.4463806152344,268.6381583648071,263.2849217859486,268.52093921101067,34558700.0,,,,,,,,,,,,,,,
2023-03-22,265.9908142089844,274.5383905110529,265.8833434620223,267.0751210074597,34873300.0,,,,,,,,,,,,,,,
2023-03-23,271.23663330078125,274.55797193638784,268.8335511448217,271.5101546046174,36610900.0,,,,,,,,,,,,,,,
2023-03-24,274.07928466796875,274.1378942395977,268.911655484411,270.82630438464923,28172000.0,,,,,,,,,,,,,,,
2023-03-27,269.98614501953125,274.9486096232153,269.1460250214752,274.01082690511265,26840200.0,,,,,,,,,,,,,,,
2023-03-28,268.86285400390625,269.75180568788846,265.7563973042853,269.40989660765126,21878600.0,,,,,,,,,,,,,,,
2023-03-29,274.0207214355469,274.63615185330787,271.9692966468728,272.5065610815216,25087000.0,,,,,,,,,,,,,,,
2023-03-30,277.478759765625,277.8792783804837,274.9682369436602,277.65461829253616,25053400.0,,,,,,,,,,,,,,,
2023-03-31,281.6304931640625,282.5780545019858,276.4531146031963,277.1662376097863,32766000.0,,,,,,,,,,,,,,,
2023-04-03,280.585205078125,281.60112415662576,277.3810860970175,279.89160882011697,24883300.0,,,,,,,,,,,,,,,
2023-04-04,280.5363464355469,283.7307170583828,279.0612991751383,280.585207618267,25824300.0,,,,,,,,,,,,,,,
2023-04-05,277.76202392578125,280.5070144974699,276.37489115464507,279.23710085498425,22064800.0,,,,,,,,,,,,,,,
2023-04-06,284.85406494140625,285.32294143233264,275.50545235305464,276.6581468086852,29770300.0,,,,,,,,,,,,,,,
2023-04-10,282.6952514648437,282.9003849670169,278.123496163904,282.5193929371124,23103000.0,,,,,,,,,,,,,,,
2023-04-11,276.2869567871094,279.364108081122,275.1245138457469,279.1394182021938,27276600.0,,,,,,,,,,,,,,,
2023-04-12,276.9317932128906,280.3703813624318,275.4371890993065,278.20173717687925,27403400.0,,,,,,,,,,,,,,,
2023-04-13,283.13482666015625,283.1934362329106,276.6191473924416,277.02941440172174,24222700.0,,,,,,,,,,,,,,,
2023-04-14,279.5204162597656,281.8062788337825,277.1270829372931,280.36050660414264,20987900.0,,,,,,,,,,,,,,,
2023-04-17,282.118896484375,284.8541392450977,279.53998567684334,283.22275986400075,23836200.0,,,,,,,,,,,,,,,
2023-04-18,281.6988220214844,285.0104118167831,280.3702986730481,284.82480490610715,20161800.0,,,,,,,,,,,,,,,
2023-04-19,281.7770080566406,282.36310380411163,277.957458440505,279.3738962456723,17150300.0,,,,,,,,,,,,,,,
2023-04-20,279.4910583496094,282.34351958863164,278.48488777303635,278.6509680753115,23244400.0,,,,,,,,,,,,,,,
2023-04-21,279.14923095703125,279.64741233312054,276.5116808961058,278.41658147472793,21676400.0,,,,,,,,,,,,,,,
2023-04-24,275.25152587890625,278.3579824584961,272.27209646250395,275.56413015799205,26611000.0,,,,,,,,,,,,,,,
2023-04-25,269.0484619140625,275.0854869775857,268.9996007243737,273.0438405005658,45772200.0,,,,,,,,,,,,,,,
2023-04-26,288.5368347167969,292.6396828327942,285.9579246128152,289.83608287187946,64599200.0,,,,,,,,,,,,,,,
2023-04-27,297.7780456542969,298.1395111111619,288.4196826173737,289.12302732036886,46462600.0,,,,,,,,,,,,,,,
2023-04-28,300.1518859863281,301.783235671016,296.2932529851972,296.9770711765529,36469600.0,,,,,,,,,,,,,,,
2023-05-01,298.4911499023437,301.460830664017,298.0906312953761,299.8685344351108,21294100.0,,,,,,,,,,,,,,,
2023-05-02,298.3446350097656,302.0274089293755,296.87933607669675,300.6402759672235,26404400.0,,,,,,,,,,,,,,,
2023-05-03,297.35797119140625,301.47056824435134,297.05514515019064,299.52661466140324,22360800.0,,,,,,,,,,,,,,,
2023-05-04,298.3446350097656,300.6402759672235,296.38112489974674,299.15542063563385,22519900.0,,,,,,,,,,,,,,,
2023-05-05,303.4633483886719,304.7528183721752,297.23093994665044,298.64740725132,28197100.0,,,,,,,,,,,,,,,
2023-05-08,301.5096740722656,303.02383420465094,299.0088995873121,302.9554464323352,21318600.0,,,,,,,,,,,,,,,
2023-05-09,299.89776611328125,302.8674461510251,299.2237264038661,300.87463180094664,21340800.0,,,,,,,,,,,,,,,
2023-05-10,305.0849914550781,305.759031321192,300.55234911259487,301.4803538446717,30078000.0,,,,,,,,,,,,,,,
2023-05-11,302.935791015625,303.9224348572809,299.17488212971915,302.9260426310401,31680200.0,,,,,,,,,,,,,,,
2023-05-12,301.8222351074219,303.463362538451,299.50706787229524,303.3656699936466,19774700.0,,,,,,,,,,,,,,,
2023-05-15,302.3009338378906,302.7307572483504,300.4741992492285,301.94927639928727,16336500.0,,,,,,,,,,,,,,,
2023-05-16,304.5281677246094,306.452594750173,302.66235026842685,302.66235026842685,26730300.0,,,,,,,,,,,,,,,
2023-05-17,307.40643310546875,307.8273965281547,304.2148790483357,305.73234911232737,24315000.0,,,,,,,,,,,,,,,
2023-05-18,311.8314819335937,312.34058172844885,307.1322876651915,307.925276324525,27276000.0,,,,,,,,,,,,,,,
2023-05-19,311.65533447265625,312.0567286735725,309.7267003191957,310.0889260945517,27546700.0,,,,,,,,,,,,,,,
2023-05-22,314.4355773925781,315.81597257824143,311.3321605253707,311.9097676098549,24115700.0,,,,,,,,,,,,,,,
2023-05-23,308.6399841308594,315.94332604860966,308.63018455651456,313.3098099504378,30797200.0,,,,,,,,,,,,,,,
2023-05-24,307.2596130371094,309.8539609209706,306.04563091509715,308.1211390989395,23384900.0,,,,,,,,,,,,,,,
2023-05-25,319.0761413574219,320.0355435840167,313.28044007035,316.452394965502,43301700.0,,,,,,,,,,,,,,,
2023-05-26,325.8997497558594,326.3990200914225,317.07893868101803,317.2159833240213,36630600.0,,,,,,,,,,,,,,,
2023-05-30,324.25506591796875,328.6899413465032,323.5795525189351,328.19067091699185,29503100.0,,,,,,,,,,,,,,,
2023-05-31,321.49432373046875,328.88577326121145,320.45655463188933,325.31242368593024,45950600.0,,,,,,,,,,,,,,,
2023-06-01,325.5963134765625,326.52637687440887,317.901375844191,319.08595932190417,26773900.0,,,,,,,,,,,,,,,
2023-06-02,328.3570251464844,330.4129338211657,325.566865507756,327.2311796436286,25873800.0,,,,,,,,,,,,,,,
2023-06-05,328.8857116699219,331.4506903935802,327.6325911531441,328.18082951193753,21307100.0,,,,,,,,,,,,,,,
2023-06-06,326.67315673828125,328.3276713767001,325.19488504565373,328.2885029579965,20396200.0,,,,,,,,,,,,,,,
2023-06-07,316.58941650390625,327.4661056210727,315.7278906576464,324.6857457660722,40717100.0,,,,,,,,,,,,,,,
2023-06-08,318.42999267578125,319.7810193360927,316.5600964884988,317.1377037070702,23277700.0,,,,,,,,,,,,,,,
2023-06-09,319.9278869628906,323.06067362544843,317.597858769832,318.16566645574613,22529000.0,,,,,,,,,,,,,,,
2023-06-12,324.8816223144531,325.1263726657708,318.3321005230516,321.6802685980965,24260300.0,,,,,,,,,,,,,,,
2023-06-13,327.2703552246094,329.90387113011326,323.4522561033348,327.44656828941845,22951300.0,,,,,,,,,,,,,,,
2023-06-14,330.25634765625,331.9206620825264,325.82147225464075,327.3193432875882,26003800.0,,,,,,,,,,,,,,,
2023-06-15,340.7903747558594,342.49382753852854,330.11926605235976,330.3933852343611,38899100.0,,,,,,,,,,,,,,,
2023-06-16,335.1416015625,344.08969044671875,334.76960605432834,343.94284618339344,46552000.0,,,,,,,,,,,,,,,
2023-06-20,330.9513854980469,334.89675963715365,328.8073702091856,332.1849367263642,26375400.0,,,,,,,,,,,,,,,
2023-06-21,326.5556640625,330.63811253956635,325.09696171811146,329.306655264913,25117800.0,,,,,,,,,,,,,,,
2023-06-22,332.5765075683594,332.9779016676336,326.3402743618307,327.1038941447373,23556800.0,,,,,,,,,,,,,,,
2023-06-23,327.98504638671875,330.8633129640672,326.4480368570244,327.3389018615229,23146900.0,,,,,,,,,,,,,,,
2023-06-26,321.6998291015625,329.0521084557262,321.5921234240104,326.71231091411966,21520600.0,,,,,,,,,,,,,,,
2023-06-27,327.54449462890625,329.0913036434743,322.38513830210024,324.8913794122553,24354100.0,,,,,,,,,,,,,,,
2023-06-28,328.79766845703125,330.88294648753094,326.8004969786541,327.6326542510409,20259500.0,,,,,,,,,,,,,,,
2023-06-29,328.0144348144531,329.0521739959321,325.6354683820109,327.6815778955593,16997000.0,,,,,,,,,,,,,,,
2023-06-30,333.3890991210937,335.5331142814067,330.11923848147313,330.6576772264797,26832800.0,,,,,,,,,,,,,,,
2023-07-03,330.8927001953125,333.7415980832822,329.5025348266666,332.06751392034784,12508700.0,,,,,,,,,,,,,,,
2023-07-05,331.04931640625,334.4758212956056,327.701148359632,328.0535745216964,18172400.0,,,,,,,,,,,,,,,
2023-07-06,334.1037902832031,335.78767385230776,328.45496307477555,330.21715360852994,28161200.0,,,,,,,,,,,,,,,
2023-07-07,330.1388854980469,334.6129295027738,329.9235039739729,332.1947946138884,21214800.0,,,,,,,,,,,,,,,
2023-07-10,324.86199951171875,328.1906279486803,320.7110434161663,327.5738523279874,32791400.0,,,,,,,,,,,,,,,
2023-07-11,325.48858642578125,325.8703814238738,320.1334477409768,324.10819090994494,26698200.0,,,,,,,,,,,,,,,
2023-07-12,330.1192626953125,334.4758007177013,328.6213918451889,329.53185591792584,29995300.0,,,,,,,,,,,,,,,
2023-07-13,335.46466064453125,336.521969128433,331.90108081108417,332.4297499914125,20567200.0,,,,,,,,,,,,,,,
2023-07-14,337.99041748046875,344.0504382444472,337.07995339278386,340.29107663490123,28352700.0,,,,,,,,,,,,,,,
2023-07-17,338.4701538085937,339.70367521642703,335.0142801736607,338.4211858141297,20363900.0,,,,,,,,,,,,,,,
2023-07-18,351.9411926269531,359.0781209733801,334.9849116200017,338.5680303394664,64738600.0,,,,,,,,,,,,,,,
2023-07-19,347.6237487792969,354.84878274456844,345.0392010295171,354.1537002264066,39732900.0,,,,,,,,,,,,,,,
2023-07-20,339.586181640625,350.4531022216543,338.11767966688456,346.1455024073654,33778400.0,,,,,,,,,,,,,,,
2023-07-21,336.55126953125,342.9441468894957,332.694001980304,341.81830135851885,69405400.0,,,,,,,,,,,,,,,
2023-07-24,337.8631286621094,339.63514852458513,335.1219369374352,338.5876099496475,26678100.0,,,,,,,,,,,,,,,
2023-07-25,343.60992431640625,344.5008191812914,337.82402242034016,339.8211637778006,41637700.0,,,,,,,,,,,,,,,
2023-07-26,330.67730712890625,337.43244099686376,326.11515681266013,334.2702555757294,58383700.0,,,,,,,,,,,,,,,
2023-07-27,323.7753601074219,334.1625511308161,322.14041454334006,333.3304238013421,39635300.0,,,,,,,,,,,,,,,
2023-07-28,331.2646789550781,332.8702554950669,326.1738899082172,326.66339057868936,28484900.0,,,,,,,,,,,,,,,
2023-07-31,328.8661804199219,330.60880180685933,326.3599092198598,329.8451818704879,25446000.0,,,,,,,,,,,,,,,
2023-08-01,329.2773132324219,331.4311281711662,326.692765182679,328.1514676458398,18311900.0,,,,,,,,,,,,,,,
2023-08-02,320.6229858398437,326.6242697138595,319.506909807834,326.6242697138595,27761300.0,,,,,,,,,,,,,,,
2023-08-03,319.8005676269531,322.9529530019484,319.1054850707821,319.1544231849884,18253700.0,,,,,,,,,,,,,,,
2023-08-04,320.8970642089844,328.10252974603515,320.3683951097149,324.910975755622,23741500.0,,,,,,,,,,,,,,,
2023-08-07,323.1781616210937,324.15716309321493,320.64255139351025,321.47470862016405,17741500.0,,,,,,,,,,,,,,,
2023-08-08,319.20343017578125,321.8467462017524,316.2174875229385,320.0943251345085,22327600.0,,,,,,,,,,,,,,,
2023-08-09,315.46368408203125,320.2411866081632,314.3084395325247,319.6146411443904,22373300.0,,,,,,,,,,,,,,,
2023-08-10,316.1488952636719,321.3669891320305,314.43564292025485,319.1740058162668,20113700.0,,,,,,,,,,,,,,,
2023-08-11,314.2692565917969,315.63985260966695,312.5070361030333,313.53500552400016,24355500.0,,,,,,,,,,,,,,,
2023-08-14,317.2355651855469,317.2551344544102,313.35869882486526,314.6412179157006,18836100.0,,,,,,,,,,,,,,,
2023-08-15,315.1013488769531,318.26353387975075,314.1615159801267,316.2174247167932,16966300.0,,,,,,,,,,,,,,,
2023-08-16,314.3361511230469,318.2800883607637,313.7475006460735,314.72857479436016,20698900.0,,,,,,,,,,,,,,,
2023-08-17,310.8828125,315.77836341676965,310.22547958022847,314.47354784052,21257200.0,,,,,,,,,,,,,,,
2023-08-18,310.4903564453125,312.3543913343559,305.653638152049,308.5379985359399,24755000.0,,,,,,,,,,,,,,,
2023-08-21,315.7882080078125,316.661348586836,311.0398118753366,311.9129524543601,24040000.0,,,,,,,,,,,,,,,
2023-08-22,316.357177734375,319.9086615433213,315.3761035356602,319.33965168167043,16084600.0,,,,,,,,,,,,,,,
2023-08-23,320.8112487792969,322.96962389693414,317.33823788637403,317.6914401510816,21166400.0,,,,,,,,,,,,,,,
2023-08-24,313.9143371582031,326.67812306443534,313.90451683464374,326.5505786182069,23281400.0,,,,,,,,,,,,,,,
2023-08-25,316.8673400878906,319.20227141780845,312.7664273820528,315.3859085389872,21684100.0,,,,,,,,,,,,,,,
2023-08-28,317.57373046875,319.97734429438725,315.631192774636,319.4966275172615,14808500.0,,,,,,,,,,,,,,,
2023-08-29,322.194580078125,322.7537995550599,315.7881667802801,315.7881667802801,19284600.0,,,,,,,,,,,,,,,
2023-08-30,322.5673522949219,323.5680370692741,320.2716425608164,322.44962819676334,15222100.0,,,,,,,,,,,,,,,
2023-08-31,321.55694580078125,324.6473240850903,320.59548213765703,322.9696952918964,26411000.0,,,,,,,,,,,,,,,
2023-09-01,322.4398193359375,325.7067829359754,320.5953952258838,325.0396597293619,14942000.0,,,,,,,,,,,,,,,
2023-09-05,327.2372741699219,328.51268854223,322.4398370951833,322.77339871686183,18553900.0,,,,,,,,,,,,,,,
2023-09-06,326.5799865722656,328.13007064456224,323.9310742393436,327.0705236753987,17535800.0,,,,,,,,,,,,,,,
2023-09-07,323.6661682128906,326.77615642313435,322.8028181923794,325.02005529596454,18381000.0,,,,,,,,,,,,,,,
2023-09-08,327.9436340332031,329.79787848396427,323.2246699296337,323.8427514132207,19530100.0,,,,,,,,,,,,,,,
2023-09-11,331.5442199707031,332.01514636855427,329.0817141298704,330.8574560496714,16583300.0,,,,,,,,,,,,,,,
2023-09-12,325.4909362792969,330.4159473154807,325.20644635330586,329.4643042616368,17565500.0,,,,,,,,,,,,,,,
2023-09-13,329.6997375488281,330.4747944190724,324.9023010902351,325.03963588622577,16544400.0,,,,,,,,,,,,,,,
2023-09-14,332.289794921875,334.4088885367708,330.2001023910707,332.7312602833099,20267000.0,,,,,,,,,,,,,,,
2023-09-15,323.97027587890625,331.01438041340634,323.41105648154235,330.5434840282613,37679800.0,,,,,,,,,,,,,,,
2023-09-18,322.83221435546875,324.1468499483667,320.18330252768726,321.5960515105036,16834200.0,,,,,,,,,,,,,,,
2023-09-19,322.42999267578125,323.1560078593,318.36836152476627,319.9969481018416,16505900.0,,,,,,,,,,,,,,,
2023-09-20,314.6991577148437,323.35223927183466,314.44409878418986,323.27376651009695,21436500.0,,,,,,,,,,,,,,,
2023-09-21,313.4826354980469,319.19249448338184,309.0383706041025,313.2177562445035,35560400.0,,,,,,,,,,,,,,,
2023-09-22,311.0102844238281,315.36625546450654,310.16654519847,315.23871105160333,21447900.0,,,,,,,,,,,,,,,
2023-09-25,311.5303039550781,311.6578483890655,309.0383671510389,310.59827150671464,17836000.0,,,,,,,,,,,,,,,
2023-09-26,306.23248291015625,309.9016904509528,304.15258067558153,309.1658848784398,26297600.0,,,,,,,,,,,,,,,
2023-09-27,306.8701477050781,308.351549099692,303.82881228871406,306.38940108139303,19410100.0,,,,,,,,,,,,,,,
2023-09-28,307.7041320800781,309.50930504825243,303.59342871178666,305.1042614505791,19683600.0,,,,,,,,,,,,,,,
2023-09-29,309.774169921875,313.42376704064515,309.0187535875625,311.73631826659,24147300.0,,,,,,,,,,,,,,,
2023-10-02,315.7096862792969,315.7980093102941,309.2149794399593,310.2941671187036,20570000.0,,,,,,,,,,,,,,,
2023-10-03,307.4588623046875,315.3074560168924,305.3200977637049,314.7580269122297,21033500.0,,,,,,,,,,,,,,,
2023-10-04,312.9234313964844,313.9830083427308,308.0573115463436,308.086742575961,20720100.0,,,,,,,,,,,,,,,
2023-10-05,313.3158264160156,313.92411753909374,308.94024408682094,313.05094717371253,16965600.0,,,,,,,,,,,,,,,
2023-10-06,321.0663452148437,322.9598111936179,310.3137506624104,310.5590192070188,25673600.0,,,,,,,,,,,,,,,
2023-10-09,323.5779113769531,324.0488078481523,317.063564085275,318.60385781984473,19891200.0,,,,,,,,,,,,,,,
2023-10-10,322.1749572753906,324.8336598616772,321.4685826836827,324.69629510828605,20557100.0,,,,,,,,,,,,,,,
2023-10-11,326.128662109375,326.5210857572993,322.91074029238723,324.9415409038971,20063200.0,,,,,,,,,,,,,,,
2023-10-12,324.8925170898437,327.3157714229003,322.4986937835042,324.313686937738,19313100.0,,,,,,,,,,,,,,,
2023-10-13,321.5274963378906,327.51202571304924,320.18339937545744,326.0894859189591,21072400.0,,,,,,,,,,,,,,,
2023-10-16,326.3445129394531,329.7782723940854,324.34311333126567,324.78457872571454,22158000.0,,,,,,,,,,,,,,,
2023-10-17,325.77545166015625,327.148949363288,321.21346324546664,323.3521975217721,18338500.0,,,,,,,,,,,,,,,
2023-10-18,323.8623962402344,329.2386937417017,322.0866542980727,326.1973576731345,23153600.0,,,,,,,,,,,,,,,
2023-10-19,325.0494689941406,330.50423844384994,324.6472250314816,325.86374730098373,25052100.0,,,,,,,,,,,,,,,
2023-10-20,320.487548828125,325.638188807879,319.2906370066579,325.441961975503,25027700.0,,,,,,,,,,,,,,,
2023-10-23,323.0873413085937,326.4328077015871,318.25065300887303,319.31019990102027,24374700.0,,,,,,,,,,,,,,,
2023-10-24,324.2744445800781,325.5596493490343,321.3999044443215,325.02986091343166,31153600.0,,,,,,,,,,,,,,,
2023-10-25,334.2225646972656,339.64790388750646,331.2302703891526,338.4902135639039,55053800.0,,,,,,,,,,,,,,,
2023-10-26,321.68438720703125,335.1643351813987,320.7523548760507,334.09496805111814,37828500.0,,,,,,,,,,,,,,,
2023-10-27,323.5680847167969,330.347311140755,322.1847664797221,324.17634594018955,29856500.0,,,,,,,,,,,,,,,
2023-10-30,330.9261169433594,333.02562998161824,325.54981985866505,327.09993377177346,22828100.0,,,,,,,,,,,,,,,
2023-10-31,331.71099853515625,332.5841689842252,328.3557413843758,332.4370138355085,20265300.0,,,,,,,,,,,,,,,
2023-11-01,339.5202941894531,340.84475010797416,333.2217857907102,333.3591505250768,28158800.0,,,,,,,,,,,,,,,
2023-11-02,341.72772216796875,342.2280495770279,338.24489130724083,340.66814542171755,24348100.0,,,,,,,,,,,,,,,
2023-11-03,346.1229248046875,347.68285894520625,340.7564483684525,343.0129367253001,23637700.0,,,,,,,,,,,,,,,
2023-11-06,349.7823486328125,350.7732430573265,346.66254017187435,346.76065357014403,23828300.0,,,,,,,,,,,,,,,
2023-11-07,353.7066955566406,355.6001616596292,350.86158624054224,352.5980768718827,25833900.0,,,,,,,,,,,,,,,
2023-11-08,356.3260803222656,356.98338312026993,353.72621033194486,354.8348287160436,26767800.0,,,,,,,,,,,,,,,
2023-11-09,353.8636169433594,357.8860267120237,353.53984572631765,355.4431318616368,24847300.0,,,,,,,,,,,,,,,
2023-11-10,362.6736450195313,363.0954996612191,354.2364024857601,354.6484368064775,28042100.0,,,,,,,,,,,,,,,
2023-11-13,359.740234375,361.49636535118015,358.9749977946541,361.2510968326077,19986500.0,,,,,,,,,,,,,,,
2023-11-14,363.2622985839844,364.9105258370756,360.3975789598127,363.9883137818956,27683900.0,,,,,,,,,,,,,,,
2023-11-15,363.4097900390625,366.8111878331865,360.8931150806876,364.9925108909708,26860100.0,,,,,,,,,,,,,,,
2023-11-16,369.7997131347656,369.97665770103697,363.911131172692,364.6779209606421,27182300.0,,,,,,,,,,,,,,,
2023-11-17,363.5867614746094,368.0302064935661,360.7850189512631,367.2830671538,40157000.0,,,,,,,,,,,,,,,
2023-11-20,371.0482177734375,372.4539941361591,364.7172740131472,364.9335496074717,52465100.0,,,,,,,,,,,,,,,
2023-11-21,366.7522277832031,369.848877892723,364.835238191189,369.30820390562985,28423100.0,,,,,,,,,,,,,,,
2023-11-22,371.45123291015625,373.358382009187,368.6200000208417,371.5986867063138,23345300.0,,,,,,,,,,,,,,,
2023-11-24,371.038330078125,371.569193741914,368.7871321350111,370.9400175476793,10176600.0,,,,,,,,,,,,,,,
2023-11-27,372.1983337402344,374.1939850726712,369.8291728003285,370.3993374661879,22179200.0,,,,,,,,,,,,,,,
2023-11-28,376.2191467285156,376.51405435302496,371.7560213393618,371.9428061684763,20453100.0,,,,,,,,,,,,,,,
2023-11-29,372.4343566894531,377.7920454627936,371.0482307864117,377.2612117132878,28963400.0,,,,,,,,,,,,,,,
2023-11-30,372.4932861328125,373.653296016865,369.1115390125993,372.0803854957098,30554400.0,,,,,,,,,,,,,,,
2023-12-01,368.1678466796875,371.75602952719976,365.0220252786822,370.3797439145511,33040500.0,,,,,,,,,,,,,,,
2023-12-04,362.8887634277344,363.262303065981,356.75441514637487,362.8494324128969,32063300.0,,,,,,,,,,,,,,,
2023-12-05,366.2115173339844,366.76203156592914,359.4283719754838,360.2443330697854,23065000.0,,,,,,,,,,,,,,,
2023-12-06,362.5545349121094,367.8434319638304,361.79758529719794,367.214285660699,21182100.0,,,,,,,,,,,,,,,
2023-12-07,364.6681518554688,365.1596845955351,360.1165538823308,361.9942125494772,23118900.0,,,,,,,,,,,,,,,
2023-12-08,367.8925476074219,368.11863343182006,361.994155653696,362.9477302195792,20154400.0,,,,,,,,,,,,,,,
2023-12-11,365.01214599609375,365.3070835963392,359.90022426700926,362.239924558734,27708800.0,,,,,,,,,,,,,,,
2023-12-12,368.03997802734375,368.0793090380866,364.186348995361,364.5697588483691,24838300.0,,,,,,,,,,,,,,,
2023-12-13,368.0301818847656,371.2448248811306,364.4911405130115,369.6522337632604,30955500.0,,,,,,,,,,,,,,,
2023-12-14,359.73309326171875,367.4305116870984,357.9635876470979,366.98812028305656,43277500.0,,,,,,,,,,,,,,,
2023-12-15,364.4518432617188,366.09354566450713,360.0771902707865,360.6375447439286,78502300.0,,,,,,,,,,,,,,,
2023-12-18,366.33929443359375,366.683373304141,362.4365238179664,363.1935033333252,21802900.0,,,,,,,,,,,,,,,
2023-12-19,366.93896484375,366.93896484375,363.5768683048988,365.1989200557806,20603700.0,,,,,,,,,,,,,,,
2023-12-20,364.3436584472656,369.6620453460696,364.2551861699306,368.64948928220537,26316700.0,,,,,,,,,,,,,,,
2023-12-21,367.21429443359375,368.0695566165207,363.7735651914328,366.2508794455086,17708000.0,,,,,,,,,,,,,,,
2023-12-22,368.2366333007813,368.8264785553031,366.3983057581292,367.3518804193864,17107500.0,,,,,,,,,,,,,,,
2023-12-26,368.3153076171875,370.5566956584925,367.1749480872917,368.6495462723812,12673100.0,,,,,,,,,,,,,,,
2023-12-27,367.7352600097656,368.7084850989653,366.49658807749455,367.36169037934906,14905400.0,,,,,,,,,,,,,,,
2023-12-28,368.9248046875,370.0848147302982,367.823776172249,369.0132769788208,14327000.0,,,,,,,,,,,,,,,
2023-12-29,,,,,,369.67193603515625,370.7729645265732,367.1552909116957,369.6326050173838,18730800.0,,,,,,,,,,
2024-01-02,,,,,,364.5894165039063,369.5342336746233,360.5588428456871,367.52877209819934,25258600.0,,,,,,,,,,
2024-01-03,,,,,,364.3240661621094,366.9390238907261,362.2694629469342,362.7609956778596,23083500.0,,,,,,,,,,
2024-01-04,,,,,,361.70904541015625,366.78166590955874,360.95209593669983,364.3928244536736,20901500.0,,,,,,,,,,
2024-01-05,,,,,,361.5223083496094,365.7593179114421,360.29347657411785,362.72164936252017,21004600.0,,,,,,,,,,
2024-01-08,,,,,,368.3448181152344,368.84619112527486,362.76101322205824,363.0460806192222,23134000.0,,,,,,,,,,
2024-01-09,,,,,,369.4261779785156,369.6227730702436,364.9040708578936,365.7101917360762,20830000.0,,,,,,,,,,
2024-01-10,,,,,,376.2879943847656,377.6643101722567,369.9472395100252,369.9963807878156,25514200.0,,,,,,,,,,
2024-01-11,,,,,,378.116455078125,384.063988833949,373.9384270676175,379.4632498955057,27850800.0,,,,,,,,,,
2024-01-12,,,,,,381.8914184570313,382.0978537915272,378.13610141587486,378.96187275463393,21661200.0,,,,,,,,,,
2024-01-16,,,,,,383.6609191894531,387.3572546583597,381.0558019045163,386.9935252639614,27202300.0,,,,,,,,,,
2024-01-17,,,,,,382.8744812011719,383.503627454572,378.2933928530744,381.4097233605343,22234100.0,,,,,,,,,,
2024-01-18,,,,,,387.199951171875,387.317914215752,383.5134560468464,385.0863666336801,23392100.0,,,,,,,,,,
2024-01-19,,,,,,391.918701171875,391.918701171875,386.83623978929575,389.0579772216248,29331100.0,,,,,,,,,,
2024-01-22,,,,,,389.7952880859375,393.8356726529961,386.9247237943795,393.2458273875224,27016900.0,,,,,,,,,,
2024-01-23,,,,,,392.1447448730469,392.61662702057765,387.25890909833606,389.0480951568549,20525900.0,,,,,,,,,,
2024-01-24,,,,,,395.7427673339844,398.7607850247389,393.6685139379053,394.7400515217606,24867000.0,,,,,,,,,,
2024-01-25,,,,,,398.013671875,400.11744616888006,395.7133025074248,397.4729979213706,21021200.0,,,,,,,,,,
2024-01-26,,,,,,397.089599609375,399.291686504724,395.6150015101639,397.5221507852056,17803300.0,,,,,,,,,,
2024-01-29,,,,,,402.7815856933594,403.03719231588735,397.4828484080428,399.1835624719501,24510200.0,,,,,,,,,,
2024-01-30,,,,,,401.6706848144531,406.0551480614348,399.56694047651416,405.27854800251134,33477600.0,,,,,,,,,,
2024-01-31,,,,,,390.84710693359375,408.2867065664151,390.48337755581736,400.06826467616,47871100.0,,,,,,,,,,
2024-02-01,,,,,,396.942138671875,401.0906757831929,394.9956584155895,395.02514917701313,30657700.0,,,,,,,,,,
2024-02-02,,,,,,404.2561340332031,405.661910282148,396.7258498594463,396.9716161967069,28256700.0,,,,,,,,,,
2024-02-05,,,,,,398.7804870605469,404.19718719885634,397.1485948410016,402.95851515251775,25352300.0,,,,,,,,,,
2024-02-06,,,,,,398.6231994628906,401.0612125775962,396.08690380386986,399.0066093885159,18382600.0,,,,,,,,,,
2024-02-07,,,,,,407.0382690429688,407.2840354244705,400.5008892951767,400.5402203164351,22340500.0,,,,,,,,,,
2024-02-08,,,,,,407.09716796875,408.5226246925269,405.5439379531735,407.03818644922006,21225300.0,,,,,,,,,,
2024-02-09,,,,,,413.4281005859375,413.69354741786265,408.0605724394389,408.217866487787,22032800.0,,,,,,,,,,
2024-02-12,,,,,,408.2277526855469,413.61493194410616,407.7263797250581,413.4379873700897,21202900.0,,,,,,,,,,
2024-02-13,,,,,,399.4391784667969,403.1256740669391,396.5588037714058,398.08254328582007,27824900.0,,,,,,,,,,
2024-02-14,,,,,,403.29986572265625,403.6445808998677,398.454256564083,401.9013482236895,20401200.0,,,,,,,,,,
2024-02-15,,,,,,400.41412353515625,402.9452806494458,398.17844942358096,401.97025586986575,21825500.0,,,,,,,,,,
2024-02-16,,,,,,397.951904296875,402.117971062645,397.3412815204797,401.7929427744023,22296500.0,,,,,,,,,,
2024-02-20,,,,,,396.7011413574219,398.3754248852805,391.9934005217336,397.1443207958614,24307900.0,,,,,,,,,,
2024-02-21,,,,,,396.1004028320313,396.2087556364425,391.2153895315718,394.1208076151274,18518900.0,,,,,,,,,,
2024-02-22,,,,,,405.4272155761719,406.5893706886108,402.393788153555,403.98929433440406,27009900.0,,,,,,,,,,
2024-02-23,,,,,,404.1369934082031,409.57353818458586,402.7877081506477,409.3864380168882,16295900.0,,,,,,,,,,
2024-02-26,,,,,,401.37933349609375,405.92948936303,401.20203166596815,405.2400590562965,16193500.0,,,,,,,,,,
2024-02-27,,,,,,401.3202819824219,402.14758039730725,397.7451505799229,401.82255205730473,14835800.0,,,,,,,,,,
2024-02-28,,,,,,401.556640625,403.1127430930959,399.1929265964819,402.00967855020446,13183100.0,,,,,,,,,,
2024-02-29,,,,,,407.3871154785156,407.9386476852448,399.7838157071772,402.4626993068263,31947300.0,,,,,,,,,,
2024-03-01,,,,,,409.2190246582031,409.58342668223145,404.66886847100426,405.0529573414313,17823400.0,,,,,,,,,,
2024-03-04,,,,,,408.6477661132813,411.0410251668183,406.0870636846248,407.19012810158426,17596000.0,,,,,,,,,,
2024-03-05,,,,,,396.563232421875,407.98788407033936,394.5836375385052,407.70225951365865,26919200.0,,,,,,,,,,
2024-03-06,,,,,,396.01171875,399.03531766594347,392.36766860816914,396.8784208548146,22344100.0,,,,,,,,,,
2024-03-07,,,,,,402.9552001953125,403.5855099287514,396.15948083378726,399.98083315410713,18718500.0,,,,,,,,,,
2024-03-08,,,,,,400.0792846679688,404.21580644025056,398.2178408535662,401.7929719463058,18002200.0,,,,,,,,,,
2024-03-11,,,,,,398.4049987792969,399.5474670630361,395.19429952187465,397.65650787745375,16120800.0,,,,,,,,,,
2024-03-12,,,,,,409.00238037109375,409.2880049750951,400.6407298572385,401.458169860924,22457000.0,,,,,,,,,,
2024-03-13,,,,,,408.8251037597656,411.8585313952043,405.2302853750109,411.7797539482637,17115900.0,,,,,,,,,,
2024-03-14,,,,,,418.7921142578125,421.3528170705886,411.6713965625505,413.88738417925487,34157300.0,,,,,,,,,,
2024-03-15,,,,,,410.1250915527344,416.21166275541714,406.5499605866558,412.9517016392755,45079900.0,,,,,,,,,,
2024-03-18,,,,,,411.011474609375,414.3699300128756,407.5249795776433,407.98787589557446,20106000.0,,,,,,,,,,
2024-03-19,,,,,,415.0396728515625,415.295752126201,409.2682411150174,411.5137738248201,19837900.0,,,,,,,,,,
2024-03-20,,,,,,418.8019104003906,419.5208559286198,414.3009867861631,415.6207267192323,17860100.0,,,,,,,,,,
2024-03-21,,,,,,422.8793029785156,424.3073956687194,420.7027194800417,423.33234084355416,21296200.0,,,,,,,,,,
2024-03-22,,,,,,422.2589111328125,423.3619757627276,419.6292892126145,423.20442086381706,17648500.0,,,,,,,,,,
2024-03-25,,,,,,416.4677734375,420.9490108695968,415.23666920718586,418.81180070101897,18060500.0,,,,,,,,,,
2024-03-26,,,,,,415.2760009765625,419.5503905165624,414.9805480350016,419.1761300864183,16725600.0,,,,,,,,,,
2024-03-27,,,,,,415.0593566894531,418.0337234540762,412.67595596490696,418.0238650031992,16705000.0,,,,,,,,,,
2024-03-28,,,,,,414.360107421875,415.4927172172239,412.7842881144858,414.5964697982947,21871200.0,,,,,,,,,,
2024-04-01,,,,,,418.1519165039063,421.42173632509054,415.8374347010724,417.5412936572551,16316000.0,,,,,,,,,,
2024-04-02,,,,,,415.0692443847656,415.9950371448598,411.52365828826186,413.7593326884334,17912000.0,,,,,,,,,,
2024-04-03,,,,,,414.0942077636719,416.8617275140834,412.7547508067756,413.3850905644336,16502300.0,,,,,,,,,,
2024-04-04,,,,,,411.5630798339844,422.1899801314236,411.2577683846088,418.56558637813976,19370900.0,,,,,,,,,,
2024-04-05,,,,,,419.0875549316406,420.0626098925823,411.9964128003869,413.6608680769513,16554800.0,,,,,,,,,,
2024-04-08,,,,,,418.171630859375,420.820969557038,416.9011228829619,418.7428800514856,14272400.0,,,,,,,,,,
2024-04-09,,,,,,419.8360290527344,421.2739501766581,415.2464695179833,419.9936139789009,12496900.0,,,,,,,,,,
2024-04-10,,,,,,416.86175537109375,417.62010476496505,413.35557288951713,415.80792292497927,16216600.0,,,,,,,,,,
2024-04-11,,,,,,421.4611206054688,422.8793550200159,415.9753131864396,419.38303118441615,17966400.0,,,,,,,,,,
2024-04-12,,,,,,415.5222778320313,418.75269400595073,413.4244714952131,417.6397710155257,19253800.0,,,,,,,,,,
2024-04-15,,,,,,407.3871154785156,420.36786929358846,407.1802683588039,420.1511937797841,20273500.0,,,,,,,,,,
2024-04-16,,,,,,408.3128662109375,412.0751272703644,407.47573953105865,408.3030378171303,16765600.0,,,,,,,,,,
2024-04-17,,,,,,405.6143493652344,412.5479364642673,404.127165910336,410.9425718180864,15855500.0,,,,,,,,,,
2024-04-18,,,,,,398.1588134765625,405.6636504613744,397.8436736216777,404.4226877214141,21029900.0,,,,,,,,,,
2024-04-19,,,,,,393.0866394042969,399.3505131644287,391.7570408652649,397.9224202787546,30565800.0,,,,,,,,,,
2024-04-22,,,,,,394.8988342285156,396.76027825597146,389.7676002006902,394.0321320394096,20286900.0,,,,,,,,,,
2024-04-23,,,,,,401.4088745117188,402.0293557699127,396.9670414240935,398.1291964487654,15734500.0,,,,,,,,,,
2024-04-24,,,,,,402.8763732910156,406.23482905911584,400.6308404968208,403.36881495690267,15065300.0,,,,,,,,,,
2024-04-25,,,,,,393.0078430175781,393.8449998393028,382.1642681956724,388.0735680343126,40586500.0,,,,,,,,,,
2024-04-26,,,,,,400.1778259277344,406.7568397543272,399.6262936342629,405.93939976601416,29694700.0,,,,,,,,,,
2024-04-29,,,,,,396.1693115234375,400.1777938094066,393.1555709987601,399.1239614540039,19582100.0,,,,,,,,,,
2024-04-30,,,,,,383.4446105957031,396.0806804506466,383.2870557136592,395.4207954000411,28781400.0,,,,,,,,,,
2024-05-01,,,,,,388.96978759765625,395.64729473492514,384.4097734063593,386.6749928264685,23562500.0,,,,,,,,,,
2024-05-02,,,,,,391.8259582519531,393.8843606885487,388.68417820234623,391.6486864760746,17709400.0,,,,,,,,,,
2024-05-03,,,,,,400.51263427734375,400.9952174617544,395.7851765465019,396.1988407447482,17446700.0,,,,,,,,,,
2024-05-06,,,,,,407.2886657714844,407.6727546457112,400.22703898277103,402.58092459776026,16996600.0,,,,,,,,,,
2024-05-07,,,,,,403.1521301269531,408.4015749957849,402.90590929968624,408.3917165446932,20018200.0,,,,,,,,,,
2024-05-08,,,,,,404.333984375,405.9984394987751,400.5618646353196,401.999815843952,11792300.0,,,,,,,,,,
2024-05-09,,,,,,406.0870971679688,406.4810444841864,402.9157716795976,404.3635513602943,14689700.0,,,,,,,,,,
2024-05-10,,,,,,408.4704895019531,409.1008292398404,405.5749302005713,406.69771158758806,13402300.0,,,,,,,,,,
2024-05-13,,,,,,407.4659118652344,412.0259262613217,404.6097563640546,411.6910695528216,15440200.0,,,,,,,,,,
2024-05-14,,,,,,410.2629699707031,411.1789041925516,405.3286952009842,405.7915915372278,15109300.0,,,,,,,,,,
2024-05-15,,,,,,417.4360046386719,418.1562771146736,411.7035137509103,412.3251142272524,22239500.0,,,,,,,,,,
2024-05-16,,,,,,415.3739013671875,419.7448271840896,414.7424547498935,416.1730933998144,17530100.0,,,,,,,,,,
2024-05-17,,,,,,414.6043395996094,417.2782095530174,412.45342828847055,416.9032739810727,15352200.0,,,,,,,,,,
2024-05-20,,,,,,419.6658325195313,421.0767486617833,414.3871971108055,414.60426344888,16272100.0,,,,,,,,,,
2024-05-21,,,,,,423.3165283203125,427.1940941013643,419.1824213563369,421.1359884863952,21453300.0,,,,,,,,,,
2024-05-22,,,,,,424.7767639160156,426.6415653807663,421.43200286988593,424.3525074308652,18073700.0,,,,,,,,,,
2024-05-23,,,,,,421.3037109375,427.8156712738496,419.7448017896618,427.194070817087,17211700.0,,,,,,,,,,
2024-05-24,,,,,,424.4215393066406,425.3095270127513,418.7482460431178,421.49115879915024,11855300.0,,,,,,,,,,
2024-05-28,,,,,,424.5794982910156,425.0728282443812,420.90912223355735,423.8987005465336,15718000.0,,,,,,,,,,
2024-05-29,,,,,,423.4447937011719,425.1911706830153,420.0112068053538,420.0112068053538,15517100.0,,,,,,,,,,
2024-05-30,,,,,,409.1382141113281,418.639722265152,408.7139275324575,418.639722265152,28394500.0,,,,,,,,,,
2024-05-31,,,,,,409.5920715332031,411.19045552886206,399.1137496856911,411.19045552886206,47995300.0,,,,,,,,,,
2024-06-03,,,,,,408.0035400390625,410.8747236026411,403.4649291544174,409.9867358256656,17484700.0,,,,,,,,,,
2024-06-04,,,,,,410.5195007324219,410.8845599967463,404.21473091731406,406.92804504027714,14348900.0,,,,,,,,,,
2024-06-05,,,,,,418.3536376953125,418.42268099839066,410.746468843911,412.23633479956106,16988000.0,,,,,,,,,,
2024-06-06,,,,,,418.8568115234375,419.6362812039373,414.969369464852,418.35363549566944,14861300.0,,,,,,,,,,
2024-06-07,,,,,,418.1957702636719,420.5933463970912,417.3571033955117,420.514426860185,13621700.0,,,,,,,,,,
2024-06-10,,,,,,422.162109375,422.3692994949855,418.2352227759558,419.0344147777948,13982900.0,,,,,,,,,,
2024-06-11,,,,,,426.9079284667969,427.0460752832231,419.57705383558175,419.8039964152252,14551100.0,,,,,,,,,,
2024-06-12,,,,,,435.1761474609375,437.4849276655188,427.47033721280536,429.5127301243271,22366200.0,,,,,,,,,,
2024-06-13,,,,,,435.6892700195313,437.47515215912665,433.5087600483104,434.96902755558494,15960600.0,,,,,,,,,,
2024-06-14,,,,,,436.666015625,437.22841891267086,430.8940500278538,432.43323683903066,13582000.0,,,,,,,,,,
2024-06-17,,,,,,442.38861083984375,444.9243335295661,434.8406700551031,436.68571890132137,20790000.0,,,,,,,,,,
2024-06-18,,,,,,440.3857421875,444.1350675846114,438.955103509122,443.71078097637735,17112500.0,,,,,,,,,,
2024-06-20,,,,,,439.7542724609375,440.5731868231599,435.3833467866616,440.3462442358131,19877400.0,,,,,,,,,,
2024-06-21,,,,,,443.7798156738281,444.5691314199007,440.553449170913,441.4118383251449,34187100.0,,,,,,,,,,
2024-06-24,,,,,,441.6980285644531,446.7102473568692,440.45482751735335,443.7995887534264,15913700.0,,,,,,,,,,
2024-06-25,,,,,,444.9342956542969,445.3980270134928,440.79031201422777,442.2703018698994,16413400.0,,,,,,,,,,
2024-06-26,,,,,,446.1281127929688,447.5489053584295,442.2110720595261,443.0102641137892,16507000.0,,,,,,,,,,
2024-06-27,,,,,,446.8089294433594,450.0846474477425,445.7433199188156,446.1478540799415,14806300.0,,,,,,,,,,
2024-06-28,,,,,,440.9875793457031,449.305113661538,440.4547746593912,447.0259320890205,28362300.0,,,,,,,,,,
2024-07-01,,,,,,450.6371154785156,451.2685620568994,439.71478489170136,442.6747641221356,17662800.0,,,,,,,,,,
2024-07-02,,,,,,453.1531066894531,453.4589688152071,447.06540254269134,447.1542284209129,13979800.0,,,,,,,,,,
2024-07-03,,,,,,454.6232299804688,454.86989493305913,451.7717987859675,452.0776609183421,9932800.0,,,,,,,,,,
2024-07-05,,,,,,461.3226318359375,462.1021014719612,452.8472281684966,453.478674753155,16000300.0,,,,,,,,,,
2024-07-08,,,,,,460.0202941894531,461.4608392980929,458.2640408022278,460.3261563443288,12962300.0,,,,,,,,,,
2024-07-09,,,,,,453.40966796875,461.0957263862654,451.8902033953976,460.770141890067,17207200.0,,,,,,,,,,
2024-07-10,,,,,,460.0300903320313,460.2372804404464,452.73866061347735,455.0671931892753,18196100.0,,,,,,,,,,
2024-07-11,,,,,,448.63421630859375,458.5797336933404,445.5262138972975,456.8037581244286,23111200.0,,,,,,,,,,
2024-07-12,,,,,,447.4995727539063,450.2720845844748,444.6382651481434,448.2691662493938,16324300.0,,,,,,,,,,
2024-07-15,,,,,,447.904052734375,451.1600479833261,445.40780476541227,447.2528536845848,14429400.0,,,,,,,,,,
2024-07-16,,,,,,443.5232849121094,448.2395173651341,440.7014524487549,448.1605978328616,17175700.0,,,,,,,,,,
2024-07-17,,,,,,437.6033630371094,438.9156374910901,433.32126292871686,436.6857766089829,21778000.0,,,,,,,,,,
2024-07-18,,,,,,434.495361328125,438.71826397070777,428.6050012530057,438.4124018485707,20794800.0,,,,,,,,,,
2024-07-19,,,,,,431.2788391113281,435.2551069043024,426.23702212212055,427.3223538949878,20940400.0,,,,,,,,,,
2024-07-22,,,,,,437.0310668945313,438.6689256733767,433.0548293535728,435.89641421757136,15808800.0,,,,,,,,,,
2024-07-23,,,,,,438.9155883789063,442.4083722657051,437.1889338456379,437.9782495880887,13107100.0,,,,,,,,,,
2024-07-24,,,,,,423.1784057617188,435.5906035987281,421.8858837605848,434.5743451525585,26805800.0,,,,,,,,,,
2024-07-25,,,,,,412.81842041015625,424.0663351847354,411.9403089176824,423.0796754657291,29943800.0,,,,,,,,,,
2024-07-26,,,,,,419.5967712402344,423.1981033319738,411.7034934246348,412.6211098546519,23583800.0,,,,,,,,,,
2024-07-29,,,,,,421.0373229980469,426.3850019436002,419.0344049240428,425.8225986635412,15125800.0,,,,,,,,,,
2024-07-30,,,,,,417.2781372070313,423.32633592792,411.79228152562297,422.01409176409487,32687600.0,,,,,,,,,,
2024-07-31,,,,,,412.7691345214844,416.1533704185598,406.7110288792971,414.89044707540063,42891400.0,,,,,,,,,,
2024-08-01,,,,,,411.545654296875,421.7575892383458,407.5792927447693,415.1765852410534,30296400.0,,,,,,,,,,
2024-08-02,,,,,,403.0406494140625,409.4638143051384,398.9460172931046,406.987288588088,29437900.0,,,,,,,,,,
2024-08-05,,,,,,389.8786010742188,395.6900415573509,380.4362598734901,383.9783949357412,40709200.0,,,,,,,,,,
2024-08-06,,,,,,394.2791442871094,400.2583309236166,393.183966261965,394.66395609733,24946500.0,,,,,,,,,,
2024-08-07,,,,,,393.1148681640625,404.6094491416932,392.1676831598232,403.18868669056855,20650900.0,,,,,,,,,,
2024-08-08,,,,,,397.3180236816406,400.4457182788044,394.6047093244423,397.07135874007713,20203000.0,,,,,,,,,,
2024-08-09,,,,,,400.6036376953125,402.6065560675801,396.8938169840574,398.6401941495763,19276700.0,,,,,,,,,,
2024-08-12,,,,,,401.383056640625,403.30705522680034,398.84733381774834,401.6297215819056,16762900.0,,,,,,,,,,
2024-08-13,,,,,,408.4870300292969,409.41449264240543,404.10625814496586,404.1259805010332,19414300.0,,,,,,,,,,
2024-08-14,,,,,,411.2989501953125,412.1474931990996,406.94780739323824,409.2664336117408,18267000.0,,,,,,,,,,
2024-08-15,,,,,,416.162109375,416.2411711538097,412.8310776655769,414.9463196020412,20752100.0,,,,,,,,,,
2024-08-16,,,,,,413.6316833496094,416.46849580465874,412.4751975268654,415.7370612802868,22775600.0,,,,,,,,,,
2024-08-19,,,,,,416.6563415527344,416.8737991572246,411.6449527797598,414.1160482104488,15234000.0,,,,,,,,,,
2024-08-20,,,,,,419.8885192871094,420.93626132598814,416.7650812391523,416.8243851157124,16387600.0,,,,,,,,,,
2024-08-21,,,,,,419.2361755371094,421.4700252660244,416.8441419181339,419.1768414959673,16067300.0,,,,,,,,,,
2024-08-22,,,,,,410.7454833984375,421.8555493177983,409.8163490739685,419.45362155809136,19361900.0,,,,,,,,,,
2024-08-23,,,,,,411.97113037109375,414.4125737215799,407.32545916499066,412.15893602611095,18493800.0,,,,,,,,,,
2024-08-26,,,,,,408.7093200683594,412.45550946116737,406.58418387561824,411.5560270388973,13152800.0,,,,,,,,,,
2024-08-27,,,,,,409.0552673339844,409.5692443465509,405.5067777613987,408.0865870238401,13492900.0,,,,,,,,,,
2024-08-28,,,,,,405.8526916503906,410.201813276276,402.60072184118246,410.0832055301203,14882700.0,,,,,,,,,,
2024-08-29,,,,,,408.3435363769531,417.17028122626607,405.85268326493673,410.142500929111,17045200.0,,,,,,,,,,
2024-08-30,,,,,,412.3171081542969,412.663037378181,407.3650233246306,410.7949049431994,24308300.0,,,,,,,,,,
2024-09-03,,,,,,404.7060852050781,415.0253810540411,402.32394584007614,413.07815685238506,20313600.0,,,,,,,,,,
2024-09-04,,,,,,404.17236328125,406.4853049884444,399.6947395600007,401.2169427939581,15135800.0,,,,,,,,,,
2024-09-05,,,,,,403.6682434082031,408.3237783354607,401.4343636867301,402.9071267784607,14195500.0,,,,,,,,,,
2024-09-06,,,,,,397.05560302734375,405.9021060614487,396.165984591682,404.3304930777104,19609500.0,,,,,,,,,,
2024-09-09,,,,,,401.0291137695313,403.9252302108811,397.5003824546475,402.5315288470681,15295100.0,,,,,,,,,,
2024-09-10,,,,,,409.4111022949219,411.5164502597468,402.9862541865475,403.4804732718071,19594300.0,,,,,,,,,,
2024-09-11,,,,,,418.14892578125,419.0879240200289,404.84452521588224,410.6960929291399,19266900.0,,,,,,,,,,
2024-09-12,,,,,,422.0630798339844,422.42879711427406,414.8969034199413,418.415740735589,17395700.0,,,,,,,,,,
2024-09-13,,,,,,425.6115417480469,426.8371952929349,420.540849660636,420.9065669174341,15874600.0,,,,,,,,,,
2024-09-16,,,,,,426.3529052734375,428.517587221267,423.2689830915265,425.6214706998335,13834700.0,,,,,,,,,,
2024-09-17,,,,,,430.1188659667969,436.741413807479,427.2721591954558,435.1401487897844,18874200.0,,,,,,,,,,
2024-09-18,,,,,,425.82904052734375,430.9886889198146,425.4336712970056,429.9705988234429,18898000.0,,,,,,,,,,
2024-09-19,,,,,,433.617919921875,436.3954286172224,431.8486072464737,436.12856118496126,21706600.0,,,,,,,,,,
2024-09-20,,,,,,430.2374267578125,434.1615270921616,429.19957885288886,432.1648930552261,55167100.0,,,,,,,,,,
2024-09-23,,,,,,428.4978332519531,431.41370770372646,425.4139110417271,429.2589197702658,15128900.0,,,,,,,,,,
2024-09-24,,,,,,424.2080078125,428.33967197864655,421.1734954974966,427.9937125983331,17015800.0,,,,,,,,,,
2024-09-25,,,,,,427.114013671875,428.1123459008628,423.6149641825675,424.8603757953974,13396400.0,,,,,,,,,,
2024-09-26,,,,,,426.3232421875,430.2671006249204,424.1684543301705,430.0595370663028,14492000.0,,,,,,,,,,
2024-09-27,,,,,,423.0712890625,426.8570240957296,422.5276601420935,426.5308226116947,14896100.0,,,,,,,,,,
2024-09-30,,,,,,425.3249206542969,425.4435585697777,420.4519278512811,423.2590885562286,16807300.0,,,,,,,,,,
2024-10-01,,,,,,415.8260498046875,423.525991477608,413.9677812470877,423.49633953955015,19092900.0,,,,,,,,,,
2024-10-02,,,,,,412.3072204589844,417.9314360837514,411.8920631533064,417.6941904099043,16582300.0,,,,,,,,,,
2024-10-03,,,,,,411.7240295410156,414.699207817815,409.50004373541833,412.801423489292,13686400.0,,,,,,,,,,
2024-10-04,,,,,,411.2496032714844,414.8969427153237,410.17220923179,413.4043913508732,19169700.0,,,,,,,,,,
2024-10-07,,,,,,404.8049926757813,412.287446994849,404.27122759664127,411.1902950616205,20919800.0,,,,,,,,,,
2024-10-08,,,,,,409.9151916503906,410.8542199929417,403.4508276328713,406.14924457508937,19229300.0,,,,,,,,,,
2024-10-09,,,,,,412.6333618164063,415.5196143481408,409.5098937927917,411.0518548194861,14974300.0,,,,,,,,,,
2024-10-10,,,,,,411.0320739746094,412.5246250787664,408.37317321416026,410.4291412448218,13848400.0,,,,,,,,,,
2024-10-11,,,,,,411.506591796875,412.307224312336,408.4720793339732,411.32868016338136,14144900.0,,,,,,,,,,
2024-10-14,,,,,,414.2939453125,419.1372858012014,412.6926503077809,412.9397598241915,16653100.0,,,,,,,,,,
2024-10-15,,,,,,413.8985900878906,417.5953693595967,410.4588445581101,417.29881980944174,18900200.0,,,,,,,,,,
2024-10-16,,,,,,411.308837890625,411.54605337068887,405.7340629559766,410.36983983888206,15508900.0,,,,,,,,,,
2024-10-17,,,,,,411.9019470214844,417.6151183211583,410.7850070857703,417.4767225011017,14820000.0,,,,,,,,,,
2024-10-18,,,,,,413.3252868652344,414.7980500077063,411.447260474788,412.3170908446127,17145300.0,,,,,,,,,,
2024-10-21,,,,,,413.9381713867188,414.1160830331514,408.9663281686837,411.3089220076055,14206100.0,,,,,,,,,,
2024-10-22,,,,,,422.5671691894531,425.60165114081286,413.20665945484586,413.6514384877474,25482200.0,,,,,,,,,,
2024-10-23,,,,,,419.6908264160156,426.09588604624633,417.6447522942533,425.87842845603865,19654400.0,,,,,,,,,,
2024-10-24,,,,,,419.8193054199219,421.054852987084,417.51622786247975,420.4123441203712,13581600.0,,,,,,,,,,
2024-10-25,,,,,,423.1997985839844,427.519268582281,421.638079540004,421.82588520642906,16899100.0,,,,,,,,,,
2024-10-28,,,,,,421.6578063964844,426.94595627618617,421.37115090072086,426.6691948141605,14882400.0,,,,,,,,,,
2024-10-29,,,,,,426.9559020996094,428.1617979371543,420.8769829019358,423.0515590564399,17644100.0,,,,,,,,,,
2024-10-30,,,,,,427.5291137695313,433.4300902065265,427.1040926423887,432.3823482739382,29749100.0,,,,,,,,,,
2024-10-31,,,,,,401.65185546875,411.3484314804884,401.6024154615228,410.55766284750285,53971000.0,,,,,,,,,,
2024-11-01,,,,,,405.6253662109375,410.69605883957496,402.7885534948901,404.2811047814158,24230400.0,,,,,,,,,,
2024-11-04,,,,,,403.7374267578125,405.67478719502446,400.8808562716615,405.06193022116906,19672300.0,,,,,,,,,,
2024-11-05,,,,,,406.7027282714844,410.1029577159873,403.36180269923256,403.64845819160416,17626000.0,,,,,,,,,,
2024-11-06,,,,,,415.3219299316406,415.5888275345556,405.77361389082967,407.6516704863863,26681800.0,,,,,,,,,,
2024-11-07,,,,,,420.51123046875,421.9148258993943,415.0254108601489,416.4092182225697,19901800.0,,,,,,,,,,
2024-11-08,,,,,,417.6546630859375,421.568869701991,416.9034404414896,420.4025199280503,16891400.0,,,,,,,,,,
2024-11-11,,,,,,413.1770324707031,419.89839969038087,411.1902621762221,417.6348679260246,24503300.0,,,,,,,,,,
2024-11-12,,,,,,418.1389465332031,419.5326478016325,412.37636598179006,413.4142138670265,19401200.0,,,,,,,,,,
2024-11-13,,,,,,420.283935546875,424.3661599826618,413.3747320030266,416.76509796101305,21502200.0,,,,,,,,,,
2024-11-14,,,,,,421.9543762207031,423.2195758457781,415.1440228899343,420.086213638624,30246900.0,,,,,,,,,,
2024-11-15,,,,,,410.2018127441406,417.9116178816296,408.8575514031372,414.9660916401276,28247600.0,,,,,,,,,,
2024-11-18,,,,,,410.95306396484375,413.5625250527604,407.33537663624696,410.0733395128572,24727000.0,,,,,,,,,,
2024-11-19,,,,,,412.9595947265625,413.1078544202765,406.7917199854057,408.33368112951007,18133500.0,,,,,,,,,,
2024-11-20,,,,,,410.6861267089844,412.4653333453386,405.8328921341125,412.0501760807684,19191700.0,,,,,,,,,,
2024-11-21,,,,,,408.913330078125,415.7571129679985,406.3580683412615,415.4797975064388,20780200.0,,,,,,,,,,
2024-11-22,,,,,,413.0037231445313,413.39988374041405,407.1206461090675,407.4276728377604,24814600.0,,,,,,,,,,
2024-11-25,,,,,,414.7765808105469,417.0446130867062,410.8743369468268,414.3705063731925,27691100.0,,,,,,,,,,
2024-11-26,,,,,,423.8883972167969,424.9283527972119,414.8360050762814,415.56890369905886,23458900.0,,,,,,,,,,
2024-11-27,,,,,,418.9363708496094,423.1357584170694,417.9756653943907,421.0360495207792,18332400.0,,,,,,,,,,
2024-11-29,,,,,,419.4018249511719,420.808229889217,413.7960631011275,416.06412568619913,16271900.0,,,,,,,,,,
2024-12-02,,,,,,426.8498229980469,428.8504539576372,417.2724796995242,417.52999772728793,20207200.0,,,,,,,,,,
2024-12-03,,,,,,427.0676574707031,428.32547569363487,423.6407942127541,425.72067515411175,18302000.0,,,,,,,,,,
2024-12-04,,,,,,433.2280578613281,435.4564952904926,428.483953715763,428.8801143248133,26009400.0,,,,,,,,,,
2024-12-05,,,,,,438.3782348632813,440.3986933940624,431.99006528414975,433.7232945089335,21697800.0,,,,,,,,,,
2024-12-06,,,,,,439.3191223144531,441.824875239188,437.5363542028089,438.0612738202398,18821000.0,,,,,,,,,,
2024-12-09,,,,,,441.74560546875,444.03346541962105,436.2785166631167,438.3583975889403,19144400.0,,,,,,,,,,
2024-12-10,,,,,,439.0813903808594,445.3111194338513,437.3679889585384,440.13125981361975,18469500.0,,,,,,,,,,
2024-12-11,,,,,,444.6871948242188,446.0341772846715,439.7945337941877,439.7945337941877,19200200.0,,,,,,,,,,
2024-12-12,,,,,,445.251708984375,451.7884649521135,444.8060093995974,444.8060093995974,20834800.0,,,,,,,,,,
2024-12-13,,,,,,442.983642578125,447.1037794543848,441.3098360276096,444.142443353527,20177800.0,,,,,,,,,,
2024-12-16,,,,,,447.2622375488281,447.8465797272876,441.01271109813007,442.9836304987913,23598800.0,,,,,,,,,,
2024-12-17,,,,,,450.1047058105469,450.9267684894764,445.26158450169066,446.6877867800923,22733500.0,,,,,,,,,,
2024-12-18,,,,,,433.1983642578125,448.3121021747045,432.8318846987335,446.994861295181,24444500.0,,,,,,,,,,
2024-12-19,,,,,,432.841796875,438.9328533616484,432.1386095010433,437.387805771624,22963700.0,,,,,,,,,,
2024-12-20,,,,,,432.4159240722656,439.48748337745457,424.5223020050907,428.9593493416428,64263700.0,,,,,,,,,,
2024-12-23,,,,,,431.078857421875,433.4558513948008,428.6820357713906,432.5545685943141,19152500.0,,,,,,,,,,
2024-12-24,,,,,,435.1197204589844,435.3871522905164,430.02899474815183,430.484577930417,7164500.0,,,,,,,,,,
2024-12-26,,,,,,433.9114074707031,436.7143034093448,432.4456102286952,434.8721127935591,8194200.0,,,,,,,,,,
2024-12-27,,,,,,426.4040832519531,431.0491398035233,422.2641488688207,430.4350863105853,18117700.0,,,,,,,,,,
2024-12-30,,,,,,420.7586975097656,423.45263204127576,417.8567839421245,421.9769208859116,13158700.0,,,,,,,,,,
2024-12-31,,,,,,417.4606018066406,422.6404915665645,416.6286554798762,422.016524265212,13246500.0,,,,,,,,,,
2025-01-02,,,,,,414.568603515625,421.9868450538027,410.8743686174563,421.452011579828,16896500.0,,,,,,,,,,
2025-01-03,,,,,,419.2928771972656,419.9663532369274,415.519392337396,417.0446121521978,16662900.0,,,,,,,,,,
2025-01-06,,,,,,423.7497863769531,430.15778356293015,421.4025036603563,423.8983428352595,20573600.0,,,,,,,,,,
2025-01-07,,,,,,418.3222961425781,426.52294519780327,416.7673346717813,424.8887636901725,18139100.0,,,,,,,,,,
2025-01-08,,,,,,420.49127197265625,422.8781796209664,417.5002247025303,419.40180766065134,15054600.0,,,,,,,,,,
2025-01-10,,,,,,414.9350280761719,420.6398068835906,411.0426680414125,420.5605868581897,20201100.0,,,,,,,,,,
2025-01-13,,,,,,413.1919250488281,414.48936844362913,408.3388895039501,411.2606004893305,17604800.0,,,,,,,,,,
2025-01-14,,,,,,411.6865234375,415.7174964398103,406.78394867710017,413.805999460752,16935900.0,,,,,,,,,,
2025-01-15,,,,,,422.2244873046875,424.046850174096,414.2615295855494,415.1133035563719,19637800.0,,,,,,,,,,
2025-01-16,,,,,,420.5110778808594,425.3740271428382,420.3229265289763,424.5916197701724,15300000.0,,,,,,,,,,
2025-01-17,,,,,,424.9184265136719,430.3162089952725,424.0666827581059,429.9299320188306,26197500.0,,,,,,,,,,
2025-01-21,,,,,,424.3935546875,426.770548715405,421.52135231106814,426.07727516253885,26085700.0,,,,,,,,,,
2025-01-22,,,,,,441.9239196777344,442.98364251820686,431.82165779523024,433.366705345479,27803800.0,,,,,,,,,,
2025-01-23,,,,,,442.4289855957031,442.46861072225846,437.2689236348676,437.7641319289048,18389300.0,,,,,,,,,,
2025-01-24,,,,,,439.804443359375,442.3696190202124,437.16993127456703,440.8939077892008,15549500.0,,,,,,,,,,
2025-01-27,,,,,,430.39544677734375,431.0293279263355,419.4414413066827,419.9465634582157,35647800.0,,,,,,,,,,
2025-01-28,,,,,,442.9143371582031,444.0830215490328,427.2459385298944,430.4350813460536,23491700.0,,,,,,,,,,
2025-01-29,,,,,,438.0909423828125,442.5973558524787,436.179445681725,442.4091742886292,23581400.0,,,,,,,,,,
2025-01-30,,,,,,411.0130004882813,418.8075747745586,409.20055129765046,414.7567742579652,54586300.0,,,,,,,,,,
2025-01-31,,,,,,411.0823364257813,416.6583870568431,410.933779971825,414.964783031506,34161900.0,,,,,,,,,,
2025-02-03,,,,,,406.9820556640625,411.4290171061556,404.7437041840203,407.6555317858933,25679100.0,,,,,,,,,,
2025-02-04,,,,,,408.4181213378906,409.9532853263689,405.81332063447735,408.73506192939664,20532100.0,,,,,,,,,,
2025-02-05,,,,,,409.3292846679688,409.8640878693508,406.4669661887736,408.39829064688985,16316700.0,,,,,,,,,,
2025-02-06,,,,,,411.83502197265625,414.1922182257068,410.03245657619226,410.03245657619226,16309800.0,,,,,,,,,,
2025-02-07,,,,,,405.8232116699219,414.6379135781928,404.1890302854019,412.4887264302527,22886800.0,,,,,,,,,,
2025-02-10,,,,,,408.2695617675781,411.47850211303046,406.9820321839411,409.7452729369169,20817900.0,,,,,,,,,,
2025-02-11,,,,,,407.4970397949219,408.5369652151938,405.3775335991668,405.714301867279,18140600.0,,,,,,,,,,
2025-02-12,,,,,,405.1199951171875,406.8135989590122,400.4947365177388,403.3075158999609,19121700.0,,,,,,,,,,
2025-02-13,,,,,,406.6056213378906,407.0612044905901,402.465657162982,403.0995382668374,23891700.0,,,,,,,,,,
2025-02-14,,,,,,404.5158386230469,404.9912494649655,401.990288420934,403.8819877256042,22758500.0,,,,,,,,,,
2025-02-18,,,,,,405.7142639160156,406.6650553734785,402.6043413346739,404.0899662104477,21423100.0,,,,,,,,,,
2025-02-19,,,,,,410.7951049804688,411.5082061808428,403.7433432351679,403.97114994678657,24114200.0,,,,,,,,,,
2025-02-20,,,,,,412.968505859375,416.1243389128722,409.40578409861945,412.134891295379,23508700.0,,,,,,,,,,
2025-02-21,,,,,,405.108642578125,414.8738801834256,404.79109677447474,414.16928284227896,27524800.0,,,,,,,,,,
2025-02-24,,,,,,400.9306335449219,406.2598304371672,396.2861968407472,405.4063787741937,26443700.0,,,,,,,,,,
2025-02-25,,,,,,394.8769226074219,398.8663997767397,393.6860578575225,398.0526225119245,29387400.0,,,,,,,,,,
2025-02-26,,,,,,396.6930541992188,400.533646950774,391.25467770642615,394.9861207223364,19619000.0,,,,,,,,,,
2025-02-27,,,,,,389.54779052734375,402.6574203650982,389.19054012926085,398.2213795412261,21127400.0,,,,,,,,,,
2025-02-28,,,,,,393.973876953125,394.6090291195634,383.6330593862238,389.67678725566606,32845700.0,,,,,,,,,,
2025-03-03,,,,,,385.5384521484375,395.7899873220531,383.2261675615013,395.7899873220531,23007700.0,,,,,,,,,,
2025-03-04,,,,,,385.6575317382813,389.59737098453536,378.1053630399061,380.48712304915495,29342900.0,,,,,,,,,,
2025-03-05,,,,,,397.9732666015625,398.6183524988304,385.85603973587394,386.3820118850688,23433100.0,,,,,,,,,,
2025-03-06,,,,,,393.8746643066406,399.0946811478794,389.6966277473878,391.2844778913856,23304600.0,,,,,,,,,,
2025-03-07,,,,,,390.3218688964844,391.8005390969085,382.6109115042311,389.3394000020522,22034100.0,,,,,,,,,,
2025-03-10,,,,,,377.2717590332031,383.4643412864511,374.3540930979484,382.9085982783761,32840100.0,,,,,,,,,,
2025-03-11,,,,,,377.5595397949219,383.0673615053873,374.0464264969692,376.1205440687611,30380200.0,,,,,,,,,,
2025-03-12,,,,,,380.3581237792969,382.2933209136247,376.0709676751301,380.0405779726452,24253600.0,,,,,,,,,,
2025-03-13,,,,,,375.8923034667969,382.3925583494832,374.58235511618193,380.2489652043101,20473000.0,,,,,,,,,,
2025-03-14,,,,,,385.6079406738281,387.2652662935844,376.6267095180303,376.8946473094157,19952800.0,,,,,,,,,,
2025-03-17,,,,,,385.7468566894531,389.72637004614455,382.6406320765131,383.7620517263702,22474300.0,,,,,,,,,,
2025-03-18,,,,,,380.6062316894531,384.4269877309022,378.2046343736099,384.1292790671939,19486900.0,,,,,,,,,,
2025-03-19,,,,,,384.8735961914063,386.71945055064447,381.0826108668135,382.6009856830569,19185500.0,,,,,,,,,,
2025-03-20,,,,,,383.9010009765625,388.8134057411041,380.36805030146087,382.8093521082507,18470500.0,,,,,,,,,,
2025-03-21,,,,,,388.2874450683594,388.76377892625936,379.8916973941909,380.3085198055768,39675900.0,,,,,,,,,,
2025-03-24,,,,,,390.0935974121094,392.3959786933822,386.84845184017416,392.3959786933822,21004500.0,,,,,,,,,,
2025-03-25,,,,,,392.1578063964844,393.34867131877104,389.6569628025314,390.9272368910712,15775000.0,,,,,,,,,,
2025-03-26,,,,,,387.0072326660156,392.3066587723948,385.61787512073846,391.9990163975736,16108400.0,,,,,,,,,,
2025-03-27,,,,,,387.6125793457031,389.259971232933,384.4567464670721,387.1660163642304,13766800.0,,,,,,,,,,
2025-03-28,,,,,,375.9220886230469,386.1736243280803,374.0663006272135,385.13158343812927,21632000.0,,,,,,,,,,
2025-03-31,,,,,,372.5379943847656,374.2052233402368,364.449889664545,369.7096411618319,35184700.0,,,,,,,,,,
2025-04-01,,,,,,379.286376953125,379.9413663463016,370.3944575548709,371.8036523791418,19689500.0,,,,,,,,,,
2025-04-02,,,,,,379.2367248535156,382.1543604865691,373.7586433966847,375.0983928958324,16092600.0,,,,,,,,,,
2025-04-03,,,,,,370.2752990722656,374.61212363444304,366.54388609690864,371.9425583652147,30198000.0,,,,,,,,,,
2025-04-04,,,,,,357.1061706542969,371.74410993496775,356.7489202327306,361.36358655898334,49209900.0,,,,,,,,,,
2025-04-07,,,,,,355.14117431640625,368.1813588125757,342.17049555544185,348.2142236601539,50425000.0,,,,,,,,,,
2025-04-08,,,,,,351.8662414550781,370.8112022714622,347.5889889390993,365.4621683401468,35868900.0,,,,,,,,,,
2025-04-09,,,,,,387.5232238769531,390.2424271903321,350.41731193692607,350.8539714387616,50199700.0,,,,,,,,,,
2025-04-10,,,,,,378.4527282714844,380.9833427250372,365.0056552003408,379.1573256201752,38024400.0,,,,,,,,,,
2025-04-11,,,,,,385.4988098144531,387.0866297777136,376.01144319106686,377.748147775892,23839200.0,,,,,,,,,,
2025-04-14,,,,,,384.8636474609375,391.651677567929,381.29099206627785,390.2325491274343,19251200.0,,,,,,,,,,
2025-04-15,,,,,,382.7994384765625,388.9126416904877,381.24135923720473,385.5583162962043,17199900.0,,,,,,,,,,
2025-04-16,,,,,,368.7867126464844,378.71073856569086,365.2041538267982,377.7779079921512,21967800.0,,,,,,,,,,
2025-04-17,,,,,,364.9858093261719,371.4761304955969,364.10258680355696,370.9104537724408,21120200.0,,,,,,,,,,
2025-04-21,,,,,,356.3916015625,361.71089501866106,352.9678309109542,360.0635031391147,20807300.0,,,,,,,,,,
2025-04-22,,,,,,364.0331115722656,364.9758758256959,357.12596800122816,360.6192443688487,19485000.0,,,,,,,,,,
2025-04-23,,,,,,371.5455932617188,377.50000836988784,370.1859763720142,373.20288850682186,20545500.0,,,,,,,,,,
2025-04-24,,,,,,384.3575134277344,385.4988006420437,372.33953252384407,372.8456675393821,22232300.0,,,,,,,,,,
2025-04-25,,,,,,388.8729553222656,389.1805976978566,381.6780366488648,384.0597967732597,18973200.0,,,,,,,,,,
2025-04-28,,,,,,388.1882019042969,389.7561846754867,383.7025530868883,388.9821118643913,16579400.0,,,,,,,,,,
2025-04-29,,,,,,391.0462951660156,392.0982394081848,387.414098329844,388.3270916828822,14974000.0,,,,,,,,,,
2025-04-30,,,,,,392.2570495605469,393.6464071015826,381.5192464831796,387.3347110069874,36461100.0,,,,,,,,,,
2025-05-01,,,,,,422.16802978515625,433.669971462135,421.6718285206496,427.8346397458207,58938100.0,,,,,,,,,,
2025-05-02,,,,,,431.9729919433594,436.1013902925972,426.7231738378541,428.4598783453456,30757400.0,,,,,,,,,,
2025-05-05,,,,,,432.856201171875,436.1608880903925,428.8270192574835,429.581254830481,20136100.0,,,,,,,,,,
2025-05-06,,,,,,430.0179443359375,434.4043769104007,427.8942186382879,428.91639204817295,15104200.0,,,,,,,,,,
2025-05-07,,,,,,430.0576477050781,434.79139692835327,427.8346454163337,430.54391525930873,23295300.0,,,,,,,,,,
2025-05-08,,,,,,434.8410339355469,440.2992479012544,432.3500938706748,434.6028367318432,23491300.0,,,,,,,,,,
2025-05-09,,,,,,435.3967895507813,437.3914981181206,432.5684361749063,436.65712990925,15324200.0,,,,,,,,,,
2025-05-12,,,,,,445.84674072265625,445.9558904565641,436.4387544599253,442.5519572732001,22821900.0,,,,,,,,,,
2025-05-13,,,,,,445.7277221679688,447.24609694771215,441.9764112331301,444.3780388716834,23618800.0,,,,,,,,,,
2025-05-14,,,,,,449.4988098144531,450.4515077748093,444.73528972695,444.73528972695,19902800.0,,,,,,,,,,
2025-05-15,,,,,,450.5129089355469,453.5552331837817,447.8284909088357,448.1665235651595,21992300.0,,,,,,,,,,
2025-05-16,,,,,,451.6463623046875,451.735838870633,446.13838030321216,449.4391826540583,23849800.0,,,,,,,,,,
2025-05-19,,,,,,456.2197570800781,456.9355998797858,448.1963586877965,448.27591363294266,21336500.0,,,,,,,,,,
2025-05-20,,,,,,455.5238342285156,455.6928353955898,451.69606398891386,452.9587181303489,15441800.0,,,,,,,,,,
2025-05-21,,,,,,449.9561462402344,455.1360468945702,449.2005259832327,451.944595050179,19216900.0,,,,,,,,,,
2025-05-22,,,,,,452.2329406738281,457.5918252828005,451.2784936511554,452.32244757902833,18025600.0,,,,,,,,,,
2025-05-23,,,,,,447.5799560546875,451.06969358680703,446.3173019248347,447.3811293692874,16883500.0,,,,,,,,,,
2025-05-27,,,,,,458.02923583984375,458.2877438900054,453.4856231037271,453.8435596609756,20974300.0,,,,,,,,,,
2025-05-28,,,,,,454.7184753417969,459.8486770934628,454.2909661144885,458.55619745791415,17086300.0,,,,,,,,,,
2025-05-29,,,,,,456.0308837890625,459.05333474747385,452.6803520976962,458.884303233251,13974800.0,,,,,,,,,,
2025-05-30,,,,,,457.7011413574219,459.0135248792732,452.9090026922185,457.0648535034259,34770500.0,,,,,,,,,,
2025-06-02,,,,,,459.3018798828125,459.4410555312044,454.2512329224997,454.49978904014216,16626500.0,,,,,,,,,,
2025-06-03,,,,,,460.2960815429688,461.4593374660713,458.1982522365384,458.8047449110186,15743800.0,,,,,,,,,,
2025-06-04,,,,,,461.19085693359375,463.0003525817652,460.3457601448262,461.3201109572232,14162700.0,,,,,,,,,,
2025-06-05,,,,,,464.9788513183594,466.937474562979,461.3499383952383,462.2745597878388,20131700.0,,,,,,,,,,
2025-06-06,,,,,,467.6632690429688,470.6061647142377,466.0725039656027,467.3749354769993,15285600.0,,,,,,,,,,
2025-06-09,,,,,,470.0196228027344,470.69568816704816,465.9134708467471,466.9872502760202,16469900.0,,,,,,,,,,
2025-06-10,,,,,,468.2001953125,470.06931180763127,464.2630446113778,468.4686249933991,15375900.0,,,,,,,,,,
2025-06-11,,,,,,469.8903503417969,472.72389606625393,466.9474544926898,467.30536072753216,16399200.0,,,,,,,,,,
2025-06-12,,,,,,476.1042785644531,477.6453447348738,470.78517145354215,472.276508194471,18950600.0,,,,,,,,,,
2025-06-13,,,,,,472.2168273925781,476.4124557062983,470.0295518485209,473.6584649544854,16814500.0,,,,,,,,,,
2025-06-16,,,,,,476.3727111816406,477.91374692205306,472.2566074497181,472.4653860858625,15626100.0,,,,,,,,,,
2025-06-17,,,,,,475.279052734375,475.97499162724574,471.3419021646973,472.6542856879232,15414100.0,,,,,,,,,,
2025-06-18,,,,,,477.4663391113281,478.2219594008936,471.71972301658775,475.2392860574369,17526500.0,,,,,,,,,,
2025-06-20,,,,,,474.6427307128906,480.6677282539423,474.1157929854165,479.4448516392065,37576200.0,,,,,,,,,,
2025-06-23,,,,,,483.1930847167969,484.932977511559,469.7810065395394,475.4480677233997,24864000.0,,,,,,,,,,
2025-06-24,,,,,,487.279296875,489.0092679302753,483.9884166007436,486.1260232932434,22305600.0,,,,,,,,,,
2025-06-25,,,,,,489.4268798828125,491.7036624656625,486.56353883181055,489.1982276680394,17495100.0,,,,,,,,,,
2025-06-26,,,,,,494.5769653320313,495.1635541172166,489.9637493151316,490.1327808219991,21578900.0,,,,,,,,,,
2025-06-27,,,,,,493.07568359375,496.4162632322767,490.1824867596744,494.6763704185467,34539200.0,,,,,,,,,,
2025-06-30,,,,,,494.5372009277344,497.86785899517616,492.4691970236715,494.1693427257206,28369000.0,,,,,,,,,,
2025-07-01,,,,,,489.2081298828125,495.1734765998455,488.14433277768,493.602615314542,19945400.0,,,,,,,,,,
2025-07-02,,,,,,488.2536926269531,490.6497772469701,485.8775119148357,487.1600396387865,16319600.0,,,,,,,,,,
2025-07-03,,,,,,495.95892333984375,497.2414813819725,490.5901173527472,490.9579755463732,13984800.0,,,,,,,,,,
2025-07-07,,,,,,494.8453979492188,495.8694479262707,492.36978876052433,494.5073652747992,13981600.0,,,,,,,,,,
2025-07-08,,,,,,493.751708984375,495.3226005030518,491.2561960700141,494.36812324816447,11846600.0,,,,,,,,,,
2025-07-09,,,,,,500.6019592285156,503.8530622357068,496.8537136582796,497.4104769193033,18659500.0,,,,,,,,,,
2025-07-10,,,,,,498.5836791992188,501.5265750230592,494.8752111441128,500.1445884984204,16492100.0,,,,,,,,,,
2025-07-11,,,,,,500.4130554199219,502.1131707269345,494.9249170598048,495.5910607887764,16459500.0,,,,,,,,,,
2025-07-14,,,,,,500.1147766113281,501.0593019842245,498.1362796464767,498.6234399223271,12058800.0,,,,,,,,,,
2025-07-15,,,,,,502.8986206054688,505.36427783294863,499.88612172349406,500.1147739294682,14927200.0,,,,,,,,,,
2025-07-16,,,,,,502.6997680664063,503.793421043838,498.99133023831314,502.2623068754336,15154400.0,,,,,,,,,,
2025-07-17,,,,,,508.7446594238281,510.40499725185873,502.6997578215743,502.7594088608256,17503100.0,,,,,,,,,,
2025-07-18,,,,,,507.1041870117188,511.6677041033988,504.499323712682,511.5085942033365,21209700.0,,,,,,,,,,
2025-07-21,,,,,,507.1141052246094,509.132409924825,502.630143381304,503.7834473494323,14066800.0,,,,,,,,,,
2025-07-22,,,,,,502.3517761230469,508.2475501614973,502.3517761230469,508.018867615488,13868600.0,,,,,,,,,,
2025-07-23,,,,,,502.94830322265625,503.8630030405687,497.80817995491657,503.8232255681408,16396600.0,,,,,,,,,,
2025-07-24,,,,,,507.9293823242188,510.7032466418327,504.370041868975,505.8315529966592,16107000.0,,,,,,,,,,
2025-07-25,,,,,,510.7430725097656,515.2965768746373,507.41238413754473,509.5101831979357,19125700.0,,,,,,,,,,
2025-07-28,,,,,,509.5400085449219,512.0255695622142,507.1737496018482,511.1109000989904,14308000.0,,,,,,,,,,
2025-07-29,,,,,,509.609619140625,514.6304403339567,508.6054427654301,512.5525452747698,16469200.0,,,,,,,,,,
2025-07-30,,,,,,510.2757263183594,512.9700963143614,506.4976856980785,512.1945721471376,26380400.0,,,,,,,,,,
2025-07-31,,,,,,530.418701171875,552.2419382207228,528.8279664536001,552.0231773044421,51617300.0,,,,,,,,,,
2025-08-01,,,,,,521.0829467773438,532.7054326872741,517.8517174087783,531.9100652869249,28977600.0,,,,,,,,,,
2025-08-04,,,,,,532.5464477539062,535.1413592423181,525.0798117410876,525.2190177406763,25349000.0,,,,,,,,,,
2025-08-05,,,,,,524.7019653320312,534.196796907337,524.1949011418618,534.0774948252555,19171600.0,,,,,,,,,,
2025-08-06,,,,,,521.908203125,528.6291703469228,521.0034855448089,527.8338028961505,21355700.0,,,,,,,,,,
2025-08-07,,,,,,517.8319091796875,525.0400367197672,514.5608717763297,523.757448292983,16079100.0,,,,,,,,,,
2025-08-08,,,,,,519.02490234375,521.6297655095517,516.4100872243725,519.5816656001966,15531000.0,,,,,,,,,,
2025-08-11,,,,,,518.7564697265625,524.542862850504,516.7182612189127,519.2833770884752,20194400.0,,,,,,,,,,
2025-08-12,,,,,,526.183349609375,527.9132904806338,519.6811434112465,520.7250669698358,18667000.0,,,,,,,,,,
2025-08-13,,,,,,517.5734252929688,529.6234217995657,516.3703917601634,529.0368026236954,19619200.0,,,,,,,,,,
2025-08-14,,,,,,519.46240234375,522.9123929469488,517.13595097363,519.5419572956574,20269100.0,,,,,,,,,,
2025-08-15,,,,,,517.1657104492188,523.0614541020369,516.0820397908819,519.7507304052322,25213300.0,,,,,,,,,,
2025-08-18,,,,,,514.1134033203125,519.8003983365775,511.0512359172718,518.5775217659684,23760600.0,,,,,,,,,,
2025-08-19,,,,,,506.8258056640625,512.1846598699071,505.6128505766311,512.0256106523992,21481000.0,,,,,,,,,,
2025-08-20,,,,,,502.7992248535156,508.0487290990465,501.526618683124,506.92525053820776,27723000.0,,,,,,,,,,
2025-08-21,,,,,,502.15185546875,505.5278315490841,500.6381609615915,501.6041452591809,18443300.0,,,,,,,,,,
2025-08-22,,,,,,505.1295166015625,508.6150227226763,500.32946944945456,502.1618461633245,24324200.0,,,,,,,,,,
2025-08-25,,,,,,502.17181396484375,506.0855321115255,502.0323791323648,504.5319946732823,21638600.0,,,,,,,,,,
2025-08-26,,,,,,499.96099853515625,502.8888260614156,496.4456179190968,502.2713680297872,30835700.0,,,,,,,,,,
2025-08-27,,,,,,504.64154052734375,505.1892811692936,497.82986914621193,499.92117896114246,17277900.0,,,,,,,,,,
2025-08-28,,,,,,507.529541015625,508.9735181763212,503.406670609209,504.99008260275673,18015600.0,,,,,,,,,,
2025-08-29,,,,,,504.59173583984375,507.4896888132377,502.40083415821226,506.5535790393771,20961600.0,,,,,,,,,,
2025-09-02,,,,,,503.0282287597656,503.90458943006223,494.75264396148896,498.3974910813857,18128000.0,,,,,,,,,,
2025-09-03,,,,,,503.2572937011719,505.68719181229375,500.2398424947412,501.70375627159575,16345100.0,,,,,,,,,,
2025-09-04,,,,,,505.866455078125,506.0457023892234,501.0664078062513,502.2116394820944,15509500.0,,,,,,,,,,
2025-09-05,,,,,,492.9501647949219,509.8498918622262,490.3310509759443,506.9619070760115,31994800.0,,,,,,,,,,
2025-09-08,,,,,,496.1369018554688,499.1244784694731,492.9800158612091,496.0472478127919,16771000.0,,,,,,,,,,
2025-09-09,,,,,,496.3460083007813,500.17010260105087,495.6389570336189,499.3534910580183,14410500.0,,,,,,,,,,
2025-09-10,,,,,,498.29791259765625,501.1460848531792,494.6630336933239,500.8971201283455,21611800.0,,,,,,,,,,
2025-09-11,,,,,,498.9352722167969,501.08633106619584,495.8182290284252,500.1701275152439,18881600.0,,,,,,,,,,
2025-09-12,,,,,,507.7884521484375,510.42747218178897,501.7635178992086,504.55191069082485,23624900.0,,,,,,,,,,
2025-09-15,,,,,,513.225830078125,513.3353599697668,504.9004642300766,506.68306017742736,17143800.0,,,,,,,,,,
2025-09-16,,,,,,506.9320068359375,515.0880630075219,506.4938265025834,514.7395367165727,19711900.0,,,,,,,,,,
2025-09-17,,,,,,507.9079284667969,509.1726886784055,503.8348693472275,508.5054498653079,15816600.0,,,,,,,,,,
2025-09-18,,,,,,506.3444519042969,510.9453149965379,505.55771489166153,509.3718409712672,18913700.0,,,,,,,,,,
2025-09-19,,,,,,515.7852172851562,517.1495391803752,508.1967769692645,508.4457417060914,52474100.0,,,,,,,,,,
2025-09-22,,,,,,512.3196411132812,515.5959951267806,510.41751650985566,513.4549348866175,20009300.0,,,,,,,,,,
2025-09-23,,,,,,507.1212463378906,512.4590659268906,505.2091838485409,511.6722984831285,19799600.0,,,,,,,,,,
2025-09-24,,,,,,508.0373840332031,510.35772177145367,504.82077941210207,508.266442508536,13533700.0,,,,,,,,,,
2025-09-25,,,,,,504.9303283691406,507.89799878212006,502.94857891661616,506.1950582100621,15786500.0,,,,,,,,,,
2025-09-26,,,,,,509.3419494628906,511.8116903059077,504.52199636524745,507.9477531769938,16213100.0,,,,,,,,,,
2025-09-29,,,,,,512.4689331054688,514.7096154882738,506.77264973451184,509.3817950243417,17617800.0,,,,,,,,,,
2025-09-30,,,,,,515.8051147460938,516.0142062084105,507.54943619028296,511.11459757878936,19728200.0,,,,,,,,,,
2025-10-01,,,,,,517.5578002929688,518.3544751787417,509.5709932440202,512.6680995330014,22632300.0,,,,,,,,,,
2025-10-02,,,,,,513.6041870117188,519.4399047558908,508.56514411884206,515.4963429681408,21222900.0,,,,,,,,,,
2025-10-03,,,,,,515.20751953125,518.3345307125708,512.8672756929882,514.9585548343116,15112300.0,,,,,,,,,,
2025-10-06,,,,,,526.3811645507812,528.8309994124726,516.0541122577388,516.4623876768178,21388600.0,,,,,,,,,,
2025-10-07,,,,,,521.8101196289062,527.6060256392368,519.2806599401652,526.1022689962125,14615200.0,,,,,,,,,,
2025-10-08,,,,,,522.676513671875,524.7678538085896,520.923853084141,521.1130687043808,13363400.0,,,,,,,,,,
2025-10-09,,,,,,520.2366943359375,522.158694647609,515.2574000210162,520.1769452354545,18343600.0,,,,,,,,,,
2025-10-10,,,,,,508.8440551757813,521.4118200258811,507.5195762105422,517.4881335274953,24133800.0,,,,,,,,,,
2025-10-13,,,,,,511.9212646484375,514.2714771071726,509.5610838753376,514.2714771071726,14284200.0,,,,,,,,,,
2025-10-14,,,,,,511.4432067871094,513.146147202046,503.9045484424133,508.1170420708167,14684300.0,,,,,,,,,,
2025-10-15,,,,,,511.3038330078125,515.0482722356254,507.8880442394631,512.8275263160849,14694700.0,,,,,,,,,,
2025-10-16,,,,,,509.4913330078125,514.7096236704256,506.02576365101777,510.4573477017149,15559600.0,,,,,,,,,,
2025-10-17,,,,,,511.4532165527344,513.3453119402852,505.20916197429216,506.9320087638593,19867800.0,,,,,,,,,,
2025-10-20,,,,,,514.6498413085938,516.5519656323323,511.3037703677804,512.4788764440519,14665600.0,,,,,,,,,,
2025-10-21,,,,,,515.5162963867188,516.5420602391357,510.9154330870712,515.3569857054445,15586200.0,,,,,,,,,,
2025-10-22,,,,,,518.3843383789062,523.0549187669818,515.566101626736,518.9918584655633,18962700.0,,,,,,,,,,
2025-10-23,,,,,,518.404296875,521.7802730707533,516.4623598997719,520.2964530626382,14023500.0,,,,,,,,,,
2025-10-24,,,,,,521.441650390625,523.1744351060786,518.5536961256696,520.6250388201142,15532400.0,,,,,,,,,,
2025-10-27,,,,,,529.3189697265625,532.3662956890146,526.819354031342,529.577902779321,18734700.0,,,,,,,,,,
2025-10-28,,,,,,539.8251953125,551.4269140414981,538.5305910090683,547.722348424072,29986700.0,,,,,,,,,,
2025-10-29,,,,,,539.3073120117188,544.0077970763692,534.5072653816836,542.6832878753321,36023000.0,,,,,,,,,,
2025-10-30,,,,,,523.582763671875,532.7545848667123,519.9578228356851,528.2831883129468,41023100.0,,,,,,,,,,
2025-10-31,,,,,,515.6656494140625,527.1279940743384,512.9668501497666,526.6898137654194,34006400.0,,,,,,,,,,
2025-11-03,,,,,,514.888916015625,522.7860691817526,512.4590180581705,517.657371934483,22374700.0,,,,,,,,,,
2025-11-04,,,,,,512.2001342773438,513.4150529816625,505.73698923396887,509.6407695643784,20958700.0,,,,,,,,,,
2025-11-05,,,,,,505.0597839355469,512.6980347767452,504.4821687767013,511.17434154282535,23024300.0,,,,,,,,,,
2025-11-06,,,,,,495.04144287109375,503.6058351018555,493.75677643867937,503.5659922381216,27406500.0,,,,,,,,,,
2025-11-07,,,,,,494.7626037597656,497.31199999791255,491.2073803526309,494.8920702735404,24019800.0,,,,,,,,,,
2025-11-10,,,,,,503.9046020507813,504.7510881917551,496.73440583349895,497.96929153220975,26101500.0,,,,,,,,,,
2025-11-11,,,,,,506.573486328125,507.48968986721945,500.2697130079768,502.7095490222416,17980000.0,,,,,,,,,,
2025-11-12,,,,,,509.0233154296875,509.5511194130969,497.0530724082431,507.2506574723947,26574900.0,,,,,,,,,,
2025-11-13,,,,,,501.205810546875,511.3735209246628,499.2140928412288,508.1967287528611,25273100.0,,,,,,,,,,
2025-11-14,,,,,,508.0672912597656,509.48142428367663,495.3800584752997,496.16679552350377,28505700.0,,,,,,,,,,
2025-11-17,,,,,,505.388427734375,509.9992593431845,502.8191251226507,506.3444741681719,19092800.0,,,,,,,,,,
2025-11-18,,,,,,491.74517822265625,500.8971240097586,484.7641975590384,493.3186219236693,33815100.0,,,,,,,,,,
2025-11-19,,,,,,485.102783203125,493.1393718315724,480.8305400064438,488.070453670226,23245300.0,,,,,,,,,,
2025-11-20,,,,,,477.3404846191406,492.4460215630244,474.417164289732,491.5879641710541,26802500.0,,,,,,,,,,
2025-11-21,,,,,,471.04486083984375,477.8293938228302,467.2036221547232,477.4103368698009,31769200.0,,,,,,,,,,
2025-11-24,,,,,,472.9205932617188,475.8139832068258,466.9542001322548,473.9183160323131,34421000.0,,,,,,,,,,
2025-11-25,,,,,,475.90374755859375,478.0588322743821,463.8313270788984,472.9904142849383,28019800.0,,,,,,,,,,
2025-11-26,,,,,,484.3943786621094,487.1979770584782,480.1041831621511,485.2025316262965,25709100.0,,,,,,,,,,
2025-11-28,,,,,,490.88958740234375,491.5081706450152,485.541777548382,486.489626354464,14386700.0,,,,,,,,,,
2025-12-01,,,,,,485.6315612792969,488.7444513856018,483.5463243869077,487.3277021324389,23964000.0,,,,,,,,,,
2025-12-02,,,,,,488.8841552734375,492.3761849539621,485.2125428025972,485.6116258193264,19562700.0,,,,,,,,,,
2025-12-03,,,,,,476.64208984375,483.13724409881166,474.1178525596479,475.23529714339696,34615100.0,,,,,,,,,,
2025-12-04,,,,,,479.7449951171875,480.2239129901724,475.40489514051177,478.6674679630734,22318200.0,,,,,,,,,,
2025-12-05,,,,,,482.0597229003906,482.299166614698,477.78947078944657,481.4211657314621,22608700.0,,,,,,,,,,
2025-12-08,,,,,,489.9018249511719,491.1789088824645,483.2769615726175,483.7858099301447,21965900.0,,,,,,,,,,
2025-12-09,,,,,,490.8995361328125,490.9993144973556,487.3875630167038,487.9862027558801,14696100.0,,,,,,,,,,
2025-12-10,,,,,,477.4701843261719,483.1472290611573,473.9980982856002,482.9277288439703,35756200.0,,,,,,,,,,
2025-12-11,,,,,,482.3690185546875,484.9231863556336,474.7763326037194,475.5445986070271,24669200.0,,,,,,,,,,
2025-12-12,,,,,,477.4402770996094,481.3513637649093,475.2552617920193,478.72734800157895,21248100.0,,,,,,,,,,
2025-12-15,,,,,,473.73870849609375,479.6252664455081,471.44392797474177,479.0066832317436,23727700.0,,,,,,,,,,
2025-12-16,,,,,,475.3051452636719,476.80172935648005,469.8076832860371,470.8353364785088,20705600.0,,,,,,,,,,
2025-12-17,,,,,,475.0357360839844,478.9069051052783,473.9182915104317,475.8239455574328,24527200.0,,,,,,,,,,
2025-12-18,,,,,,482.87786865234375,488.4850656489584,476.8017407441929,477.1010453906704,28573500.0,,,,,,,,,,
2025-12-19,,,,,,484.8134460449219,486.7390436209232,481.39123391446,486.2501387748106,70836100.0,,,,,,,,,,
2025-12-22,,,,,,483.8157348632813,487.6170561484318,481.5908021440126,485.0129839081317,16963000.0,,,,,,,,,,
2025-12-23,,,,,,485.7413330078125,486.7190818282799,483.6361221459561,483.8755963136496,14683600.0,,,,,,,,,,
2025-12-24,,,,,,486.90863037109375,488.04604888584674,483.7258924615979,484.5739628623746,5855900.0,,,,,,,,,,
2025-12-26,,,,,,486.599365234375,487.0084352251927,484.85335038112265,485.601642461088,8842200.0,,,,,,,,,,
2025-12-29,,,,,,485.9907531738281,487.23790659993216,483.0773893732932,483.7558335295542,10893400.0,,,,,,,,,,
2025-12-30,,,,,,486.3699035644531,488.5648753746365,484.39440153201394,484.8234150126488,13944500.0,,,,,,,,,,
2025-12-31,,,,,,482.5186767578125,487.0284031238816,482.1993981667827,486.7290680267604,15601600.0,,,,,,,,,,
2026-01-02,,,,,,471.8630065917969,483.5563186075122,469.0893385249197,483.2869444224563,25571600.0,,,,,,,,,,
2026-01-05,,,,,,471.773193359375,474.9858617296903,468.4308161640092,472.98042932285466,25250300.0,,,,,,,,,,
2026-01-06,,,,,,477.4203186035156,477.6497753472042,468.6802576477938,472.72102257015473,23037700.0,,,,,,,,,,
2026-01-07,,,,,,482.3690185546875,488.5848422406915,476.86159994291296,478.6674756822987,25564200.0,,,,,,,,,,
2026-01-08,,,,,,477.0212097167969,481.5608665012806,474.7763335277468,480.1440867981463,18162600.0,,,,,,,,,,
2026-01-09,,,,,,478.1885681152344,478.72734693664125,471.1247042989064,472.9804540365218,18491000.0,,,,,,,,,,
2026-01-12,,,,,,476.0933227539063,479.89464390147504,474.5967386659474,475.5845048686955,23519900.0,,,,,,,,,,
2026-01-13,,,,,,469.5981750488281,474.6965236309785,464.888922501957,473.5990225282599,28545800.0,,,,,,,,,,
2026-01-14,,,,,,458.3338928222656,467.13381499707015,456.1289340170423,465.39775666549855,28184300.0,,,,,,,,,,
2026-01-15,,,,,,455.6200866699219,463.1927988881192,454.8618076165624,463.0630900555096,23225800.0,,,,,,,,,,
2026-01-16,,,,,,458.8127746582031,462.13520850615447,455.4404972994736,456.78739866953146,34246700.0,,,,,,,,,,
2026-01-20,,,,,,453.4849243164063,455.7597309230742,448.2568669541529,450.1924514863621,26130000.0,,,,,,,,,,
2026-01-21,,,,,,443.0986328125,451.6591109990197,437.68100562513575,451.5693196059127,37980500.0,,,,,,,,,,
2026-01-22,,,,,,450.1126403808594,451.8087507279656,443.6873036586902,446.600636936346,25349400.0,,,,,,,,,,
2026-01-23,,,,,,464.888916015625,470.0271819611143,449.50401819491054,450.8409629929935,38000200.0,,,,,,,,,,
2026-01-26,,,,,,469.20904541015625,473.1700058760031,460.9479024031912,464.2503622118351,29291200.0,,,,,,,,,,
2026-01-27,,,,,,479.485595703125,481.7703893732875,472.0825097961169,472.6212886177101,29213900.0,,,,,,,,,,
2026-01-28,,,,,,480.533203125,482.63838346935967,476.9114647448887,482.10959164059926,36875400.0,,,,,,,,,,
2026-01-29,,,,,,432.5128173828125,441.4923222419712,420.06122635013605,438.98802836564175,128855300.0,,,,,,,,,,
2026-01-30,,,,,,429.3101196289063,438.5989157576861,425.47886802078926,438.1699022937122,58566800.0,,,,,,,,,,
2026-02-02,,,,,,422.4058837890625,429.7590957240154,421.2884391596101,429.2602343395754,42219900.0,,,,,,,,,,
2026-02-03,,,,,,410.2735595703125,421.0888704228976,407.6296003977664,421.0489834358989,61424100.0,,,,,,,,,,
2026-02-04,,,,,,413.2467956542969,418.84400576689177,408.3080557741746,410.0640575889883,45012400.0,,,,,,,,,,
2026-02-05,,,,,,392.7735290527344,407.37018733348754,391.4265972483441,406.5121603821184,66289200.0,,,,,,,,,,
2026-02-06,,,,,,400.22650146484375,400.87501513504304,392.0252195920243,398.2609865133262,53515300.0,,,,,,,,,,
2026-02-09,,,,,,412.65814208984375,413.9452129833927,399.9571203178888,403.9280678877113,45480500.0,,,,,,,,,,
2026-02-10,,,,,,412.328857421875,422.7151545880433,411.76017861217,418.6644027817824,44857900.0,,,,,,,,,,
2026-02-11,,,,,,403.4491271972656,415.51159110220135,400.096793508188,415.2322299614449,42491000.0,,,,,,,,,,
2026-02-12,,,,,,400.9248962402344,405.2749831551046,397.1036315998776,404.07770370563327,40802400.0,,,,,,,,,,
2026-02-13,,,,,,400.4060974121094,404.6164885937556,397.1435245648219,403.528974460687,34091600.0,,,,,,,,,,
2026-02-17,,,,,,395.9562377929688,399.607906728736,393.6315571718042,398.31087932693146,32078800.0,,,,,,,,,,
2026-02-18,,,,,,398.6900024414063,401.6432531481791,395.41747315874426,397.2233488345012,23223400.0,,,,,,,,,,
2026-02-19,,,,,,398.4599914550781,404.4299926757813,396.6700134277344,400.6900024414063,28234000.0,,,,,,,,,,
2026-02-20,,,,,,397.2300109863281,400.1199951171875,395.1600036621094,396.1099853515625,34015200.0,,,,,,,,,,
2026-02-23,,,,,,384.4700012207031,395.3599853515625,383.1000061035156,395.0,43238300.0,,,,,,,,,,
2026-02-24,,,,,,389.0,389.3599853515625,381.7099914550781,384.1400146484375,33884700.0,,,,,,,,,,
2026-02-25,,,,,,400.6000061035156,401.4700012207031,390.1600036621094,390.5299987792969,43625500.0,,,,,,,,,,
2026-02-26,,,,,,401.7200012207031,407.489990234375,398.739990234375,404.7099914550781,34405900.0,,,,,,,,,,
2026-02-27,,,,,,392.739990234375,396.8200073242188,389.8800048828125,390.8800048828125,51367200.0,,,,,,,,,,
2026-03-02,,,,,,398.5499877929688,401.1900024414063,390.6300048828125,392.8599853515625,35474900.0,,,,,,,,,,
2026-03-03,,,,,,403.9299926757813,406.7000122070313,392.6700134277344,393.1400146484375,38199200.0,,,,,,,,,,
2026-03-04,,,,,,405.2000122070313,411.0299987792969,400.30999755859375,401.2699890136719,35808000.0,,,,,,,,,,
2026-03-05,,,,,,410.6799926757813,411.6099853515625,404.3999938964844,404.4200134277344,39001300.0,,,,,,,,,,
2026-03-06,,,,,,408.9599914550781,413.0499877929688,408.510009765625,409.2000122070313,31123900.0,,,,,,,,,,
2026-03-09,,,,,,409.4100036621094,410.2099914550781,403.5,404.9200134277344,30131900.0,,,,,,,,,,
2026-03-10,,,,,,405.760009765625,410.2000122070313,402.9299926757813,410.0299987792969,31706400.0,,,,,,,,,,
2026-03-11,,,,,,404.8800048828125,409.010009765625,401.5899963378906,405.5700073242188,25512100.0,,,,,,,,,,
2026-03-12,,,,,,401.8599853515625,406.1199951171875,401.7099914550781,404.6300048828125,27263900.0,,,,,,,,,,
2026-03-13,,,,,,395.5499877929688,404.7999877929688,394.25,401.0,26848000.0,,,,,,,,,,
2026-03-16,,,,,,399.9500122070313,400.6300048828125,394.7900085449219,398.0700073242188,27733700.0,,,,,,,,,,
2026-03-17,,,,,,399.4100036621094,404.3999938964844,397.75,400.2699890136719,26228300.0,,,,,,,,,,
2026-03-18,,,,,,391.7900085449219,398.0,391.0,397.1300048828125,25908500.0,,,,,,,,,,
2026-03-19,,,,,,389.0199890136719,392.489990234375,387.05999755859375,390.1000061035156,25138800.0,,,,,,,,,,
2026-03-20,,,,,,381.8699951171875,387.0,380.1199951171875,386.7900085449219,50853200.0,,,,,,,,,,
2026-03-23,,,,,,383.0,387.2099914550781,381.6799926757813,383.8999938964844,29680100.0,,,,,,,,,,
2026-03-24,,,,,,372.739990234375,382.4700012207031,371.8500061035156,382.3599853515625,42733600.0,,,,,,,,,,
2026-03-25,,,,,,371.0400085449219,377.05999755859375,369.6300048828125,376.9200134277344,31181200.0,,,,,,,,,,
2026-03-26,,,,,,365.9700012207031,374.7200012207031,365.1900024414063,370.8200073242188,36836600.0,,,,,,,,,,
2026-03-27,,,,,,356.7699890136719,362.4500122070313,356.510009765625,361.8999938964844,37883400.0,,,,,,,,,,
2026-03-30,,,,,,358.9599914550781,365.3599853515625,356.2799987792969,361.8999938964844,44797000.0,,,,,,,,,,
2026-03-31,,,,,,370.1700134277344,372.8999938964844,363.0700073242188,364.5499877929688,45244400.0,,,,,,,,,,
2026-04-01,,,,,,369.3699951171875,373.989990234375,368.2000122070313,373.489990234375,29417200.0,,,,,,,,,,
2026-04-02,,,,,,,,,,,,,,,,373.4599914550781,373.6400146484375,364.1499938964844,367.2099914550781,24099100.0
