Date,Close,High,Low,Open,Volume,"('Close', 'QQQ')","('High', 'QQQ')","('Low', 'QQQ')","('Open', 'QQQ')","('Volume', 'QQQ')","('Close', 'QQQ').1","('High', 'QQQ').1","('Low', 'QQQ').1","('Open', 'QQQ').1","('Volume', 'QQQ').1","('Close', 'QQQ')","('High', 'QQQ')","('Low', 'QQQ')","('Open', 'QQQ')","('Volume', 'QQQ')"
2018-01-02,150.22215270996094,150.2600596903924,148.02317181231658,148.39282633839383,32573300.0,,,,,,,,,,,,,,,
2018-01-03,151.6817626953125,151.8144587795475,150.3358411372752,150.36427497941207,29383600.0,,,,,,,,,,,,,,,
2018-01-04,151.9471893310547,152.40214537123438,151.72919167095904,152.20310843112716,24776100.0,,,,,,,,,,,,,,,
2018-01-05,153.47320556640625,153.5774678346611,152.38320277693543,152.66755573242978,26992300.0,,,,,,,,,,,,,,,
2018-01-08,154.07034301757812,154.14617143542628,153.41633556858056,153.4732032662687,23159100.0,,,,,,,,,,,,,,,
2018-01-09,154.07981872558594,154.5347747774991,153.61538954483012,154.37364481042138,24782400.0,,,,,,,,,,,,,,,
2018-01-10,153.71963500976562,153.74808332144462,152.71493378164303,153.39737508051724,34004000.0,,,,,,,,,,,,,,,
2018-01-11,154.77171325683594,154.7812008472504,153.74806588739162,153.98502424310917,20473500.0,,,,,,,,,,,,,,,
2018-01-12,155.9091033935547,156.0702333176455,154.4399588985302,154.63899579067072,37762700.0,,,,,,,,,,,,,,,
2018-01-16,155.46365356445312,157.73844816243434,154.99920994629912,156.94227149942006,41231800.0,,,,,,,,,,,,,,,
2018-01-17,157.141357421875,157.37831586898506,155.44474130419715,156.2030112275085,33849900.0,,,,,,,,,,,,,,,
2018-01-18,157.16978454589844,157.52995150223362,156.52525013602505,156.8949046851545,26432200.0,,,,,,,,,,,,,,,
2018-01-19,157.66262817382812,157.91854728018592,156.90435844637778,157.63419432454305,38937600.0,,,,,,,,,,,,,,,
2018-01-22,159.3498077392578,159.3498077392578,157.4257063558001,157.6057970849663,26081400.0,,,,,,,,,,,,,,,
2018-01-23,160.66729736328125,160.8094811066508,159.76685817312315,159.84268661036114,37989700.0,,,,,,,,,,,,,,,
2018-01-24,159.6246795654297,161.35921700105814,158.70527970398518,161.0085086914755,54287400.0,,,,,,,,,,,,,,,
2018-01-25,159.5677947998047,160.78102066944473,159.05595654876683,160.7241529666168,28925000.0,,,,,,,,,,,,,,,
2018-01-26,162.01319885253906,162.0321595751213,160.14597986780723,160.45875224504908,32038200.0,,,,,,,,,,,,,,,
2018-01-29,161.22650146484375,161.9942443683194,160.88528078965535,161.67198441475065,37277800.0,,,,,,,,,,,,,,,
2018-01-30,159.89950561523438,160.58194687970052,159.06542198527998,159.7573363779669,44987700.0,,,,,,,,,,,,,,,
2018-01-31,160.56298828125,161.12222103506798,159.55828709051298,160.79994665501974,42449200.0,,,,,,,,,,,,,,,
2018-02-01,159.19813537597656,160.87579040901403,158.6862971406691,159.33083149942797,38037900.0,,,,,,,,,,,,,,,
2018-02-02,156.02285766601562,158.95165942184832,155.89016156758018,158.57253184425852,68478100.0,,,,,,,,,,,,,,,
2018-02-05,149.87142944335938,157.10340372718997,149.75769405065472,154.5632168715087,105372200.0,,,,,,,,,,,,,,,
2018-02-06,153.84292602539062,154.03248992272614,147.0090513488362,147.68200535379708,118537900.0,,,,,,,,,,,,,,,
2018-02-07,151.8524169921875,155.0181775277299,151.84292940065149,153.34998125009454,91028300.0,,,,,,,,,,,,,,,
2018-02-08,145.44508361816406,152.41166734954348,145.44508361816406,152.24104975673674,94184800.0,,,,,,,,,,,,,,,
2018-02-09,147.95681762695312,149.03734725663938,142.29825037963022,147.50184712608083,113836600.0,,,,,,,,,,,,,,,
2018-02-12,150.58236694335938,151.60602929006882,148.2980982379293,149.4734030167902,63050600.0,,,,,,,,,,,,,,,
2018-02-13,151.35955810546875,151.66285735326272,149.4923246551952,149.719809938136,31785600.0,,,,,,,,,,,,,,,
2018-02-14,154.19358825683594,154.43054669548692,149.757733227431,150.468608543384,52107400.0,,,,,,,,,,,,,,,
2018-02-15,157.0560302734375,157.0560302734375,153.9660978329632,155.57741211832965,51633900.0,,,,,,,,,,,,,,,
2018-02-16,156.35467529296875,158.06076462036012,156.08926851423152,156.54423916681262,62256300.0,,,,,,,,,,,,,,,
2018-02-20,156.66734313964844,157.9848307080881,155.73847065396825,155.80482592005313,36785600.0,,,,,,,,,,,,,,,
2018-02-21,156.22193908691406,158.9706507099989,156.12714994289342,157.43516492385564,41161800.0,,,,,,,,,,,,,,,
2018-02-22,156.2030029296875,157.73848895729785,155.80491449522538,156.90439063968478,37074400.0,,,,,,,,,,,,,,,
2018-02-23,159.39715576171875,159.39715576171875,156.81904752024204,157.46358181200682,50096900.0,,,,,,,,,,,,,,,
2018-02-26,161.51080322265625,161.51080322265625,160.01323919972177,160.14593529527758,39266700.0,,,,,,,,,,,,,,,
2018-02-27,159.5108642578125,161.8235798900375,159.43505031889686,161.55818771546632,42209900.0,,,,,,,,,,,,,,,
2018-02-28,158.48727416992188,160.94215990175962,158.38301188781168,160.4208484912087,42936300.0,,,,,,,,,,,,,,,
2018-03-01,155.89968872070312,159.30242282189553,154.49689884214845,158.57258679618744,76809900.0,,,,,,,,,,,,,,,
2018-03-02,157.33091735839844,157.60578276128518,153.5111487945248,154.02297261682202,57445100.0,,,,,,,,,,,,,,,
2018-03-05,159.07492065429688,159.48248217509507,156.0039344711269,156.59160115936658,38540200.0,,,,,,,,,,,,,,,
2018-03-06,159.74789428710938,160.28816646819095,158.743192823479,159.85215657839905,29480900.0,,,,,,,,,,,,,,,
2018-03-07,160.11752319335938,160.25023378171315,158.25030430610852,158.52516968662982,34609400.0,,,,,,,,,,,,,,,
2018-03-08,160.9989776611328,161.11271303804378,160.1364458187859,160.78098003445697,25828400.0,,,,,,,,,,,,,,,
2018-03-09,164.12686157226562,164.12686157226562,161.90893452845475,162.14589291679673,38310500.0,,,,,,,,,,,,,,,
2018-03-12,164.99887084960938,165.37799849536106,164.24060109531337,164.61025561189868,37635000.0,,,,,,,,,,,,,,,
2018-03-13,162.7525177001953,166.0699353792937,162.3354685922046,165.37800642158484,55638900.0,,,,,,,,,,,,,,,
2018-03-14,162.72406005859375,163.7287757897065,162.01318488239065,163.60555279773772,40536400.0,,,,,,,,,,,,,,,
2018-03-15,162.58193969726562,163.52977355055245,161.98479974159994,162.8378588872362,28810400.0,,,,,,,,,,,,,,,
2018-03-16,162.0985107421875,163.2169474785479,162.02268231658442,162.85678053542495,31176700.0,,,,,,,,,,,,,,,
2018-03-19,158.63995361328125,160.65261617921,157.2538651099721,160.5386962562349,71395100.0,,,,,,,,,,,,,,,
2018-03-20,159.162109375,159.53236364145548,158.1747694932047,158.70641515926818,34075700.0,,,,,,,,,,,,,,,
2018-03-21,158.4690399169922,160.21587945877786,157.77600299298302,158.7443656789478,43863500.0,,,,,,,,,,,,,,,
2018-03-22,154.5576934814453,157.3773281847875,154.35831907909588,156.27605369409443,66607300.0,,,,,,,,,,,,,,,
2018-03-23,150.48486328125,155.03236063774952,150.40891182692076,154.37729201963617,80110400.0,,,,,,,,,,,,,,,
2018-03-26,156.0766143798828,156.26650020267513,151.10191872581936,153.53230660051517,57481500.0,,,,,,,,,,,,,,,
2018-03-27,151.02598571777344,157.23486754614297,149.69685722735747,157.23486754614297,78889100.0,,,,,,,,,,,,,,,
2018-03-28,149.28863525390625,151.69054345711947,148.13988961981215,150.16205510177866,89369700.0,,,,,,,,,,,,,,,
2018-03-29,152.02284240722656,153.52285091307365,148.70004260581092,150.0956196813061,68692600.0,,,,,,,,,,,,,,,
2018-04-02,147.6366729736328,151.65252256994893,146.08920815739694,150.94049434898878,85549400.0,,,,,,,,,,,,,,,
2018-04-03,149.29818725585938,149.92477605006715,146.62096661392263,148.92793287496613,64090000.0,,,,,,,,,,,,,,,
2018-04-04,151.652587890625,152.11777059081768,146.2411594914853,146.41205387097497,65768700.0,,,,,,,,,,,,,,,
2018-04-05,152.51646423339844,153.39938690553416,151.40570176426277,153.1620441261568,43054900.0,,,,,,,,,,,,,,,
2018-04-06,148.6999969482422,152.33608992426997,147.98796863799203,150.83608187899264,59870900.0,,,,,,,,,,,,,,,
2018-04-09,149.74436950683594,152.7348985607515,149.4880496201867,149.98171239272162,41810400.0,,,,,,,,,,,,,,,
2018-04-10,153.0481414794922,153.54180408614096,151.0164876384607,152.09877025496803,48296800.0,,,,,,,,,,,,,,,
2018-04-11,152.1652374267578,153.7981572927169,151.99435753872484,152.08928598110194,41622100.0,,,,,,,,,,,,,,,
2018-04-12,153.9975128173828,154.5291583857069,153.00067013364756,153.08611006721637,30467900.0,,,,,,,,,,,,,,,
2018-04-13,153.1999969482422,154.99430759760455,152.53544013111764,154.76646782387735,44604900.0,,,,,,,,,,,,,,,
2018-04-16,154.3677978515625,154.92792350963092,153.30449201625808,154.27285491557274,28180800.0,,,,,,,,,,,,,,,
2018-04-17,157.69056701660156,158.03234123867645,155.61144170616737,155.9247359502573,35536100.0,,,,,,,,,,,,,,,
2018-04-18,158.0133514404297,158.54499701681692,156.94055730405546,157.69056869565964,29573900.0,,,,,,,,,,,,,,,
2018-04-19,156.56082153320312,157.58614425573325,156.01967294926106,157.21589003534092,34705700.0,,,,,,,,,,,,,,,
2018-04-20,154.08299255371094,156.2760383326835,153.5418438621416,156.16211839183055,49197100.0,,,,,,,,,,,,,,,
2018-04-23,153.6937255859375,155.4405653740719,152.86777715610094,154.8329682961879,33040600.0,,,,,,,,,,,,,,,
2018-04-24,150.43739318847656,154.66209287436675,149.421558872385,154.4247500326172,70256800.0,,,,,,,,,,,,,,,
2018-04-25,150.6177215576172,151.24430997004072,148.5480994809047,150.70317596749572,52089300.0,,,,,,,,,,,,,,,
2018-04-26,153.78866577148438,154.3013199117636,152.0702915090282,152.56396865295923,43005500.0,,,,,,,,,,,,,,,
2018-04-27,153.88357543945312,156.08612359271658,153.010155667514,156.0481406321403,51043400.0,,,,,,,,,,,,,,,
2018-04-30,152.7918243408203,155.20322114779478,152.41206711663665,154.2443613184627,35615300.0,,,,,,,,,,,,,,,
2018-05-01,154.53866577148438,154.55765725446156,152.03232601000693,152.39309175528817,36513500.0,,,,,,,,,,,,,,,
2018-05-02,153.62728881835938,155.28868878909026,153.4469059323073,154.8045000978435,38646800.0,,,,,,,,,,,,,,,
2018-05-03,153.60830688476562,154.17792107553498,151.15892675155803,152.84880681081412,60337100.0,,,,,,,,,,,,,,,
2018-05-04,156.52284240722656,156.88360813869977,152.82978861052226,152.94372301776755,41543200.0,,,,,,,,,,,,,,,
2018-05-07,157.82351684570312,158.33617106053984,157.1304652492687,157.25388817476556,32500200.0,,,,,,,,,,,,,,,
2018-05-08,157.66212463378906,158.0038844511026,156.51337879820295,157.4912302388735,26040200.0,,,,,,,,,,,,,,,
2018-05-09,159.38043212890625,159.4943520304696,157.38674693402376,157.94687243171552,29122700.0,,,,,,,,,,,,,,,
2018-05-10,161.0323486328125,161.1462830347706,159.76968311750747,159.89310601702218,27067600.0,,,,,,,,,,,,,,,
2018-05-11,160.8804473876953,161.26019006720205,160.17790749572774,160.84246442799184,24688800.0,,,,,,,,,,,,,,,
2018-05-14,161.1558074951172,162.1716419243376,160.88998464165482,161.25075043689333,21821700.0,,,,,,,,,,,,,,,
2018-05-15,159.37094116210938,159.96904966291956,158.52600136055068,159.88360973030527,49361600.0,,,,,,,,,,,,,,,
2018-05-16,160.42478942871094,160.79504372829416,159.50389792964972,159.57984938677694,22941200.0,,,,,,,,,,,,,,,
2018-05-17,159.8076934814453,161.02288774481733,159.0292019606479,159.864653449063,27480200.0,,,,,,,,,,,,,,,
2018-05-18,158.981689453125,159.7411747377838,158.74434668010582,159.1905377660289,26217900.0,,,,,,,,,,,,,,,
2018-05-21,159.87411499023438,160.91842917466076,159.19056652156544,160.21588922456883,22954600.0,,,,,,,,,,,,,,,
2018-05-22,159.66525268554688,160.87095825044787,159.38045289453206,160.60513545466347,19477700.0,,,,,,,,,,,,,,,
2018-05-23,161.01339721679688,161.0323742149248,158.43110581810473,158.45008281623265,26557800.0,,,,,,,,,,,,,,,
2018-05-24,160.9658966064453,161.25071087563836,159.34246541242376,160.9658966064453,27696500.0,,,,,,,,,,,,,,,
2018-05-25,161.1273193359375,161.706436484372,160.64314512446273,160.94693644746897,27460500.0,,,,,,,,,,,,,,,
2018-05-29,160.415283203125,161.3171831166802,159.45642332458323,160.39629171937693,41220500.0,,,,,,,,,,,,,,,
2018-05-30,161.56399536132812,161.84880963884973,160.6526070567661,160.99438129254085,22665800.0,,,,,,,,,,,,,,,
2018-05-31,161.4595947265625,162.53237451654763,161.04186900886603,161.56401166972924,35670900.0,,,,,,,,,,,,,,,
2018-06-01,163.99441528320312,164.0893437282254,162.21908097482293,162.2665524404628,45543300.0,,,,,,,,,,,,,,,
2018-06-04,165.4754180908203,165.51338656831763,164.30769546488318,164.41211239956485,20459600.0,,,,,,,,,,,,,,,
2018-06-05,165.98805236816406,166.26337812056613,165.25704699524425,165.86464396635867,24779300.0,,,,,,,,,,,,,,,
2018-06-06,166.95645141601562,166.98493139850646,165.32353148400634,166.1589829337574,25036600.0,,,,,,,,,,,,,,,
2018-06-07,165.5988006591797,167.02285736627636,164.76336390833566,166.9848888947055,39600300.0,,,,,,,,,,,,,,,
2018-06-08,165.60833740234375,166.02606310604946,164.41212025332163,164.8203574587638,31780300.0,,,,,,,,,,,,,,,
2018-06-11,166.05453491210938,166.46275761119756,165.45642636704363,165.48490634668903,22319700.0,,,,,,,,,,,,,,,
2018-06-12,166.9279022216797,167.08929355096396,166.10195409938623,166.28232241829105,22511800.0,,,,,,,,,,,,,,,
2018-06-13,166.91842651367188,168.17158877845188,166.54815789393268,167.18424925123892,37858600.0,,,,,,,,,,,,,,,
2018-06-14,168.60833740234375,168.88364868698525,167.56402324765787,167.6874461440086,35916000.0,,,,,,,,,,,,,,,
2018-06-15,168.0196990966797,168.35198478779944,167.19375084640137,167.97222764276916,49615700.0,,,,,,,,,,,,,,,
2018-06-18,167.92269897460938,168.06540367674748,166.43851200331838,166.96178677326424,31633200.0,,,,,,,,,,,,,,,
2018-06-19,167.44696044921875,167.48501018899896,165.2682535446048,165.80103700509062,38236000.0,,,,,,,,,,,,,,,
2018-06-20,168.63624572753906,169.33076611619538,168.06539790406666,168.21762592596107,33038000.0,,,,,,,,,,,,,,,
2018-06-21,167.17108154296875,169.23562497810494,166.8475933853099,169.06436483378408,43469400.0,,,,,,,,,,,,,,,
2018-06-22,166.800048828125,167.79901077096957,166.20066004860738,167.73242008283626,30073200.0,,,,,,,,,,,,,,,
2018-06-25,163.04202270507812,165.5347098929105,161.557835480855,165.2873356773625,77799700.0,,,,,,,,,,,,,,,
2018-06-26,163.70797729492188,164.6498572967393,163.041983352823,163.64137209380692,39008100.0,,,,,,,,,,,,,,,
2018-06-27,161.48165893554688,165.14456701400863,161.36749519858014,164.4024736892038,52843500.0,,,,,,,,,,,,,,,
2018-06-28,162.8706817626953,163.42249724432557,160.9488436393979,161.28184049603504,46407700.0,,,,,,,,,,,,,,,
2018-06-29,163.30833435058594,164.5166203379353,163.07048357843698,163.65084004317083,36408500.0,,,,,,,,,,,,,,,
2018-07-02,164.4025115966797,164.45008467047194,161.42461428790406,161.77662890289173,31770000.0,,,,,,,,,,,,,,,
2018-07-03,162.4996795654297,165.02089239525947,162.3379427534464,165.02089239525947,25512700.0,,,,,,,,,,,,,,,
2018-07-05,164.51661682128906,164.64981267015497,162.71846560296976,163.55570494856053,31626200.0,,,,,,,,,,,,,,,
2018-07-06,167.075927734375,167.1996148041911,164.59276463519973,164.89722064789729,37005600.0,,,,,,,,,,,,,,,
2018-07-09,168.5791473388672,168.6171970819828,167.27572950754654,167.94170889153293,27362100.0,,,,,,,,,,,,,,,
2018-07-10,168.7028350830078,169.08339058473092,168.1224785066599,168.89311283386937,23902500.0,,,,,,,,,,,,,,,
2018-07-11,167.84658813476562,168.46500906267272,167.2567226650898,167.38039523686004,30280600.0,,,,,,,,,,,,,,,
2018-07-12,170.7388458251953,170.7388458251953,168.47450128297294,168.58866503560176,27930100.0,,,,,,,,,,,,,,,
2018-07-13,170.88150024414062,171.15740073758033,170.25357075488824,170.72927227391128,28049800.0,,,,,,,,,,,,,,,
2018-07-16,170.4724578857422,171.2050425842272,170.18704847345563,170.91961865467658,21405300.0,,,,,,,,,,,,,,,
2018-07-17,171.50946044921875,171.87098379668626,168.66475962978737,168.66475962978737,31034100.0,,,,,,,,,,,,,,,
2018-07-18,171.1859893798828,171.67121435557232,170.66272917692228,171.5284951497321,23220800.0,,,,,,,,,,,,,,,
2018-07-19,170.3297576904297,171.13845642602922,170.12997109653818,170.5676085518102,31094100.0,,,,,,,,,,,,,,,
2018-07-20,170.29165649414062,171.4143052524112,170.10136424871297,170.84347206790855,35897300.0,,,,,,,,,,,,,,,
2018-07-23,170.83399963378906,170.91011365118115,169.10245291922834,169.78746455849273,22184700.0,,,,,,,,,,,,,,,
2018-07-24,171.5380096435547,173.2029653384808,170.83396600920034,172.59406783645542,36900300.0,,,,,,,,,,,,,,,
2018-07-25,173.935546875,174.04018729457036,171.52848332787144,171.61412065237832,35026600.0,,,,,,,,,,,,,,,
2018-07-26,171.30015563964844,172.12787180990094,171.07181363666854,171.57605619064552,40873500.0,,,,,,,,,,,,,,,
2018-07-27,168.9882354736328,172.4989156819913,168.01781464061128,172.38475194099135,59456100.0,,,,,,,,,,,,,,,
2018-07-30,166.6002197265625,169.09289153676497,165.80104449970906,168.997759924384,60193000.0,,,,,,,,,,,,,,,
2018-07-31,167.87510681152344,168.5220685945954,166.32432932800285,167.2567004828956,47285100.0,,,,,,,,,,,,,,,
2018-08-01,168.5125732421875,169.01681590578653,167.54215218239193,168.26521357312942,37101900.0,,,,,,,,,,,,,,,
2018-08-02,170.80540466308594,171.00520571019754,167.2471516911836,167.3232656844995,47178200.0,,,,,,,,,,,,,,,
2018-08-03,171.32867431640625,171.33818312132206,170.3772712034879,171.12887327509927,28934400.0,,,,,,,,,,,,,,,
2018-08-06,172.33717346191406,172.38474652492306,171.00521480122617,171.21452466465718,24808800.0,,,,,,,,,,,,,,,
2018-08-07,172.96511840820312,173.2885920377655,172.45135250971046,172.82239920650542,29895700.0,,,,,,,,,,,,,,,
2018-08-08,173.17446899414062,173.48843389095737,172.26111524728591,172.7273081881227,22680700.0,,,,,,,,,,,,,,,
2018-08-09,173.06979370117188,173.7548053015407,172.81291072171766,173.06979370117188,18852900.0,,,,,,,,,,,,,,,
2018-08-10,171.7473602294922,172.4133397618649,171.10039831428367,171.89957375313094,33818500.0,,,,,,,,,,,,,,,
2018-08-13,171.55703735351562,173.16489661726288,171.48092335306575,172.06127990389257,26089200.0,,,,,,,,,,,,,,,
2018-08-14,172.632080078125,172.83188110570842,171.29059829690928,172.21346041443286,20913000.0,,,,,,,,,,,,,,,
2018-08-15,170.52001953125,171.80441986951,169.4639612247789,171.26211298798503,58528000.0,,,,,,,,,,,,,,,
2018-08-16,171.0813751220703,172.1945154150332,170.74837810810286,171.8329774589845,27711800.0,,,,,,,,,,,,,,,
2018-08-17,171.11941528320312,171.54754390769506,169.60668736860853,170.6342047777474,36092600.0,,,,,,,,,,,,,,,
2018-08-20,170.96717834472656,171.56656709813248,170.3011989060883,171.49996189563717,24939000.0,,,,,,,,,,,,,,,
2018-08-21,171.59510803222656,172.62262538778035,171.3762893275223,171.48094427625267,26258700.0,,,,,,,,,,,,,,,
2018-08-22,172.26107788085938,172.46087895995345,171.01474188998637,171.23356058250872,18042400.0,,,,,,,,,,,,,,,
2018-08-23,172.0137481689453,173.20300249185385,171.72832422799434,171.95666628420804,25776200.0,,,,,,,,,,,,,,,
2018-08-24,173.61204528808594,173.75476447303072,172.5464783900139,172.5845281289764,23136100.0,,,,,,,,,,,,,,,
2018-08-27,175.3816680908203,175.3816680908203,174.21144618170746,174.48734673105915,29343600.0,,,,,,,,,,,,,,,
2018-08-28,175.63856506347656,176.02864390343962,175.26751835448457,175.84787495237077,20277000.0,,,,,,,,,,,,,,,
2018-08-29,177.66510009765625,177.76023174012502,175.87645681896043,175.94304751696205,29175600.0,,,,,,,,,,,,,,,
2018-08-30,177.3511505126953,178.40720910101268,176.76127040245956,177.32260956576243,29315500.0,,,,,,,,,,,,,,,
2018-08-31,177.5794219970703,178.08366458996795,176.9419835214688,177.1322612800083,28653200.0,,,,,,,,,,,,,,,
2018-09-04,176.81832885742188,177.34158911704515,175.8669254511775,177.03714757602418,29063500.0,,,,,,,,,,,,,,,
2018-09-05,174.53494262695312,176.53289547999546,173.9355683848509,176.50435454071743,42623300.0,,,,,,,,,,,,,,,
2018-09-06,172.9746551513672,174.8203801268978,171.80443299820888,174.611070211079,46091400.0,,,,,,,,,,,,,,,
2018-09-07,172.30865478515625,173.7928416322853,171.6712163068258,171.72829818290575,46629500.0,,,,,,,,,,,,,,,
2018-09-10,172.88905334472656,173.3932960621543,171.9471586090374,173.29814990075562,26132000.0,,,,,,,,,,,,,,,
2018-09-11,174.22097778320312,174.5064016932559,171.74733776969308,172.194498508081,30116500.0,,,,,,,,,,,,,,,
2018-09-12,173.70726013183594,174.08781574105348,172.21354960526187,173.96414315255404,36204000.0,,,,,,,,,,,,,,,
2018-09-13,175.56243896484375,175.89543590622063,174.71569066073317,174.79180466211247,31133200.0,,,,,,,,,,,,,,,
2018-09-14,175.0487060546875,175.96204513299534,174.3541711628605,175.6861445515152,31224100.0,,,,,,,,,,,,,,,
2018-09-17,172.5275421142578,174.87751039612044,172.3658052286046,174.75382327056928,33071200.0,,,,,,,,,,,,,,,
2018-09-18,173.95452880859375,174.80127693573831,172.5845061046164,172.6701434115587,31877300.0,,,,,,,,,,,,,,,
2018-09-19,173.82135009765625,174.3921977863372,172.68917804270356,173.98308688875522,31843400.0,,,,,,,,,,,,,,,
2018-09-20,175.74327087402344,175.98112176958514,174.6015894787805,175.02020937773176,33295800.0,,,,,,,,,,,,,,,
2018-09-21,174.78233337402344,176.46630702025925,174.5635001291109,176.21894735062517,38605400.0,,,,,,,,,,,,,,,
2018-09-24,175.2683563232422,175.3350813691236,172.799791406542,173.51462781786796,34945600.0,,,,,,,,,,,,,,,
2018-09-25,175.50668334960938,175.64011893465124,174.59168609261656,175.19215349699897,25277500.0,,,,,,,,,,,,,,,
2018-09-26,175.63058471679688,177.2699444232146,175.2874625795609,175.65917701628427,36210600.0,,,,,,,,,,,,,,,
2018-09-27,177.11744689941406,177.74650659066538,176.25010834420883,176.34542570714547,33113300.0,,,,,,,,,,,,,,,
2018-09-28,177.07925415039062,177.54628580115047,176.2977073039364,176.62176295872516,28076800.0,,,,,,,,,,,,,,,
2018-10-01,177.44149780273438,178.7377353688669,176.99353238730265,178.10867569484952,27371300.0,,,,,,,,,,,,,,,
2018-10-02,177.0411834716797,178.4041314968541,176.63135083531648,177.2889882371514,25618600.0,,,,,,,,,,,,,,,
2018-10-03,177.2318115234375,178.20399333541255,176.95541444747917,177.78462021874145,29128700.0,,,,,,,,,,,,,,,
2018-10-04,173.82920837402344,176.6313702521072,172.5710889416641,176.5169865033729,80557300.0,,,,,,,,,,,,,,,
2018-10-05,171.70375061035156,174.39154328713207,170.0643907954475,173.81014225343483,83325600.0,,,,,,,,,,,,,,,
2018-10-08,170.65528869628906,172.17073845581982,168.63467447353017,171.103254027982,66864500.0,,,,,,,,,,,,,,,
2018-10-09,171.2081298828125,172.53295975294034,170.36938364789276,170.77921630325477,49097900.0,,,,,,,,,,,,,,,
2018-10-10,163.67849731445312,170.24546158774407,163.4592848529792,170.14061831601543,114471100.0,,,,,,,,,,,,,,,
2018-10-11,161.64840698242188,165.27023452475777,159.9423219626198,163.0018293507434,143084500.0,,,,,,,,,,,,,,,
2018-10-12,166.14707946777344,166.6617553721652,162.91600437870872,166.0041034352188,102078400.0,,,,,,,,,,,,,,,
2018-10-15,164.13601684570312,165.88020530829272,163.516483081692,165.56569001026918,64885300.0,,,,,,,,,,,,,,,
2018-10-16,168.91107177734375,169.3209043200722,165.55610230309264,165.86110613865335,71979700.0,,,,,,,,,,,,,,,
2018-10-17,168.97781372070312,169.9023367721327,167.2431513491558,169.73078299024405,66987600.0,,,,,,,,,,,,,,,
2018-10-18,165.0605010986328,168.3964046572314,164.35520508258145,168.33922006602563,82486200.0,,,,,,,,,,,,,,,
2018-10-19,164.9080352783203,167.81504023981722,164.30756790532942,166.39489301773847,82923700.0,,,,,,,,,,,,,,,
2018-10-22,165.75628662109375,167.0334576427571,164.49816743434326,165.89924809986746,52909300.0,,,,,,,,,,,,,,,
2018-10-23,165.14634704589844,165.96602705833425,160.90498545851145,162.63964831905832,77567000.0,,,,,,,,,,,,,,,
2018-10-24,157.58811950683594,165.23211019104446,157.30218193685914,164.95571308421324,102997400.0,,,,,,,,,,,,,,,
2018-10-25,163.03993225097656,164.0121141161188,159.32278768335647,160.0376242958517,83481100.0,,,,,,,,,,,,,,,
2018-10-26,158.8462677001953,161.991552451501,156.53018896260608,157.45471236466787,130970900.0,,,,,,,,,,,,,,,
2018-10-29,155.57701110839844,161.89617039468416,152.58422955653762,161.27665124807746,111871900.0,,,,,,,,,,,,,,,
2018-10-30,158.14093017578125,158.25529938779908,154.4142448880495,155.11955563006742,92584000.0,,,,,,,,,,,,,,,
2018-10-31,161.85804748535156,163.22099538570356,160.63804651948843,160.71429748881647,73828600.0,,,,,,,,,,,,,,,
2018-11-01,163.99302673339844,164.16459506098812,160.86680951189948,162.09633647223575,52706800.0,,,,,,,,,,,,,,,
2018-11-02,161.4386749267578,164.46004869675414,160.33305768314818,163.48786701403634,75966800.0,,,,,,,,,,,,,,,
2018-11-05,161.03836059570312,161.70553836847523,159.24649925449975,161.648353779864,39573500.0,,,,,,,,,,,,,,,
2018-11-06,162.25836181640625,163.1638184868629,160.809622417644,161.04790125425816,34410400.0,,,,,,,,,,,,,,,
2018-11-07,167.3479461669922,167.3479461669922,163.81188284909322,164.20266351921174,51169600.0,,,,,,,,,,,,,,,
2018-11-08,166.28050231933594,167.08111568420836,165.48941487188387,166.5664252758008,40296500.0,,,,,,,,,,,,,,,
2018-11-09,163.47836303710938,165.12724866301002,162.18212546731218,164.7269419266092,50602700.0,,,,,,,,,,,,,,,
2018-11-12,158.53170776367188,162.63963336878993,158.38873170821654,162.3346439619184,62578400.0,,,,,,,,,,,,,,,
2018-11-13,158.66510009765625,161.53397182360374,158.21713475746253,159.27509328847975,64128100.0,,,,,,,,,,,,,,,
2018-11-14,157.4546356201172,160.79053897877807,156.54917904572898,160.23773039127957,75270700.0,,,,,,,,,,,,,,,
2018-11-15,160.20916748046875,160.63806651085312,155.79625297473623,157.16872696328878,73254300.0,,,,,,,,,,,,,,,
2018-11-16,159.64683532714844,160.4188565023855,158.00747561584046,158.64606121194257,65390700.0,,,,,,,,,,,,,,,
2018-11-19,154.46189880371094,159.07497442888672,153.96627466129223,158.8843542336145,67280500.0,,,,,,,,,,,,,,,
2018-11-20,151.69789123535156,153.81380915424984,149.7630676179594,150.94492172313053,102652800.0,,,,,,,,,,,,,,,
2018-11-21,152.85113525390625,154.37612594282427,151.7645841146536,153.78519895897833,42965800.0,,,,,,,,,,,,,,,
2018-11-23,151.74549865722656,153.299066761448,151.63111492769545,151.63111492769545,23503700.0,,,,,,,,,,,,,,,
2018-11-26,155.2529754638672,155.32922644526775,153.22283489631667,153.87096096652763,42012600.0,,,,,,,,,,,,,,,
2018-11-27,155.77720642089844,156.1679872833047,153.6231559894612,154.40471771427374,36608100.0,,,,,,,,,,,,,,,
2018-11-28,160.79054260253906,160.79054260253906,155.8057538292591,156.90183056873917,70141000.0,,,,,,,,,,,,,,,
2018-11-29,160.266357421875,161.32431615523433,158.99872666901135,160.11387000254345,44885700.0,,,,,,,,,,,,,,,
2018-11-30,161.42913818359375,161.52445553359107,159.68493539102028,160.48556331819475,36722800.0,,,,,,,,,,,,,,,
2018-12-03,164.25042724609375,165.18447654242837,161.56263404166884,164.99385631468127,50771700.0,,,,,,,,,,,,,,,
2018-12-04,157.95028686523438,163.85007357845384,157.7596666919642,163.39256771054104,70594700.0,,,,,,,,,,,,,,,
2018-12-06,159.06541442871094,159.08448080716968,154.18546866703025,154.76686959124498,71715500.0,,,,,,,,,,,,,,,
2018-12-07,153.81378173828125,159.28465531850662,153.3181576135617,158.36967259651934,80432200.0,,,,,,,,,,,,,,,
2018-12-10,155.42453002929688,156.10123379623136,151.93612429225752,153.52782521149555,73960800.0,,,,,,,,,,,,,,,
2018-12-11,155.939208984375,157.99794170985717,154.6239050969747,157.9598089500964,59058300.0,,,,,,,,,,,,,,,
2018-12-12,157.31170654296875,159.74215382769862,157.22592964363872,158.21716330380096,53780000.0,,,,,,,,,,,,,,,
2018-12-13,157.35940551757812,158.99876566036124,156.3395647531087,158.34111351032263,46378500.0,,,,,,,,,,,,,,,
2018-12-14,153.52783203125,156.12983302913457,153.16564352146415,155.55797250900565,56547400.0,,,,,,,,,,,,,,,
2018-12-17,150.04893493652344,154.0901490505615,148.84801489223452,152.87016262809442,74834100.0,,,,,,,,,,,,,,,
2018-12-18,150.9925537109375,152.4508192426306,149.67724968494448,151.21176620080695,63642100.0,,,,,,,,,,,,,,,
2018-12-19,147.28492736816406,153.18471425222,146.15071767079144,150.76379289708794,81856500.0,,,,,,,,,,,,,,,
2018-12-20,145.14991760253906,148.56207200337482,143.33900441271527,146.92271258077474,99002100.0,,,,,,,,,,,,,,,
2018-12-21,140.65122985839844,146.86553105729587,139.8410760472385,145.87429755808162,141129400.0,,,,,,,,,,,,,,,
2018-12-24,137.1633758544922,141.44554545590654,137.12514857827276,139.6294508430513,56163300.0,,,,,,,,,,,,,,,
2018-12-26,145.7277374267578,145.80419198328076,137.7273266920349,138.67361591022723,98982100.0,,,,,,,,,,,,,,,
2018-12-27,146.29165649414062,146.41590606647816,140.5852772034891,143.72999172871658,85824300.0,,,,,,,,,,,,,,,
2018-12-28,146.21517944335938,148.7194812877948,145.02037671834336,147.34306621497728,77856600.0,,,,,,,,,,,,,,,
2018-12-31,147.44822692871094,148.13643454675594,145.96668304194344,147.64896022772237,53015300.0,,,,,,,,,,,,,,,
2019-01-02,148.0408477783203,148.87242584295743,144.2174788963182,144.32262212397305,58576700.0,,,,,,,,,,,,,,,
2019-01-03,143.2042694091797,146.49235395851213,142.8888397682132,145.861509261572,74820200.0,,,,,,,,,,,,,,,
2019-01-04,149.3312225341797,150.06722511055858,145.03950039885382,145.61299696675098,74709300.0,,,,,,,,,,,,,,,
2019-01-07,151.10910034179688,151.84510297046558,149.21653673878717,149.70401104388188,52059300.0,,,,,,,,,,,,,,,
2019-01-08,152.4759521484375,153.03989554722472,150.25839123897686,152.49505849128164,49388700.0,,,,,,,,,,,,,,,
2019-01-09,153.71853637695312,154.38762294237773,152.42814368399667,153.06855615268833,46491700.0,,,,,,,,,,,,,,,
2019-01-10,154.15821838378906,154.24424067555054,151.69214392500527,152.55241059760064,38943400.0,,,,,,,,,,,,,,,
2019-01-11,153.59432983398438,153.75682130473834,152.73406285440623,153.25022595915286,30176600.0,,,,,,,,,,,,,,,
2019-01-14,152.23699951171875,152.89653299898953,151.58701919636664,152.29434771322138,30710200.0,,,,,,,,,,,,,,,
2019-01-15,155.2096405029297,155.41992692581888,152.84870941548576,152.93473170166973,40874200.0,,,,,,,,,,,,,,,
2019-01-16,155.18099975585938,156.5478472133815,155.12363696775026,155.46774077142646,33812200.0,,,,,,,,,,,,,,,
2019-01-17,156.4044952392578,157.10225610148066,154.43546224572643,154.68397601699826,39329000.0,,,,,,,,,,,,,,,
2019-01-18,157.95294189453125,158.68894455780847,156.586094390584,157.5036948415565,57183200.0,,,,,,,,,,,,,,,
2019-01-22,154.78909301757812,156.89194300600556,153.6611916022884,156.81547387742702,56711700.0,,,,,,,,,,,,,,,
2019-01-23,154.9898223876953,156.28976849302856,153.24064382165488,155.5824545287269,38106100.0,,,,,,,,,,,,,,,
2019-01-24,155.993408203125,156.22281552889848,154.90374892943555,155.49636628977808,32417800.0,,,,,,,,,,,,,,,
2019-01-25,157.85736083984375,158.33528202262863,156.71035291815946,157.245622309279,36515900.0,,,,,,,,,,,,,,,
2019-01-28,155.90744018554688,155.91699335807385,154.60749405706136,155.8214178778153,33491200.0,,,,,,,,,,,,,,,
2019-01-29,154.43545532226562,156.03171029482922,153.8810650096692,155.99346843327262,30784200.0,,,,,,,,,,,,,,,
2019-01-30,158.36392211914062,158.9374332493234,155.6971289092768,156.1846031604364,41346500.0,,,,,,,,,,,,,,,
2019-01-31,160.7344512939453,161.52780218584712,159.1190754067594,159.33891506102242,37258400.0,,,,,,,,,,,,,,,
2019-02-01,160.0558319091797,161.155059591503,159.61615250425024,159.94113547050242,32143700.0,,,,,,,,,,,,,,,
2019-02-04,162.04391479492188,162.04391479492188,159.94106503029616,160.08443551550045,26718800.0,,,,,,,,,,,,,,,
2019-02-05,163.47767639160156,163.66884189833956,162.19685145296435,162.2637528170757,28156400.0,,,,,,,,,,,,,,,
2019-02-06,162.99020385742188,163.8026609157595,162.25420133458024,163.51591994516588,27970000.0,,,,,,,,,,,,,,,
2019-02-07,160.8013458251953,161.9674745963995,159.57786884966893,161.5660225811483,42036200.0,,,,,,,,,,,,,,,
2019-02-08,161.1167449951172,161.14541909184325,159.21462851565343,159.3962262665874,29020700.0,,,,,,,,,,,,,,,
2019-02-11,160.9638214111328,162.09172279669136,160.56236943542388,161.6998239924298,21434100.0,,,,,,,,,,,,,,,
2019-02-12,163.3438720703125,163.58283261898958,161.85276058016655,162.13951615557795,29722100.0,,,,,,,,,,,,,,,
2019-02-13,163.45858764648438,164.55781505037749,163.27698985957667,164.0703261394785,26094100.0,,,,,,,,,,,,,,,
2019-02-14,163.65933227539062,164.2423967063331,162.33071196029184,162.87553452871506,30326800.0,,,,,,,,,,,,,,,
2019-02-15,164.3474884033203,164.9401058215201,163.5828118277445,164.9018785559879,32521700.0,,,,,,,,,,,,,,,
2019-02-19,164.6725311279297,165.16957327066373,163.8122787830035,163.84095288883452,19487700.0,,,,,,,,,,,,,,,
2019-02-20,164.64381408691406,165.4371648396802,163.75488786796765,164.78718457868152,32593000.0,,,,,,,,,,,,,,,
2019-02-21,164.04165649414062,164.6533950037559,163.1718510558571,164.2041479405232,25207400.0,,,,,,,,,,,,,,,
2019-02-22,165.25558471679688,165.37028113257563,164.30929553163153,164.3953324284625,27735400.0,,,,,,,,,,,,,,,
2019-02-25,165.85772705078125,166.94738647304288,165.7430160797584,166.51726044043835,32608800.0,,,,,,,,,,,,,,,
2019-02-26,166.02978515625,166.55550127670475,165.17908619223934,165.45628859438563,21939700.0,,,,,,,,,,,,,,,
2019-02-27,165.92465209960938,166.12538538880867,164.1754590379979,165.26511861580562,25162000.0,,,,,,,,,,,,,,,
2019-02-28,165.54237365722656,166.13499137134568,165.07400555687445,165.4085562835545,25085500.0,,,,,,,,,,,,,,,
2019-03-01,166.6893310546875,166.93784479156494,165.5327555032676,166.7371260846627,31431200.0,,,,,,,,,,,,,,,
2019-03-04,166.71800231933594,168.0275015254047,164.85411286197655,167.7885409645895,38063500.0,,,,,,,,,,,,,,,
2019-03-05,166.84228515625,167.35843360799603,166.0202601516198,166.84228515625,22319900.0,,,,,,,,,,,,,,,
2019-03-06,165.8959503173828,167.03340473472602,165.6283156997718,167.00473063891002,27194600.0,,,,,,,,,,,,,,,
2019-03-07,163.86000061035156,165.53272424868504,163.24826226316074,165.475376057541,39407400.0,,,,,,,,,,,,,,,
2019-03-08,163.61154174804688,163.69756406358974,161.86234840702056,162.02483986471185,39303200.0,,,,,,,,,,,,,,,
2019-03-11,167.01429748535156,167.1290084630015,164.26148196665028,164.29015606481428,30518400.0,,,,,,,,,,,,,,,
2019-03-12,167.9319305419922,168.36205664596056,167.05255740488036,167.45400940758387,33953500.0,,,,,,,,,,,,,,,
2019-03-13,169.19366455078125,170.07303784276706,168.5628196268554,168.80178023614494,42426100.0,,,,,,,,,,,,,,,
2019-03-14,168.9069061279297,169.50907688365152,168.85911109398438,169.30835816007644,23751500.0,,,,,,,,,,,,,,,
2019-03-15,170.47445678710938,170.98105197021258,169.45169866481052,169.56639505796775,38192000.0,,,,,,,,,,,,,,,
2019-03-18,170.88050842285156,171.39761089574037,170.0569873017867,170.40171741319855,32935100.0,,,,,,,,,,,,,,,
2019-03-19,171.4550018310547,172.3647014999973,170.72723040667114,171.57947751295967,36893300.0,,,,,,,,,,,,,,,
2019-03-20,172.1349334716797,173.1882795065779,170.67941936541874,171.4646290001725,50105000.0,,,,,,,,,,,,,,,
2019-03-21,174.8257293701172,175.07469539666226,171.59866852589707,171.61782425456664,42428500.0,,,,,,,,,,,,,,,
2019-03-22,170.98577880859375,174.5384131949575,170.8038359554151,174.0691929215777,70794500.0,,,,,,,,,,,,,,,
2019-03-25,170.66026306152344,171.25395921835965,169.42497411460357,170.36341498310534,46336500.0,,,,,,,,,,,,,,,
2019-03-26,171.4550018310547,173.02543519359318,170.58359900003586,171.98167467461204,33248100.0,,,,,,,,,,,,,,,
2019-03-27,170.35379028320312,172.0965961104156,169.10894567695212,171.71356924872885,37096700.0,,,,,,,,,,,,,,,
2019-03-28,170.74635314941406,171.38793099435014,169.72174855307958,170.79423514622238,30368200.0,,,,,,,,,,,,,,,
2019-03-29,172.03916931152344,172.20195648270058,171.01454965515268,172.06789559987584,35205500.0,,,,,,,,,,,,,,,
2019-04-01,174.31820678710938,174.52887597903614,173.1020882655346,173.81068953697869,30969500.0,,,,,,,,,,,,,,,
2019-04-02,174.9789276123047,175.15129994355448,174.06922777579706,174.50972185651142,22645200.0,,,,,,,,,,,,,,,
2019-04-03,175.98435974121094,177.07600227045907,175.4385457823553,175.96520401640677,31633500.0,,,,,,,,,,,,,,,
2019-04-04,175.91737365722656,176.67385691357842,174.90232459042522,176.03227880716864,28530800.0,,,,,,,,,,,,,,,
2019-04-05,176.82704162597656,176.93237619827036,176.21418991759558,176.42485906218317,25674700.0,,,,,,,,,,,,,,,
2019-04-08,177.2771453857422,177.4207768290129,175.8407725068729,176.53980321669127,22697500.0,,,,,,,,,,,,,,,
2019-04-09,176.65467834472656,177.25795952700295,176.2812220441598,176.67383407108687,25631900.0,,,,,,,,,,,,,,,
2019-04-10,177.6027069091797,177.66015948234008,176.69300707388126,176.88452052159573,24563000.0,,,,,,,,,,,,,,,
2019-04-11,177.18138122558594,177.89956766451954,176.8558068800391,177.89956766451954,20654100.0,,,,,,,,,,,,,,,
2019-04-12,177.94744873046875,178.06235388439023,177.21010656587814,177.96660445996915,24989100.0,,,,,,,,,,,,,,,
2019-04-15,177.97618103027344,178.1772796679688,176.78877415733055,177.95702530012605,21073000.0,,,,,,,,,,,,,,,
2019-04-16,178.5889892578125,178.98160126643512,178.04316066852684,178.6272860972096,27195700.0,,,,,,,,,,,,,,,
2019-04-17,179.21142578125,179.9583384069739,178.68476748707593,179.78598069867076,29651600.0,,,,,,,,,,,,,,,
2019-04-18,179.44125366210938,179.82428053908322,178.38790783312317,179.50829140192613,28580900.0,,,,,,,,,,,,,,,
2019-04-22,179.94879150390625,180.0158292514176,178.52198919206288,178.6560646870856,17936000.0,,,,,,,,,,,,,,,
2019-04-23,182.2373962402344,182.4576359705207,180.1498748585222,180.40841143303865,33665600.0,,,,,,,,,,,,,,,
2019-04-24,181.6628570556641,182.6204388944,181.6053898716469,182.3906139929492,24977100.0,,,,,,,,,,,,,,,
2019-04-25,182.40017700195312,183.10879279344343,181.4138689177999,183.02261393829343,29517500.0,,,,,,,,,,,,,,,
2019-04-26,182.56298828125,182.60129974073888,180.59037185225,182.11292360726955,26359500.0,,,,,,,,,,,,,,,
2019-04-29,182.91729736328125,183.2045748536011,182.26613407778697,182.56298212688608,21716200.0,,,,,,,,,,,,,,,
2019-04-30,181.50006103515625,181.7969236882625,180.2264900074432,181.44260846085817,31495300.0,,,,,,,,,,,,,,,
2019-05-01,180.9159393310547,183.2045740735493,180.7914636212935,182.68747167086727,34797100.0,,,,,,,,,,,,,,,
2019-05-02,180.13072204589844,181.7969197218886,178.9433152939991,180.85847899036224,44110100.0,,,,,,,,,,,,,,,
2019-05-03,183.0034637451172,183.1375246165841,181.2989692600925,181.6245435748637,30386200.0,,,,,,,,,,,,,,,
2019-05-06,181.8831024169922,182.1320684426153,178.83798447755905,179.11569140185003,38371800.0,,,,,,,,,,,,,,,
2019-05-07,178.34007263183594,180.6669898220825,176.6834452915465,179.90092131828075,58818100.0,,,,,,,,,,,,,,,
2019-05-08,177.88998413085938,179.23059287447356,177.1143451712298,177.75592325649797,37165300.0,,,,,,,,,,,,,,,
2019-05-09,176.93240356445312,177.5452553676241,174.36607659324136,175.90778396534105,55351700.0,,,,,,,,,,,,,,,
2019-05-10,177.1526641845703,178.00491155213172,173.351062600443,176.30041681700888,58526400.0,,,,,,,,,,,,,,,
2019-05-13,171.0049591064453,173.5712713095391,170.50701248064405,172.64241579728267,67185800.0,,,,,,,,,,,,,,,
2019-05-14,172.8817901611328,173.925565297602,171.27305995149808,171.90506736737038,43360600.0,,,,,,,,,,,,,,,
2019-05-15,175.3236541748047,175.76414824675442,171.70399601751475,171.74230747326996,40944500.0,,,,,,,,,,,,,,,
2019-05-16,177.08555603027344,178.17721306751318,175.18954857753135,175.40021769578442,39281200.0,,,,,,,,,,,,,,,
2019-05-17,175.27577209472656,177.7080381303925,175.12257010638112,175.3332392783377,44702300.0,,,,,,,,,,,,,,,
2019-05-20,172.3168182373047,173.49463959773502,171.73269283535302,172.83392052049427,38608300.0,,,,,,,,,,,,,,,
2019-05-21,174.1171112060547,174.5959021356391,173.24570820744154,173.8011074391442,31613800.0,,,,,,,,,,,,,,,
2019-05-22,173.3414764404297,174.34694033924114,173.08292524095475,173.14996298626082,24332600.0,,,,,,,,,,,,,,,
2019-05-23,170.68896484375,171.42630695983203,169.62604840528246,171.34969865841083,45351300.0,,,,,,,,,,,,,,,
2019-05-24,170.60276794433594,172.2210834383309,170.3920987905888,171.60823170330409,25903300.0,,,,,,,,,,,,,,,
2019-05-28,169.9612274169922,172.0391785177418,169.94207168655203,171.08159655731112,24763800.0,,,,,,,,,,,,,,,
2019-05-29,168.56312561035156,169.49198113919002,167.66299636702038,168.90785564797758,42178800.0,,,,,,,,,,,,,,,
2019-05-30,169.27174377441406,169.75053468826593,168.31416194671036,169.01319258970312,30354800.0,,,,,,,,,,,,,,,
2019-05-31,166.5713348388672,167.85449081815733,166.4947265490016,167.27995056147114,45446200.0,,,,,,,,,,,,,,,
2019-06-03,162.90383911132812,166.5713797884392,162.0899032084964,166.12131509623882,75842300.0,,,,,,,,,,,,,,,
2019-06-04,167.4906005859375,167.54805314389395,164.10075355115205,164.73276091174398,47797800.0,,,,,,,,,,,,,,,
2019-06-05,168.73548889160156,169.11851575219606,166.98311251188238,169.0897894682284,34412700.0,,,,,,,,,,,,,,,
2019-06-06,170.0760955810547,170.48784872093427,168.27583721134985,169.02274980909164,29913200.0,,,,,,,,,,,,,,,
2019-06-07,173.36062622070312,174.05967155008412,170.7655873722285,170.9858271249512,45888300.0,,,,,,,,,,,,,,,
2019-06-10,175.381103515625,177.00900428982698,174.4809888835103,174.5192857270207,41385300.0,,,,,,,,,,,,,,,
2019-06-11,175.62046813964844,177.5356314328247,175.02677219445542,177.21005717975345,41260300.0,,,,,,,,,,,,,,,
2019-06-12,174.60549926757812,175.50562869003537,174.27992489268053,175.14174285247813,27758100.0,,,,,,,,,,,,,,,
2019-06-13,175.63961791992188,176.0705267239967,174.98846943581515,175.3331994013822,23715800.0,,,,,,,,,,,,,,,
2019-06-14,174.8927459716797,175.3428106035977,174.222441608676,174.73952937112475,22844100.0,,,,,,,,,,,,,,,
2019-06-17,175.94610595703125,176.43446747251295,175.0842734683959,175.2757869286903,20379500.0,,,,,,,,,,,,,,,
2019-06-18,178.5028839111328,179.7573141323209,177.56444292681067,178.024092858066,48177300.0,,,,,,,,,,,,,,,
2019-06-19,179.17312622070312,179.57530881218102,177.6984567186175,178.74221734494384,31672900.0,,,,,,,,,,,,,,,
2019-06-20,180.8393096923828,181.7106979336642,179.22099428330188,181.67240109478232,40922000.0,,,,,,,,,,,,,,,
2019-06-21,180.5712127685547,181.7203080427045,180.18817126947863,180.6286653405313,39980400.0,,,,,,,,,,,,,,,
2019-06-24,180.57696533203125,181.11439442299684,180.4809895755684,180.932049272024,19375200.0,,,,,,,,,,,,,,,
2019-06-25,177.47708129882812,180.557720703414,177.2083668226211,180.45215325605835,33921100.0,,,,,,,,,,,,,,,
2019-06-26,178.30242919921875,179.78037351521985,178.01453128141182,178.65752770424928,22595700.0,,,,,,,,,,,,,,,
2019-06-27,178.98385620117188,179.40612608696716,178.494415002915,178.94547468602866,19709200.0,,,,,,,,,,,,,,,
2019-06-28,179.21421813964844,179.6076836477667,178.57122148938365,179.41574675339376,21179200.0,,,,,,,,,,,,,,,
2019-07-01,181.63262939453125,182.8898473986942,180.78810422338893,182.6499226461497,31025600.0,,,,,,,,,,,,,,,
2019-07-02,182.35243225097656,182.3716303344676,181.0568471703529,181.57507827383296,18035800.0,,,,,,,,,,,,,,,
2019-07-03,183.7247772216797,183.7247772216797,182.62111459547296,182.81306610879204,15792100.0,,,,,,,,,,,,,,,
2019-07-05,183.3505249023437,183.6864108173743,181.7574208043285,182.46760344465804,21415600.0,,,,,,,,,,,,,,,
2019-07-08,182.0644989013672,182.2180396079704,181.3159202288972,182.16046001251365,17598800.0,,,,,,,,,,,,,,,
2019-07-09,182.97625732421875,183.20657576561624,181.04725251442665,181.2008079045903,19193500.0,,,,,,,,,,,,,,,
2019-07-10,184.79959106445312,185.30823023624643,183.75352292954548,184.08942335341243,28374500.0,,,,,,,,,,,,,,,
2019-07-11,184.665283203125,185.548204542026,184.0798662166549,185.07796139547847,23736100.0,,,,,,,,,,,,,,,
2019-07-12,185.7305603027344,185.7401520216736,184.6940835473218,184.8668369951468,20211900.0,,,,,,,,,,,,,,,
2019-07-15,186.3255615234375,186.36395768533632,185.6441834101072,186.1624144449804,15606100.0,,,,,,,,,,,,,,,
2019-07-16,185.36587524414065,186.26799474084785,184.7996562898571,186.0952559319529,20190900.0,,,,,,,,,,,,,,,
2019-07-17,184.45413208007807,185.69215190477945,184.4349340011329,185.3658431380857,16765100.0,,,,,,,,,,,,,,,
2019-07-18,184.665283203125,185.02036715359472,183.00500800300927,183.58081862724308,28877000.0,,,,,,,,,,,,,,,
2019-07-19,183.31211853027344,186.01847700229007,183.12018164039225,185.93210759842043,29387900.0,,,,,,,,,,,,,,,
2019-07-22,184.7708435058593,185.16432360230544,183.72477513185385,183.72477513185385,18954900.0,,,,,,,,,,,,,,,
2019-07-23,185.98008728027344,185.9992853630804,184.54053859053016,185.77855866426344,23786700.0,,,,,,,,,,,,,,,
2019-07-24,187.2852478027344,187.29485416447744,185.25069067600623,185.26988875564825,20422900.0,,,,,,,,,,,,,,,
2019-07-25,185.5098571777344,186.68069136622995,185.1547585180447,186.6519015619102,23434700.0,,,,,,,,,,,,,,,
2019-07-26,187.41961669921875,187.66914781851216,186.59427494954176,186.6902507098616,20431200.0,,,,,,,,,,,,,,,
2019-07-29,186.7766571044922,187.31408632350863,185.59623116673475,187.24691499305555,20451700.0,,,,,,,,,,,,,,,
2019-07-30,185.9704742431641,186.6998402239093,185.21231846343176,185.34667573998604,18705000.0,,,,,,,,,,,,,,,
2019-07-31,183.39849853515625,186.594283558653,181.6902353583324,186.4695326370956,41627500.0,,,,,,,,,,,,,,,
2019-08-01,182.4868011474609,187.12215014550185,181.6038796207648,183.71521497972063,63251600.0,,,,,,,,,,,,,,,
2019-08-02,179.7996368408203,181.3735428193183,178.70558042459422,181.11441995541443,55214000.0,,,,,,,,,,,,,,,
2019-08-05,173.44639587402344,176.1143579179674,171.97805757803428,176.03758024083692,75040000.0,,,,,,,,,,,,,,,
2019-08-06,175.87448120117188,176.3927270023786,173.77275212158463,175.04913925141736,41897200.0,,,,,,,,,,,,,,,
2019-08-07,176.8245391845703,177.07405565057726,172.64025099586007,173.9646402901655,49990600.0,,,,,,,,,,,,,,,
2019-08-08,180.67291259765625,180.7305068334265,177.1316358995564,177.62107707477912,38418100.0,,,,,,,,,,,,,,,
2019-08-09,178.97425842285156,180.4233985329013,177.5730915441453,179.80919180450047,33608900.0,,,,,,,,,,,,,,,
2019-08-12,176.92051696777344,178.40803870656734,176.10476695811354,177.87060960818442,24642900.0,,,,,,,,,,,,,,,
2019-08-13,180.7976989746093,182.0357042752152,176.60381891580838,176.7669659930141,40241900.0,,,,,,,,,,,,,,,
2019-08-14,175.3946075439453,178.45605010846535,175.06831335460907,177.88983113687954,51000500.0,,,,,,,,,,,,,,,
2019-08-15,175.19305419921875,176.19113470920718,173.85907318395402,175.62491581754216,36685000.0,,,,,,,,,,,,,,,
2019-08-16,178.0049591064453,178.45601878942122,176.68058449867115,176.78615197008773,32781400.0,,,,,,,,,,,,,,,
2019-08-19,180.8360595703125,181.219947922716,179.94354660818072,180.5769514067639,22494100.0,,,,,,,,,,,,,,,
2019-08-20,179.43495178222656,181.03764761024544,179.38696389581403,180.38505921534545,19902900.0,,,,,,,,,,,,,,,
2019-08-21,181.02804565429688,181.6038563271472,180.3850490154987,181.00884757204804,20418500.0,,,,,,,,,,,,,,,
2019-08-22,180.44259643554688,181.8245652340601,179.0222314793841,181.3638992053267,24243700.0,,,,,,,,,,,,,,,
2019-08-23,174.73239135742188,180.8552605780289,174.24293553066067,179.21418360693562,55372400.0,,,,,,,,,,,,,,,
2019-08-26,177.37155151367188,177.4195247419169,175.70167021438476,176.71894866973432,27598900.0,,,,,,,,,,,,,,,
2019-08-27,176.99732971191406,178.90713653504437,176.30635970839148,178.60963210373006,28012800.0,,,,,,,,,,,,,,,
2019-08-28,177.6306915283203,177.9281958872516,175.538554653355,176.42147601154778,21792400.0,,,,,,,,,,,,,,,
2019-08-29,180.3466644287109,180.8649101757767,179.15663219827016,179.83802504530934,25358900.0,,,,,,,,,,,,,,,
2019-08-30,179.9147491455078,181.35429745702967,178.89747068171388,181.31590130150383,26319800.0,,,,,,,,,,,,,,,
2019-09-03,178.1681365966797,179.6364750855811,177.57312782555132,178.71517212666274,27964200.0,,,,,,,,,,,,,,,
2019-09-04,180.74009704589844,180.8936523856541,179.36771999307763,179.8859656037921,21592100.0,,,,,,,,,,,,,,,
2019-09-05,184.0510711669922,184.5789085403652,182.66910227810453,182.7362882364631,33932600.0,,,,,,,,,,,,,,,
2019-09-06,183.8687286376953,184.4253558172036,183.4656568133296,184.35818450173164,19487800.0,,,,,,,,,,,,,,,
2019-09-09,183.48486328125,184.52134001007528,182.5539540334304,184.4445623289943,24407600.0,,,,,,,,,,,,,,,
2019-09-10,182.95703125,183.0530070151316,181.29675594891376,182.49637979382928,23744700.0,,,,,,,,,,,,,,,
2019-09-11,184.6748809814453,184.7708567438894,182.88024844573485,183.3025183703362,25063600.0,,,,,,,,,,,,,,,
2019-09-12,185.4426422119141,186.8630073409096,185.19312573220444,185.80733253474327,28689900.0,,,,,,,,,,,,,,,
2019-09-13,184.78045654296875,185.60579834700548,184.5405317702121,185.1739366848127,27669800.0,,,,,,,,,,,,,,,
2019-09-16,183.95509338378903,184.3389817619421,183.4080725802069,183.590417729349,20319000.0,,,,,,,,,,,,,,,
2019-09-17,184.83804321289065,184.83804321289065,183.5808251543476,183.97430528006305,20953400.0,,,,,,,,,,,,,,,
2019-09-18,184.76126098632807,184.838038665836,182.4483828141313,184.4541502682968,29781300.0,,,,,,,,,,,,,,,
2019-09-19,185.0683441162109,186.2199799405892,184.7132601866873,185.0875421957064,26039400.0,,,,,,,,,,,,,,,
2019-09-20,183.11056518554688,185.519404312424,182.49635843459023,185.3274674484708,29086100.0,,,,,,,,,,,,,,,
2019-09-23,183.1913452148437,183.73948384217155,182.44127158940896,183.0567169916472,22485900.0,,,,,,,,,,,,,,,
2019-09-24,180.7584381103516,184.43187426961543,179.96989077725453,184.02798954048453,40820700.0,,,,,,,,,,,,,,,
2019-09-25,182.78749084472656,183.26830810347005,179.06596995753307,180.5757285198309,34704900.0,,,,,,,,,,,,,,,
2019-09-26,182.11431884765625,182.71052745228343,180.768021946614,182.5470513727365,26826000.0,,,,,,,,,,,,,,,
2019-09-27,179.8544464111328,182.5470251531005,178.62355578738303,182.450855862062,40773500.0,,,,,,,,,,,,,,,
2019-09-30,181.566146850586,181.85464003874023,180.21023913762195,180.5852758802106,26307700.0,,,,,,,,,,,,,,,
2019-10-01,180.08526611328125,183.2778844769089,179.78716181702353,182.22970657284927,32367600.0,,,,,,,,,,,,,,,
2019-10-02,176.9888153076172,178.89284732239923,175.99833304359473,178.86399946409773,48544300.0,,,,,,,,,,,,,,,
2019-10-03,178.9313201904297,179.06594841974984,174.84437398268187,176.9695777936199,39392500.0,,,,,,,,,,,,,,,
2019-10-04,181.566146850586,181.82579218726207,179.71019992975243,179.90252383073093,31887600.0,,,,,,,,,,,,,,,
2019-10-07,181.01803588867188,182.46048725878128,180.7006948264429,181.04688374220413,21216000.0,,,,,,,,,,,,,,,
2019-10-08,178.30624389648438,180.6526341171821,178.16200460971038,179.88332368317654,32379300.0,,,,,,,,,,,,,,,
2019-10-09,180.04676818847656,180.86416313250663,179.2774578893965,179.815985370114,20147400.0,,,,,,,,,,,,,,,
2019-10-10,181.4411773681641,182.162403191296,179.9410300037899,180.09489503433517,25177700.0,,,,,,,,,,,,,,,
2019-10-11,183.7779541015625,185.23964252459825,183.40291726570072,183.5086976385529,40976700.0,,,,,,,,,,,,,,,
2019-10-14,183.7587432861328,184.3453409506373,183.3356217348996,183.5183346477847,14975000.0,,,,,,,,,,,,,,,
2019-10-15,186.095458984375,186.52819145014527,184.2106494505966,184.3260408619024,23234200.0,,,,,,,,,,,,,,,
2019-10-16,185.6338653564453,186.1050714116957,185.0472678890412,185.46077823821489,20457100.0,,,,,,,,,,,,,,,
2019-10-17,186.12437438964844,187.0379242985904,185.4127595237823,186.7494309922458,19045200.0,,,,,,,,,,,,,,,
2019-10-18,184.3356475830078,186.2396790400425,183.3932502500029,185.7877098278788,27700800.0,,,,,,,,,,,,,,,
2019-10-21,185.9704742431641,186.095491409444,184.76843125470745,185.3165699006643,15801200.0,,,,,,,,,,,,,,,
2019-10-22,184.48956298828125,186.96095573235365,184.43185259943365,186.70131033935635,22392300.0,,,,,,,,,,,,,,,
2019-10-23,184.8453521728516,184.8838110897844,183.8163963960505,184.1145153641252,14828400.0,,,,,,,,,,,,,,,
2019-10-24,186.6436462402344,186.75905236410247,185.3454484020931,186.1628289653572,18998500.0,,,,,,,,,,,,,,,
2019-10-25,188.1341552734375,188.2303245837309,185.6435256746309,185.6819845947224,21507100.0,,,,,,,,,,,,,,,
2019-10-28,189.9901123046875,190.24013196213124,189.00924112438685,189.00924112438685,18818700.0,,,,,,,,,,,,,,,
2019-10-29,188.518783569336,189.96123503351893,188.48993571392228,189.6727564793824,18569700.0,,,,,,,,,,,,,,,
2019-10-30,189.43231201171875,189.7496530345198,187.79752225667585,188.8841735159608,21764300.0,,,,,,,,,,,,,,,
2019-10-31,189.51890563964844,190.06702960686923,188.4226430318307,189.9804860341569,26801800.0,,,,,,,,,,,,,,,
2019-11-01,191.2402191162109,191.24984485070297,190.0478019092608,190.3362804765063,22131900.0,,,,,,,,,,,,,,,
2019-11-04,192.42300415039065,192.8364998021284,191.2401835511509,192.50954770446967,19015900.0,,,,,,,,,,,,,,,
2019-11-05,192.5287933349609,192.855745447629,191.89411122916505,192.6634215386109,15048900.0,,,,,,,,,,,,,,,
2019-11-06,192.0960693359375,192.3268668585829,191.16328285780327,192.307630063352,19725500.0,,,,,,,,,,,,,,,
2019-11-07,192.74038696289065,193.98090362815776,192.18265189101152,193.0577280941595,17832400.0,,,,,,,,,,,,,,,
2019-11-08,193.5096435546875,193.5288803469932,191.88447942912708,192.39415904830204,15258800.0,,,,,,,,,,,,,,,
2019-11-11,193.2500457763672,193.3269636119335,192.2691746290756,192.52882001258303,10147600.0,,,,,,,,,,,,,,,
2019-11-12,193.80780029296875,194.4521082860309,193.1154369895609,193.41354132085337,14778300.0,,,,,,,,,,,,,,,
2019-11-13,193.85585021972656,194.03856307994656,193.0096220345557,193.13462451256848,15774600.0,,,,,,,,,,,,,,,
2019-11-14,193.70201110839844,193.82702827649825,192.53844169572483,193.125039269566,16945400.0,,,,,,,,,,,,,,,
2019-11-15,195.125244140625,195.125244140625,194.25015329476588,194.8752097998785,18427900.0,,,,,,,,,,,,,,,
2019-11-18,195.27911376953125,195.58682916174388,194.02898605648284,194.8175186711466,18365900.0,,,,,,,,,,,,,,,
2019-11-19,195.56759643554688,196.01956580793004,194.8175227267785,196.01956580793004,16923300.0,,,,,,,,,,,,,,,
2019-11-20,194.3943786621093,195.6445062561508,192.92307927534063,195.057908713667,36629000.0,,,,,,,,,,,,,,,
2019-11-21,193.961669921875,194.31748465414407,193.3558501828673,194.18284174172297,17883600.0,,,,,,,,,,,,,,,
2019-11-22,194.08663940429688,194.5578454618456,193.03846160979205,194.4424393757552,17189600.0,,,,,,,,,,,,,,,
2019-11-25,196.38497924804688,196.4234381679387,194.89444298649383,194.9232908447568,17752800.0,,,,,,,,,,,,,,,
2019-11-26,196.75997924804688,197.00999886398475,196.22146643010456,196.50995963210903,14780600.0,,,,,,,,,,,,,,,
2019-11-27,198.13511657714844,198.144742310713,197.0292430469231,197.2696516120481,16963100.0,,,,,,,,,,,,,,,
2019-11-29,197.23123168945312,197.9332207298528,197.13506237504123,197.63511639790403,9854600.0,,,,,,,,,,,,,,,
2019-12-02,195.21177673339844,197.3081326127337,194.0385816303917,197.24082583711905,28007000.0,,,,,,,,,,,,,,,
2019-12-03,193.6827850341797,193.75971754579663,191.5864144444024,192.52882670667788,31104100.0,,,,,,,,,,,,,,,
2019-12-04,194.66368103027344,195.12527619361103,194.38481345829712,194.67330676703835,15300100.0,,,,,,,,,,,,,,,
2019-12-05,195.04830932617188,195.356024707508,194.096285976953,195.356024707508,14962300.0,,,,,,,,,,,,,,,
2019-12-06,197.1350250244141,197.27926429532604,196.31763002691423,196.47149503147003,16555300.0,,,,,,,,,,,,,,,
2019-12-09,196.24073791503903,197.7024116297453,196.1541796677741,196.7792508281809,13984100.0,,,,,,,,,,,,,,,
2019-12-10,196.0772247314453,197.01963689504305,195.6348811776849,196.33687009679363,21799800.0,,,,,,,,,,,,,,,
2019-12-11,197.1158447265625,197.31779443709524,196.21190590743447,196.5196360047456,18780800.0,,,,,,,,,,,,,,,
2019-12-12,198.58712768554688,199.36606392626817,196.6446366349833,196.91389311077188,32612000.0,,,,,,,,,,,,,,,
2019-12-13,199.2410430908203,199.9334210653808,198.05823683152,198.48134366186065,32519400.0,,,,,,,,,,,,,,,
2019-12-16,201.2412109375,201.49123056919385,200.4815116352337,200.54883307840592,21296600.0,,,,,,,,,,,,,,,
2019-12-17,201.3566131591797,201.66434319012023,201.0200352720104,201.5008524403234,15996100.0,,,,,,,,,,,,,,,
2019-12-18,201.5105133056641,202.06826307894937,201.29895254085315,201.52975010429543,15443300.0,,,,,,,,,,,,,,,
2019-12-19,202.77023315429688,202.83753993313127,201.57780119833703,201.59703799516552,17865900.0,,,,,,,,,,,,,,,
2019-12-20,203.58761596679688,204.36653744742344,203.1644945024131,203.7318552508478,27672600.0,,,,,,,,,,,,,,,
2019-12-23,204.12538146972656,204.4530425006986,203.9519190551612,204.3084904885608,23774700.0,,,,,,,,,,,,,,,
2019-12-24,204.23133850097656,204.39516897420413,203.7687574762641,204.30843778929287,7089000.0,,,,,,,,,,,,,,,
2019-12-26,206.0335235595703,206.0528020612346,204.530123943896,204.5590343437983,17067500.0,,,,,,,,,,,,,,,
2019-12-27,205.86004638671875,206.7755766300293,205.3107194176201,206.7562981297486,18134100.0,,,,,,,,,,,,,,,
2019-12-30,204.5108642578125,205.87934379971784,203.4989561253281,205.7540555941641,21815500.0,,,,,,,,,,,,,,,
2019-12-31,204.8963317871093,205.0408837794516,203.53748423834296,203.85551332668325,18170900.0,,,,,,,,,,,,,,,
2020-01-02,208.31753540039065,208.31753540039065,206.21662000258715,206.62138028175576,30969400.0,,,,,,,,,,,,,,,
2020-01-03,206.4093780517578,207.6525840959463,205.5420366250312,205.561315127124,27518900.0,,,,,,,,,,,,,,,
2020-01-06,207.73931884765625,207.7682292486953,204.53977858942943,204.79034030016408,21655300.0,,,,,,,,,,,,,,,
2020-01-07,207.71041870117188,208.29828805996976,207.05509663834903,207.8164284119449,22139300.0,,,,,,,,,,,,,,,
2020-01-08,209.2716827392578,210.2257703344632,207.353890352946,207.68155145244145,26397300.0,,,,,,,,,,,,,,,
2020-01-09,211.0448760986328,211.4496364041413,209.81131668036275,210.99668719686528,23547000.0,,,,,,,,,,,,,,,
2020-01-10,210.5052185058593,211.8929767750597,210.1293685333835,211.8737129750698,21898500.0,,,,,,,,,,,,,,,
2020-01-13,212.93380737304688,212.96271777983785,211.03527889942063,211.3725865855704,22756900.0,,,,,,,,,,,,,,,
2020-01-14,212.09532165527344,213.18432904848552,211.76766065906045,212.82774294772395,24418100.0,,,,,,,,,,,,,,,
2020-01-15,212.18202209472656,213.17465154271616,211.4881432002814,212.2109324898963,25742100.0,,,,,,,,,,,,,,,
2020-01-16,214.21551513671875,214.2540721418806,212.789214754696,213.24216398162028,18805000.0,,,,,,,,,,,,,,,
2020-01-17,215.27557373046875,215.44903610713232,214.06127827307893,215.17919593997595,24325200.0,,,,,,,,,,,,,,,
2020-01-21,215.17922973632807,215.71891015540385,214.58172851594983,214.67809161639136,21146300.0,,,,,,,,,,,,,,,
2020-01-22,215.747802734375,216.98136207756176,215.4779625471271,216.26821931348687,20736400.0,,,,,,,,,,,,,,,
2020-01-23,216.4417266845703,216.53810450226865,214.62029768951905,215.6225740548961,26496100.0,,,,,,,,,,,,,,,
2020-01-24,214.62026977539065,217.6849045762792,213.62764014400184,217.4536066670008,37436500.0,,,,,,,,,,,,,,,
2020-01-27,210.1871795654297,211.3243612503885,209.3005448926822,209.7727726308641,42264400.0,,,,,,,,,,,,,,,
2020-01-28,213.4156494140625,213.9071556991757,211.11236073097325,211.6713197246137,26731900.0,,,,,,,,,,,,,,,
2020-01-29,213.7625427246093,214.8419034690497,212.8181020732241,214.6009736810809,28924500.0,,,,,,,,,,,,,,,
2020-01-30,214.5238800048828,214.6202430928772,211.7194538624423,212.3844224019062,39568100.0,,,,,,,,,,,,,,,
2020-01-31,211.1220092773437,215.449099833898,210.3702946405632,215.42018942923613,52015800.0,,,,,,,,,,,,,,,
2020-02-03,214.3118438720703,214.8033352864276,212.00855596487472,212.15310793816053,25408600.0,,,,,,,,,,,,,,,
2020-02-04,219.2172241210937,219.59307404921108,216.4995287137922,217.24159667116865,30691200.0,,,,,,,,,,,,,,,
2020-02-05,219.9400177001953,221.89636668390315,218.61972697759555,221.85782438255845,38534800.0,,,,,,,,,,,,,,,
2020-02-06,221.8385467529297,221.8963675577692,219.70872064180955,220.48933091752124,22467100.0,,,,,,,,,,,,,,,
2020-02-07,220.88442993164065,222.07944699148595,220.24837175276227,220.84588763527864,25884900.0,,,,,,,,,,,,,,,
2020-02-10,223.55398559570312,223.5636174956276,220.0942365532144,220.15205736314272,21478900.0,,,,,,,,,,,,,,,
2020-02-11,223.59249877929688,225.5295838907473,223.0046294462739,224.78751594787164,30198000.0,,,,,,,,,,,,,,,
2020-02-12,225.7705078125,225.8765175158587,224.3538393699744,224.91279828721204,24471300.0,,,,,,,,,,,,,,,
2020-02-13,225.4813995361328,226.4065618035363,223.92981091801053,224.1996511381023,22773200.0,,,,,,,,,,,,,,,
2020-02-14,226.1270751953125,226.3390945982549,225.07662478403583,225.83795649082847,23438500.0,,,,,,,,,,,,,,,
2020-02-18,226.2138214111328,226.63786024516523,224.78752100090583,225.0284508197707,24394500.0,,,,,,,,,,,,,,,
2020-02-19,228.38214111328125,228.85436875149395,227.2931485636022,227.56298872681344,22230500.0,,,,,,,,,,,,,,,
2020-02-20,226.261962890625,228.3532315154118,223.46718345966417,227.8810185807353,42604000.0,,,,,,,,,,,,,,,
2020-02-21,221.91563415527344,225.5199347119965,221.00010381565832,225.134452896955,66017200.0,,,,,,,,,,,,,,,
2020-02-24,213.35780334472656,216.1140409772821,212.26879589077487,213.63727545586343,84522600.0,,,,,,,,,,,,,,,
2020-02-25,207.55621337890625,215.86348344199496,206.9490802415388,215.15032589209045,97743000.0,,,,,,,,,,,,,,,
2020-02-26,208.6259307861328,212.2880667308365,207.10325266735435,208.84759679251124,79537700.0,,,,,,,,,,,,,,,
2020-02-27,198.17919921875,208.56809015437068,198.04427913017776,203.24835649531943,121822600.0,,,,,,,,,,,,,,,
2020-02-28,198.3334503173828,199.6537411554808,190.980266780422,191.43321606309027,148173700.0,,,,,,,,,,,,,,,
2020-03-02,208.5681304931641,208.71269721221475,198.46835628115767,201.30169339435167,112933900.0,,,,,,,,,,,,,,,
2020-03-03,201.8798828125,211.6423624780626,200.0873646107269,209.23306461036697,131953500.0,,,,,,,,,,,,,,,
2020-03-04,210.3028259277344,210.40883563849096,203.70134286874293,205.5806072598997,73086200.0,,,,,,,,,,,,,,,
2020-03-05,203.9133453369141,208.5102901136209,202.4774131167275,204.97344235634355,78705500.0,,,,,,,,,,,,,,,
2020-03-06,200.47286987304688,201.5618625574141,195.54826422758003,197.2444047068585,89828400.0,,,,,,,,,,,,,,,
2020-03-09,186.547119140625,193.86174381153205,185.14008273987875,186.460373242942,116424000.0,,,,,,,,,,,,,,,
2020-03-10,196.70477294921875,196.8878819932874,186.6531716729795,193.8136146665132,100599200.0,,,,,,,,,,,,,,,
2020-03-11,188.13731384277344,193.4666812712396,185.7376470975201,192.1174799115741,89168800.0,,,,,,,,,,,,,,,
2020-03-12,170.8866729736328,183.85832345301824,170.52045502046735,175.48360236117088,137820700.0,,,,,,,,,,,,,,,
2020-03-13,185.3617401123047,187.4240985310272,171.66729905352958,180.282950715684,134882000.0,,,,,,,,,,,,,,,
2020-03-16,163.1576690673828,177.97966086952732,163.02274896298735,167.83169852373086,92054400.0,,,,,,,,,,,,,,,
2020-03-17,175.53184509277344,177.70021367069268,163.62027311652955,169.10383867307576,121257100.0,,,,,,,,,,,,,,,
2020-03-18,170.19284057617188,172.71778053018562,160.74838814474802,165.3838757968927,114156300.0,,,,,,,,,,,,,,,
2020-03-19,171.21437072753906,176.83285589172303,165.40314464849033,169.31584257048317,120896500.0,,,,,,,,,,,,,,,
2020-03-20,164.50686645507812,176.23532749391617,163.92864375131538,175.14633478449502,118983900.0,,,,,,,,,,,,,,,
2020-03-23,164.6256561279297,168.2473045273458,159.284918397321,165.0699034124707,124639800.0,,,,,,,,,,,,,,,
2020-03-24,177.37387084960938,177.53805048949795,171.85930059358782,173.7522221377333,94881800.0,,,,,,,,,,,,,,,
2020-03-25,176.0604248046875,183.0236400387477,173.8198243207919,178.10785889502003,88754900.0,,,,,,,,,,,,,,,
2020-03-26,185.3318328857422,186.12377381961824,177.32558119634265,177.57667687130197,79887600.0,,,,,,,,,,,,,,,
2020-03-27,178.95773315429688,183.98940204365792,178.33963904687462,180.53193306458388,58845000.0,,,,,,,,,,,,,,,
2020-03-30,185.467041015625,185.90165065620465,179.96213784572416,180.6574955868197,49356900.0,,,,,,,,,,,,,,,
2020-03-31,183.8831481933593,188.5671524982982,182.72422369893337,185.1579754527951,62659300.0,,,,,,,,,,,,,,,
2020-04-01,176.070068359375,181.2369596598168,174.66970049575394,178.44587635715587,53715400.0,,,,,,,,,,,,,,,
2020-04-02,179.64340209960938,183.59342424655048,174.77591343116143,175.0366762262731,56465300.0,,,,,,,,,,,,,,,
2020-04-03,177.0937957763672,180.66716777620448,175.08498610579997,179.1991886445348,47487600.0,,,,,,,,,,,,,,,
2020-04-06,189.7550506591797,190.88500315636537,182.714572873169,183.9604133998533,64763500.0,,,,,,,,,,,,,,,
2020-04-07,189.67779541015625,195.72354331489208,189.2914921371396,195.44346091590847,69904500.0,,,,,,,,,,,,,,,
2020-04-08,193.70509338378903,194.2845483290108,189.4556834361989,191.36790980752508,45940400.0,,,,,,,,,,,,,,,
2020-04-09,193.9851531982422,196.26437792469773,192.2177869507489,195.42416018310405,68252600.0,,,,,,,,,,,,,,,
2020-04-13,196.08087158203125,196.45752242524904,191.94736473052976,193.15458086091047,42853900.0,,,,,,,,,,,,,,,
2020-04-14,204.6086578369141,205.2267519356357,199.35485062951767,200.1371243614047,63959600.0,,,,,,,,,,,,,,,
2020-04-15,202.2618103027344,204.5796740923791,200.03087727338848,201.3443289998964,47036000.0,,,,,,,,,,,,,,,
2020-04-16,205.9511108398437,207.0327719817897,202.51296100734896,204.44450718169685,64657400.0,,,,,,,,,,,,,,,
2020-04-17,207.92124938964844,209.09949355322345,204.8211265103519,208.771134290988,62863200.0,,,,,,,,,,,,,,,
2020-04-20,205.45852661132807,208.49105284757647,205.29434699105803,206.0573010777867,38249100.0,,,,,,,,,,,,,,,
2020-04-21,197.8772430419922,203.9326442962848,196.66037428312904,203.39181373679003,72932800.0,,,,,,,,,,,,,,,
2020-04-22,203.74913024902344,205.08190169987205,201.1994901277433,201.94313946127025,40089100.0,,,,,,,,,,,,,,,
2020-04-23,203.31455993652344,207.10038877224588,202.90893699732405,204.5410811801044,43278500.0,,,,,,,,,,,,,,,
2020-04-24,206.5209045410156,206.965166626078,202.3294530597426,203.7491406157427,34231900.0,,,,,,,,,,,,,,,
2020-04-27,208.18199157714844,209.21537559218325,207.1582747219143,208.79043318362773,36451700.0,,,,,,,,,,,,,,,
2020-04-28,204.260971069336,209.881776495698,203.9809034086784,209.881776495698,46862800.0,,,,,,,,,,,,,,,
2020-04-29,211.50425720214844,212.44105805908904,207.7763733578916,208.79043781233008,48716400.0,,,,,,,,,,,,,,,
2020-04-30,211.4173583984375,212.5086718027232,209.91075496584625,212.42175577465648,43359500.0,,,,,,,,,,,,,,,
2020-05-01,205.45852661132807,209.25400693430515,204.434794985752,207.1582815651756,48795000.0,,,,,,,,,,,,,,,
2020-05-04,207.8536834716797,208.0758071538681,203.89400794877983,204.2223819957649,32841000.0,,,,,,,,,,,,,,,
2020-05-05,210.21011352539065,212.6052259698329,209.427839906524,209.99764232810293,37783100.0,,,,,,,,,,,,,,,
2020-05-06,211.50425720214844,213.47442736050868,210.6447199427057,211.89056045311327,36455200.0,,,,,,,,,,,,,,,
2020-05-07,214.227783203125,215.1066254713922,212.8756921027044,214.227783203125,38624800.0,,,,,,,,,,,,,,,
2020-05-08,217.16368103027344,217.2988886381873,214.8651369592129,215.89852096982384,31852300.0,,,,,,,,,,,,,,,
2020-05-11,219.10487365722656,220.12859048250647,215.60878078526505,215.84057156583785,35714100.0,,,,,,,,,,,,,,,
2020-05-12,214.5174865722656,220.29281952139905,214.4885145621969,219.70369742245825,41054100.0,,,,,,,,,,,,,,,
2020-05-13,211.8326416015625,216.92226932530505,209.292668688536,215.0390149642318,65521200.0,,,,,,,,,,,,,,,
2020-05-14,214.23741149902344,214.27603593227283,208.597301106984,210.50952738812583,51549300.0,,,,,,,,,,,,,,,
2020-05-15,215.6282196044922,215.686163647546,210.8572969059716,211.29189196540693,55747200.0,,,,,,,,,,,,,,,
2020-05-18,219.64572143554688,220.85293754879643,217.75281482242545,218.5350885059672,42398100.0,,,,,,,,,,,,,,,
2020-05-19,219.09523010253903,221.982896239232,218.95037006914487,219.90647576259505,36237300.0,,,,,,,,,,,,,,,
2020-05-20,223.47018432617188,223.82751557322564,221.6255546033614,221.64487418703376,37417000.0,,,,,,,,,,,,,,,
2020-05-21,221.03643798828125,224.19451948437748,220.52457953233147,223.5184814044933,43642900.0,,,,,,,,,,,,,,,
2020-05-22,221.79942321777344,222.00222728846185,219.7133500715368,220.63083144321163,28762400.0,,,,,,,,,,,,,,,
2020-05-26,221.2006072998047,225.5755718722557,220.9591640870647,225.37275308948347,33055300.0,,,,,,,,,,,,,,,
2020-05-27,222.4078369140625,222.5237396840757,216.2751877787396,220.8626091002956,55665600.0,,,,,,,,,,,,,,,
2020-05-28,222.1181182861328,225.47900390804185,221.2102893871256,221.2682334042494,42784300.0,,,,,,,,,,,,,,,
2020-05-29,225.3727569580078,225.60454775136563,220.9301958727256,222.49475793897287,50691800.0,,,,,,,,,,,,,,,
2020-06-01,226.0487823486328,226.4254331564013,224.05929271085435,224.50355468909285,25776000.0,,,,,,,,,,,,,,,
2020-06-02,227.5650787353516,227.6230227529316,224.06897073059383,226.473750615843,33383400.0,,,,,,,,,,,,,,,
2020-06-03,228.5887908935547,229.34209257938343,227.29465873959504,228.17350088204523,37228700.0,,,,,,,,,,,,,,,
2020-06-04,226.985595703125,229.6511235103212,225.68179643834645,228.2411033772591,38716100.0,,,,,,,,,,,,,,,
2020-06-05,231.486083984375,232.0752059797861,227.5650487878622,228.13485120111392,47365600.0,,,,,,,,,,,,,,,
2020-06-08,233.282470703125,233.40801117207488,229.7670575785261,231.34125754502816,32937300.0,,,,,,,,,,,,,,,
2020-06-09,234.9725799560547,235.82245019731133,232.2394405266161,232.42293975923093,35046300.0,,,,,,,,,,,,,,,
2020-06-10,237.7926177978516,239.3378604181149,236.14113956323857,236.6626652106009,58084400.0,,,,,,,,,,,,,,,
2020-06-11,226.0101776123047,235.2526165789236,225.9522335962953,233.8715684089503,72919400.0,,,,,,,,,,,,,,,
2020-06-12,227.8065185546875,232.1718014942973,223.8082192997638,230.90664134099544,72034800.0,,,,,,,,,,,,,,,
2020-06-15,230.5782928466797,231.25433096740667,223.54746691806736,224.48426786269115,45307400.0,,,,,,,,,,,,,,,
2020-06-16,234.53797912597656,236.02526306305504,230.916330373176,235.4361409431384,48890100.0,,,,,,,,,,,,,,,
2020-06-17,235.2816162109375,237.09727418720425,234.4220788206568,236.0349179805532,34749300.0,,,,,,,,,,,,,,,
2020-06-18,235.91900634765625,236.16044957625311,234.1902793149737,234.9628858572636,30578600.0,,,,,,,,,,,,,,,
2020-06-19,235.88037109375,238.54589891002493,234.1516294038512,238.28513610887617,49422100.0,,,,,,,,,,,,,,,
2020-06-22,238.709213256836,238.83497203202995,235.45857256467733,235.74879647831915,24068700.0,,,,,,,,,,,,,,,
2020-06-23,240.7408905029297,242.9757035454453,239.75409952451665,240.30553980514105,32767400.0,,,,,,,,,,,,,,,
2020-06-24,235.77784729003903,241.2149254321226,234.27829301336337,239.986256665306,46032400.0,,,,,,,,,,,,,,,
2020-06-25,238.02232360839844,238.322231504084,233.29148174788256,235.8649087917533,36940800.0,,,,,,,,,,,,,,,
2020-06-26,232.40142822265625,237.95461058814803,231.8789956339686,237.7804614712012,52824600.0,,,,,,,,,,,,,,,
2020-06-29,234.9361724853516,234.94585645858035,229.62486746106973,232.1595884050854,34377800.0,,,,,,,,,,,,,,,
2020-06-30,239.54122924804688,240.08300025069124,234.6846138820804,234.86843220701027,38909200.0,,,,,,,,,,,,,,,
2020-07-01,242.3371734619141,243.33364832067176,239.03815701076505,239.5799280296446,34689200.0,,,,,,,,,,,,,,,
2020-07-02,243.98182678222656,245.99412957590687,243.5174537566549,244.78481405774463,31956500.0,,,,,,,,,,,,,,,
2020-07-06,249.98004150390625,250.502444545952,247.1163611229757,247.13571430450963,34589000.0,,,,,,,,,,,,,,,
2020-07-07,248.2579803466797,252.38902155856653,247.9580724233639,249.7285270925464,36578200.0,,,,,,,,,,,,,,,
2020-07-08,251.52798461914065,251.5570070153136,248.15158459234928,249.58342502693569,30426300.0,,,,,,,,,,,,,,,
2020-07-09,253.6466827392578,254.31422730876704,249.2447857889523,253.44352598637,40312900.0,,,,,,,,,,,,,,,
2020-07-10,255.3784637451172,255.6300108686425,250.8217702705249,253.50160334106744,32885300.0,,,,,,,,,,,,,,,
2020-07-13,250.12515258789065,261.00899212379306,249.3028121403172,258.2227244787133,64108100.0,,,,,,,,,,,,,,,
2020-07-14,251.8955841064453,252.3019271171447,244.5332705344373,247.60009296158933,72230500.0,,,,,,,,,,,,,,,
2020-07-15,252.40835571289065,254.14010398466337,249.10933908788653,253.308079467626,54523900.0,,,,,,,,,,,,,,,
2020-07-16,250.686264038086,251.32478617232272,247.3001805992664,249.62206048102465,47594100.0,,,,,,,,,,,,,,,
2020-07-17,250.97653198242188,251.83754932542152,248.79976393164944,251.1409823682021,35137900.0,,,,,,,,,,,,,,,
2020-07-20,258.0970153808594,258.7258536950734,250.3670781972236,251.6150708514245,40610100.0,,,,,,,,,,,,,,,
2020-07-21,255.4075164794922,259.6739864908741,254.5658373422568,259.6643025159543,43243800.0,,,,,,,,,,,,,,,
2020-07-22,256.30718994140625,257.23596562138243,254.00464821179912,255.90087641518613,29865500.0,,,,,,,,,,,,,,,
2020-07-23,249.6124420166016,256.60710506156016,248.1999400352882,255.90088359521224,51363500.0,,,,,,,,,,,,,,,
2020-07-24,247.2421417236328,248.5675468346056,243.14015285037885,245.7716098902376,54054500.0,,,,,,,,,,,,,,,
2020-07-27,251.65370178222656,252.0406768192484,248.10316817406525,248.88680221943287,36445700.0,,,,,,,,,,,,,,,
2020-07-28,248.45144653320312,251.3925100729386,248.1612226252013,250.87007751423133,31302400.0,,,,,,,,,,,,,,,
2020-07-29,251.31512451171875,252.1761714056983,249.5156770390036,249.98971931474543,27556900.0,,,,,,,,,,,,,,,
2020-07-30,252.6308135986328,253.1919229192316,248.19986571034968,249.3511362627005,41774500.0,,,,,,,,,,,,,,,
2020-07-31,257.1392822265625,257.29407821401765,252.36006313952907,257.2553718360749,53686300.0,,,,,,,,,,,,,,,
2020-08-03,260.6123046875,261.3572323280069,259.1514422701452,259.2772157927388,32081600.0,,,,,,,,,,,,,,,
2020-08-04,261.57977294921875,261.67652408975704,259.3642987853949,260.1092264713641,24911300.0,,,,,,,,,,,,,,,
2020-08-05,262.22802734375,262.68273126739774,261.1735075047184,262.06357692788623,21612100.0,,,,,,,,,,,,,,,
2020-08-06,265.7011108398437,266.030041075209,261.39593634379446,262.0344583974919,28048200.0,,,,,,,,,,,,,,,
2020-08-07,262.63427734375,265.93329323320563,260.4865320544736,265.15931367779456,44969400.0,,,,,,,,,,,,,,,
2020-08-10,261.5120544433594,263.1277129331648,257.990543079371,262.92452667278354,35088400.0,,,,,,,,,,,,,,,
2020-08-11,256.5586853027344,261.63781002628787,256.01691436083286,260.3510818960452,43104300.0,,,,,,,,,,,,,,,
2020-08-12,263.0116271972656,263.9597412930272,258.6677748421069,258.71616518255945,38773400.0,,,,,,,,,,,,,,,
2020-08-13,263.6114501953125,265.88493979878893,262.67302015211345,263.7855845478306,31895700.0,,,,,,,,,,,,,,,
2020-08-14,263.3017883300781,264.5014195831263,261.9086548316943,264.2305341542349,30799500.0,,,,,,,,,,,,,,,
2020-08-17,266.3590087890625,266.86207342141137,263.3405619463594,265.01423574638244,24803000.0,,,,,,,,,,,,,,,
2020-08-18,268.9227600097656,269.3968022647834,265.962357860374,267.4232205147262,23529500.0,,,,,,,,,,,,,,,
2020-08-19,267.1136169433594,269.9385614536909,266.6008683458078,268.8840418671907,31999400.0,,,,,,,,,,,,,,,
2020-08-20,270.81890869140625,271.30263482968587,265.91391856341863,266.3202615102657,27723400.0,,,,,,,,,,,,,,,
2020-08-21,272.6957702636719,273.1504740176178,270.3642067189109,271.01241273916173,34748900.0,,,,,,,,,,,,,,,
2020-08-24,274.3985595703125,276.69141729040325,272.1153562987728,275.9658279093969,36418500.0,,,,,,,,,,,,,,,
2020-08-25,276.55596923828125,276.74947155623244,273.1795693174854,273.6245892196029,34866600.0,,,,,,,,,,,,,,,
2020-08-26,282.4574584960937,282.70900562491977,276.5269692152216,277.80401375867723,42216700.0,,,,,,,,,,,,,,,
2020-08-27,281.5770263671875,284.2859109668264,279.31319115616515,283.4345480790629,49482700.0,,,,,,,,,,,,,,,
2020-08-28,283.0089111328125,283.63774942514027,281.46098105025214,282.815408800876,28021000.0,,,,,,,,,,,,,,,
2020-08-31,285.2823791503906,287.0915104824484,283.09592719649555,283.53129260256844,36321000.0,,,,,,,,,,,,,,,
2020-09-01,290.1583557128906,290.27444528456937,286.16277231654675,287.93319733325944,36216200.0,,,,,,,,,,,,,,,
2020-09-02,292.9059143066406,293.6218196745437,287.22697312776324,293.4089789537744,50836800.0,,,,,,,,,,,,,,,
2020-09-03,278.05548095703125,288.90061343624177,275.15312393312,288.3975488475127,110083300.0,,,,,,,,,,,,,,,
2020-09-04,274.35015869140625,279.5260353152859,262.9535697658296,276.2657252124288,123959000.0,,,,,,,,,,,,,,,
2020-09-08,261.1637878417969,269.16460858102386,260.8832183782912,263.35989416653064,99568600.0,,,,,,,,,,,,,,,
2020-09-09,268.835693359375,270.9350486565504,264.1145206473575,266.6686093044054,64837900.0,,,,,,,,,,,,,,,
2020-09-10,263.4760131835937,273.01511029037704,261.75394889576535,271.7961106792902,69667500.0,,,,,,,,,,,,,,,
2020-09-11,261.6474914550781,266.26222838746224,258.2130180084171,265.2270473204114,71809000.0,,,,,,,,,,,,,,,
2020-09-14,266.2042236328125,268.1971733474241,264.07581640152523,265.4302439467507,38525200.0,,,,,,,,,,,,,,,
2020-09-15,269.977294921875,271.3220680816617,266.17521364561674,269.94827252756414,41849900.0,,,,,,,,,,,,,,,
2020-09-16,265.672119140625,271.2349710635181,265.3238504092941,270.7706127550769,42321000.0,,,,,,,,,,,,,,,
2020-09-17,261.5218200683594,265.4690140803572,258.00027808055853,258.84195720283145,81570800.0,,,,,,,,,,,,,,,
2020-09-18,258.1840209960937,263.2341237780638,254.0820322085779,262.9438998635904,86251100.0,,,,,,,,,,,,,,,
2020-09-21,258.8031921386719,258.93862011741146,251.6440210035753,253.9272239422864,57168600.0,,,,,,,,,,,,,,,
2020-09-22,263.6114501953125,264.1918980370395,257.8647803677729,261.20247355492427,41128900.0,,,,,,,,,,,,,,,
2020-09-23,255.56219482421875,263.47594729578014,254.68180971684944,263.29212900279646,48837300.0,,,,,,,,,,,,,,,
2020-09-24,256.7521667480469,259.9544313329653,252.71787787565825,252.8823577488173,70631700.0,,,,,,,,,,,,,,,
2020-09-25,262.7214050292969,263.53406160645886,255.6976902579788,257.2553041741036,55242400.0,,,,,,,,,,,,,,,
2020-09-28,268.1777648925781,268.1777648925781,262.8277553428567,267.5779197209143,58438300.0,,,,,,,,,,,,,,,
2020-09-29,266.9684753417969,268.6711713218636,266.4073364713568,267.61665185245886,27050000.0,,,,,,,,,,,,,,,
2020-09-30,268.7969055175781,271.941125048411,266.8910235748399,267.1619089996013,49380800.0,,,,,,,,,,,,,,,
2020-10-01,273.0634765625,273.67297638022234,270.73191242253915,272.6184566655552,50020200.0,,,,,,,,,,,,,,,
2020-10-02,265.38189697265625,273.053788329181,264.5402180086701,267.0362325061569,75497400.0,,,,,,,,,,,,,,,
2020-10-05,271.0414123535156,271.3606585893646,267.2393322869141,267.34573785743106,28184600.0,,,,,,,,,,,,,,,
2020-10-06,266.2042236328125,272.0379608118565,265.3238383473394,270.3546029716696,49704200.0,,,,,,,,,,,,,,,
2020-10-07,270.8093566894531,271.602645417856,268.25526754148774,268.8454290060769,27539700.0,,,,,,,,,,,,,,,
2020-10-08,272.2507629394531,273.2762600443379,271.1865594746759,273.20853129560163,25443300.0,,,,,,,,,,,,,,,
2020-10-09,276.4107971191406,276.48820983920064,273.5084401272333,273.8954151546272,30201100.0,,,,,,,,,,,,,,,
2020-10-12,284.9437561035156,287.7783845687081,280.0484492886036,281.0932848969225,79370700.0,,,,,,,,,,,,,,,
2020-10-13,284.9340209960937,287.3816739642826,283.5699098048313,286.7431814719717,64240000.0,,,,,,,,,,,,,,,
2020-10-14,282.5541381835937,286.70451713772445,280.81273571891273,285.7370647630565,36949100.0,,,,,,,,,,,,,,,
2020-10-15,280.657958984375,281.2480908016036,277.2138306570293,277.85235281088177,42514200.0,,,,,,,,,,,,,,,
2020-10-16,279.1197204589844,283.7247741213676,278.7714222185283,282.30261781514326,40570700.0,,,,,,,,,,,,,,,
2020-10-19,274.56298828125,281.9930453944881,273.5858814018512,281.03524741066656,36756800.0,,,,,,,,,,,,,,,
2020-10-20,275.1531066894531,278.258620243613,273.740634626473,275.2982186266941,32195400.0,,,,,,,,,,,,,,,
2020-10-21,274.9403076171875,277.9684384378739,274.4565814036416,275.40469541094143,29306100.0,,,,,,,,,,,,,,,
2020-10-22,274.9305725097656,276.6720042692186,271.6799471309994,275.7722512408998,32196200.0,,,,,,,,,,,,,,,
2020-10-23,275.4723815917969,275.63686148730443,272.60873081007645,275.5014039822625,24658500.0,,,,,,,,,,,,,,,
2020-10-26,271.34136962890625,276.0141516237852,267.7521295734599,273.18920721373644,38421100.0,,,,,,,,,,,,,,,
2020-10-27,273.4601135253906,274.28245401415154,271.0801887611452,272.3378651385637,30559100.0,,,,,,,,,,,,,,,
2020-10-28,262.7987670898437,269.5709334513047,262.54722003435563,268.96143375488487,53413500.0,,,,,,,,,,,,,,,
2020-10-29,267.3941955566406,270.3932745179459,263.6501297925138,264.1145175950573,43246300.0,,,,,,,,,,,,,,,
2020-10-30,260.6123046875,266.2815609805573,258.37749224167834,265.41085981745687,65838300.0,,,,,,,,,,,,,,,
2020-11-02,261.1928405761719,264.61760122108484,258.28079905882623,263.0019720549705,39987400.0,,,,,,,,,,,,,,,
2020-11-03,265.7107849121094,267.8101695251323,262.0247937804703,263.1083357003649,43604100.0,,,,,,,,,,,,,,,
2020-11-04,277.5718078613281,279.3712553885632,272.69583886201065,274.35985838820505,75728200.0,,,,,,,,,,,,,,,
2020-11-05,284.80828857421875,285.7757408463834,282.49606347208106,283.976264267521,52054200.0,,,,,,,,,,,,,,,
2020-11-06,285.02117919921875,285.7467686056481,280.3967572298811,284.1504778163652,40959800.0,,,,,,,,,,,,,,,
2020-11-09,279.19708251953125,289.40372297904185,278.7423787139035,287.9621988371177,86537100.0,,,,,,,,,,,,,,,
2020-11-10,274.1954345703125,277.3299716115527,271.48654951953614,275.8884766554312,69024900.0,,,,,,,,,,,,,,,
2020-11-11,280.3290710449219,280.80311336475245,274.156718816236,276.7204622668145,36102900.0,,,,,,,,,,,,,,,
2020-11-12,279.0133056640625,282.5638694642517,277.90074115178044,281.2965090031892,34414600.0,,,,,,,,,,,,,,,
2020-11-13,281.46099853515625,282.08018241636955,278.5005957233473,280.72575458160605,24806900.0,,,,,,,,,,,,,,,
2020-11-16,283.6570739746094,283.95698187620894,280.5515303107335,281.16103008634104,30168400.0,,,,,,,,,,,,,,,
2020-11-17,282.7572326660156,284.1793885246598,282.11871069638994,283.85045833260364,21843500.0,,,,,,,,,,,,,,,
2020-11-18,280.6676025390625,283.8215068214784,280.5805353656853,282.205877841639,28069600.0,,,,,,,,,,,,,,,
2020-11-19,282.86376953125,283.1733614202111,279.44866335272445,280.11620794641226,22718400.0,,,,,,,,,,,,,,,
2020-11-20,280.9288635253906,283.53131312948705,280.8417963427337,282.7863558040206,25907300.0,,,,,,,,,,,,,,,
2020-11-23,280.93853759765625,283.22171126057486,278.6940407761283,281.92532849063366,26875600.0,,,,,,,,,,,,,,,
2020-11-24,284.8856811523437,285.3790912751818,280.20321554369457,282.0026626575489,24516800.0,,,,,,,,,,,,,,,
2020-11-25,286.63677978515625,287.2753018761948,285.00178295908097,285.9498968865568,23326800.0,,,,,,,,,,,,,,,
2020-11-27,289.2779541015625,290.40020243829326,288.204066575533,288.60072560591834,17163100.0,,,,,,,,,,,,,,,
2020-11-30,289.8681030273437,290.20671729517454,285.1856366366247,289.59721751794035,27836200.0,,,,,,,,,,,,,,,
2020-12-01,293.5831298828125,295.20847253512443,291.0387250622598,292.1416350933177,27521300.0,,,,,,,,,,,,,,,
2020-12-02,293.96044921875,294.29906349998095,290.5743654550554,292.41251930762814,23620000.0,,,,,,,,,,,,,,,
2020-12-03,294.3764953613281,295.9244255282771,293.6509058634751,294.27008973997954,22828700.0,,,,,,,,,,,,,,,
2020-12-04,295.5760803222656,295.7212218182587,293.7476104304128,294.4248094730478,19332100.0,,,,,,,,,,,,,,,
2020-12-07,297.24981689453125,297.6174536132783,295.57611323656033,295.7599315959339,20851000.0,,,,,,,,,,,,,,,
2020-12-08,298.2559509277344,298.5558588522891,295.024662996755,296.7757497269518,18341500.0,,,,,,,,,,,,,,,
2020-12-09,291.5030822753906,298.32360993230856,290.4388787232526,298.04306999188924,48839300.0,,,,,,,,,,,,,,,
2020-12-10,292.6737365722656,293.7959850799889,288.38792883560706,289.4714709742892,27519500.0,,,,,,,,,,,,,,,
2020-12-11,292.0255126953125,292.15128623113674,288.75551886109844,291.01935393302256,26760400.0,,,,,,,,,,,,,,,
2020-12-14,294.1441955566406,296.0887545369925,293.14772090249704,293.21542012272613,28804800.0,,,,,,,,,,,,,,,
2020-12-15,297.2884826660156,297.2884826660156,294.211961322308,296.39841338827165,25709000.0,,,,,,,,,,,,,,,
2020-12-16,298.92352294921875,299.7071572141739,296.640319399683,297.6851847691639,25461900.0,,,,,,,,,,,,,,,
2020-12-17,300.877685546875,301.1098646667226,299.3201014107255,300.5197328956756,23730500.0,,,,,,,,,,,,,,,
2020-12-18,299.96832275390625,301.8258445629671,297.59805229574795,301.5162526740724,41173400.0,,,,,,,,,,,,,,,
2020-12-21,299.4071960449219,299.9402476304263,294.25101189806537,297.02292746721054,37095500.0,,,,,,,,,,,,,,,
2020-12-22,300.2212829589844,301.1420109826274,297.4008897341945,300.30850795630914,26176300.0,,,,,,,,,,,,,,,
2020-12-23,298.7092590332031,300.62826771358965,298.5541825456682,300.2696662764595,21201300.0,,,,,,,,,,,,,,,
2020-12-24,300.0274658203125,300.4732923859364,298.89351114155653,298.97103462251584,16785000.0,,,,,,,,,,,,,,,
2020-12-28,303.0514221191406,303.52635332428895,300.80285637972554,302.634670504235,22497700.0,,,,,,,,,,,,,,,
2020-12-29,303.3227233886719,304.9994605378058,302.4213688422395,304.3791544556446,25871900.0,,,,,,,,,,,,,,,
2020-12-30,303.3323974609375,304.8055799060059,302.7120914349176,304.48575494609014,18138100.0,,,,,,,,,,,,,,,
2020-12-31,304.0786437988281,304.5632467395812,302.1596350832484,303.2354394143684,21611400.0,,,,,,,,,,,,,,,
2021-01-04,299.7850341796875,305.5808953289596,295.7822096194446,305.4064158113224,45305900.0,,,,,,,,,,,,,,,
2021-01-05,302.2566223144531,302.5280284370665,298.7965787628583,298.7965787628583,29323400.0,,,,,,,,,,,,,,,
2021-01-06,298.0696105957031,302.27596093217613,296.5576516573513,297.54623109309864,52809600.0,,,,,,,,,,,,,,,
2021-01-07,305.28057861328125,306.1140817454382,300.6962226529403,300.7252976557406,30394800.0,,,,,,,,,,,,,,,
2021-01-08,309.2058410644531,309.5547706636761,305.37746488866003,307.5678802824092,33955800.0,,,,,,,,,,,,,,,
2021-01-11,304.73779296875,307.4224832000481,304.0884118717858,306.249752108564,32746400.0,,,,,,,,,,,,,,,
2021-01-12,304.2531433105469,305.8619991509885,301.61690195667103,304.7764932248899,29266800.0,,,,,,,,,,,,,,,
2021-01-13,306.307861328125,307.1025877399396,303.91392141249594,304.5148243780855,22898400.0,,,,,,,,,,,,,,,
2021-01-14,304.669921875,307.7519899560622,304.19499080671324,306.75370892686954,23500100.0,,,,,,,,,,,,,,,
2021-01-15,302.2566223144531,305.4162438970654,301.01603959858863,304.45673925260405,35118700.0,,,,,,,,,,,,,,,
2021-01-19,306.66650390625,307.1704804273675,303.4778075735945,304.5730151928174,24537000.0,,,,,,,,,,,,,,,
2021-01-20,313.7998046875,314.73993565680496,306.76338949345245,310.2816118793856,30728100.0,,,,,,,,,,,,,,,
2021-01-21,316.31011962890625,317.05642732892625,313.76113218121986,315.13738841465084,25130600.0,,,,,,,,,,,,,,,
2021-01-22,315.3990783691406,316.407031469177,314.7109207065593,315.27307683718,21609400.0,,,,,,,,,,,,,,,
2021-01-25,318.0061950683594,320.1481618170667,311.5125320309247,318.7815776847995,39080600.0,,,,,,,,,,,,,,,
2021-01-26,318.4714050292969,319.60538909572153,317.1435975040631,318.7234080613514,25498100.0,,,,,,,,,,,,,,,
2021-01-27,309.59356689453125,316.2229345567672,307.58730271866483,316.2132626065165,55264000.0,,,,,,,,,,,,,,,
2021-01-28,311.4253234863281,316.36828070768473,310.1750392860136,310.7953454119391,42836300.0,,,,,,,,,,,,,,,
2021-01-29,304.8735046386719,310.843818472695,303.1289452827195,309.7389091901857,55259000.0,,,,,,,,,,,,,,,
2021-02-01,312.4913330078125,313.5768387225829,306.28839250430315,308.31402898593944,35646000.0,,,,,,,,,,,,,,,
2021-02-02,317.5895080566406,318.7428659008785,315.29249389591047,315.4572719784424,33930800.0,,,,,,,,,,,,,,,
2021-02-03,316.3293762207031,320.0317492703711,316.2712262421481,319.66344635431454,24824500.0,,,,,,,,,,,,,,,
2021-02-04,320.07061767578125,320.157842676717,316.40701974736385,317.7251554430915,22350900.0,,,,,,,,,,,,,,,
2021-02-05,321.1561279296875,322.1641105831951,319.3824937321588,321.0204544524247,22732000.0,,,,,,,,,,,,,,,
2021-02-08,323.3077697753906,323.46284630646204,321.20460902422445,322.84256976000034,20462800.0,,,,,,,,,,,,,,,
2021-02-09,323.239990234375,324.4999465451296,322.3676809354226,322.3773824629574,17597500.0,,,,,,,,,,,,,,,
2021-02-10,322.5032653808594,325.1298051056285,319.3533461848029,324.6742771464708,28068700.0,,,,,,,,,,,,,,,
2021-02-11,324.2769470214844,324.68402657650824,321.8927084215484,324.03464550911383,22046100.0,,,,,,,,,,,,,,,
2021-02-12,326.0893859863281,326.2541344505574,322.38701179217514,323.4337413075448,20346800.0,,,,,,,,,,,,,,,
2021-02-16,325.2074279785156,327.7758182666713,324.04436880985253,326.8841356269865,27080800.0,,,,,,,,,,,,,,,
2021-02-17,323.64697265625,325.3237097887866,320.00277798200216,322.23194008983177,31360300.0,,,,,,,,,,,,,,,
2021-02-18,322.2319641113281,323.5888467814989,318.2485115255932,320.0609518390549,32236200.0,,,,,,,,,,,,,,,
2021-02-19,320.8265380859375,323.70508089716884,319.80888368490145,323.57907939311684,39157700.0,,,,,,,,,,,,,,,
2021-02-22,312.5107727050781,317.70570246324013,312.3072477348789,316.44574654396285,47256900.0,,,,,,,,,,,,,,,
2021-02-23,311.58038330078125,313.24741895248553,301.4230928673944,307.23832938573645,97241900.0,,,,,,,,,,,,,,,
2021-02-24,314.1487121582031,314.4588651439499,306.23028696468884,308.92467817550323,58206300.0,,,,,,,,,,,,,,,
2021-02-25,303.1967163085937,314.05183592483166,301.6556822348677,311.4931473273802,110182600.0,,,,,,,,,,,,,,,
2021-02-26,304.46636962890625,309.2832947787823,301.3067487846613,306.12370351235546,104739800.0,,,,,,,,,,,,,,,
2021-03-01,313.6253967285156,313.9646247773267,308.149388207386,309.43841929948087,49164500.0,,,,,,,,,,,,,,,
2021-03-02,308.59521484375,314.3425998904957,308.34324137187855,314.2650764171097,48370000.0,,,,,,,,,,,,,,,
2021-03-03,299.63970947265625,308.4400863205711,299.58155948296434,307.49995538346167,86301100.0,,,,,,,,,,,,,,,
2021-03-04,294.735595703125,302.43109488919055,290.8684430573128,299.271473379869,139131600.0,,,,,,,,,,,,,,,
2021-03-05,299.1744689941406,300.0758233790927,288.29030570766,297.3523571765063,121523700.0,,,,,,,,,,,,,,,
2021-03-08,290.7037353515625,300.51209821866854,290.28698374788854,298.631835660432,88409800.0,,,,,,,,,,,,,,,
2021-03-09,302.1693725585937,304.06903779434106,297.46874667614884,298.00179819545,80391100.0,,,,,,,,,,,,,,,
2021-03-10,301.3067626953125,306.724620626328,300.6186347246778,306.4241691358613,76798100.0,,,,,,,,,,,,,,,
2021-03-11,308.24627685546875,310.0102092524553,305.15450742613785,306.04616036038266,53484800.0,,,,,,,,,,,,,,,
2021-03-12,305.74566650390625,308.4303856148921,301.80102120780384,304.1949312418109,69315600.0,,,,,,,,,,,,,,,
2021-03-15,309.011962890625,309.1767409392232,304.4276370409877,306.06559768993225,42955700.0,,,,,,,,,,,,,,,
2021-03-16,310.7080383300781,314.21658880357774,309.2736324174418,311.20234284203747,54925900.0,,,,,,,,,,,,,,,
2021-03-17,311.9874267578125,313.8773904178107,305.958963843639,307.67447751041885,78258700.0,,,,,,,,,,,,,,,
2021-03-18,302.4310913085937,308.0912516000334,301.9755632410346,307.1123439366389,82718100.0,,,,,,,,,,,,,,,
2021-03-19,303.4972229003906,305.03825710361554,300.12437490714007,302.2663121807997,78446200.0,,,,,,,,,,,,,,,
2021-03-22,309.18865966796875,311.25568011642184,305.88920389424806,305.88920389424806,56194800.0,,,,,,,,,,,,,,,
2021-03-23,307.8398742675781,311.59543446462345,307.02471644005647,310.2756635863065,53455400.0,,,,,,,,,,,,,,,
2021-03-24,302.6480407714844,309.2469834434908,302.50248217460296,309.20815794592994,64803700.0,,,,,,,,,,,,,,,
2021-03-25,302.1239624023437,303.63786046600666,298.3004954035918,300.8041918021936,78729000.0,,,,,,,,,,,,,,,
2021-03-26,306.6558837890625,306.976112662343,300.5130748438378,301.91046681514456,63519600.0,,,,,,,,,,,,,,,
2021-03-29,306.5685729980469,307.61662446358594,303.2302911223653,306.12218344931506,54608000.0,,,,,,,,,,,,,,,
2021-03-30,305.0256652832031,305.5982156181683,302.327870178271,304.60838735325643,44635700.0,,,,,,,,,,,,,,,
2021-03-31,309.6933898925781,311.2557682762274,306.4715545684974,306.81121105651914,55032500.0,,,,,,,,,,,,,,,
2021-04-01,314.9725036621094,315.10834847578525,313.26453721468926,313.51685851674256,55685600.0,,,,,,,,,,,,,,,
2021-04-05,321.2608642578125,322.02751230877504,317.2141874323933,317.4567949509735,42172500.0,,,,,,,,,,,,,,,
2021-04-06,321.0377197265625,322.9882642529045,320.2613578123154,320.9503845640557,33537200.0,,,,,,,,,,,,,,,
2021-04-07,321.8139953613281,322.6485805702944,319.6305278375827,320.56213235546545,32046400.0,,,,,,,,,,,,,,,
2021-04-08,325.1717529296875,325.356137045149,323.8713799573456,324.6671398645816,29940800.0,,,,,,,,,,,,,,,
2021-04-09,327.1416931152344,327.34550476932856,323.0756180393598,323.81312481383054,36664900.0,,,,,,,,,,,,,,,
2021-04-12,326.7147216796875,327.1319995238348,324.832084876817,326.1033459653811,25833000.0,,,,,,,,,,,,,,,
2021-04-13,330.5285339355469,330.99432148049897,328.0248074207108,328.23830325054035,30374000.0,,,,,,,,,,,,,,,
2021-04-14,326.5594787597656,330.89730297398444,325.7443209388951,330.77114230852,42564300.0,,,,,,,,,,,,,,,
2021-04-15,331.5086364746094,331.8968322351225,326.27803325321327,329.43193130872146,36342800.0,,,,,,,,,,,,,,,
2021-04-16,331.8968200683594,332.11031588274375,330.02386739959644,332.0326648874163,40860100.0,,,,,,,,,,,,,,,
2021-04-19,328.8593444824219,331.47948788337334,326.9378822962506,330.3247033543837,34533100.0,,,,,,,,,,,,,,,
2021-04-20,326.4623413085937,329.4803642218668,324.49236970510816,328.19941920216473,38081800.0,,,,,,,,,,,,,,,
2021-04-21,329.2572631835937,329.4416472865148,324.0945675321625,325.1814445924262,36598100.0,,,,,,,,,,,,,,,
2021-04-22,325.2882385253906,329.8492430277399,324.1334241342537,328.8691285928351,45936100.0,,,,,,,,,,,,,,,
2021-04-23,329.3834533691406,330.69351053391887,325.9190102176331,325.9190102176331,36381900.0,,,,,,,,,,,,,,,
2021-04-26,331.52801513671875,331.8094481370304,328.8787304993542,329.62598057447394,30812000.0,,,,,,,,,,,,,,,
2021-04-27,330.0918884277344,332.0327491912256,329.14088560734206,331.8192533226341,33187200.0,,,,,,,,,,,,,,,
2021-04-28,328.9757995605469,330.7711011449007,328.32559837144595,329.7618455619641,33615700.0,,,,,,,,,,,,,,,
2021-04-29,330.1596984863281,332.6633948761398,326.937863752322,332.2461170803668,37708900.0,,,,,,,,,,,,,,,
2021-04-30,327.99566650390625,330.1985618281521,327.08345982266536,327.71426309227223,38263400.0,,,,,,,,,,,,,,,
2021-05-03,326.2489318847656,329.9462685840966,325.80254228422564,329.1990479902384,29729700.0,,,,,,,,,,,,,,,
2021-05-04,320.3777770996094,324.01688963010014,316.56396466012313,323.6966311429197,65147000.0,,,,,,,,,,,,,,,
2021-05-05,319.3006591796875,323.2891428472081,318.52432683741387,322.4254457223868,46219300.0,,,,,,,,,,,,,,,
2021-05-06,321.7073974609375,321.8626698816944,316.7970219133492,319.0387138105009,46814300.0,,,,,,,,,,,,,,,
2021-05-07,324.3177795410156,326.6953157241901,321.88199030080017,324.4827360878982,53324500.0,,,,,,,,,,,,,,,
2021-05-10,316.1273803710937,323.11446068167044,315.9235686875051,322.939790337322,60700500.0,,,,,,,,,,,,,,,
2021-05-11,315.690673828125,316.4864337699325,309.58665903966653,310.2465741413895,71963600.0,,,,,,,,,,,,,,,
2021-05-12,307.5196533203125,313.08019964815134,306.6559561904388,310.76088677179484,91164900.0,,,,,,,,,,,,,,,
2021-05-13,309.89715576171875,312.866669605649,307.5293038630691,310.46002182452656,69877800.0,,,,,,,,,,,,,,,
2021-05-14,316.7386779785156,317.6508549788167,312.5560972204388,313.0607397997424,44370000.0,,,,,,,,,,,,,,,
2021-05-17,314.8172912597656,316.71932631976534,311.9448259180053,315.0307871063602,39395000.0,,,,,,,,,,,,,,,
2021-05-18,312.6919250488281,316.9909224186203,312.4202058601434,315.7682008771245,36528500.0,,,,,,,,,,,,,,,
2021-05-19,313.05108642578125,313.3519174298694,306.9470719461978,307.29644223121727,66319100.0,,,,,,,,,,,,,,,
2021-05-20,319.10650634765625,319.96048954623984,314.31260905592654,314.53578901793674,46466100.0,,,,,,,,,,,,,,,
2021-05-21,317.34033203125,321.0764639362925,316.9812776603383,320.6591861330802,50330400.0,,,,,,,,,,,,,,,
2021-05-24,322.677734375,323.8034368878957,317.2336059057907,319.6305695291167,32475800.0,,,,,,,,,,,,,,,
2021-05-25,323.1241455078125,324.909733525468,321.9499332557762,324.19162465292703,31280300.0,,,,,,,,,,,,,,,
2021-05-26,324.24981689453125,324.7156043929025,323.10471647413306,323.79371355892494,25444900.0,,,,,,,,,,,,,,,
2021-05-27,323.0367736816406,324.6476911877741,322.8329916546215,323.80342174637593,27931700.0,,,,,,,,,,,,,,,
2021-05-28,324.0557861328125,325.6473060556268,323.73555716136866,324.2401702608259,29927400.0,,,,,,,,,,,,,,,
2021-06-01,322.9786376953125,325.86081703281144,321.62972528725663,325.38528602077685,31145400.0,,,,,,,,,,,,,,,
2021-06-02,323.609375,324.4536445747608,321.89172412773416,323.3958791614827,22047900.0,,,,,,,,,,,,,,,
2021-06-03,320.2419128417969,322.0468984988941,318.57277199025685,320.77563751713006,37057800.0,,,,,,,,,,,,,,,
2021-06-04,325.67633056640625,326.12272009697,321.96928066931946,322.03721788043293,38736500.0,,,,,,,,,,,,,,,
2021-06-07,326.646728515625,326.7049519436648,324.4535473422184,325.142544317471,32611900.0,,,,,,,,,,,,,,,
2021-06-08,326.8020324707031,329.2572193077568,325.12317782604936,328.39352234967527,27282800.0,,,,,,,,,,,,,,,
2021-06-09,326.8796081542969,328.94662860623293,326.6952241017186,328.17029652234487,21485300.0,,,,,,,,,,,,,,,
2021-06-10,330.28594970703125,330.3926828218931,326.7729968532815,327.2193864871086,33702100.0,,,,,,,,,,,,,,,
2021-06-11,331.1495361328125,331.159249910032,329.6453814225144,330.29555296238215,21222800.0,,,,,,,,,,,,,,,
2021-06-14,334.3229675292969,334.33265169441887,330.3927068641534,331.57663306929425,27827700.0,,,,,,,,,,,,,,,
2021-06-15,332.1394348144531,334.28407716789974,331.4212963603784,333.9735324102014,35963800.0,,,,,,,,,,,,,,,
2021-06-16,330.9263610839844,333.6726650969372,327.4716324725193,332.6051861180744,55399500.0,,,,,,,,,,,,,,,
2021-06-17,335.1284484863281,336.137704447897,329.868732024972,329.9172417014604,59722700.0,,,,,,,,,,,,,,,
2021-06-18,332.4984130859375,334.6139432348051,331.7511630829106,333.4688430201158,55414900.0,,,,,,,,,,,,,,,
2021-06-21,334.5650329589844,334.8856630647961,330.47479021929064,332.6899368657953,32992600.0,,,,,,,,,,,,,,,
2021-06-22,337.68365478515625,338.1305621489894,334.0597409959635,334.3609209204521,28941600.0,,,,,,,,,,,,,,,
2021-06-23,337.8487854003906,338.995243713546,337.01326169116265,337.62534655465817,27188500.0,,,,,,,,,,,,,,,
2021-06-24,339.937744140625,341.4630645317735,339.2382226324441,339.78229162219185,32581600.0,,,,,,,,,,,,,,,
2021-06-25,339.5198059082031,340.7439754312612,338.9174461903566,340.5010865353861,28682800.0,,,,,,,,,,,,,,,
2021-06-28,343.6490173339844,343.78504938710785,340.74407478018696,340.8023657602307,39130300.0,,,,,,,,,,,,,,,
2021-06-29,344.8925476074219,344.92169309236914,342.6385609226025,343.474084590776,29426000.0,,,,,,,,,,,,,,,
2021-06-30,344.3485412597656,345.12580374858084,343.76560180553736,344.73715767940706,32724000.0,,,,,,,,,,,,,,,
2021-07-01,344.4845886230469,344.98978702607894,342.648333708053,343.99881066452366,29290000.0,,,,,,,,,,,,,,,
2021-07-02,348.43878173828125,348.7593821022505,346.1458946628319,346.37905856390046,32727200.0,,,,,,,,,,,,,,,
2021-07-06,349.9447326660156,350.2264921874784,346.3499638665646,349.0411927673463,38842400.0,,,,,,,,,,,,,,,
2021-07-07,350.6830139160156,352.4415272213545,348.7301776263033,352.14034735024285,35265200.0,,,,,,,,,,,,,,,
2021-07-08,348.5650939941406,349.4200679163913,344.3388496163626,345.62128085020595,50890000.0,,,,,,,,,,,,,,,
2021-07-09,350.74139404296875,351.2174469313186,347.39923947890736,347.9821789306915,35184500.0,,,,,,,,,,,,,,,
2021-07-12,352.1112670898437,352.56789950313225,350.5664672718348,352.140412577946,25717700.0,,,,,,,,,,,,,,,
2021-07-13,352.1112670898437,355.07450042851514,351.2562932394713,351.73234609498456,39723000.0,,,,,,,,,,,,,,,
2021-07-14,352.7427978515625,355.0939464599884,351.9169694297803,354.45271602599973,35336400.0,,,,,,,,,,,,,,,
2021-07-15,350.2652893066406,352.85935636038874,348.26388671366414,352.6553379425304,53391600.0,,,,,,,,,,,,,,,
2021-07-16,347.4283752441406,352.1015564750905,347.0785997230479,351.12027558621315,47262000.0,,,,,,,,,,,,,,,
2021-07-19,344.5816955566406,345.07716883415947,342.02649915567275,343.97930607789306,64404600.0,,,,,,,,,,,,,,,
2021-07-20,348.5845031738281,350.0321117839169,343.7364197177112,345.5143833813313,42183700.0,,,,,,,,,,,,,,,
2021-07-21,351.2757263183594,351.2757263183594,347.9335718645994,348.1570403811089,30259900.0,,,,,,,,,,,,,,,
2021-07-22,353.5977783203125,353.6074737175383,351.4797639447005,351.4797639447005,30252200.0,,,,,,,,,,,,,,,
2021-07-23,357.7268371582031,358.00856697658435,353.5685797557076,354.9190268234628,31960800.0,,,,,,,,,,,,,,,
2021-07-26,358.0086364746094,358.397282567666,356.1724111779134,357.03708054103595,28438100.0,,,,,,,,,,,,,,,
2021-07-27,354.0640869140625,357.7462918418224,349.9155541597789,357.7462918418224,57933100.0,,,,,,,,,,,,,,,
2021-07-28,355.4242858886719,356.998231370159,352.90795963703147,355.2008470048349,42066200.0,,,,,,,,,,,,,,,
2021-07-29,356.0558166503906,357.2216659398344,354.86079222041604,354.86079222041604,25672500.0,,,,,,,,,,,,,,,
2021-07-30,354.2001647949219,354.78310430303725,352.1016003554276,352.13074584835664,36484600.0,,,,,,,,,,,,,,,
2021-08-02,354.229248046875,356.4443940688661,353.520001644176,355.86145466317794,27334100.0,,,,,,,,,,,,,,,
2021-08-03,356.3764343261719,356.4930162958141,351.70325259596177,354.88995491416483,35558500.0,,,,,,,,,,,,,,,
2021-08-04,356.8912658691406,357.84340112520624,355.2299139305761,356.33747200644353,29602200.0,,,,,,,,,,,,,,,
2021-08-05,359.15509033203125,359.38825426520106,356.99823500160903,357.7074518481785,21443900.0,,,,,,,,,,,,,,,
2021-08-06,357.58111572265625,358.8635765497484,356.47355748073585,357.8920207079267,33332100.0,,,,,,,,,,,,,,,
2021-08-09,358.2417907714844,358.76640957041377,356.9399095212192,358.03774270014765,25960200.0,,,,,,,,,,,,,,,
2021-08-10,356.4055480957031,359.0481812206712,355.2202487606175,358.75672632250746,35130800.0,,,,,,,,,,,,,,,
2021-08-11,355.7934875488281,358.16408638149835,354.46246067342184,357.6686130206565,34249800.0,,,,,,,,,,,,,,,
2021-08-12,357.0758972167969,357.43536811406886,353.93776135089763,355.28823812662705,25969200.0,,,,,,,,,,,,,,,
2021-08-13,358.3292236328125,358.6595490527327,356.9301808840148,357.4256838386604,19336200.0,,,,,,,,,,,,,,,
2021-08-16,358.4847717285156,358.52361262390224,353.3549568313253,357.2120356404493,34856900.0,,,,,,,,,,,,,,,
2021-08-17,355.3271484375,356.70674120576933,352.89825869804963,355.7351853099892,44793900.0,,,,,,,,,,,,,,,
2021-08-18,351.9072265625,356.1917913024979,351.57690114042134,354.7927485445585,38541900.0,,,,,,,,,,,,,,,
2021-08-19,353.6074523925781,355.27852960997615,349.7212290637019,349.9738430679288,48499400.0,,,,,,,,,,,,,,,
2021-08-20,357.2702331542969,357.66857459932345,354.3652610843774,354.67616606335383,39486000.0,,,,,,,,,,,,,,,
2021-08-23,362.6138000488281,363.30359639946914,358.30008970905754,358.3097851058622,34034700.0,,,,,,,,,,,,,,,
2021-08-24,363.7213134765625,364.32367328454313,362.7400327025457,363.2063901262377,21732900.0,,,,,,,,,,,,,,,
2021-08-25,364.1391296386719,364.7123736957995,363.2258647453417,363.9739817438647,20441900.0,,,,,,,,,,,,,,,
2021-08-26,361.826904296875,363.9643097410083,361.3896922301354,363.28423831995815,29133300.0,,,,,,,,,,,,,,,
2021-08-27,365.3439636230469,365.8491621204898,361.9726627748898,362.4584408241946,27104700.0,,,,,,,,,,,,,,,
2021-08-30,369.44378662109375,369.92956447983937,366.1113279764576,366.13077806650506,27295700.0,,,,,,,,,,,,,,,
2021-08-31,369.142578125,369.7546332740036,367.5977785622725,369.6866469126866,29628200.0,,,,,,,,,,,,,,,
2021-09-01,369.754638671875,371.82405696395887,369.5506202858955,370.2015756214834,28138300.0,,,,,,,,,,,,,,,
2021-09-02,369.5798645019531,371.43553985938416,368.36541960700094,371.1052144059012,25453400.0,,,,,,,,,,,,,,,
2021-09-03,370.7166137695313,371.1149552699971,368.4140308944901,368.43345133980495,24605400.0,,,,,,,,,,,,,,,
2021-09-07,371.24114990234375,371.8921052945021,369.6672343461001,370.82338804966736,23970200.0,,,,,,,,,,,,,,,
2021-09-08,369.948974609375,371.06625772344427,367.6852628965051,371.06625772344427,32949200.0,,,,,,,,,,,,,,,
2021-09-09,368.6762390136719,371.2800011479982,368.4333500910774,370.1724430787213,29399000.0,,,,,,,,,,,,,,,
2021-09-10,365.878173828125,371.1051484712424,365.5478484333313,370.3862067090166,40249400.0,,,,,,,,,,,,,,,
2021-09-13,365.6256103515625,368.6374395018655,363.57564168171336,368.2099525437821,48741800.0,,,,,,,,,,,,,,,
2021-09-14,364.58599853515625,367.8406863843365,363.63386328299066,367.11201961520175,41826600.0,,,,,,,,,,,,,,,
2021-09-15,367.2967529296875,367.6465285255299,362.74987773049946,365.0427654268022,34097900.0,,,,,,,,,,,,,,,
2021-09-16,367.54925537109375,368.122469708708,364.04195332665904,365.9656147462218,35193100.0,,,,,,,,,,,,,,,
2021-09-17,363.19677734375,367.1218720035204,362.1572349261721,367.07330606187605,60912300.0,,,,,,,,,,,,,,,
2021-09-20,355.6919860839844,359.1448221969351,351.0525065540543,357.40380039437053,76203200.0,,,,,,,,,,,,,,,
2021-09-21,356.1295166015625,358.71672357721854,355.0012589193847,357.5203744709026,41927500.0,,,,,,,,,,,,,,,
2021-09-22,359.4560241699219,360.9149738291724,355.94480322180743,357.04388338096123,46972900.0,,,,,,,,,,,,,,,
2021-09-23,362.7726440429688,363.8036325830604,359.97145643124753,360.6133977324672,44652000.0,,,,,,,,,,,,,,,
2021-09-24,363.113037109375,363.53129182607177,360.1367827311772,360.5063879921457,36056800.0,,,,,,,,,,,,,,,
2021-09-27,360.214599609375,361.0899632808485,357.66630616651645,360.06871061119614,43338100.0,,,,,,,,,,,,,,,
2021-09-28,350.0214538574219,360.1660095292844,349.51569535289286,355.66274340365425,97701600.0,,,,,,,,,,,,,,,
2021-09-29,349.4475402832031,353.4256052044323,348.82507067423813,351.2858306757652,58076600.0,,,,,,,,,,,,,,,
2021-09-30,348.1637268066406,352.7545561025401,347.3272766106787,351.09136185731893,61384600.0,,,,,,,,,,,,,,,
2021-10-01,350.322998046875,351.3637226328457,344.68173769486793,348.7862507424012,56375500.0,,,,,,,,,,,,,,,
2021-10-04,342.9698181152344,349.0390380839239,340.7327742551447,348.7083464504916,76766000.0,,,,,,,,,,,,,,,
2021-10-05,347.5995788574219,349.8463586647929,343.8063161750035,344.0300027634827,47232900.0,,,,,,,,,,,,,,,
2021-10-06,349.82696533203125,350.09930141677904,343.4853784291213,344.3899201017758,56806500.0,,,,,,,,,,,,,,,
2021-10-07,353.0365905761719,355.68215344387613,352.3362936499442,352.8712299108892,39411200.0,,,,,,,,,,,,,,,
2021-10-08,351.2761535644531,354.34967754390766,350.74118758106675,354.1162254294243,41822300.0,,,,,,,,,,,,,,,
2021-10-11,348.5820007324219,353.2603637000325,348.4944376304484,349.73940684606686,34847200.0,,,,,,,,,,,,,,,
2021-10-12,347.3661193847656,350.4687909496344,346.72417812508246,350.031123965123,43905100.0,,,,,,,,,,,,,,,
2021-10-13,350.1478881835937,350.8190073438713,347.64821419139497,349.67130750082435,40120800.0,,,,,,,,,,,,,,,
2021-10-14,356.5964660644531,356.810446526466,353.07553911148256,353.736922473193,43433900.0,,,,,,,,,,,,,,,
2021-10-15,358.8432006835937,358.95991188767306,356.7812235917874,357.8122121376906,40419900.0,,,,,,,,,,,,,,,
2021-10-18,362.4517517089844,362.6657321977218,356.9466443009304,357.5496721285333,34513500.0,,,,,,,,,,,,,,,
2021-10-19,365.1945495605469,365.24316934236,362.5003665716349,363.52161944896375,29091000.0,,,,,,,,,,,,,,,
2021-10-20,364.7178955078125,366.26437825684025,363.2394745031567,365.6516147806896,31390300.0,,,,,,,,,,,,,,,
2021-10-21,366.94525146484375,367.13978994323423,363.6188631341587,363.9203769979809,25469300.0,,,,,,,,,,,,,,,
2021-10-22,363.8619689941406,366.6534206308841,362.19877506830113,365.6905235710402,36275800.0,,,,,,,,,,,,,,,
2021-10-25,367.5871276855469,368.5014049436378,363.3367268593153,365.2819925688876,32597800.0,,,,,,,,,,,,,,,
2021-10-26,368.7446594238281,372.2364087221976,367.56778167336654,369.8242976093445,47191300.0,,,,,,,,,,,,,,,
2021-10-27,369.6004943847656,372.66428202015936,368.9293753230013,369.1919755149265,45760500.0,,,,,,,,,,,,,,,
2021-10-28,373.7050476074219,373.9579416825158,370.7287930405598,371.49718141168137,38007000.0,,,,,,,,,,,,,,,
2021-10-29,375.5433349609375,375.7086956406966,370.281416249106,370.6315499016707,37310100.0,,,,,,,,,,,,,,,
2021-11-01,376.8271789550781,376.95362598852097,373.8995739420506,375.98099303268674,30765300.0,,,,,,,,,,,,,,,
2021-11-02,378.4028015136719,378.8794117981003,376.1657578133396,376.2143775832775,25135300.0,,,,,,,,,,,,,,,
2021-11-03,382.4197998046875,382.8380248315274,377.8484429446031,378.8891375979768,33748900.0,,,,,,,,,,,,,,,
2021-11-04,387.3219299316406,388.2751209954125,383.1396197374018,383.6842918645844,40265300.0,,,,,,,,,,,,,,,
2021-11-05,387.6915283203125,390.01610580693085,386.2909343947098,389.0921222459152,43383800.0,,,,,,,,,,,,,,,
2021-11-08,387.1662902832031,388.6835953912672,386.5243489401909,387.6623426124407,29256300.0,,,,,,,,,,,,,,,
2021-11-09,384.5012512207031,388.6349411109488,383.1395710756906,388.2361580537664,50490700.0,,,,,,,,,,,,,,,
2021-11-10,378.8502502441406,384.5401289612193,376.92442641715365,381.729235316056,54937400.0,,,,,,,,,,,,,,,
2021-11-11,379.9007568359375,382.0016478820407,379.56032931636594,381.8265810488004,32243000.0,,,,,,,,,,,,,,,
2021-11-12,383.8982238769531,384.4331601078746,379.45328432637615,381.0483868740119,34730600.0,,,,,,,,,,,,,,,
2021-11-15,383.8107299804688,385.39612666876246,381.369441104896,385.0751708088336,33716900.0,,,,,,,,,,,,,,,
2021-11-16,386.5438537597656,387.0398764491549,382.8867438612393,383.0812526688252,27872900.0,,,,,,,,,,,,,,,
2021-11-17,386.7481384277344,388.780938224214,385.7852410721412,386.8648496608476,28703300.0,,,,,,,,,,,,,,,
2021-11-18,390.75531005859375,391.2610685359165,386.573000006846,388.7906020726515,45721500.0,,,,,,,,,,,,,,,
2021-11-19,392.9339904785156,394.2081373154626,391.5625744064973,392.3893183809995,45191700.0,,,,,,,,,,,,,,,
2021-11-22,388.372314453125,397.5247938245009,388.26533907910016,394.4707418797755,61715400.0,,,,,,,,,,,,,,,
2021-11-23,386.6022033691406,389.27694431177815,382.1669989443051,387.21493727005134,70098700.0,,,,,,,,,,,,,,,
2021-11-24,387.8471984863281,388.1292407241994,381.7974191981564,384.121996956406,46954400.0,,,,,,,,,,,,,,,
2021-11-26,380.4940490722656,386.6605388535356,379.1031612958598,385.26965107712977,51533300.0,,,,,,,,,,,,,,,
2021-11-29,388.7517395019531,389.763286271864,384.32627061750543,385.05574546762807,54447100.0,,,,,,,,,,,,,,,
2021-11-30,383.0423278808594,390.2106282050072,381.02897048546834,387.8665791578093,81332700.0,,,,,,,,,,,,,,,
2021-12-01,376.5256652832031,389.520057013859,376.0588204609296,387.3802526370976,77766500.0,,,,,,,,,,,,,,,
2021-12-02,379.2392578125,381.0191627725027,373.8216860041156,375.24172157805856,84416600.0,,,,,,,,,,,,,,,
2021-12-03,372.6448974609375,381.60283935442993,368.5306490591684,380.60102852102005,105349100.0,,,,,,,,,,,,,,,
2021-12-06,375.630859375,376.9925395765384,368.9196682345571,373.1311855550033,67588800.0,,,,,,,,,,,,,,,
2021-12-07,386.9425964355469,387.5553600113219,382.2350559963303,382.2739696297269,56005300.0,,,,,,,,,,,,,,,
2021-12-08,388.6738586425781,388.87813294378265,385.37664820946287,387.27329443125376,39204000.0,,,,,,,,,,,,,,,
2021-12-09,382.9547424316406,389.2476781537611,382.7602039888256,387.4483014461182,49973700.0,,,,,,,,,,,,,,,
2021-12-10,387.11767578125,387.3802760096228,382.5949085157785,385.7657016429064,52545800.0,,,,,,,,,,,,,,,
2021-12-13,381.5250244140625,387.4288840777842,381.15541913036526,387.1079282528068,50166400.0,,,,,,,,,,,,,,,
2021-12-14,377.576171875,379.4144329532964,373.1312315950935,376.70077836090985,75199200.0,,,,,,,,,,,,,,,
2021-12-15,386.1838989257813,386.5437980486362,373.3743396627244,377.3232270446941,73858000.0,,,,,,,,,,,,,,,
2021-12-16,376.2533874511719,387.5748510612337,374.6679907379932,387.1468901196736,82591400.0,,,,,,,,,,,,,,,
2021-12-17,374.3761291503906,378.5389967311671,371.3220476290657,372.8393525624628,80492500.0,,,,,,,,,,,,,,,
2021-12-20,370.7445068359375,371.5333432736514,367.6086278873843,369.6537715008423,65336800.0,,,,,,,,,,,,,,,
2021-12-21,379.0420227050781,379.3536699549312,370.2674258712642,374.01682225238807,48899500.0,,,,,,,,,,,,,,,
2021-12-22,383.6581726074219,383.8626780914225,378.0876049017559,378.7498329492057,37042200.0,,,,,,,,,,,,,,,
2021-12-23,386.5505981445313,388.0211296414889,383.8432259923988,384.0087681504468,29595500.0,,,,,,,,,,,,,,,
2021-12-27,392.9391784667969,392.9391784667969,387.8165853772917,387.84580044463326,32820700.0,,,,,,,,,,,,,,,
2021-12-28,391.1180419921875,394.0104527999988,390.2415601729176,393.8351623802079,33113700.0,,,,,,,,,,,,,,,
2021-12-29,391.0596618652344,392.5204749909473,388.6834034697824,391.2544488367904,32248500.0,,,,,,,,,,,,,,,
2021-12-30,389.8909912109375,393.026870937428,389.3066600735181,390.8453700057501,23850100.0,,,,,,,,,,,,,,,
2021-12-31,387.4562377929688,390.5823687303868,386.9595519515833,389.2189494524094,34752900.0,,,,,,,,,,,,,,,
2022-01-03,391.1861877441406,391.4394048095801,386.5115986180015,388.6248911831583,40575900.0,,,,,,,,,,,,,,,
2022-01-04,386.1123046875,391.7705172651739,383.01538866067614,391.7315539351882,58027200.0,,,,,,,,,,,,,,,
2022-01-05,374.2505493164063,385.5475087995641,373.9973322265807,384.42752842245307,75739800.0,,,,,,,,,,,,,,,
2022-01-06,373.9875183105469,377.23053915058455,370.1991594933299,372.429341872182,70814300.0,,,,,,,,,,,,,,,
2022-01-07,369.9362182617188,375.6821057032982,368.1637879896817,373.9972909122874,72652300.0,,,,,,,,,,,,,,,
2022-01-10,370.17962646484375,370.69580876652975,359.6617879415322,365.02784891193846,91770500.0,,,,,,,,,,,,,,,
2022-01-11,375.7406311035156,375.9061732856899,367.36529633733903,369.4493743338565,68295700.0,,,,,,,,,,,,,,,
2022-01-12,377.2306213378906,380.0061720189423,374.9517565939594,378.31160870654446,54576400.0,,,,,,,,,,,,,,,
2022-01-13,367.7937316894531,379.2951960521045,366.8588197680704,378.6134714867397,77994000.0,,,,,,,,,,,,,,,
2022-01-14,370.0823974609375,370.4135115279909,365.0669154126775,365.2714506437574,80121200.0,,,,,,,,,,,,,,,
2022-01-18,360.8694763183594,366.39136228190114,360.1098547820308,364.2683212855361,75450900.0,,,,,,,,,,,,,,,
2022-01-19,356.9057922363281,364.90129926723534,356.6428269126242,362.4276479497391,81791500.0,,,,,,,,,,,,,,,
2022-01-20,352.2701110839844,364.1026878979295,351.7344916538448,360.1292904684734,88610700.0,,,,,,,,,,,,,,,
2022-01-21,342.5021667480469,352.7181079448339,342.2197346222496,350.0789145108733,143388900.0,,,,,,,,,,,,,,,
2022-01-24,344.0701904296875,344.7324483343577,325.42048119009416,336.8732661867488,198685800.0,,,,,,,,,,,,,,,
2022-01-25,336.0941162109375,341.8594715046256,332.7537308094478,337.613389137773,124398400.0,,,,,,,,,,,,,,,
2022-01-26,335.56817626953125,347.5565772992611,331.87718103363807,343.6902916646973,146559500.0,,,,,,,,,,,,,,,
2022-01-27,332.1888122558594,342.0931056687476,331.1662255388084,340.27196393380945,95255700.0,,,,,,,,,,,,,,,
2022-01-28,342.6092834472656,342.8235371800627,329.12113570448446,334.0684086431916,108167900.0,,,,,,,,,,,,,,,
2022-01-31,353.5653381347656,354.14966913051103,342.33655958039134,343.9726923125403,94326400.0,,,,,,,,,,,,,,,
2022-02-01,355.970947265625,356.62345690044657,349.7576467989357,354.9094265811831,74433000.0,,,,,,,,,,,,,,,
2022-02-02,358.86328125,360.431235856574,354.773023033465,360.10012183811494,78777100.0,,,,,,,,,,,,,,,
2022-02-03,344.3135986328125,352.4746783595393,343.2520781277815,349.1635083008554,95384800.0,,,,,,,,,,,,,,,
2022-02-04,348.6570739746094,351.9584954869843,342.7748593755462,344.8297218060316,86318300.0,,,,,,,,,,,,,,,
2022-02-07,345.85235595703125,351.61768135491906,344.5960484405398,349.2511713999109,58198100.0,,,,,,,,,,,,,,,
2022-02-08,349.73809814453125,350.82883374138515,343.58319902478024,344.71289795589774,64720900.0,,,,,,,,,,,,,,,
2022-02-09,357.14923095703125,357.2271278891496,352.65965123069503,354.2568206820644,55766400.0,,,,,,,,,,,,,,,
2022-02-10,349.0661315917969,356.9155644682543,347.2255226505532,350.1276521478093,112468500.0,,,,,,,,,,,,,,,
2022-02-11,337.9931030273437,350.6632280836238,336.76601084292554,349.0660585915042,101569100.0,,,,,,,,,,,,,,,
2022-02-14,338.41192626953125,341.8107713545148,334.905998885152,337.4380509471334,80254400.0,,,,,,,,,,,,,,,
2022-02-15,346.8262023925781,347.05992294534923,342.6288023839486,343.6903228548699,55128800.0,,,,,,,,,,,,,,,
2022-02-16,346.73858642578125,347.7611436507016,341.54781418950745,344.57658196938326,58947100.0,,,,,,,,,,,,,,,
2022-02-17,336.42529296875,344.2260152729159,336.0065039292447,343.52482374576743,61801400.0,,,,,,,,,,,,,,,
2022-02-18,332.588134765625,337.7496615260084,330.2800552572967,337.36011738339107,80001500.0,,,,,,,,,,,,,,,
2022-02-22,329.247802734375,335.05212187979777,325.6152662863307,329.64709523977064,85967100.0,,,,,,,,,,,,,,,
2022-02-23,320.81396484375,333.24059154227604,320.5023176630174,332.40307317940693,86215400.0,,,,,,,,,,,,,,,
2022-02-24,331.5948181152344,332.1304674056006,309.9455874721652,310.5104221147557,130614100.0,,,,,,,,,,,,,,,
2022-02-25,336.7368469238281,336.94138213250466,328.57579699262675,332.39337147017665,78842100.0,,,,,,,,,,,,,,,
2022-02-28,337.7398986816406,339.43446169534934,332.40308174554,333.5619955810024,77515500.0,,,,,,,,,,,,,,,
2022-03-01,332.568603515625,338.9864369571299,330.046270534176,336.7173210160837,67407000.0,,,,,,,,,,,,,,,
2022-03-02,338.1490478515625,339.48325251376394,331.35138625164785,334.1171890688341,70609000.0,,,,,,,,,,,,,,,
2022-03-03,333.31854248046875,340.89529050718346,331.45843724286703,340.7881487783652,71089400.0,,,,,,,,,,,,,,,
2022-03-04,328.48809814453125,332.3933472673378,326.17030009780126,330.96174951241795,76936300.0,,,,,,,,,,,,,,,
2022-03-07,316.3731384277344,329.63734593200365,316.1686329217264,328.4784318640955,89933800.0,,,,,,,,,,,,,,,
2022-03-08,314.902587890625,324.5049841954412,311.58166951225644,315.5842827764271,116153900.0,,,,,,,,,,,,,,,
2022-03-09,326.23846435546875,327.59216523477136,320.49260625639835,323.08311801855376,64723400.0,,,,,,,,,,,,,,,
2022-03-10,322.6156616210937,323.8232872092321,318.174792607464,322.1774355659883,69362700.0,,,,,,,,,,,,,,,
2022-03-11,315.9251708984375,325.8976751121603,315.43823320293427,325.58602785416184,66228400.0,,,,,,,,,,,,,,,
2022-03-14,309.85797119140625,318.057986000784,309.15677966459043,314.68838519818155,79802600.0,,,,,,,,,,,,,,,
2022-03-15,319.5771484375,320.35626644797605,310.89019809296275,312.49708626661936,76471000.0,,,,,,,,,,,,,,,
2022-03-16,331.4291687011719,331.5460289535277,319.8205648687881,323.4920928787149,105243000.0,,,,,,,,,,,,,,,
2022-03-17,335.4416198730469,335.5000500150178,328.2349484002418,329.53018950768575,67810000.0,,,,,,,,,,,,,,,
2022-03-18,342.3074645996094,342.5996450601348,332.62714046985855,333.78605460654137,85446300.0,,,,,,,,,,,,,,,
2022-03-21,341.3558044433594,343.696018954242,336.9679468710499,341.4728389745544,73799100.0,,,,,,,,,,,,,,,
2022-03-22,348.0643005371094,348.93213540233734,341.4727846671497,341.8530501225999,63345900.0,,,,,,,,,,,,,,,
2022-03-23,343.0621643066406,348.7468937416505,343.0036619245531,345.1878599650433,70615500.0,,,,,,,,,,,,,,,
2022-03-24,350.6872863769531,350.7360581992596,342.8281491046148,344.9830661613371,53555300.0,,,,,,,,,,,,,,,
2022-03-25,350.3947448730469,351.6818566630685,346.09464168165056,350.628754377757,57584200.0,,,,,,,,,,,,,,,
2022-03-28,355.816162109375,355.9136759828872,349.1466238085177,350.38496370665933,56833900.0,,,,,,,,,,,,,,,
2022-03-29,361.9396362304688,362.5636714199754,356.9374753723277,359.7066966193203,68073000.0,,,,,,,,,,,,,,,
2022-03-30,357.9418640136719,361.73493685192096,356.45975415978955,360.07729010507074,68757700.0,,,,,,,,,,,,,,,
2022-03-31,353.5052795410156,358.4391787225342,352.66669581766195,358.08813467922835,67011400.0,,,,,,,,,,,,,,,
2022-04-01,352.8324279785156,354.5485472014141,349.65366014256847,353.7684957143745,54527800.0,,,,,,,,,,,,,,,
2022-04-04,360.0968017578125,360.1065620738348,353.40777151991296,353.6710322389669,45950200.0,,,,,,,,,,,,,,,
2022-04-05,352.10113525390625,359.3557275043423,350.9602793990064,358.6439089147844,62738700.0,,,,,,,,,,,,,,,
2022-04-06,344.4565124511719,347.8887807691179,341.8237865192822,346.7869364328608,90077100.0,,,,,,,,,,,,,,,
2022-04-07,345.2756042480469,347.46953278848014,340.0004213866467,343.46194118095065,63777400.0,,,,,,,,,,,,,,,
2022-04-08,340.4488830566406,344.2906973309232,339.8150875535041,343.5398970896143,61956100.0,,,,,,,,,,,,,,,
2022-04-11,332.394775390625,337.1336461991477,332.05349170625715,336.2170693357857,66107400.0,,,,,,,,,,,,,,,
2022-04-12,330.9906005859375,339.0252425609527,329.61573553315526,337.1433471068035,72790200.0,,,,,,,,,,,,,,,
2022-04-13,337.7187194824219,338.77179202700484,330.6103830960466,331.33193225146346,61367800.0,,,,,,,,,,,,,,,
2022-04-14,329.99609375,338.3232796419303,329.78157510501154,337.806488782239,73519400.0,,,,,,,,,,,,,,,
2022-04-18,330.2496032714844,332.54104552775783,327.4218793147686,328.9430006089207,58560600.0,,,,,,,,,,,,,,,
2022-04-19,337.6309509277344,338.2062441148995,328.5822166699637,329.60603798055195,56515700.0,,,,,,,,,,,,,,,
2022-04-20,332.7068176269531,338.8985774684599,331.4879684359896,338.4402889823752,65500000.0,,,,,,,,,,,,,,,
2022-04-21,325.82275390625,339.2008435755003,324.8964463920442,336.587638098854,75801000.0,,,,,,,,,,,,,,,
2022-04-22,317.29083251953125,327.19764284779967,316.8617952006528,325.9787935912272,82562100.0,,,,,,,,,,,,,,,
2022-04-25,321.3665771484375,321.6786096219993,314.39476709090667,315.662387855856,101755900.0,,,,,,,,,,,,,,,
2022-04-26,309.23663330078125,319.4944558229734,308.96358255665734,319.30918839349266,105819600.0,,,,,,,,,,,,,,,
2022-04-27,308.8661499023437,314.83363086897674,307.15000069366886,309.33416895411995,111204200.0,,,,,,,,,,,,,,,
2022-04-28,319.8357238769531,321.6688774536265,309.60712328307943,313.829232697726,99450000.0,,,,,,,,,,,,,,,
2022-04-29,305.4435119628906,319.0751277743634,304.8097165327338,315.6330999232121,91977900.0,,,,,,,,,,,,,,,
2022-05-02,310.5432434082031,310.7772529007873,301.9332771565138,305.03402196148,115511800.0,,,,,,,,,,,,,,,
2022-05-03,310.8747863769531,313.16622865984607,308.1055647642228,310.56275386246165,78185500.0,,,,,,,,,,,,,,,
2022-05-04,321.3860778808594,322.0588848416157,306.06759352469203,311.35250559210664,116083400.0,,,,,,,,,,,,,,,
2022-05-05,305.1997375488281,317.14445571168164,301.90396565378614,317.0664624820877,154607400.0,,,,,,,,,,,,,,,
2022-05-06,301.5433044433594,307.2377645683866,297.50646144405863,303.2009513261476,139572800.0,,,,,,,,,,,,,,,
2022-05-09,289.7447204589844,301.6406962258689,288.3503646231671,295.91698722617235,113387300.0,,,,,,,,,,,,,,,
2022-05-10,293.264892578125,298.14028962320856,289.17930747378006,296.92144036193764,124124600.0,,,,,,,,,,,,,,,
2022-05-11,284.567138671875,296.511860068782,283.69933357058653,291.0026679881509,140326100.0,,,,,,,,,,,,,,,
2022-05-12,283.89434814453125,288.3797191271689,277.83911368435355,280.2865723866947,120910900.0,,,,,,,,,,,,,,,
2022-05-13,294.4154357910156,295.4490174318297,286.7512972908962,288.3504415696245,83684900.0,,,,,,,,,,,,,,,
2022-05-16,291.00262451171875,294.72743401415767,289.7252732031268,292.670001529711,59190400.0,,,,,,,,,,,,,,,
2022-05-17,298.5400695800781,298.9203350680612,293.06009841875874,296.86293184095814,62715300.0,,,,,,,,,,,,,,,
2022-05-18,283.8845520019531,294.71766684563096,282.6266915931184,294.0253689957684,79477100.0,,,,,,,,,,,,,,,
2022-05-19,282.3634338378906,287.0535923689451,280.4132753536652,282.0806822827589,79920700.0,,,,,,,,,,,,,,,
2022-05-20,281.48583984375,286.4782402945012,273.2269183127213,285.82495393267806,91764200.0,,,,,,,,,,,,,,,
2022-05-23,286.1662902832031,286.5465557453117,280.13054689629246,282.52923369769405,63648400.0,,,,,,,,,,,,,,,
2022-05-24,280.0817565917969,281.6613802288879,275.2161206158338,280.9495914149474,73491100.0,,,,,,,,,,,,,,,
2022-05-25,284.0016174316406,286.0785411821508,278.38515092401434,278.5899092529624,67144500.0,,,,,,,,,,,,,,,
2022-05-26,291.8704528808594,293.4208550430776,282.9192326893722,283.2020139981043,59462200.0,,,,,,,,,,,,,,,
2022-05-27,301.3970642089844,301.54332017519914,294.8835406190051,295.0005453919769,66985600.0,,,,,,,,,,,,,,,
2022-05-31,300.597412109375,303.57139174205287,296.7458373982823,301.3677330030046,60968300.0,,,,,,,,,,,,,,,
2022-06-01,298.3742980957031,304.85857019114184,296.1608785576662,302.7329042287562,65341700.0,,,,,,,,,,,,,,,
2022-06-02,306.5453491210937,306.72085620417675,295.83897069727493,297.25284718856113,59291300.0,,,,,,,,,,,,,,,
2022-06-03,298.5692749023437,302.7328525405804,297.321174666632,301.32873605577254,60914700.0,,,,,,,,,,,,,,,
2022-06-06,299.5638732910156,304.56603502069134,298.0037404098427,303.00590213951847,51785000.0,,,,,,,,,,,,,,,
2022-06-07,302.14776611328125,302.9278472737371,295.1467050816167,296.23878894920125,44900300.0,,,,,,,,,,,,,,,
2022-06-08,299.97344970703125,303.95176068273287,299.1251056081908,301.348285515184,38342100.0,,,,,,,,,,,,,,,
2022-06-09,291.93878173828125,301.3482924909619,291.7730348955325,298.2865584878625,55900500.0,,,,,,,,,,,,,,,
2022-06-10,281.6418762207031,287.5216026829034,281.1933481148443,286.33200485314705,85963500.0,,,,,,,,,,,,,,,
2022-06-13,268.5466003417969,275.3038929191494,267.68852577507414,272.7784410394437,94442000.0,,,,,,,,,,,,,,,
2022-06-14,269.0341186523437,271.7155865820096,266.52815784547136,270.7405073348584,64697500.0,,,,,,,,,,,,,,,
2022-06-15,275.7523498535156,279.6819173261686,269.7166080130091,272.45660758375163,86051400.0,,,,,,,,,,,,,,,
2022-06-16,264.6268005371094,269.18040446273096,262.5693676236084,268.7221159754249,81910300.0,,,,,,,,,,,,,,,
2022-06-17,267.8445129394531,270.2822109859682,263.76868894737345,265.397054578494,82703400.0,,,,,,,,,,,,,,,
2022-06-21,274.6021423339844,276.9175477266973,272.2184026530174,272.3258532528724,51633700.0,,,,,,,,,,,,,,,
2022-06-22,274.2015686035156,278.6076088822081,271.5051672393198,272.10109459964207,67472900.0,,,,,,,,,,,,,,,
2022-06-23,278.2851867675781,279.1351314700031,273.8498099068493,276.68296885301663,57457800.0,,,,,,,,,,,,,,,
2022-06-24,287.8202819824219,288.2403946837072,280.8741562890391,281.1086156093789,58422300.0,,,,,,,,,,,,,,,
2022-06-27,285.7101135253906,289.74490714992544,284.57684368727377,289.178287137997,54151500.0,,,,,,,,,,,,,,,
2022-06-28,277.0054626464844,288.83635773662206,276.81983905686894,286.2474363739082,61609800.0,,,,,,,,,,,,,,,
2022-06-29,277.2593994140625,278.7639161956807,274.3676253182003,276.868623965582,57302700.0,,,,,,,,,,,,,,,
2022-06-30,273.8205871582031,277.3962413473168,269.42429542287243,274.2797565986859,79313600.0,,,,,,,,,,,,,,,
2022-07-01,275.6279602050781,276.01873573364435,270.64549022663914,272.5212545037234,56675100.0,,,,,,,,,,,,,,,
2022-07-05,280.34649658203125,280.46372620188134,270.37181223649,271.8958569230356,61829300.0,,,,,,,,,,,,,,,
2022-07-06,282.14410400390625,284.24457747181737,279.0080922267781,280.72753959294755,63194700.0,,,,,,,,,,,,,,,
2022-07-07,288.18182373046875,288.88523161284223,282.95511528088593,282.95511528088593,56620100.0,,,,,,,,,,,,,,,
2022-07-08,288.5432434082031,289.91097244593914,284.4107190661529,285.3485861471352,59895500.0,,,,,,,,,,,,,,,
2022-07-11,282.378662109375,286.3548403943848,281.49940987825573,286.1301601592719,55273900.0,,,,,,,,,,,,,,,
2022-07-12,279.6431884765625,285.5439965591251,278.050749340826,283.6291758541772,55797100.0,,,,,,,,,,,,,,,
2022-07-13,279.0668334960937,281.41151653972287,273.566579098107,274.13322897066035,73939400.0,,,,,,,,,,,,,,,
2022-07-14,280.06329345703125,280.9327666322429,273.35159737692584,276.4680816551164,63741800.0,,,,,,,,,,,,,,,
2022-07-15,285.1434631347656,285.2509435419721,281.4408003743285,283.0527977826054,63818100.0,,,,,,,,,,,,,,,
2022-07-18,282.7304077148437,289.33462456868074,281.55808110992064,287.92780879136325,59519600.0,,,,,,,,,,,,,,,
2022-07-19,291.4252319335937,291.7183358870412,284.7526523077867,286.35484062579235,55172600.0,,,,,,,,,,,,,,,
2022-07-20,296.0462341308594,297.2283395826278,291.06376504505164,291.84534577642216,67769400.0,,,,,,,,,,,,,,,
2022-07-21,300.2960205078125,300.3546353422184,293.8481203948282,296.50543554018043,55049400.0,,,,,,,,,,,,,,,
2022-07-22,295.0302429199219,301.4390569066502,293.2033442427349,299.3679198006572,57127700.0,,,,,,,,,,,,,,,
2022-07-25,293.3497314453125,295.52834785019627,291.34698927814185,295.0593995733715,40582400.0,,,,,,,,,,,,,,,
2022-07-26,287.5858459472656,291.9039942701177,286.7749875225989,291.64997677634415,50074100.0,,,,,,,,,,,,,,,
2022-07-27,299.73907470703125,301.42921484718744,291.5815077333936,292.1481574097648,69304400.0,,,,,,,,,,,,,,,
2022-07-28,302.669921875,303.2463207869238,295.7726334519783,299.52413082374994,55139900.0,,,,,,,,,,,,,,,
2022-07-29,308.18975830078125,309.0983477604255,302.7872063659575,304.213580014138,57501000.0,,,,,,,,,,,,,,,
2022-08-01,308.00408935546875,311.46251275821754,305.3272465655102,306.4214296091648,46358800.0,,,,,,,,,,,,,,,
2022-08-02,307.0857849121094,311.2085299334208,304.65318020301095,305.7083066940272,48676500.0,,,,,,,,,,,,,,,
2022-08-03,315.4486083984375,316.2692459648729,308.7076037201072,308.7662185595481,53735700.0,,,,,,,,,,,,,,,
2022-08-04,316.9237365722656,317.23636887445446,313.3773902933455,315.5267001030721,38973700.0,,,,,,,,,,,,,,,
2022-08-05,314.3348388671875,316.36688935371126,311.0522888933584,311.8338398925769,53894000.0,,,,,,,,,,,,,,,
2022-08-08,313.3187866210937,318.9460490038564,311.8533561934375,315.253165518733,43878500.0,,,,,,,,,,,,,,,
2022-08-09,309.7724609375,311.67753254659243,308.1507440589596,311.42351504824404,39764200.0,,,,,,,,,,,,,,,
2022-08-10,318.4184265136719,318.7115304332754,314.6376214833835,317.1093124860173,51459600.0,,,,,,,,,,,,,,,
2022-08-11,316.61102294921875,322.74628868612245,315.9076153570913,320.7435462797489,45897700.0,,,,,,,,,,,,,,,
2022-08-12,322.77569580078125,322.97106862108075,317.6076032036241,318.66269991315835,40928400.0,,,,,,,,,,,,,,,
2022-08-15,325.3841552734375,325.8824111372024,321.80850161156644,321.8280597641891,38266600.0,,,,,,,,,,,,,,,
2022-08-16,324.6221008300781,326.7127955861123,321.57401074568605,324.4071698721144,41186900.0,,,,,,,,,,,,,,,
2022-08-17,320.9194641113281,323.7917099514796,318.8385482664983,321.48611386986494,47842200.0,,,,,,,,,,,,,,,
2022-08-18,321.69122314453125,322.87332844282304,319.25861865265955,320.8705858438306,41937200.0,,,,,,,,,,,,,,,
2022-08-19,315.4192199707031,319.307505970021,314.6571973673879,318.6529637644111,51770600.0,,,,,,,,,,,,,,,
2022-08-22,307.1151428222656,311.3942046870982,306.3042843906594,311.15974534576816,51098900.0,,,,,,,,,,,,,,,
2022-08-23,306.861083984375,309.69424302076794,306.10881074828137,306.88061232020414,39497100.0,,,,,,,,,,,,,,,
2022-08-24,307.7501525878906,309.5672719111162,305.7766873020248,306.3823937431,38057100.0,,,,,,,,,,,,,,,
2022-08-25,313.1917724609375,313.2113306140932,308.482878760388,309.5281964551916,38098300.0,,,,,,,,,,,,,,,
2022-08-26,300.3546142578125,314.1003584319973,300.2666920123757,312.89869478251217,69047700.0,,,,,,,,,,,,,,,
2022-08-29,297.3944396972656,300.1396768426791,296.2904773933453,297.599591598888,48321900.0,,,,,,,,,,,,,,,
2022-08-30,294.08251953125,299.66094524908925,291.5619927249913,299.0454597995629,51184500.0,,,,,,,,,,,,,,,
2022-08-31,292.3728332519531,297.8828647381736,292.265382688806,296.9840544920041,50044000.0,,,,,,,,,,,,,,,
2022-09-01,292.4998779296875,292.87112503757413,286.198545614143,289.88164965146814,57990700.0,,,,,,,,,,,,,,,
2022-09-02,288.367431640625,296.7496811199104,286.7554342127629,295.37217284959314,64666800.0,,,,,,,,,,,,,,,
2022-09-06,286.29620361328125,289.7644063343311,284.16645219550657,288.84606768368445,57005400.0,,,,,,,,,,,,,,,
2022-09-07,292.079833984375,293.0763159744167,286.5111862526931,286.77498281936545,49260400.0,,,,,,,,,,,,,,,
2022-09-08,293.59405517578125,294.9129483640316,288.64092358811484,290.0086525256781,55649800.0,,,,,,,,,,,,,,,
2022-09-09,300.0126647949219,300.5109206504732,293.59407275816847,295.8508330938615,56125200.0,,,,,,,,,,,,,,,
2022-09-12,303.5785827636719,303.910743443486,301.0775836803863,301.3902160193622,45905700.0,,,,,,,,,,,,,,,
2022-09-13,286.93133544921875,296.036521967223,286.0423039368582,294.8446371699583,79562200.0,,,,,,,,,,,,,,,
2022-09-14,289.2076110839844,290.08686347686927,286.30605731748096,288.0743411811005,54907200.0,,,,,,,,,,,,,,,
2022-09-15,284.39117431640625,289.6960247499915,282.7889562401916,287.2927274499248,65299400.0,,,,,,,,,,,,,,,
2022-09-16,282.6522521972656,283.0430277151847,279.03751157442724,281.0891203113285,79920400.0,,,,,,,,,,,,,,,
2022-09-19,284.8533630371094,285.00996012751204,279.9500491824205,280.0087693578414,52613800.0,,,,,,,,,,,,,,,
2022-09-20,282.58270263671875,284.8728784555132,280.2827301687522,282.3477921314196,51271100.0,,,,,,,,,,,,,,,
2022-09-21,277.5227355957031,287.6915369532288,277.3857318600896,283.42434996753786,82931000.0,,,,,,,,,,,,,,,
2022-09-22,274.10711669921875,277.0040878206803,272.88373009260727,275.9960184515459,62757100.0,,,,,,,,,,,,,,,
2022-09-23,269.64422607421875,271.9344023987878,266.2285100882772,271.64077166927524,74815200.0,,,,,,,,,,,,,,,
2022-09-26,268.5284118652344,273.5393976947486,267.7356598810716,269.174363457484,71176700.0,,,,,,,,,,,,,,,
2022-09-27,268.6360778808594,274.2440617698414,266.31651228221097,271.8951659614625,69780100.0,,,,,,,,,,,,,,,
2022-09-28,273.9798583984375,275.2619650729952,267.1386905841971,268.6165211798836,79652100.0,,,,,,,,,,,,,,,
2022-09-29,266.0816955566406,270.3684471169324,263.11620753953764,269.98673614914634,81216000.0,,,,,,,,,,,,,,,
2022-09-30,261.5697937011719,269.33094940147635,261.41319666697257,265.2595161157846,78482400.0,,,,,,,,,,,,,,,
2022-10-03,267.7063903808594,269.3016915376916,261.83413377480724,263.34135466668965,61267400.0,,,,,,,,,,,,,,,
2022-10-04,276.1231994628906,276.82787120016405,273.0500385934998,273.0500385934998,66696900.0,,,,,,,,,,,,,,,
2022-10-05,275.9764404296875,277.76746518524186,269.55611024700687,272.35520431840735,55766300.0,,,,,,,,,,,,,,,
2022-10-06,273.8037109375,278.12958912178726,273.48072015712467,274.97814412366046,53489400.0,,,,,,,,,,,,,,,
2022-10-07,263.37066650390625,269.291845549743,262.0396063857817,269.16460856773443,71354700.0,,,,,,,,,,,,,,,
2022-10-10,260.7379150390625,263.957876589574,258.026901375244,263.5663690250921,60393000.0,,,,,,,,,,,,,,,
2022-10-11,257.15582275390625,261.9319280657339,255.47244186314447,259.0643174959777,66522500.0,,,,,,,,,,,,,,,
2022-10-12,257.0677185058594,259.7102149774889,256.372843454573,257.79195363345843,50580200.0,,,,,,,,,,,,,,,
2022-10-13,263.0966491699219,264.4179127385428,248.846628785448,249.7274761425017,112894100.0,,,,,,,,,,,,,,,
2022-10-14,255.1886444091797,266.02296314995965,254.60144274396384,265.425964834378,77244300.0,,,,,,,,,,,,,,,
2022-10-17,263.6153259277344,264.4863615743304,261.06087941416854,261.1587563065971,64576500.0,,,,,,,,,,,,,,,
2022-10-18,265.70001220703125,271.30799739519153,263.01832840793145,270.64248223774274,69781000.0,,,,,,,,,,,,,,,
2022-10-19,264.7310791015625,267.85316427712985,262.3626192311699,264.1830042620747,53115400.0,,,,,,,,,,,,,,,
2022-10-20,263.38043212890625,268.9884468880424,262.21579559894,263.8404266714654,60605500.0,,,,,,,,,,,,,,,
2022-10-21,269.55615234375,270.0944305591332,261.13924564715404,262.27455211951724,77897700.0,,,,,,,,,,,,,,,
2022-10-24,272.5216064453125,273.451362325197,266.1795596636287,269.8203593195856,63963600.0,,,,,,,,,,,,,,,
2022-10-25,278.1590270996094,278.54073815279423,271.98337235604004,273.4612333037385,59014500.0,,,,,,,,,,,,,,,
2022-10-26,272.0126647949219,277.93387389821464,271.5233101517326,272.53137952198904,63492400.0,,,,,,,,,,,,,,,
2022-10-27,267.0603332519531,272.3551527878157,266.54161865102617,270.8968858634386,57760300.0,,,,,,,,,,,,,,,
2022-10-28,275.232666015625,275.7024572925982,266.26768408798233,266.4340778322774,62651300.0,,,,,,,,,,,,,,,
2022-10-31,272.0322265625,273.8036877760732,270.11393507872066,272.9815756549536,47742000.0,,,,,,,,,,,,,,,
2022-11-01,269.252685546875,276.0645233840519,268.8905679057626,275.50665194717493,45895900.0,,,,,,,,,,,,,,,
2022-11-02,260.0234680175781,272.2866938029867,259.9549512013638,269.2233290522429,79803100.0,,,,,,,,,,,,,,,
2022-11-03,254.9439849853516,258.8686189743919,254.5623038761739,257.4103516237001,70038900.0,,,,,,,,,,,,,,,
2022-11-04,259.04473876953125,260.9336403199302,253.5639613842532,259.87664754666133,78313200.0,,,,,,,,,,,,,,,
2022-11-07,261.8928527832031,262.4311608903949,257.9584516271216,260.09203101618783,47333800.0,,,,,,,,,,,,,,,
2022-11-08,263.8013000488281,267.0408252823148,259.86686974183834,263.4098223217411,63213800.0,,,,,,,,,,,,,,,
2022-11-09,257.7137451171875,262.84217239242884,257.4299110516059,262.0592168841519,64862100.0,,,,,,,,,,,,,,,
2022-11-10,276.73004150390625,277.02364233290325,268.0195351189067,270.13355069119353,99256700.0,,,,,,,,,,,,,,,
2022-11-11,281.8290710449219,282.4946159489381,275.20322102643024,276.5440477477468,66961800.0,,,,,,,,,,,,,,,
2022-11-14,279.3627014160156,283.05242362089217,278.3839924087756,279.7737424730724,55290700.0,,,,,,,,,,,,,,,
2022-11-15,283.22869873046875,287.01629894350947,279.8814997818295,285.9886362575642,73985400.0,,,,,,,,,,,,,,,
2022-11-16,279.3627014160156,283.3166941682573,278.54058943407347,281.27119592726507,48859800.0,,,,,,,,,,,,,,,
2022-11-17,278.74615478515625,280.22401518143465,274.7432378860125,274.89983493649123,55462100.0,,,,,,,,,,,,,,,
2022-11-18,278.7559814453125,281.8584731051754,276.30920827035084,281.7606260724462,53588600.0,,,,,,,,,,,,,,,
2022-11-21,275.88836669921875,278.5210671212513,275.05645785748214,277.3661973666616,40083500.0,,,,,,,,,,,,,,,
2022-11-22,279.8619079589844,280.01847514744213,274.4887741356376,276.6223828932644,41873400.0,,,,,,,,,,,,,,,
2022-11-23,282.6708068847656,283.2971652604871,279.7053191135454,279.8814796066075,46390000.0,,,,,,,,,,,,,,,
2022-11-25,280.8112487792969,281.78016130189496,280.3218941932843,281.0754895033235,15498800.0,,,,,,,,,,,,,,,
2022-11-28,276.6908874511719,280.85040181999574,275.76113157178366,278.83426312712214,38714200.0,,,,,,,,,,,,,,,
2022-11-29,274.5964660644531,277.31727663055284,273.22627906494904,276.91600224715586,35618900.0,,,,,,,,,,,,,,,
2022-11-30,287.1141052246094,287.2217787636265,274.0092050859752,274.86067727745944,74718100.0,,,,,,,,,,,,,,,
2022-12-01,287.4664001464844,289.4531781628298,284.6868702530837,287.43704007206856,51547300.0,,,,,,,,,,,,,,,
2022-12-02,286.3213806152344,287.2022428390406,282.2205864471839,282.39677681264686,53583200.0,,,,,,,,,,,,,,,
2022-12-05,281.5159606933594,285.4699248069331,280.05766350911045,284.19761464913205,41482100.0,,,,,,,,,,,,,,,
2022-12-06,275.6828308105469,281.49636649163193,274.2930803186649,281.3593627197372,53937600.0,,,,,,,,,,,,,,,
2022-12-07,274.55731201171875,276.55388729782686,272.8445707786554,274.4985918445836,45614300.0,,,,,,,,,,,,,,,
2022-12-08,277.806640625,278.77555327375643,273.8330832586236,275.9079421946226,42594900.0,,,,,,,,,,,,,,,
2022-12-09,276.0351257324219,279.5584845017971,275.59469468581307,276.7887209946616,47860500.0,,,,,,,,,,,,,,,
2022-12-12,279.4997863769531,279.5585364128644,275.1739080337036,276.2113374934605,35732500.0,,,,,,,,,,,,,,,
2022-12-13,282.50445556640625,290.5592444878014,279.8228014323792,290.33413057877345,80667700.0,,,,,,,,,,,,,,,
2022-12-14,280.4100341796875,285.2057041708248,277.16071186797296,281.9172251208929,64984400.0,,,,,,,,,,,,,,,
2022-12-15,270.9948425292969,276.9845388900271,269.8008159440126,276.31899384162705,60554100.0,,,,,,,,,,,,,,,
2022-12-16,268.41094970703125,271.8559947174888,266.8058525718606,270.3194442500743,68300400.0,,,,,,,,,,,,,,,
2022-12-19,264.638916015625,268.7691387222308,263.4027802656932,268.68084758857094,44167900.0,,,,,,,,,,,,,,,
2022-12-20,264.4328308105469,266.17910261112206,261.89190908573653,263.47138883115707,51064200.0,,,,,,,,,,,,,,,
2022-12-21,268.268798828125,269.5735853860759,264.62907275827604,265.47279341612267,46394700.0,,,,,,,,,,,,,,,
2022-12-22,261.7055053710937,265.3844512745815,257.4869627714914,265.2569096929665,60278400.0,,,,,,,,,,,,,,,
2022-12-23,262.2941589355469,262.96129733071217,258.5367413646793,260.4399854422568,39373600.0,,,,,,,,,,,,,,,
2022-12-27,258.5858154296875,261.7938763980321,258.0462485081974,261.68594505012555,38009000.0,,,,,,,,,,,,,,,
2022-12-28,255.17173767089844,260.439984319042,254.8087530697181,258.18357575317634,47139000.0,,,,,,,,,,,,,,,
2022-12-29,261.3916015625,262.3334034752378,257.2809896473435,257.97752846222875,45893600.0,,,,,,,,,,,,,,,
2022-12-30,261.2346496582031,261.3621912691805,257.32025989631745,258.6250465038309,37858300.0,,,,,,,,,,,,,,,
2023-01-03,259.46875,265.03130035204026,257.16327086795667,263.5597217493756,42335300.0,,,,,,,,,,,,,,,
2023-01-04,260.704833984375,262.38245500821034,257.55566441960866,261.5878050240108,47754900.0,,,,,,,,,,,,,,,
2023-01-05,256.6236572265625,259.203829664046,256.309743232515,259.0370675327304,45396700.0,,,,,,,,,,,,,,,
2023-01-06,263.7068786621094,264.825292792396,255.4071835674613,258.3601609338397,54659700.0,,,,,,,,,,,,,,,
2023-01-09,265.4138488769531,270.07384644606014,264.80560135296327,265.6983324353776,45568700.0,,,,,,,,,,,,,,,
2023-01-10,267.6605224609375,267.76845379716315,263.8736744356486,264.38381092329047,35247800.0,,,,,,,,,,,,,,,
2023-01-11,272.29107666015625,272.3990079906392,267.94502179315026,268.7298816623899,44077000.0,,,,,,,,,,,,,,,
2023-01-12,273.7626647949219,274.7927877956512,268.5532788594756,272.8502932331982,60600000.0,,,,,,,,,,,,,,,
2023-01-13,275.646240234375,275.89150328651294,270.9273815063878,271.26093566457496,44802900.0,,,,,,,,,,,,,,,
2023-01-17,276.2055053710937,277.4906816399172,274.2826210808861,275.4500758501751,36269700.0,,,,,,,,,,,,,,,
2023-01-18,272.61480712890625,279.2957706324418,272.408794537072,277.7456912937367,47754500.0,,,,,,,,,,,,,,,
2023-01-19,269.9365539550781,272.12431152107627,268.7004483260857,270.9862871777325,44150400.0,,,,,,,,,,,,,,,
2023-01-20,277.3238830566406,277.65743727728545,270.48594668506337,271.5455000347287,60613600.0,,,,,,,,,,,,,,,
2023-01-23,283.48492431640625,284.7112399513532,277.3729863530123,278.1676364893102,52799900.0,,,,,,,,,,,,,,,
2023-01-24,282.90606689453125,284.0637015046576,281.3461972203422,281.8661537784052,44875100.0,,,,,,,,,,,,,,,
2023-01-25,282.2781982421875,282.896236062252,275.85228750449124,278.39320945144925,50872000.0,,,,,,,,,,,,,,,
2023-01-26,287.7818298339844,287.9584120329334,283.05315135544816,285.70200409702426,51596300.0,,,,,,,,,,,,,,,
2023-01-27,290.6466064453125,292.608711331998,286.3495919531761,286.46731345608214,56441900.0,,,,,,,,,,,,,,,
2023-01-30,284.77001953125,288.8021597580297,284.39724483353893,287.37962205125564,49405800.0,,,,,,,,,,,,,,,
2023-01-31,289.03765869140625,289.13576992110575,284.70142376852044,284.80932516364925,46705100.0,,,,,,,,,,,,,,,
2023-02-01,295.21832275390625,297.680744097422,286.7616253046277,288.8316615869483,67562200.0,,,,,,,,,,,,,,,
2023-02-02,305.8136901855469,307.73654472571866,300.9182477321009,301.7423282493174,83070600.0,,,,,,,,,,,,,,,
2023-02-03,300.3785400390625,306.4708954456166,298.76963008185174,299.162044953903,76170800.0,,,,,,,,,,,,,,,
2023-02-06,297.8376770019531,300.1137256214991,296.49364008331565,297.7592059878805,40802300.0,,,,,,,,,,,,,,,
2023-02-07,304.008544921875,305.1367492772075,296.59179062606245,297.71017487608094,67584000.0,,,,,,,,,,,,,,,
2023-02-08,298.6029663085937,303.6357707891918,297.91624747235653,302.6939687038487,56720900.0,,,,,,,,,,,,,,,
2023-02-09,295.9638366699219,303.13532624833186,294.5118984958231,302.9881743981649,49137800.0,,,,,,,,,,,,,,,
2023-02-10,294.0214233398437,295.85598658175047,291.6178329261947,293.8055906090698,50050100.0,,,,,,,,,,,,,,,
2023-02-13,298.7304382324219,299.31907562567426,294.2470218426378,295.4242966291426,39636700.0,,,,,,,,,,,,,,,
2023-02-14,300.9378662109375,301.8894883709388,295.208522978323,297.1510177828864,64079100.0,,,,,,,,,,,,,,,
2023-02-15,303.2433166503906,303.41007879995976,298.43616565913834,299.1228844068346,43100600.0,,,,,,,,,,,,,,,
2023-02-16,297.55322265625,302.58602696405995,297.40607076349045,298.612776162814,59498600.0,,,,,,,,,,,,,,,
2023-02-17,295.4537353515625,296.2091348983239,292.4517174944119,295.3654442309807,58230700.0,,,,,,,,,,,,,,,
2023-02-21,288.4587707519531,293.0697279651219,288.3214390154632,291.6275800656275,46526700.0,,,,,,,,,,,,,,,
2023-02-22,288.6746520996094,290.7446581736878,287.016671243805,289.0376366764408,51389200.0,,,,,,,,,,,,,,,
2023-02-23,291.19598388671875,292.4811601502825,287.0068709295869,292.3241881717645,69294400.0,,,,,,,,,,,,,,,
2023-02-24,286.32012939453125,287.4189032172758,284.5542172313994,286.23183827727587,74332000.0,,,,,,,,,,,,,,,
2023-02-27,288.3705139160156,290.87218529190994,287.7818765512934,289.4791077993854,48995000.0,,,,,,,,,,,,,,,
2023-02-28,287.99774169921875,290.5092334615913,287.4091042681813,287.74265849325576,48243100.0,,,,,,,,,,,,,,,
2023-03-01,285.6824035644531,288.3606568244222,284.7013513955358,287.7033686372759,58287000.0,,,,,,,,,,,,,,,
2023-03-02,288.0467224121094,288.85119240250265,282.9060184586117,283.1905319799629,53565900.0,,,,,,,,,,,,,,,
2023-03-03,294.0017395019531,294.23721240743714,289.2828804396578,289.7930467854235,60511500.0,,,,,,,,,,,,,,,
2023-03-06,294.3352966308594,298.23989551477433,294.13910413688774,295.2378779090162,56736300.0,,,,,,,,,,,,,,,
2023-03-07,290.7250671386719,295.3065950596229,290.11681943570414,294.3844034004965,65955800.0,,,,,,,,,,,,,,,
2023-03-08,292.1770324707031,292.7754600628296,289.2927360243212,291.1469094887992,50876300.0,,,,,,,,,,,,,,,
2023-03-09,287.1147766113281,295.2771391289466,286.3004864167267,292.6773265199897,71456700.0,,,,,,,,,,,,,,,
2023-03-10,283.0826721191406,288.7727942856596,281.9348575201035,287.28157540233644,98593600.0,,,,,,,,,,,,,,,
2023-03-13,285.1820678710937,288.8904440084787,279.78628074350866,281.29710952224696,97123600.0,,,,,,,,,,,,,,,
2023-03-14,291.7355041503906,292.2848910178012,287.8897960785165,288.73348664656174,73602500.0,,,,,,,,,,,,,,,
2023-03-15,293.2660217285156,293.5995759915821,287.6838305115018,289.1259789091008,83631500.0,,,,,,,,,,,,,,,
2023-03-16,300.99664306640625,301.3596276142065,291.55892506624343,292.3535750058437,98198100.0,,,,,,,,,,,,,,,
2023-03-17,299.5740966796875,303.29229304043884,297.6218123089048,300.9083432902864,89923700.0,,,,,,,,,,,,,,,
2023-03-20,300.6372985839844,300.9615338726046,296.74632519208114,298.9571102988408,56359500.0,,,,,,,,,,,,,,,
2023-03-21,304.9311218261719,305.383096151372,301.05978916317935,302.5729571040387,49757000.0,,,,,,,,,,,,,,,
2023-03-22,300.7847595214844,309.7556414204452,300.6177391713941,304.86242493400283,75791900.0,,,,,,,,,,,,,,,
2023-03-23,304.3514404296875,308.67474787206635,301.6592048377737,304.51849073355623,74576000.0,,,,,,,,,,,,,,,
2023-03-24,305.4715881347656,305.5698212705116,301.6002550384221,303.92894408666183,57195200.0,,,,,,,,,,,,,,,
2023-03-27,303.37872314453125,307.25005645213,302.52389091416995,306.1692220286919,50287400.0,,,,,,,,,,,,,,,
2023-03-28,301.7673034667969,302.8284973000927,299.4582548334839,302.7990213594844,48585900.0,,,,,,,,,,,,,,,
2023-03-29,307.2696533203125,307.8886779467395,304.646175138239,305.4617259902813,53274300.0,,,,,,,,,,,,,,,
2023-03-30,310.17803955078125,310.80689945176334,307.35806527422386,309.7457058652787,58354800.0,,,,,,,,,,,,,,,
2023-03-31,315.3365783691406,315.5724158551526,310.0994868949584,310.40408157810003,62138100.0,,,,,,,,,,,,,,,
2023-04-03,314.57012939453125,314.8354427804557,311.8877295017582,313.21417648862,47126800.0,,,,,,,,,,,,,,,
2023-04-04,313.5090026855469,316.0243825803943,312.2905939967629,315.01233543509,45875400.0,,,,,,,,,,,,,,,
2023-04-05,310.4138488769531,313.499106277702,308.59608649840885,312.55584649739706,62795700.0,,,,,,,,,,,,,,,
2023-04-06,312.5067443847656,312.99802996310086,307.36791642622194,308.76315067670646,46916500.0,,,,,,,,,,,,,,,
2023-04-10,312.3298645019531,312.3790110473827,307.79039090860914,309.5786774713476,45134700.0,,,,,,,,,,,,,,,
2023-04-11,310.32537841796875,312.3495022170666,309.8144523048652,312.2905203716253,40113600.0,,,,,,,,,,,,,,,
2023-04-12,307.58404541015625,312.87028237990893,307.12223582395177,312.2807337613539,62813300.0,,,,,,,,,,,,,,,
2023-04-13,313.607177734375,314.0787925911585,308.1637263720789,309.34279349972286,54613800.0,,,,,,,,,,,,,,,
2023-04-14,313.0177001953125,314.7764809739093,310.10926798541686,312.05476966810073,56278300.0,,,,,,,,,,,,,,,
2023-04-17,313.282958984375,313.6367001650962,310.5317719596086,312.6049825415416,43007000.0,,,,,,,,,,,,,,,
2023-04-18,313.3025817871094,315.8179911911078,312.1038739261268,315.395462862383,46746900.0,,,,,,,,,,,,,,,
2023-04-19,313.1553039550781,314.2164977962331,310.7676627910258,310.8954018631739,38960100.0,,,,,,,,,,,,,,,
2023-04-20,310.7675476074219,313.70542523513507,309.4803820255731,310.1878343288988,62462100.0,,,,,,,,,,,,,,,
2023-04-21,311.09185791015625,311.86809756580624,308.6256245513953,310.40407605124466,59002300.0,,,,,,,,,,,,,,,
2023-04-24,310.443359375,312.2021401015281,308.2718555959959,310.86585776277883,44043100.0,,,,,,,,,,,,,,,
2023-04-25,304.5872497558594,309.4804653365715,304.489016620201,308.8123240884824,57121600.0,,,,,,,,,,,,,,,
2023-04-26,306.4344787597656,309.4509795739338,305.9137172173924,307.97712275751604,55400500.0,,,,,,,,,,,,,,,
2023-04-27,314.7666931152344,315.2677840420541,309.5590477109076,310.19774298595155,65430400.0,,,,,,,,,,,,,,,
2023-04-28,316.9382019042969,317.0266297246246,313.4009391627026,314.530890181153,59712600.0,,,,,,,,,,,,,,,
2023-05-01,316.5746154785156,317.9895203971101,315.4937811676875,316.47635236195066,41013400.0,,,,,,,,,,,,,,,
2023-05-02,313.8135681152344,316.8300686407024,312.0743980474681,316.50580338013646,56519400.0,,,,,,,,,,,,,,,
2023-05-03,311.7600402832031,316.8497521612235,311.65194185315056,314.17715716201246,59882100.0,,,,,,,,,,,,,,,
2023-05-04,310.6595764160156,312.6836708645457,309.6278585752024,311.5340492672272,50224500.0,,,,,,,,,,,,,,,
2023-05-05,317.262451171875,318.1172833774698,310.6988523113847,312.91947297286674,51806100.0,,,,,,,,,,,,,,,
2023-05-08,318.0484313964844,318.3923372674187,315.7197427630588,316.8005769349855,36465800.0,,,,,,,,,,,,,,,
2023-05-09,316.0341491699219,317.2525276080899,315.7197192550117,316.3878603349305,31768800.0,,,,,,,,,,,,,,,
2023-05-10,319.4732360839844,320.32806828839847,315.9949254034796,318.4709942009923,60446600.0,,,,,,,,,,,,,,,
2023-05-11,320.5146789550781,321.0550810222023,318.47091443998295,320.0233934447152,44278500.0,,,,,,,,,,,,,,,
2023-05-12,319.3651123046875,321.4678290419078,317.3115421183243,321.0453006415859,48432800.0,,,,,,,,,,,,,,,
2023-05-15,321.0944519042969,321.33025939765366,318.3137586071263,319.8367619635715,33375600.0,,,,,,,,,,,,,,,
2023-05-16,321.4579772949219,323.16764148062344,320.33783180381295,320.3771430453496,40019200.0,,,,,,,,,,,,,,,
2023-05-17,325.3489685058594,325.9286819112278,321.3400912336349,322.5191586733748,47486100.0,,,,,,,,,,,,,,,
2023-05-18,331.39178466796875,331.6079515358574,325.72235952182035,325.7420001513761,64213500.0,,,,,,,,,,,,,,,
2023-05-19,330.6449890136719,332.3153417839332,329.58379550250504,331.60788943838475,61554900.0,,,,,,,,,,,,,,,
2023-05-22,331.7553405761719,332.767387670692,330.3797169647765,330.38955227178974,43015900.0,,,,,,,,,,,,,,,
2023-05-23,327.54986572265625,331.18539054519056,327.1961545433074,330.03579922661845,48216700.0,,,,,,,,,,,,,,,
2023-05-24,325.8697204589844,327.10776972072495,323.8161503250398,325.5946017325634,62891200.0,,,,,,,,,,,,,,,
2023-05-25,333.7990417480469,335.0665668116123,330.80221200891475,333.2291637268725,66862800.0,,,,,,,,,,,,,,,
2023-05-26,342.32781982421875,343.1630113895212,334.72272789307027,334.8209910158756,63007000.0,,,,,,,,,,,,,,,
2023-05-30,343.8802490234375,347.7613869295113,342.4555089148934,346.56264897187214,72652200.0,,,,,,,,,,,,,,,
2023-05-31,341.92486572265625,344.4893915729224,340.47067986314727,342.29824749275286,65105400.0,,,,,,,,,,,,,,,
2023-06-01,345.8748779296875,347.20132498528426,340.6181163131397,341.6694746335876,50488600.0,,,,,,,,,,,,,,,
2023-06-02,348.4687805175781,349.6282070390098,345.87480880885494,347.63358921510473,53372100.0,,,,,,,,,,,,,,,
2023-06-05,348.7145080566406,351.26919913842227,347.68282030519657,348.2526983996044,47266200.0,,,,,,,,,,,,,,,
2023-06-06,348.655517578125,349.6184480290235,346.7788032216218,348.10528017352283,41390400.0,,,,,,,,,,,,,,,
2023-06-07,342.7405090332031,350.8958383761309,342.1116490429839,348.94053119311474,69225900.0,,,,,,,,,,,,,,,
2023-06-08,346.9950256347656,347.4568353146323,342.8092925640385,343.0352647572386,47153900.0,,,,,,,,,,,,,,,
2023-06-09,348.3215026855469,351.4264313853431,346.8771217711748,348.44924174376325,53196900.0,,,,,,,,,,,,,,,
2023-06-12,354.20703125,354.3052943529786,349.00925194071897,349.98198769312216,44606500.0,,,,,,,,,,,,,,,
2023-06-13,356.9288330078125,357.76399456101933,353.75511715426626,356.9583089451528,57097800.0,,,,,,,,,,,,,,,
2023-06-14,359.52276611328125,359.8077201335218,354.1382955769709,356.9385992749848,69525600.0,,,,,,,,,,,,,,,
2023-06-15,363.8068237304688,365.2904858588163,357.6362777663679,358.25527243714697,71138800.0,,,,,,,,,,,,,,,
2023-06-16,361.5173950195313,366.351658257818,361.0752559946736,366.22391921096187,80932000.0,,,,,,,,,,,,,,,
2023-06-20,360.9998474121094,362.39702549677264,358.03827186745264,360.0651424498802,49204700.0,,,,,,,,,,,,,,,
2023-06-21,356.080322265625,360.29149488328585,355.15543589394366,359.8585680698679,53378300.0,,,,,,,,,,,,,,,
2023-06-22,360.2816162109375,360.43901681980367,354.4272864301973,354.83069680412274,47603000.0,,,,,,,,,,,,,,,
2023-06-23,356.71002197265625,359.01238895404134,355.01767999999373,356.385311870061,48922900.0,,,,,,,,,,,,,,,
2023-06-26,351.9281921386719,358.97305681131377,351.83964301895173,356.1787300462149,52685500.0,,,,,,,,,,,,,,,
2023-06-27,357.9792175292969,358.70733796883354,352.74479154792726,353.4728819606406,49428100.0,,,,,,,,,,,,,,,
2023-06-28,358.6777648925781,360.62590488384245,356.0802048684675,356.15893518685675,46498000.0,,,,,,,,,,,,,,,
2023-06-29,357.9595642089844,359.0222135298197,356.3164363159426,358.38264216689817,46151000.0,,,,,,,,,,,,,,,
2023-06-30,363.4794006347656,364.5321712325528,361.3246154421472,361.63944672812863,58712500.0,,,,,,,,,,,,,,,
2023-07-03,364.33538818359375,364.965080752573,363.0366078498649,364.1189247946389,19432900.0,,,,,,,,,,,,,,,
2023-07-05,364.3255004882813,366.0276910481875,362.73155662470873,362.7709217894503,34460900.0,,,,,,,,,,,,,,,
2023-07-06,361.55084228515625,361.9936178152119,358.6581182234109,360.6161373160052,49374700.0,,,,,,,,,,,,,,,
2023-07-07,360.3504333496094,364.52226973044776,360.1241512291807,361.3245334383602,47133700.0,,,,,,,,,,,,,,,
2023-07-10,360.468505859375,361.1474122875821,357.5659631843357,360.0749443133993,48498800.0,,,,,,,,,,,,,,,
2023-07-11,362.2494201660156,362.7020144344407,358.75649019433894,360.89160733391975,38214100.0,,,,,,,,,,,,,,,
2023-07-12,366.82464599609375,368.1726100645608,364.34515118816057,366.35235412153,61975400.0,,,,,,,,,,,,,,,
2023-07-13,373.0528564453125,373.8793447436065,369.4221931900927,370.0027017557936,46960000.0,,,,,,,,,,,,,,,
2023-07-14,372.97412109375,376.7031518701262,372.0984189151347,373.485748079809,55148500.0,,,,,,,,,,,,,,,
2023-07-17,376.4572143554688,377.3329166322363,373.21029383715927,373.6924045131907,40868900.0,,,,,,,,,,,,,,,
2023-07-18,379.5368957519531,380.9045575398771,373.8892104448696,375.8176832280745,55262000.0,,,,,,,,,,,,,,,
2023-07-19,379.4483642578125,381.7409123906442,378.12006757474666,380.5995627236231,54093000.0,,,,,,,,,,,,,,,
2023-07-20,370.7013244628906,377.923286171888,369.6780403163192,376.4572264736472,71941700.0,,,,,,,,,,,,,,,
2023-07-21,369.5894470214844,373.8104673479351,369.1565203199602,373.0823469716512,60499600.0,,,,,,,,,,,,,,,
2023-07-24,370.1798400878906,371.50810665869074,368.3202188458526,370.5635528672616,40380100.0,,,,,,,,,,,,,,,
2023-07-25,372.6888122558594,374.351637654843,370.8685562243706,370.888253820198,38894400.0,,,,,,,,,,,,,,,
2023-07-26,371.4490661621094,373.1414079342552,369.14669945351966,371.6458619601726,47075700.0,,,,,,,,,,,,,,,
2023-07-27,370.5635681152344,378.52346920353193,369.2746366303733,376.9098576612278,63940200.0,,,,,,,,,,,,,,,
2023-07-28,377.313232421875,378.3364864635538,374.1056471836481,374.6172742044875,56902900.0,,,,,,,,,,,,,,,
2023-07-31,377.5100708007813,378.690785724379,376.1916228179662,377.6183175150778,44019900.0,,,,,,,,,,,,,,,
2023-08-01,376.6343383789063,377.3919451508952,374.5681026054184,376.1620464793932,41060600.0,,,,,,,,,,,,,,,
2023-08-02,368.3694458007813,373.1611264871784,367.12969826236815,373.1611264871784,72687100.0,,,,,,,,,,,,,,,
2023-08-03,367.7790832519531,369.90435184798616,365.7915476989131,365.95882713700206,47666400.0,,,,,,,,,,,,,,,
2023-08-04,366.0572509765625,372.0197980045004,365.555442653565,369.7075822366438,61702800.0,,,,,,,,,,,,,,,
2023-08-07,369.1565551757813,369.2549530766585,365.53574062735606,367.8676237467124,37230400.0,,,,,,,,,,,,,,,
2023-08-08,366.017822265625,366.6672123277019,362.8889674430173,366.6475447598164,44726500.0,,,,,,,,,,,,,,,
2023-08-09,361.99359130859375,366.4605913395506,361.2359845962108,366.3031607187657,51150900.0,,,,,,,,,,,,,,,
2023-08-10,362.6626586914063,368.3398598555968,361.137596428398,365.0043904450485,72035300.0,,,,,,,,,,,,,,,
2023-08-11,360.3504333496094,362.08214015021474,358.8253711287267,360.1044536348334,48707200.0,,,,,,,,,,,,,,,
2023-08-14,364.3944091796875,364.5124746558894,358.83527281179767,359.5535144676342,42130800.0,,,,,,,,,,,,,,,
2023-08-15,360.5276184082031,364.2173147115886,359.8585306581353,363.420312685378,45539900.0,,,,,,,,,,,,,,,
2023-08-16,356.71002197265625,361.5213705290975,356.611624061966,359.98645920817404,53190500.0,,,,,,,,,,,,,,,
2023-08-17,352.81365966796875,358.45152631342546,352.40043050549747,358.1071486601496,62604300.0,,,,,,,,,,,,,,,
2023-08-18,352.37091064453125,353.6303257433368,349.0058945064905,349.54706796393924,61191400.0,,,,,,,,,,,,,,,
2023-08-21,358.048095703125,358.72700217281374,353.3744807454022,353.83692384755506,50696500.0,,,,,,,,,,,,,,,
2023-08-22,357.53643798828125,360.6652927377172,356.8476827797194,360.6554439405942,44530200.0,,,,,,,,,,,,,,,
2023-08-23,363.1743469238281,364.2665126856572,358.5007314261463,358.71719481869087,51770600.0,,,,,,,,,,,,,,,
2023-08-24,355.4111633300781,366.7458975171732,355.20454878191777,366.6475296549768,66842500.0,,,,,,,,,,,,,,,
2023-08-25,358.1661682128906,359.8585100213993,352.8136466802501,356.2475442612524,69960500.0,,,,,,,,,,,,,,,
2023-08-28,360.8620910644531,361.7967959662991,358.39244511479126,361.0883731853151,40910000.0,,,,,,,,,,,,,,,
2023-08-29,368.7433471679688,369.0975736549132,360.3406997445947,360.665379833035,58492400.0,,,,,,,,,,,,,,,
2023-08-30,370.7997131347656,371.38025178905,367.847956029626,368.8515726625421,41731500.0,,,,,,,,,,,,,,,
2023-08-31,371.9114990234375,373.6136895466663,370.8095146489998,370.8783961791077,35730700.0,,,,,,,,,,,,,,,
2023-09-01,371.51800537109375,374.70589361223153,370.0322779374839,374.28281561021936,39801200.0,,,,,,,,,,,,,,,
2023-09-05,371.9902648925781,373.210314848442,369.7862659063022,370.71115217182,32344200.0,,,,,,,,,,,,,,,
2023-09-06,368.7137451171875,371.5572850441712,366.7065722559504,371.2129074367522,42998700.0,,,,,,,,,,,,,,,
2023-09-07,366.0768432617188,366.8541475571886,363.2136358180395,364.2565873921442,52060700.0,,,,,,,,,,,,,,,
2023-09-08,366.5884704589844,368.82198545674055,365.6242492069954,366.0276595371048,35800100.0,,,,,,,,,,,,,,,
2023-09-11,370.9079284667969,371.4195555120843,367.6511591384349,369.618997042065,39936600.0,,,,,,,,,,,,,,,
2023-09-12,366.7951049804688,370.8882108711506,366.5097601154198,369.2352044346768,41391000.0,,,,,,,,,,,,,,,
2023-09-13,368.1923828125,369.79617585785695,365.8998643668331,367.0313654027087,46300700.0,,,,,,,,,,,,,,,
2023-09-14,371.20306396484375,372.1869828419729,367.8774433826772,369.94364900319135,48039400.0,,,,,,,,,,,,,,,
2023-09-15,364.8470153808594,370.2684188784552,363.9122802858166,369.8650084704276,69811200.0,,,,,,,,,,,,,,,
2023-09-18,365.2273254394531,366.3407681012067,363.6212111624308,363.9069691189676,36903500.0,,,,,,,,,,,,,,,
2023-09-19,364.4488525390625,365.2469780552872,361.4238419640805,363.9069258548111,37621700.0,,,,,,,,,,,,,,,
2023-09-20,359.197021484375,365.8677841776096,359.1181771883691,365.5130750564479,45514200.0,,,,,,,,,,,,,,,
2023-09-21,352.6149597167969,356.3001643241081,352.447468185274,355.5118715954057,69734800.0,,,,,,,,,,,,,,,
2023-09-22,352.6642150878906,356.49718479026586,352.3488980230887,354.359006723338,51589700.0,,,,,,,,,,,,,,,
2023-09-25,354.3392944335937,354.4280017936402,350.7132382578112,351.698581571032,39168000.0,,,,,,,,,,,,,,,
2023-09-26,349.0184326171875,352.29964255853133,348.03308934331926,351.7576857157296,53657700.0,,,,,,,,,,,,,,,
2023-09-27,349.8362731933594,351.74784148919474,346.21018720799054,350.171286287333,56066000.0,,,,,,,,,,,,,,,
2023-09-28,352.7626953125,354.8910400317703,348.0625894477545,348.91983313948447,56453300.0,,,,,,,,,,,,,,,
2023-09-29,353.0189514160156,357.6303811505316,351.78727222768936,356.24104341766446,64829600.0,,,,,,,,,,,,,,,
2023-10-02,355.965087890625,357.3642583710357,352.67404526804705,353.28495323022247,51625100.0,,,,,,,,,,,,,,,
2023-10-03,349.7181091308594,355.7188471093465,348.10213144546674,353.52152039917354,60478500.0,,,,,,,,,,,,,,,
2023-10-04,354.4772644042969,355.32464523779134,350.09247453990724,350.5555871096961,54786700.0,,,,,,,,,,,,,,,
2023-10-05,353.4327087402344,354.8713012050192,349.93475286434216,354.46730693724925,45897400.0,,,,,,,,,,,,,,,
2023-10-06,359.3546447753906,360.5469015205701,349.6490091135116,350.4372715745606,75049100.0,,,,,,,,,,,,,,,
2023-10-09,361.1874084472656,361.7293351903447,355.4921258364322,356.98983670606606,45304800.0,,,,,,,,,,,,,,,
2023-10-10,363.1876525878906,365.8382282460928,361.0199155536051,361.52242014626063,46968800.0,,,,,,,,,,,,,,,
2023-10-11,365.7791137695313,365.9663313882023,362.7935249958405,364.5178756423352,38215100.0,,,,,,,,,,,,,,,
2023-10-12,364.5080261230469,368.2621815500544,362.1136492104433,366.2816620389047,49587900.0,,,,,,,,,,,,,,,
2023-10-13,359.9261474609375,365.71997003976674,358.5269469460031,365.1386211851273,52469900.0,,,,,,,,,,,,,,,
2023-10-16,363.9956970214844,365.05002164165177,361.0987851152129,361.2465806062894,44201100.0,,,,,,,,,,,,,,,
2023-10-17,362.8033752441406,364.498166736826,358.32990873374644,360.4483905820312,50999100.0,,,,,,,,,,,,,,,
2023-10-18,358.0441589355469,362.5176255477324,356.7139395823082,360.31046637039856,54280500.0,,,,,,,,,,,,,,,
2023-10-19,354.6940002441406,360.6553146993433,353.89587464125333,359.4630578223605,72274200.0,,,,,,,,,,,,,,,
2023-10-20,349.4026794433594,354.76294846899185,349.17603969846044,354.19143261499835,72559700.0,,,,,,,,,,,,,,,
2023-10-23,350.4570007324219,353.9943789248996,345.97367149410854,348.0823202047124,60665200.0,,,,,,,,,,,,,,,
2023-10-24,353.8663330078125,354.6348995548222,350.5752900977818,352.27008172327623,47082100.0,,,,,,,,,,,,,,,
2023-10-25,345.2051086425781,351.6492611340788,344.62375980416624,351.4719065875028,71190500.0,,,,,,,,,,,,,,,
2023-10-26,338.62310791015625,344.9391625532596,337.3323104943421,344.0030743187561,78621400.0,,,,,,,,,,,,,,,
2023-10-27,340.2489013671875,343.7271621038448,339.0369182513592,341.3524810806448,63476700.0,,,,,,,,,,,,,,,
2023-10-30,344.0818786621094,345.4022350230032,341.37218469520366,342.73193313591645,55298500.0,,,,,,,,,,,,,,,
2023-10-31,345.7274169921875,346.10185227707217,341.5397077475539,344.111469531987,47671900.0,,,,,,,,,,,,,,,
2023-11-01,351.72808837890625,352.28974120081546,346.4663594769629,346.5648998076941,58992700.0,,,,,,,,,,,,,,,
2023-11-02,358.11309814453125,358.3495708656933,355.0191063813311,356.24095227133336,58162400.0,,,,,,,,,,,,,,,
2023-11-03,362.320556640625,363.6113538875242,359.17730927962293,359.40394905155324,53280500.0,,,,,,,,,,,,,,,
2023-11-06,363.7985534667969,364.3602063061445,361.5322761410514,363.0891051619072,38848700.0,,,,,,,,,,,,,,,
2023-11-07,367.2374267578125,368.1045035244266,363.6408999815297,364.8430199017285,50777400.0,,,,,,,,,,,,,,,
2023-11-08,367.4739074707031,368.3114552322413,365.1879039548286,367.611839886679,35663400.0,,,,,,,,,,,,,,,
2023-11-09,364.64599609375,369.3066505791059,364.1533244520648,368.163678832252,53859400.0,,,,,,,,,,,,,,,
2023-11-10,372.8440246582031,372.9918201228677,365.8382189302241,366.3703126733044,58309800.0,,,,,,,,,,,,,,,
2023-11-13,371.6813354492188,372.735659990496,369.7402079575448,371.26750810516944,40733500.0,,,,,,,,,,,,,,,
2023-11-14,379.6822509765625,380.5986429310435,377.5637692838589,378.085999934342,67792600.0,,,,,,,,,,,,,,,
2023-11-15,379.9680480957031,382.066833967817,378.6082696393877,381.5741623572847,54141400.0,,,,,,,,,,,,,,,
2023-11-16,380.2932739257813,380.5297467047787,377.9382889105267,379.1995271823335,45343500.0,,,,,,,,,,,,,,,
2023-11-17,380.3819274902344,381.3968298638466,378.6575767535919,379.5640757300641,46571900.0,,,,,,,,,,,,,,,
2023-11-20,385.0130310058594,385.6732242470782,380.39176852820106,380.39176852820106,44429600.0,,,,,,,,,,,,,,,
2023-11-21,382.7763671875,383.5252378240969,381.0323201246994,383.3084610645713,43337000.0,,,,,,,,,,,,,,,
2023-11-22,384.3429870605469,387.30887987612056,383.3379477672656,384.8455217423324,44121000.0,,,,,,,,,,,,,,,
2023-11-24,383.8010559082031,384.5302002849697,382.805849611046,383.9389883255665,15718800.0,,,,,,,,,,,,,,,
2023-11-27,383.466064453125,385.4170249378711,382.58909448430353,383.3084059170349,34139700.0,,,,,,,,,,,,,,,
2023-11-28,384.4710998535156,385.05244878485433,382.3624507839871,382.71719000412895,35491100.0,,,,,,,,,,,,,,,
2023-11-29,384.09661865234375,388.3631714173632,383.751742528822,386.9344117928961,38811700.0,,,,,,,,,,,,,,,
2023-11-30,383.1310424804688,384.8258342493983,380.1651794375616,384.3627216709614,52834400.0,,,,,,,,,,,,,,,
2023-12-01,384.2247619628906,384.8159739464168,380.4114882710684,382.0668577687091,40490100.0,,,,,,,,,,,,,,,
2023-12-04,380.6578369140625,380.93373183962944,377.0514767703932,380.4311971261608,51186900.0,,,,,,,,,,,,,,,
2023-12-05,381.6136169433594,382.8058739225098,378.57874272515113,378.7561273734401,42933000.0,,,,,,,,,,,,,,,
2023-12-06,379.4064025878906,384.64843584230624,379.061556510073,384.5498955042343,41994100.0,,,,,,,,,,,,,,,
2023-12-07,384.7075500488281,385.53523475354353,381.2884078381228,382.3821544599071,49593500.0,,,,,,,,,,,,,,,
2023-12-08,386.4220886230469,386.865475058335,382.7861695022315,382.9733871316722,46687500.0,,,,,,,,,,,,,,,
2023-12-11,389.722900390625,389.9889622782765,385.7913909603465,385.99830459607546,41198000.0,,,,,,,,,,,,,,,
2023-12-12,392.8268127441406,392.9450491247109,388.629240812153,389.76237955300553,39221200.0,,,,,,,,,,,,,,,
2023-12-13,397.8224487304688,398.4333566952143,392.9942731278188,393.7628396109321,55408100.0,,,,,,,,,,,,,,,
2023-12-14,397.47760009765625,400.34492229164994,394.47228535433857,399.04429214654,55447800.0,,,,,,,,,,,,,,,
2023-12-15,399.3990478515625,400.58147183446255,397.6550010435614,398.25604602017006,62896600.0,,,,,,,,,,,,,,,
2023-12-18,401.9147338867188,402.8131909265067,399.46622076148566,399.7920202843143,46610000.0,,,,,,,,,,,,,,,
2023-12-19,403.9683227539063,404.0867952971535,402.1812915891065,402.3688831593652,35711900.0,,,,,,,,,,,,,,,
2023-12-20,397.9654846191406,405.2617306717357,397.78777579004617,403.1686352259005,54042400.0,,,,,,,,,,,,,,,
2023-12-21,402.5958862304688,402.96121669217536,399.3377712493405,401.8949036992025,45568900.0,,,,,,,,,,,,,,,
2023-12-22,403.1982116699219,404.76803309196526,401.3223261415251,403.8103398826286,34314000.0,,,,,,,,,,,,,,,
2023-12-26,405.6664733886719,406.3378378440753,403.95841398590886,404.0571511423741,22722500.0,,,,,,,,,,,,,,,
2023-12-27,406.4922790527344,406.77875835861545,405.0895463807411,405.9489842983844,31980500.0,,,,,,,,,,,,,,,
2023-12-28,406.2947387695313,407.8950497629961,405.93913420178313,407.6480920977712,27029200.0,,,,,,,,,,,,,,,
2023-12-29,,,,,,404.5364379882813,406.6306645016134,402.620043921107,406.2750297554996,42662100.0,,,,,,,,,,
2024-01-02,,,,,,397.6907653808594,401.14817289593526,395.3693571629253,400.901215216287,58026900.0,,,,,,,,,,
2024-01-03,,,,,,393.4826049804688,396.1201263177863,393.0479871898376,395.0631401920244,47002800.0,,,,,,,,,,
2024-01-04,,,,,,391.4575500488281,394.727267266316,391.2402260881703,391.6156065789612,39432800.0,,,,,,,,,,
2024-01-05,,,,,,391.92181396484375,394.6976157049845,390.5289691180864,391.6254768256185,44922800.0,,,,,,,,,,
2024-01-08,,,,,,400.0220031738281,400.3084523351511,392.9985121136099,393.14668067053503,42473800.0,,,,,,,,,,
2024-01-09,,,,,,400.8122863769531,401.74084959997214,396.8214421086288,397.0190202971773,39132900.0,,,,,,,,,,
2024-01-10,,,,,,403.5288696289063,404.5364461618828,400.23940642845145,401.1284480923958,33962800.0,,,,,,,,,,
2024-01-11,,,,,,404.3684997558594,406.1959925651025,399.3206692442593,404.8031476719886,54536200.0,,,,,,,,,,
2024-01-12,,,,,,404.5759582519531,406.2453946257588,403.1831132814063,405.4057324617296,39595000.0,,,,,,,,,,
2024-01-16,,,,,,404.5364379882813,406.1169732179159,401.8791708584222,403.3411712214197,43903000.0,,,,,,,,,,
2024-01-17,,,,,,402.2545471191406,402.6299276236626,398.0167749505994,401.2272248549983,54386000.0,,,,,,,,,,
2024-01-18,,,,,,407.9642028808594,408.5470193930794,404.1808244553629,405.5242597758291,59562500.0,,,,,,,,,,
2024-01-19,,,,,,416.0545654296875,416.2126219738343,409.58428580538646,410.1671023546881,70325100.0,,,,,,,,,,
2024-01-22,,,,,,416.5978393554688,419.5613313657799,415.9952469706817,418.2573876461551,44880600.0,,,,,,,,,,
2024-01-23,,,,,,418.3265380859375,418.5438620366408,415.4519472523529,417.28929780686303,33003800.0,,,,,,,,,,
2024-01-24,,,,,,420.6479187011719,424.6190172669874,420.1540033688027,422.2383417474242,46948000.0,,,,,,,,,,
2024-01-25,,,,,,421.16162109375,423.81888806396256,418.820467179713,423.1471402830395,44367200.0,,,,,,,,,,
2024-01-26,,,,,,418.6524963378906,421.02328381753233,418.0005245054045,419.2748344573637,37137000.0,,,,,,,,,,
2024-01-29,,,,,,422.939697265625,423.1372754590085,418.4549375623776,419.10690942510337,38694700.0,,,,,,,,,,
2024-01-30,,,,,,420.1244201660156,422.475462254149,419.2156327270652,421.9025336640457,36739000.0,,,,,,,,,,
2024-01-31,,,,,,411.8957214355469,417.7239158748189,411.7179191648152,415.7285089399256,64010600.0,,,,,,,,,,
2024-02-01,,,,,,416.7460632324219,417.2399786330204,412.7255846364608,413.6936696742673,51008600.0,,,,,,,,,,
2024-02-02,,,,,,423.7892456054688,425.0042580366374,417.6449376290023,418.64262610680913,59602400.0,,,,,,,,,,
2024-02-05,,,,,,423.2361145019531,424.3819716909612,419.8280862142036,423.84856476903775,39889200.0,,,,,,,,,,
2024-02-06,,,,,,422.3865356445313,424.98453527196295,420.045381652116,424.38194285431695,35846100.0,,,,,,,,,,
2024-02-07,,,,,,426.7330322265625,427.5628065093712,423.8683288379171,425.17227277356136,37712700.0,,,,,,,,,,
2024-02-08,,,,,,427.5232543945313,428.2838731760965,426.1699311674683,426.8515066116603,29889900.0,,,,,,,,,,
2024-02-09,,,,,,431.73138427734375,432.5216669047471,427.86899286829663,428.65924534950017,36943900.0,,,,,,,,,,
2024-02-12,,,,,,430.0421752929688,433.7959497087528,429.3605697585453,431.6227103024464,33203300.0,,,,,,,,,,
2024-02-13,,,,,,423.3348388671875,426.0217396052204,420.1540227739736,422.08030471766,64491700.0,,,,,,,,,,
2024-02-14,,,,,,427.9480285644531,428.3727885417839,423.6608468287441,426.0118887813397,45092700.0,,,,,,,,,,
2024-02-15,,,,,,429.2223510742188,429.6866327349951,426.0810263616753,428.6395345462148,38796100.0,,,,,,,,,,
2024-02-16,,,,,,425.3302307128906,429.6964251039184,424.6189914716384,429.5976661604037,53716500.0,,,,,,,,,,
2024-02-20,,,,,,422.1198120117188,424.8462041800542,418.3462915915546,423.3348244505183,53999500.0,,,,,,,,,,
2024-02-21,,,,,,420.43060302734375,420.5195343175768,416.499056197841,419.3835049137998,49779000.0,,,,,,,,,,
2024-02-22,,,,,,432.7389831542969,433.7761932856845,428.43202581368143,429.2025325203063,53887800.0,,,,,,,,,,
2024-02-23,,,,,,431.4647216796875,435.2283544944071,430.4867788660651,434.299791160708,39853900.0,,,,,,,,,,
2024-02-26,,,,,,431.2374572753906,433.2625281912728,431.0497670405967,432.27469754338847,33043200.0,,,,,,,,,,
2024-02-27,,,,,,432.2746887207031,432.6599269894919,429.7359567723681,432.3438440997313,33713200.0,,,,,,,,,,
2024-02-28,,,,,,429.9730529785156,431.3560400595294,429.0148560047162,430.1311095062372,32938800.0,,,,,,,,,,
2024-02-29,,,,,,433.65765380859375,434.7343855957227,429.7260769829366,432.897035063429,42495200.0,,,,,,,,,,
2024-03-01,,,,,,440.1872253417969,441.1454223300951,434.487453034906,434.5467204654234,43853000.0,,,,,,,,,,
2024-03-04,,,,,,438.6166076660156,440.6120451150911,438.3696499735025,440.1872549728545,34325700.0,,,,,,,,,,
2024-03-05,,,,,,430.7435607910156,435.5839552943135,428.37277316164136,435.5740673406185,57917100.0,,,,,,,,,,
2024-03-06,,,,,,433.45025634765625,436.6112966097188,431.5733839817126,434.9616361652984,46234500.0,,,,,,,,,,
2024-03-07,,,,,,440.0291748046875,441.2837088767111,435.4950055955854,437.0360491430509,44526700.0,,,,,,,,,,
2024-03-08,,,,,,433.6774597167969,443.1804171768175,433.0057420191099,440.3848391776564,72096000.0,,,,,,,,,,
2024-03-11,,,,,,432.0672607421875,433.3217948100284,430.1409789239274,432.1857955963207,45860000.0,,,,,,,,,,
2024-03-12,,,,,,438.2609558105469,438.6165603792511,431.148562974468,434.3787885378619,55300900.0,,,,,,,,,,
2024-03-13,,,,,,434.8924560546875,437.28301956013377,433.7762025649882,437.26324365300286,37928700.0,,,,,,,,,,
2024-03-14,,,,,,433.7960205078125,436.65083576827374,431.0794858796677,436.1272866639703,52195200.0,,,,,,,,,,
2024-03-15,,,,,,428.6394653320313,433.5292086928175,427.4738023180454,430.7632950834554,73069800.0,,,,,,,,,,
2024-03-18,,,,,,432.72760009765625,436.2489248695255,432.4901867270838,433.96402116042105,47323800.0,,,,,,,,,,
2024-03-19,,,,,,433.8057861328125,434.2113358922314,428.6226881468784,430.7196837730096,43004100.0,,,,,,,,,,
2024-03-20,,,,,,438.94927978515625,439.2855827153711,433.30131642838063,435.0026331369198,43653500.0,,,,,,,,,,
2024-03-21,,,,,,441.02642822265625,444.4587341886424,440.8286189706875,444.00373970444815,39345700.0,,,,,,,,,,
2024-03-22,,,,,,441.5309448242188,442.6288723201985,439.661461549144,440.5121350002659,28253900.0,,,,,,,,,,
2024-03-25,,,,,,439.9285583496094,441.4122637705895,437.7326731191162,438.731680909386,27789200.0,,,,,,,,,,
2024-03-26,,,,,,438.5041809082031,442.371709837362,438.2766685525834,441.4517895723345,34142000.0,,,,,,,,,,
2024-03-27,,,,,,439.9977722167969,441.6892181200022,437.1292811248904,441.5902983886818,41359200.0,,,,,,,,,,
2024-03-28,,,,,,439.1866455078125,440.7989433409665,438.83054055878017,439.948269985988,36839600.0,,,,,,,,,,
2024-04-01,,,,,,440.1165161132813,442.6684762675744,438.2074587797039,440.1362879861129,38729000.0,,,,,,,,,,
2024-04-02,,,,,,436.318115234375,436.63464625203727,433.2715872010386,435.2993055474477,44259700.0,,,,,,,,,,
2024-04-03,,,,,,437.2974243164063,439.17677836679945,434.1816491557461,434.191519998106,39949800.0,,,,,,,,,,
2024-04-04,,,,,,430.61083984375,442.09473456067286,430.3833274974708,441.48144434714544,57267700.0,,,,,,,,,,
2024-04-05,,,,,,435.6850891113281,438.3557705556081,431.22407246732575,432.0351718909734,54744600.0,,,,,,,,,,
2024-04-08,,,,,,435.8136901855469,437.6930441117525,434.4289046707669,436.6148885971717,28144900.0,,,,,,,,,,
2024-04-09,,,,,,437.426025390625,438.4250331404944,432.6880511524698,438.1480760138876,39443600.0,,,,,,,,,,
2024-04-10,,,,,,433.60791015625,434.4684543741748,431.5406177904376,432.25279752010994,61502200.0,,,,,,,,,,
2024-04-11,,,,,,440.5318908691406,441.4814538292868,433.2023829085575,435.4774158620286,45474600.0,,,,,,,,,,
2024-04-12,,,,,,433.5090637207031,437.43593883261815,432.13417898239015,436.30833834521655,53665000.0,,,,,,,,,,
2024-04-15,,,,,,426.3773498535156,437.3468744561604,425.5365774509986,437.2578557574557,63453600.0,,,,,,,,,,
2024-04-16,,,,,,426.4169006347656,429.0480082692235,425.03211508664594,426.2190611910081,47619000.0,,,,,,,,,,
2024-04-17,,,,,,421.2140197753906,428.41493461701685,420.2842287497744,428.3951627476,56880500.0,,,,,,,,,,
2024-04-18,,,,,,418.8104553222656,423.5879732317038,418.236739020357,421.8569836696365,46549400.0,,,,,,,,,,
2024-04-19,,,,,,410.1456298828125,418.1576452072608,408.58280678519526,417.63340383171146,75231000.0,,,,,,,,,,
2024-04-22,,,,,,414.270263671875,416.60461192830087,409.44327146957136,412.7766575097694,47807700.0,,,,,,,,,,
2024-04-23,,,,,,420.4524230957031,421.6492702748659,414.3197623321765,416.1991163771081,44384700.0,,,,,,,,,,
2024-04-24,,,,,,421.8768310546875,425.0618533985452,419.5919270021446,423.5484749976912,48440300.0,,,,,,,,,,
2024-04-25,,,,,,419.8392028808594,420.69974722296223,413.5977509572157,414.6857774854448,57392200.0,,,,,,,,,,
2024-04-26,,,,,,426.3180236816406,427.8511738733555,422.2823582242487,422.9747359747383,41874900.0,,,,,,,,,,
2024-04-29,,,,,,428.0489501953125,429.0479880228406,425.309052126324,428.42482700907794,30022200.0,,,,,,,,,,
2024-04-30,,,,,,419.97760009765625,427.8610217852048,419.8984824336748,426.46633524230674,43665900.0,,,,,,,,,,
2024-05-01,,,,,,416.9409790039063,425.4673645155584,416.09033575149846,418.5532769953046,52251700.0,,,,,,,,,,
2024-05-02,,,,,,422.2625732421875,423.1626915216816,416.0606952075972,420.67994802753935,36559000.0,,,,,,,,,,
2024-05-03,,,,,,430.7493286132813,431.73846546858186,427.92038151036974,429.7206178316715,48515300.0,,,,,,,,,,
2024-05-06,,,,,,435.4674682617188,435.5564869497689,431.7779771979943,432.54950268048754,30227200.0,,,,,,,,,,
2024-05-07,,,,,,435.5368041992188,437.1688741862041,434.80482230426605,435.912681083047,30996100.0,,,,,,,,,,
2024-05-08,,,,,,435.279541015625,436.6841285638898,432.79679796970544,432.9155197428744,24896700.0,,,,,,,,,,
2024-05-09,,,,,,436.2291259765625,436.8028422580396,433.69693803654405,435.54661913008255,24580100.0,,,,,,,,,,
2024-05-10,,,,,,437.2578125,439.48337030563385,435.71476150297866,437.73260903218335,27116600.0,,,,,,,,,,
2024-05-13,,,,,,438.2667846679688,439.2658226427781,436.8523260801147,439.1669029109842,22994200.0,,,,,,,,,,
2024-05-14,,,,,,441.0858154296875,441.6199578136672,437.6535091414476,437.8414475694023,34478300.0,,,,,,,,,,
2024-05-15,,,,,,447.9801025390625,448.2273867676871,442.0452810520728,443.5586593238126,41464700.0,,,,,,,,,,
2024-05-16,,,,,,447.070068359375,449.75062067502097,446.9019018190155,447.7921189150022,34780400.0,,,,,,,,,,
2024-05-17,,,,,,446.8525085449219,447.80207154432486,444.656623355884,447.1986823210974,35803700.0,,,,,,,,,,
2024-05-20,,,,,,449.96826171875,450.6309665241783,446.8821594828128,447.0700979049042,24474200.0,,,,,,,,,,
2024-05-21,,,,,,450.84857177734375,451.03651019690585,447.9207351039447,448.11857455171366,23167700.0,,,,,,,,,,
2024-05-22,,,,,,450.7595825195313,451.857540210049,448.1581475603907,451.1057864827058,25120000.0,,,,,,,,,,
2024-05-23,,,,,,448.7318420410156,455.576652368354,446.9415066973637,455.5469794693014,40899200.0,,,,,,,,,,
2024-05-24,,,,,,452.9752197265625,454.24131365132826,448.642795616268,450.3441121576152,29669500.0,,,,,,,,,,
2024-05-28,,,,,,454.68646240234375,454.745808203998,451.7289526043386,454.1918939311823,26216800.0,,,,,,,,,,
2024-05-29,,,,,,451.4816284179688,453.262062682177,450.3935718404809,450.5320654894617,29739200.0,,,,,,,,,,
2024-05-30,,,,,,446.644775390625,450.6903720589612,445.31933550680014,450.5518783973658,30536800.0,,,,,,,,,,
2024-05-31,,,,,,445.8138732910156,447.5646648820336,438.2469822206981,446.8722569938479,55941300.0,,,,,,,,,,
2024-06-03,,,,,,448.2075805664063,450.6309477096741,443.03438403283286,449.63194002907153,32997500.0,,,,,,,,,,
2024-06-04,,,,,,449.4341125488281,450.63095970345694,446.2293187655642,447.9504072512339,23767400.0,,,,,,,,,,
2024-06-05,,,,,,458.49462890625,458.5737465768754,449.47370515181433,453.004931151471,33817400.0,,,,,,,,,,
2024-06-06,,,,,,458.3363342285156,459.4936376169888,457.16915999813136,459.17710658249314,21966800.0,,,,,,,,,,
2024-06-07,,,,,,457.9308471679688,460.68064676107866,456.8230185816892,457.9704210992116,25829700.0,,,,,,,,,,
2024-06-10,,,,,,459.7804565429688,460.136561496302,456.516317098726,456.803175229736,20660800.0,,,,,,,,,,
2024-06-11,,,,,,462.9358520507813,463.0545738378896,457.0109315387959,458.5045379527608,22053300.0,,,,,,,,,,
2024-06-12,,,,,,468.9992370605469,471.3237147233624,466.1703201246543,466.86269781638856,34532600.0,,,,,,,,,,
2024-06-13,,,,,,471.5413513183594,473.1932232482495,469.26634848832265,472.5304882333429,25859000.0,,,,,,,,,,
2024-06-14,,,,,,473.9845275878906,474.0537744176001,470.8786231404357,471.3435187046706,23372600.0,,,,,,,,,,
2024-06-17,,,,,,479.7907409667969,481.5711753074278,472.94593054199913,474.25156830496593,37054500.0,,,,,,,,,,
2024-06-18,,,,,,479.9390869140625,480.6215937616727,478.1784245124455,479.7412776538949,24438600.0,,,,,,,,,,
2024-06-20,,,,,,476.23974609375,481.5514064353084,474.4098367852232,481.13598584007,33918700.0,,,,,,,,,,
2024-06-21,,,,,,474.96380615234375,477.298185212039,473.4702297813939,475.96284420026217,37456800.0,,,,,,,,,,
2024-06-24,,,,,,469.5564575195313,475.4709918159273,469.41777397286,473.73725096126896,37751000.0,,,,,,,,,,
2024-06-25,,,,,,474.9261169433594,475.2233175695722,470.70568664689,471.6468723532993,29014700.0,,,,,,,,,,
2024-06-26,,,,,,475.9069519042969,476.45186007992106,473.6877730722037,474.1038539861991,22737100.0,,,,,,,,,,
2024-06-27,,,,,,477.1353759765625,478.611553035427,474.8468404661952,475.6592291517392,26222100.0,,,,,,,,,,
2024-06-28,,,,,,474.6585998535156,482.67346269795496,474.0146450158968,477.9279578687232,34881600.0,,,,,,,,,,
2024-07-01,,,,,,477.4425048828125,478.0071860471244,471.83508819375936,475.5799670851858,24898300.0,,,,,,,,,,
2024-07-02,,,,,,482.45550537109375,482.51494549553286,475.8177426243462,475.9465396386445,26723600.0,,,,,,,,,,
2024-07-03,,,,,,486.4777526855469,486.6065496921619,481.7025280801993,481.7025280801993,18064900.0,,,,,,,,,,
2024-07-05,,,,,,491.5502014160156,491.9861158127836,487.0226538424265,487.319884695154,28495900.0,,,,,,,,,,
2024-07-08,,,,,,492.7192077636719,493.27400238194434,490.89630684162825,491.9167358967407,22109400.0,,,,,,,,,,
2024-07-09,,,,,,493.1452331542969,495.3545252210374,491.6294495164821,494.2350191565913,25614500.0,,,,,,,,,,
2024-07-10,,,,,,498.2869873046875,498.8417819227691,493.7594701786326,495.06718307323126,28046900.0,,,,,,,,,,
2024-07-11,,,,,,487.3594970703125,498.6040508659988,486.1706643474196,498.3960104304496,49966600.0,,,,,,,,,,
2024-07-12,,,,,,490.2226257324219,494.9780167524356,487.4684559718065,487.9340904027109,37109400.0,,,,,,,,,,
2024-07-15,,,,,,491.540283203125,496.3551448499589,489.49942500337625,491.9960008951165,31151400.0,,,,,,,,,,
2024-07-16,,,,,,491.7285461425781,493.809041278556,488.5681817264973,492.9966525685197,25950600.0,,,,,,,,,,
2024-07-17,,,,,,477.2939147949219,484.2585985960934,477.2245881354205,483.74344074557246,56268800.0,,,,,,,,,,
2024-07-18,,,,,,475.03509521484375,481.197307007146,471.8450107133488,481.0189866258677,49347400.0,,,,,,,,,,
2024-07-19,,,,,,470.8245544433594,477.2146398442787,469.536644785116,474.69823041742177,42042900.0,,,,,,,,,,
2024-07-22,,,,,,477.8388366699219,478.8592658683728,473.2716518414077,476.6896104466303,40300000.0,,,,,,,,,,
2024-07-23,,,,,,476.154541015625,479.929139778085,475.6790200591189,476.9372095685927,23282500.0,,,,,,,,,,
2024-07-24,,,,,,459.0747680664063,469.7843305630981,458.2128560235188,469.4177730491382,58818600.0,,,,,,,,,,
2024-07-25,,,,,,454.01220703125,463.59237645887646,451.3967509671105,459.4115832282099,59256800.0,,,,,,,,,,
2024-07-26,,,,,,458.6685180664063,461.6010080562765,455.4982373723581,458.35148395019394,39992100.0,,,,,,,,,,
2024-07-29,,,,,,459.58990478515625,463.5626575995967,457.3310894463461,461.3830856787975,28218500.0,,,,,,,,,,
2024-07-30,,,,,,453.2791137695313,462.2252153474391,449.9305123184666,461.5218203822993,41317200.0,,,,,,,,,,
2024-07-31,,,,,,466.6933288574219,468.3973496671703,462.076620963173,463.5230477398301,44552100.0,,,,,,,,,,
2024-08-01,,,,,,455.3893432617188,471.1316949567563,451.7435410720989,467.3769292797384,56653900.0,,,,,,,,,,
2024-08-02,,,,,,444.5806884765625,449.35591337831903,440.340454930092,446.7008203668183,66323200.0,,,,,,,,,,
2024-08-05,,,,,,431.324951171875,438.18067041596953,419.51571740667526,420.7639901258256,87483500.0,,,,,,,,,,
2024-08-06,,,,,,435.4463806152344,442.91633588521086,430.52255505334097,433.1677617207585,63164400.0,,,,,,,,,,
2024-08-07,,,,,,430.7305603027344,444.8283608872693,430.3342827318256,442.3416715112024,54929200.0,,,,,,,,,,
2024-08-08,,,,,,443.9070129394531,444.8184483377776,433.088456770268,436.9621327982493,47890100.0,,,,,,,,,,
2024-08-09,,,,,,446.2252502441406,447.8599140690418,441.4698288405631,442.58933486287685,33574000.0,,,,,,,,,,
2024-08-12,,,,,,447.186279296875,450.1484898369526,444.3825556071596,447.1961960627885,27795000.0,,,,,,,,,,
2024-08-13,,,,,,458.28216552734375,458.54967631273865,451.4462793308009,451.5849931060487,40084500.0,,,,,,,,,,
2024-08-14,,,,,,458.4307861328125,460.7886481545662,454.1409992347584,459.2035379429091,34733700.0,,,,,,,,,,
2024-08-15,,,,,,470.01220703125,470.4084846096922,464.02831582443696,464.4047901058715,38280600.0,,,,,,,,,,
2024-08-16,,,,,,470.6165466308594,471.9837300381218,467.2679450064729,468.2289340511398,38383600.0,,,,,,,,,,
2024-08-19,,,,,,476.7985534667969,476.8381902959791,468.9719576926455,470.7552521973401,23737700.0,,,,,,,,,,
2024-08-20,,,,,,475.7979431152344,478.4530361414534,474.1038088531109,475.8871033026028,29209300.0,,,,,,,,,,
2024-08-21,,,,,,478.0170593261719,479.8696801901559,474.8666121809787,476.5805192822504,25658800.0,,,,,,,,,,
2024-08-22,,,,,,470.4381713867188,481.0288529409239,469.40782556843743,480.3353445521879,37739600.0,,,,,,,,,,
2024-08-23,,,,,,475.5403137207031,478.2548466699664,470.864166093088,474.78736521575286,36061500.0,,,,,,,,,,
2024-08-26,,,,,,470.9236450195313,475.9168271905872,468.8431499287544,474.9954750129997,27452600.0,,,,,,,,,,
2024-08-27,,,,,,472.3304443359375,473.400396779738,467.32734562030106,469.2889603736487,27510000.0,,,,,,,,,,
2024-08-28,,,,,,466.970703125,472.5880063433666,463.5428583776521,471.864808107776,37372400.0,,,,,,,,,,
2024-08-29,,,,,,466.287109375,473.4895530413343,465.0090862780714,468.882762161012,41081500.0,,,,,,,,,,
2024-08-30,,,,,,471.844970703125,472.4691222187162,466.1385073478048,470.6264179670085,33466500.0,,,,,,,,,,
2024-09-03,,,,,,457.519287109375,468.93224306292007,455.1415917316411,468.8034762990152,44985200.0,,,,,,,,,,
2024-09-04,,,,,,456.3304748535156,460.1348241601613,453.477258224592,454.40852713775496,32505100.0,,,,,,,,,,
2024-09-05,,,,,,456.7565002441406,461.0363402813741,453.6852962003829,454.7057252932336,34452400.0,,,,,,,,,,
2024-09-06,,,,,,444.5212707519531,456.9348546285424,444.0259161994411,456.05310901273066,50624400.0,,,,,,,,,,
2024-09-09,,,,,,450.2376708984375,451.2283800463581,445.64079617378894,448.8506841381575,32981200.0,,,,,,,,,,
2024-09-10,,,,,,454.3985900878906,454.9038613489134,448.0283385228492,452.0010610232758,29680300.0,,,,,,,,,,
2024-09-11,,,,,,464.26611328125,465.0091451377414,447.08722038725296,455.6370451200616,57843000.0,,,,,,,,,,
2024-09-12,,,,,,468.8233337402344,469.635722410282,462.5125219845072,464.29578616525714,40067800.0,,,,,,,,,,
2024-09-13,,,,,,470.9236450195313,472.1025912298367,467.8623576257768,468.0902315957997,29111800.0,,,,,,,,,,
2024-09-16,,,,,,468.8431091308594,469.4573438624681,465.524258227229,468.7935857753576,22585600.0,,,,,,,,,,
2024-09-17,,,,,,469.0907897949219,473.1626194637402,466.5942140254684,471.8647931061313,30084400.0,,,,,,,,,,
2024-09-18,,,,,,467.0599060058594,474.3812306191074,466.45555772606247,470.2896273846689,39909200.0,,,,,,,,,,
2024-09-19,,,,,,478.8691101074219,481.7124704668982,476.0257799819862,478.12607832269657,52782500.0,,,,,,,,,,
2024-09-20,,,,,,477.9576721191406,479.196058420288,473.8561221774012,478.0071954775703,34577700.0,,,,,,,,,,
2024-09-23,,,,,,479.224609375,480.315926835132,477.7959811138323,479.135323893243,24843000.0,,,,,,,,,,
2024-09-24,,,,,,481.53619384765625,482.48860259985565,476.3772853530918,480.6333780488886,25952600.0,,,,,,,,,,
2024-09-25,,,,,,481.9826354980469,483.93707616737726,480.732578237264,480.91114919551086,26549900.0,,,,,,,,,,
2024-09-26,,,,,,485.6037902832031,489.80038938586057,481.9627654472511,489.4729790250893,32020200.0,,,,,,,,,,
2024-09-27,,,,,,482.9052734375,486.76456175281504,481.7246705523257,486.6256530479584,22851100.0,,,,,,,,,,
2024-09-30,,,,,,484.21484375,484.55215452746376,479.1055285852124,481.942923506745,30281100.0,,,,,,,,,,
2024-10-01,,,,,,477.4685363769531,484.14538839099305,473.6291095550639,483.8477701398877,42735400.0,,,,,,,,,,
2024-10-02,,,,,,478.1431884765625,480.05793653831387,473.9465894744548,476.5657209152366,23744000.0,,,,,,,,,,
2024-10-03,,,,,,477.7860107421875,480.722621801194,475.2065415805555,475.9506174766113,25337200.0,,,,,,,,,,
2024-10-04,,,,,,483.47076416015625,484.0263384101603,478.57971250941176,483.5997421604296,30686600.0,,,,,,,,,,
2024-10-07,,,,,,478.2920227050781,482.7267165409567,477.0717272577596,481.5560443224721,24975100.0,,,,,,,,,,
2024-10-08,,,,,,485.4351501464844,486.1197024602016,480.0282162700938,480.83181589462646,28272000.0,,,,,,,,,,
2024-10-09,,,,,,489.2547302246094,489.8301659101601,484.0958218394654,485.1375160516646,24995000.0,,,,,,,,,,
2024-10-10,,,,,,488.6991882324219,490.5643435683683,485.66336059890216,486.972941614762,25750400.0,,,,,,,,,,
2024-10-11,,,,,,489.4630432128906,490.4849365346354,486.298268176488,486.86374286155046,20644500.0,,,,,,,,,,
2024-10-14,,,,,,493.57037353515625,494.8898548804224,491.34807641617016,491.85402746733337,26060100.0,,,,,,,,,,
2024-10-15,,,,,,486.9728698730469,494.5624378387375,484.8199969924789,493.89771672699226,34784500.0,,,,,,,,,,
2024-10-16,,,,,,487.0324096679688,487.8062474023501,483.718795252719,487.3002660956879,22996800.0,,,,,,,,,,
2024-10-17,,,,,,487.3696899414063,492.5682902789601,487.3101662945277,492.5186973320695,27210700.0,,,,,,,,,,
2024-10-18,,,,,,490.5643005371094,491.6556179545978,489.4035287665701,490.15753539620334,25335000.0,,,,,,,,,,
2024-10-21,,,,,,491.5068054199219,492.3104049952959,487.4292536147581,489.35393242594535,30336500.0,,,,,,,,,,
2024-10-22,,,,,,492.0425109863281,493.5207623873369,488.0840368199485,488.8380434331737,26685800.0,,,,,,,,,,
2024-10-23,,,,,,484.5025634765625,490.34605451121007,481.2187106828383,489.6912640374047,39346600.0,,,,,,,,,,
2024-10-24,,,,,,488.4312744140625,489.1058959697234,485.5740180882913,488.2229113611023,22024900.0,,,,,,,,,,
2024-10-25,,,,,,491.4075927734375,496.3284064395032,490.5246081383439,491.2290218168546,38762100.0,,,,,,,,,,
2024-10-28,,,,,,491.4869689941406,494.58232014940006,491.1893507201843,494.5227964946088,20477800.0,,,,,,,,,,
2024-10-29,,,,,,496.2093811035156,497.3899840518489,489.949224432872,491.804448986959,28014100.0,,,,,,,,,,
2024-10-30,,,,,,492.4592590332031,496.3979024924012,491.97313907393766,495.44549370075856,29756000.0,,,,,,,,,,
2024-10-31,,,,,,480.0281982421875,488.5404136876197,479.92898206139125,488.4908207354854,41245200.0,,,,,,,,,,
2024-11-01,,,,,,483.5799255371094,486.8737090932154,481.3675590327268,481.6651773097424,33655800.0,,,,,,,,,,
2024-11-04,,,,,,482.171142578125,485.5145189767317,480.4250346737851,482.9747421757978,23291600.0,,,,,,,,,,
2024-11-05,,,,,,488.3221435546875,488.986864708101,483.6691863103744,483.7584717889176,24353600.0,,,,,,,,,,
2024-11-06,,,,,,501.5865478515625,502.4100088623021,495.6538016210877,496.6062103649232,43082200.0,,,,,,,,,,
2024-11-07,,,,,,509.4836120605469,510.26741073728783,504.3247041524069,504.3842278003702,32853100.0,,,,,,,,,,
2024-11-08,,,,,,510.0789794921875,510.8527870225075,508.3626030584352,508.9876317248382,22924500.0,,,,,,,,,,
2024-11-11,,,,,,509.7813720703125,511.5076186893174,506.8844228762925,511.2992556117253,24167500.0,,,,,,,,,,
2024-11-12,,,,,,508.8586120605469,510.5947892022127,505.8029536128868,509.7118651333431,25835300.0,,,,,,,,,,
2024-11-13,,,,,,508.2038879394531,510.91230509556345,505.9220670734697,508.35272735480186,24567400.0,,,,,,,,,,
2024-11-14,,,,,,504.6719970703125,508.739588052962,503.7592505809421,507.8665643683169,28679500.0,,,,,,,,,,
2024-11-15,,,,,,492.6477355957031,499.3543196021951,490.58414799637626,498.9674158501514,51461100.0,,,,,,,,,,
2024-11-18,,,,,,496.0704650878906,498.1737452081733,492.8064737155202,494.1954094353085,27080800.0,,,,,,,,,,
2024-11-19,,,,,,499.4832763671875,499.9694265575256,493.1536656807539,493.49100674201975,24523000.0,,,,,,,,,,
2024-11-20,,,,,,499.1955871582031,499.5031361161102,492.6377823112046,499.1856564574556,29565500.0,,,,,,,,,,
2024-11-21,,,,,,500.9913330078125,502.9556742347672,493.6299279279644,502.24136007682114,34526700.0,,,,,,,,,,
2024-11-22,,,,,,501.79486083984375,502.52900601947925,498.80862662020473,500.43568707688615,23826600.0,,,,,,,,,,
2024-11-25,,,,,,502.5885620117188,507.41018976726633,500.2769794512125,505.87241468402135,26375200.0,,,,,,,,,,
2024-11-26,,,,,,505.28704833984375,506.11050927210346,503.22349121211295,504.0667529918503,26557100.0,,,,,,,,,,
2024-11-27,,,,,,501.3087463378906,504.2255264165309,497.96536999082,504.1561023396317,24957400.0,,,,,,,,,,
2024-11-29,,,,,,505.7136535644531,506.308920336892,501.3186525359816,501.93375043277575,15334000.0,,,,,,,,,,
2024-12-02,,,,,,511.2198181152344,512.1821877904773,506.5867223522024,506.9736563624461,25147200.0,,,,,,,,,,
2024-12-03,,,,,,512.7874755859375,513.0652930595598,509.3151204840634,509.89055628437575,18597900.0,,,,,,,,,,
2024-12-04,,,,,,519.1268920898438,519.3848480945504,515.4957677287545,516.2101120920232,26086200.0,,,,,,,,,,
2024-12-05,,,,,,517.6884155273438,519.9007822143092,517.3014814587618,519.1765675882936,18169600.0,,,,,,,,,,
2024-12-06,,,,,,522.3214721679688,522.5595667910787,518.2240889616199,518.3530669746475,23762600.0,,,,,,,,,,
2024-12-09,,,,,,518.25390625,522.1925195302961,517.1030347782992,521.398850563676,20674400.0,,,,,,,,,,
2024-12-10,,,,,,516.4878540039062,521.2301267457367,515.0592258717493,519.4840189672058,24350000.0,,,,,,,,,,
2024-12-11,,,,,,525.7341918945312,526.418744067759,520.4463366907022,520.8530714936718,32168600.0,,,,,,,,,,
2024-12-12,,,,,,522.3413696289062,524.7819607903772,521.8651803498141,523.5120419753823,23577500.0,,,,,,,,,,
2024-12-13,,,,,,526.3395385742188,528.9586400198303,523.1350101576185,526.2700842159519,28780400.0,,,,,,,,,,
2024-12-16,,,,,,533.9191284179688,534.8914288475645,528.7899817598816,528.8693668170654,31979900.0,,,,,,,,,,
2024-12-17,,,,,,531.5679321289062,533.2346552588101,529.9111397017564,532.1235065055408,28579100.0,,,,,,,,,,
2024-12-18,,,,,,512.3905029296875,532.6393233284896,510.942073860317,530.9230075449514,54703200.0,,,,,,,,,,
2024-12-19,,,,,,510.108642578125,517.6387171158508,509.77136208940215,517.0732121815271,46441800.0,,,,,,,,,,
2024-12-20,,,,,,514.5632934570312,520.6746720854811,505.26733831570937,506.4082488880885,60530000.0,,,,,,,,,,
2024-12-23,,,,,,519.576416015625,519.9540272324169,512.8788812504641,516.2773215508976,29672800.0,,,,,,,,,,
2024-12-24,,,,,,526.621826171875,526.7112253012842,520.8881517500126,521.5241349732042,17558200.0,,,,,,,,,,
2024-12-26,,,,,,526.2639770507812,527.8936610974116,522.994722895012,524.9920714258506,19090500.0,,,,,,,,,,
2024-12-27,,,,,,519.2683715820312,523.1338828752066,514.5979649367405,522.6966520264838,33839600.0,,,,,,,,,,
2024-12-30,,,,,,512.3621826171875,516.0885615458353,508.6059938701245,512.262836772703,34584000.0,,,,,,,,,,
2024-12-31,,,,,,508.0097961425781,514.3992562583705,507.0459049159329,513.644094410772,29117000.0,,,,,,,,,,
2025-01-02,,,,,,507.01611328125,513.3857408470585,502.52456498862887,511.0604536321022,36389800.0,,,,,,,,,,
2025-01-03,,,,,,515.3134765625,516.3767439002675,509.3015977009679,510.1163791404504,29059500.0,,,,,,,,,,
2025-01-06,,,,,,521.2359619140625,524.5946765405293,518.7418230577623,520.719278575862,36109700.0,,,,,,,,,,
2025-01-07,,,,,,511.9348449707031,522.676749747613,510.0468495678178,522.2793057604914,36690300.0,,,,,,,,,,
2025-01-08,,,,,,512.0244140625,513.6639845794838,507.3540064991393,511.835608416831,30777800.0,,,,,,,,,,
2025-01-10,,,,,,503.9952392578125,508.3575711092296,500.7458477331711,508.2582252642564,40532500.0,,,,,,,,,,
2025-01-13,,,,,,502.37548828125,502.8325822621149,496.5524148250259,498.04296636403393,31694200.0,,,,,,,,,,
2025-01-14,,,,,,501.89849853515625,506.94651670595886,498.4304916746537,505.5354479124467,33737200.0,,,,,,,,,,
2025-01-15,,,,,,513.4453125,514.5880322454942,508.2382987029594,509.79844685715614,34957600.0,,,,,,,,,,
2025-01-16,,,,,,509.84814453125,515.7904573182853,509.7189585445146,515.7109442532102,28229000.0,,,,,,,,,,
2025-01-17,,,,,,518.45361328125,520.7689538758897,509.8779677530645,519.5566069696355,51837900.0,,,,,,,,,,
2025-01-21,,,,,,521.4942626953125,522.6568758608805,516.7841297495139,521.1762711033113,23628000.0,,,,,,,,,,
2025-01-22,,,,,,528.1619873046875,530.457434010863,525.9261602278661,526.2342050879784,33593000.0,,,,,,,,,,
2025-01-23,,,,,,529.2849731445312,529.4042124255304,525.1213630726537,525.7076127624492,23096600.0,,,,,,,,,,
2025-01-24,,,,,,526.2938842773438,530.427653898665,524.8232261530454,529.6625453438141,19878300.0,,,,,,,,,,
2025-01-27,,,,,,510.9710083007813,514.7271665075501,506.936554378914,507.7812062861425,60771700.0,,,,,,,,,,
2025-01-28,,,,,,518.5231323242188,519.7056389765987,508.5563122008364,511.9746158466005,33194200.0,,,,,,,,,,
2025-01-29,,,,,,517.5493774414062,519.2983011374322,513.6441392716389,519.169115138246,26649000.0,,,,,,,,,,
2025-01-30,,,,,,519.7553100585938,522.7860860608997,514.9458310521527,520.4111867008249,27431300.0,,,,,,,,,,
2025-01-31,,,,,,519.0000610351562,528.1719622881295,517.9070142215932,523.6009014071057,38755200.0,,,,,,,,,,
2025-02-03,,,,,,514.846435546875,517.5691667149378,507.8309085723365,510.2356481268789,40580800.0,,,,,,,,,,
2025-02-04,,,,,,521.1663208007812,521.8023039804046,514.9656364261884,515.3631410761267,26046800.0,,,,,,,,,,
2025-02-05,,,,,,523.5313720703125,523.6903982021383,517.3406339590531,518.533087344952,21134100.0,,,,,,,,,,
2025-02-06,,,,,,526.2639770507812,526.472676075882,522.4283060989018,524.038096719135,19434500.0,,,,,,,,,,
2025-02-07,,,,,,519.6261596679688,528.7483284429109,518.9007772767695,526.8007131129621,29605500.0,,,,,,,,,,
2025-02-10,,,,,,525.916259765625,527.0192533310259,523.432007239571,523.8990176021349,20852800.0,,,,,,,,,,
2025-02-11,,,,,,524.6642456054688,526.5820814924964,522.5178778686476,522.6470638665404,19325500.0,,,,,,,,,,
2025-02-12,,,,,,524.9722290039062,525.8566374548477,518.6622518801204,519.0100229717194,25009400.0,,,,,,,,,,
2025-02-13,,,,,,532.5243530273438,532.8422839525621,525.856597948036,526.6415998490472,28714800.0,,,,,,,,,,
2025-02-14,,,,,,534.7601928710938,535.4458489556581,532.2957732617084,532.6336582725096,17862600.0,,,,,,,,,,
2025-02-18,,,,,,535.9724731445312,536.5985095911096,532.6634320198589,536.3301909280925,20565000.0,,,,,,,,,,
2025-02-19,,,,,,536.12158203125,537.4034344848549,533.0808594023651,535.1775539526902,19666900.0,,,,,,,,,,
2025-02-20,,,,,,533.845947265625,535.7041632085364,529.106034929491,535.3364987054381,26550800.0,,,,,,,,,,
2025-02-21,,,,,,522.7662353515625,535.0086388627485,522.3985708362279,534.9887454346671,47093800.0,,,,,,,,,,
2025-02-24,,,,,,516.5953369140625,525.7373982954535,516.2575125365582,524.5548916727963,39268400.0,,,,,,,,,,
2025-02-25,,,,,,510.0866394042969,516.0488458111333,506.2310744091533,515.9693327435128,48940000.0,,,,,,,,,,
2025-02-26,,,,,,511.3187561035156,516.3866066654181,508.1488476612619,512.2826775590353,34457600.0,,,,,,,,,,
2025-02-27,,,,,,497.1187744140625,515.8003708854543,496.9001589871784,514.8662895456173,52448000.0,,,,,,,,,,
2025-02-28,,,,,,504.9690551757813,505.5751982352111,493.7998352114138,496.9796905709141,47654000.0,,,,,,,,,,
2025-03-03,,,,,,493.9190673828125,509.80833658708485,490.4709237175102,508.2979219919685,44587200.0,,,,,,,,,,
2025-03-04,,,,,,492.4285278320313,500.5669416036149,484.6677252997208,491.0671622880661,67875400.0,,,,,,,,,,
2025-03-05,,,,,,498.8478698730469,500.45766070927147,488.1655836699512,493.0744692441924,46323700.0,,,,,,,,,,
2025-03-06,,,,,,485.1248168945313,495.4394073029576,483.1374149905395,490.58022541687785,57574300.0,,,,,,,,,,
2025-03-07,,,,,,488.6922302246094,490.172835031535,477.5031471015196,484.0913896771833,54714700.0,,,,,,,,,,
2025-03-10,,,,,,469.7523193359375,480.9215096966139,465.7079486891979,480.4047960555825,76668000.0,,,,,,,,,,
2025-03-11,,,,,,468.62939453125,475.7939702022416,464.0683106107926,469.37467027626616,68760800.0,,,,,,,,,,
2025-03-12,,,,,,473.9158935546875,478.0297999193566,468.8182025802525,476.1417740872487,46971100.0,,,,,,,,,,
2025-03-13,,,,,,465.3899230957031,473.2799114684233,463.4919505450515,473.2501016514119,46563300.0,,,,,,,,,,
2025-03-14,,,,,,476.638671875,477.5329967973217,470.13985820885455,470.7460316472692,43563000.0,,,,,,,,,,
2025-03-17,,,,,,479.72900390625,482.77967314656735,474.7903088976975,476.5889052181335,41744400.0,,,,,,,,,,
2025-03-18,,,,,,471.5509033203125,476.5889445811857,469.4343152382102,476.3902225670012,39072300.0,,,,,,,,,,
2025-03-19,,,,,,477.8609008789063,482.27290553437547,471.8788012950444,473.80658371122826,40430300.0,,,,,,,,,,
2025-03-20,,,,,,476.2411804199219,481.4978372007988,473.180564168426,473.87616704158864,36780500.0,,,,,,,,,,
2025-03-21,,,,,,477.8111877441406,478.5763266010879,469.93114605028205,471.0937592442753,42234900.0,,,,,,,,,,
2025-03-24,,,,,,488.2964477539063,489.1423592971704,482.0665930507614,485.39050030859886,34567200.0,,,,,,,,,,
2025-03-25,,,,,,491.08294677734375,491.2421796862816,488.05761261924056,489.022941249908,26035200.0,,,,,,,,,,
2025-03-26,,,,,,482.0466918945313,490.7843964317407,480.4942090197157,489.9285233558148,34627100.0,,,,,,,,,,
2025-03-27,,,,,,479.3000183105469,484.2361173499164,477.9366224976435,480.08622136250784,33469800.0,,,,,,,,,,
2025-03-28,,,,,,466.6810607910156,478.2052651441426,465.7953334525717,477.4986938052008,46363800.0,,,,,,,,,,
2025-03-31,,,,,,466.6611633300781,467.5966072840796,455.1269671761036,459.6948832614754,53000300.0,,,,,,,,,,
2025-04-01,,,,,,470.4229736328125,471.3484864500327,462.1828603541039,465.0489616231821,41156200.0,,,,,,,,,,
2025-04-02,,,,,,473.8562927246094,477.2498697785152,463.61585302345657,463.8746102747231,49894500.0,,,,,,,,,,
2025-04-03,,,,,,448.4891052246094,457.8537794541511,447.9716210778618,454.2412608622545,70456300.0,,,,,,,,,,
2025-04-04,,,,,,420.6339416503906,438.2486595831719,420.6339416503906,436.0294213013578,117088400.0,,,,,,,,,,
2025-04-07,,,,,,421.6490478515625,441.0053675205171,400.4516641030583,406.6914499899583,161557000.0,,,,,,,,,,
2025-04-08,,,,,,414.0557861328125,441.0053554988176,407.8160004160076,436.0493338288811,101248100.0,,,,,,,,,,
2025-04-09,,,,,,463.7552185058594,465.5763897991723,413.4288133631856,413.56815354318593,142876900.0,,,,,,,,,,
2025-04-10,,,,,,444.0306701660156,453.39534429067385,430.54595489590434,451.3751243498341,108384100.0,,,,,,,,,,
2025-04-11,,,,,,452.2111206054688,453.5944394661005,439.2040723268698,442.5080869674275,52483800.0,,,,,,,,,,
2025-04-14,,,,,,455.2762756347656,462.8097869672901,450.4496325846052,462.2226327115798,43941200.0,,,,,,,,,,
2025-04-15,,,,,,455.7838134765625,460.15268105084914,453.9526805576148,456.331182302101,35404200.0,,,,,,,,,,
2025-04-16,,,,,,442.0403442382813,450.4396905530406,435.6512868687369,446.86698749756175,48980600.0,,,,,,,,,,
2025-04-17,,,,,,441.9607543945313,445.5931660897692,439.23393245815055,445.0159733415272,44837000.0,,,,,,,,,,
2025-04-21,,,,,,431.0236206054688,436.9648633110088,425.8685808388082,436.1189822025886,44149300.0,,,,,,,,,,
2025-04-22,,,,,,442.33892822265625,445.42397106891866,435.5119573980011,436.7061890853483,52304400.0,,,,,,,,,,
2025-04-23,,,,,,452.3703308105469,461.14785116525866,450.6984308488603,455.9629568263105,55801100.0,,,,,,,,,,
2025-04-24,,,,,,465.0987243652344,465.4072286279397,453.6341981671536,454.2810913346692,45956100.0,,,,,,,,,,
2025-04-25,,,,,,470.28363037109375,470.81107609503925,463.1481859616907,464.7205615859109,38697100.0,,,,,,,,,,
2025-04-28,,,,,,470.1343688964844,472.5228018406058,463.7850969803822,470.751377450237,33550800.0,,,,,,,,,,
2025-04-29,,,,,,473.23931884765625,474.1250461983433,467.3279300466541,467.9051531308386,30613100.0,,,,,,,,,,
2025-04-30,,,,,,473.1795959472656,474.9012732295199,460.2024029412006,464.87977453427817,46810600.0,,,,,,,,,,
2025-05-01,,,,,,479.3596801757813,484.8331859909613,478.4242058431775,481.0813574837799,43316500.0,,,,,,,,,,
2025-05-02,,,,,,486.4752197265625,488.54521706431206,482.49448832227375,484.1962728644179,39218100.0,,,,,,,,,,
2025-05-05,,,,,,483.5892333984375,486.67430655244186,481.7680620014255,482.2656534659239,28309500.0,,,,,,,,,,
2025-05-06,,,,,,479.0910034179688,482.7134533803981,475.8865132659184,477.2499089792982,32786300.0,,,,,,,,,,
2025-05-07,,,,,,480.9718627929688,483.4598199362607,474.4832814966688,479.75773849221946,38006300.0,,,,,,,,,,
2025-05-08,,,,,,485.9378662109375,490.32662643958486,481.8377175267332,486.1767003880921,39577600.0,,,,,,,,,,
2025-05-09,,,,,,485.6194152832031,489.17222563016486,483.8579524315384,487.8486153265174,27767400.0,,,,,,,,,,
2025-05-12,,,,,,505.4036254882813,505.4434413067533,499.0643154796623,504.5477524292731,45090600.0,,,,,,,,,,
2025-05-13,,,,,,513.1063842773438,514.8977013705513,505.97090943590337,506.707335072133,53269600.0,,,,,,,,,,
2025-05-14,,,,,,516.1814575195312,516.7287959644325,513.2655789214306,514.2806849131285,47014500.0,,,,,,,,,,
2025-05-15,,,,,,516.7487182617188,519.4158011315517,512.6883550423395,514.0318883953613,50153300.0,,,,,,,,,,
2025-05-16,,,,,,518.997802734375,519.1868899000237,514.6090124784221,518.1518608917828,48394600.0,,,,,,,,,,
2025-05-19,,,,,,519.4954223632812,520.0129368955124,511.76283198638407,511.76283198638407,52536200.0,,,,,,,,,,
2025-05-20,,,,,,517.7637939453125,518.4205878915068,514.171137741155,516.967599082951,42517600.0,,,,,,,,,,
2025-05-21,,,,,,510.5686340332031,520.4806779894516,508.7773168881608,513.7831162356644,71292800.0,,,,,,,,,,
2025-05-22,,,,,,511.5240173339844,515.2161678084017,509.8321942334835,511.1856284174264,55607200.0,,,,,,,,,,
2025-05-23,,,,,,506.7869262695313,509.37440786318274,503.14455323986806,503.74166904926017,58368100.0,,,,,,,,,,
2025-05-27,,,,,,518.7091674804688,519.1968580915909,512.1111611741854,513.6636439652767,47226300.0,,,,,,,,,,
2025-05-28,,,,,,516.4102783203125,521.1573196978349,515.8928245699911,519.6645455027536,46637200.0,,,,,,,,,,
2025-05-29,,,,,,517.4254150390625,523.943850597734,514.8280023627366,523.7946096140164,58513300.0,,,,,,,,,,
2025-05-30,,,,,,516.609375,518.1718194248762,509.46396914496165,516.937802360934,67662800.0,,,,,,,,,,
2025-06-02,,,,,,520.689697265625,520.9285314569356,513.4845216279213,514.7484234216115,44762800.0,,,,,,,,,,
2025-06-03,,,,,,524.7598876953125,526.192953382638,520.172109482974,521.0379136751978,44070300.0,,,,,,,,,,
2025-06-04,,,,,,526.2228393554688,527.2876922621837,523.4362788655679,525.4664906934179,41359300.0,,,,,,,,,,
2025-06-05,,,,,,522.261962890625,530.4821825867151,520.1422186545674,527.6260127928042,61031200.0,,,,,,,,,,
2025-06-06,,,,,,527.3672485351562,529.2381970448477,525.6655248338539,527.446880166096,42467000.0,,,,,,,,,,
2025-06-09,,,,,,528.1436157226562,529.7856311828058,526.4617540692666,527.5863156876297,33688700.0,,,,,,,,,,
2025-06-10,,,,,,531.6366577148438,532.3233363181573,526.342277608641,528.6112629449328,40664800.0,,,,,,,,,,
2025-06-11,,,,,,529.8452758789062,534.1942808270467,527.5563674659288,533.039834702878,53701000.0,,,,,,,,,,
2025-06-12,,,,,,531.0892944335938,532.0646150066514,528.2829320298816,528.5317277617894,34104900.0,,,,,,,,,,
2025-06-13,,,,,,524.4215698242188,529.3078908293887,523.1974536303323,525.1380723113464,55814400.0,,,,,,,,,,
2025-06-16,,,,,,531.7162475585938,532.7910620936354,527.8947792535579,527.9445262501218,37622100.0,,,,,,,,,,
2025-06-17,,,,,,526.5313720703125,530.7608992855103,525.366964373918,529.1487078886557,42180900.0,,,,,,,,,,
2025-06-18,,,,,,526.4417724609375,529.9846210200801,524.8594657253662,527.5464108599048,43983500.0,,,,,,,,,,
2025-06-20,,,,,,524.292236328125,530.989797962704,522.3516174800588,529.6960723110417,61643500.0,,,,,,,,,,
2025-06-23,,,,,,529.6832275390625,530.2012624901581,521.7128229011945,524.8611059770333,50666100.0,,,,,,,,,,
2025-06-24,,,,,,537.783203125,538.6997827118523,534.2861780549605,534.90387960364,45442000.0,,,,,,,,,,
2025-06-25,,,,,,539.157958984375,541.3000294115662,537.3845756916884,540.0546537700266,44804200.0,,,,,,,,,,
2025-06-26,,,,,,544.1992797851562,544.6476272131085,539.5167156535897,541.339901952907,43811400.0,,,,,,,,,,
2025-06-27,,,,,,546.0623779296875,547.9553124291843,542.5254624415982,545.2354314727291,57577100.0,,,,,,,,,,
2025-06-30,,,,,,549.5992431640625,550.7549250315776,546.9789678853869,549.2206440950201,45548700.0,,,,,,,,,,
2025-07-01,,,,,,544.9664306640625,548.6727003482655,542.6450333450836,547.6962844543337,56166700.0,,,,,,,,,,
2025-07-02,,,,,,548.7623291015625,548.9616013728256,544.099649838931,544.1394799694398,36538300.0,,,,,,,,,,
2025-07-03,,,,,,554.1622924804688,555.1387084222483,551.1335605372531,551.1335605372531,26443500.0,,,,,,,,,,
2025-07-07,,,,,,549.9878540039062,552.2893059767699,547.5469053516296,551.4723321808171,45349300.0,,,,,,,,,,
2025-07-08,,,,,,550.2966918945312,551.9604968449189,549.0612280892235,551.3328226115977,36153300.0,,,,,,,,,,
2025-07-09,,,,,,554.1921997070312,555.5670993773455,551.0538285444961,552.4287282148103,43045500.0,,,,,,,,,,
2025-07-10,,,,,,553.3952026367188,555.2383344969288,550.7051787469096,554.8298779906593,34710900.0,,,,,,,,,,
2025-07-11,,,,,,552.1497802734375,553.733864104168,550.0077097543851,551.2530854493318,39618600.0,,,,,,,,,,
2025-07-14,,,,,,554.1524047851562,554.8896575344722,549.5893307950605,551.9405857278426,36453300.0,,,,,,,,,,
2025-07-15,,,,,,554.660400390625,558.7253235687808,554.6006247913591,558.177370440617,43277700.0,,,,,,,,,,
2025-07-16,,,,,,555.2283325195312,558.1375740177878,549.519549612121,555.2184205935204,52314700.0,,,,,,,,,,
2025-07-17,,,,,,559.7216186523438,560.229741645841,555.1486333295833,555.9556343165032,40423800.0,,,,,,,,,,
2025-07-18,,,,,,559.1836547851562,562.6407884950407,557.9083608963978,561.0367592084838,50484700.0,,,,,,,,,,
2025-07-21,,,,,,562.0828857421875,563.9659084478778,559.9807060956166,560.0106243017523,39595200.0,,,,,,,,,,
2025-07-22,,,,,,559.1737060546875,562.2622135594852,556.5434579032301,562.212410691865,43270600.0,,,,,,,,,,
2025-07-23,,,,,,561.7242431640625,561.7640732969975,557.5099110527195,560.2597104593184,40215300.0,,,,,,,,,,
2025-07-24,,,,,,562.9197387695312,564.1451688896942,561.2060703387892,563.0392899612859,42275500.0,,,,,,,,,,
2025-07-25,,,,,,564.2747192382812,565.5998159531918,562.1825124752501,562.8400440606903,30630800.0,,,,,,,,,,
2025-07-28,,,,,,566.0382690429688,566.9349031473512,564.7729477514129,565.639724456999,31498700.0,,,,,,,,,,
2025-07-29,,,,,,565.1614990234375,569.9935327032099,564.434219030358,568.6485511909246,45463300.0,,,,,,,,,,
2025-07-30,,,,,,565.9186401367188,568.508997161805,562.9595959750744,566.0780214636062,43433800.0,,,,,,,,,,
2025-07-31,,,,,,562.9197387695312,572.5041444344463,561.7839416385068,572.4144506359528,64613600.0,,,,,,,,,,
2025-08-01,,,,,,551.8309936523438,556.951993446216,549.6391201209816,556.7626938955674,69400800.0,,,,,,,,,,
2025-08-04,,,,,,562.0131225585938,562.2323403030458,556.8822111512052,556.9818168836358,47669800.0,,,,,,,,,,
2025-08-05,,,,,,558.1973266601562,564.4640352064246,557.6592854470431,563.2983805936119,48666600.0,,,,,,,,,,
2025-08-06,,,,,,565.2212524414062,565.6596271290572,558.5559991276681,559.0342039471559,41823700.0,,,,,,,,,,
2025-08-07,,,,,,567.1340942382812,571.1990173575662,563.0193682552224,569.5550971875249,44463000.0,,,,,,,,,,
2025-08-08,,,,,,572.4244995117188,572.6437172653317,568.0408133424522,568.3396913615944,35255500.0,,,,,,,,,,
2025-08-11,,,,,,570.730712890625,574.6661119984625,569.4554798808987,572.5639325532171,33112900.0,,,,,,,,,,
2025-08-12,,,,,,577.9041137695312,578.2029917684722,570.372084149425,573.0321895540377,42143300.0,,,,,,,,,,
2025-08-13,,,,,,578.193115234375,581.1620715545174,576.7982700747931,580.6041456525571,41209300.0,,,,,,,,,,
2025-08-14,,,,,,577.7447509765625,579.7273793774012,575.7720345015408,576.1407216563158,45425000.0,,,,,,,,,,
2025-08-15,,,,,,575.2042236328125,577.6949751695009,573.4407520858407,577.6550842269212,49480200.0,,,,,,,,,,
2025-08-18,,,,,,574.9750366210938,575.6326290840033,573.1119593251236,574.3075322318431,29831000.0,,,,,,,,,,
2025-08-19,,,,,,567.1740112304688,574.4270476767487,566.1477924665415,574.2576936083949,53752600.0,,,,,,,,,,
2025-08-20,,,,,,563.8065185546875,566.3470728538312,556.7726389420532,566.2275216498264,76781100.0,,,,,,,,,,
2025-08-21,,,,,,561.1962280273438,564.3943140175195,558.9046880126308,562.2622161511607,46436900.0,,,,,,,,,,
2025-08-22,,,,,,569.85400390625,571.8665505027725,561.186237654488,562.5810219572568,51502100.0,,,,,,,,,,
2025-08-25,,,,,,568.210205078125,571.1691888777926,567.0544622483576,568.289926158301,34044700.0,,,,,,,,,,
2025-08-26,,,,,,570.4915771484375,570.8004278507278,566.6956749257416,567.7218935616645,34103000.0,,,,,,,,,,
2025-08-27,,,,,,571.368408203125,572.2849877073902,568.2599552674767,569.4754735923461,36927100.0,,,,,,,,,,
2025-08-28,,,,,,574.9451293945312,575.8617088595212,570.3422257905413,571.9860851866184,46787900.0,,,,,,,,,,
2025-08-29,,,,,,568.2898559570312,572.9027323513419,566.4366907257225,572.5340452045847,56030400.0,,,,,,,,,,
2025-09-02,,,,,,563.527587890625,563.8762688061983,557.4700627066655,559.2335343759405,65876800.0,,,,,,,,,,
2025-09-03,,,,,,567.9610595703125,569.585034325084,564.6333889904666,567.1241403555323,54230200.0,,,,,,,,,,
2025-09-04,,,,,,573.1019287109375,573.4705550386212,566.9249141338813,568.6285491052419,47526300.0,,,,,,,,,,
2025-09-05,,,,,,573.9288940429688,578.9701724080204,569.4156841594208,578.3424981949754,68342500.0,,,,,,,,,,
2025-09-08,,,,,,576.728515625,578.6912594012136,575.6326093036281,576.2303653317651,46371400.0,,,,,,,,,,
2025-09-09,,,,,,578.3624267578125,578.7908286858918,574.9052323196163,577.5255075617649,44007600.0,,,,,,,,,,
2025-09-10,,,,,,578.5517578125,581.6104078841153,576.4096872460331,581.5804896782814,49308000.0,,,,,,,,,,
2025-09-11,,,,,,581.9192504882812,582.7162787776647,579.4683292093007,581.0823312583443,44745800.0,,,,,,,,,,
2025-09-12,,,,,,584.4896850585938,585.6852579441866,581.939157947032,582.8756829463206,50745900.0,,,,,,,,,,
2025-09-15,,,,,,589.4910888671875,589.6006673309763,586.1136154844122,586.263084887294,44360300.0,,,,,,,,,,
2025-09-16,,,,,,588.992919921875,590.6666974580144,588.3054701472681,590.417622334017,36942100.0,,,,,,,,,,
2025-09-17,,,,,,587.8173217773438,589.560847731768,582.2081448420756,588.9132280535239,69384800.0,,,,,,,,,,
2025-09-18,,,,,,593.11767578125,595.9272507480725,590.7664209781601,592.7091584852494,61069300.0,,,,,,,,,,
2025-09-19,,,,,,597.1326904296875,597.83011295333,593.6456386208329,595.1202047360832,58196100.0,,,,,,,,,,
2025-09-22,,,,,,600.667724609375,601.3360027595129,596.1990824942005,596.2190510860968,57154800.0,,,,,,,,,,
2025-09-23,,,,,,596.6779174804688,601.0367933292055,595.4609900615409,600.8372900448078,64635500.0,,,,,,,,,,
2025-09-24,,,,,,594.583251953125,598.3736318933126,591.8502333814113,598.0544387994095,49850300.0,,,,,,,,,,
2025-09-25,,,,,,592.0198364257812,593.6057566967052,587.0026056631178,590.6932034651784,70920200.0,,,,,,,,,,
2025-09-26,,,,,,594.4535522460938,594.7827296224774,589.5560723046866,592.8376791327265,54337400.0,,,,,,,,,,
2025-09-29,,,,,,597.20654296875,600.5181027058711,595.8898943349653,597.5855809487724,48332900.0,,,,,,,,,,
2025-09-30,,,,,,598.8424072265625,599.1815689140329,594.5832523790604,596.9073409482912,46533800.0,,,,,,,,,,
2025-10-01,,,,,,601.7150268554688,602.2536309055715,594.8226361779185,595.6504804045827,46899600.0,,,,,,,,,,
2025-10-02,,,,,,604.188720703125,605.6150748101588,601.3958573858611,605.5153536087707,43765400.0,,,,,,,,,,
2025-10-03,,,,,,601.645263671875,605.7847287787447,599.859840058186,604.9668078782124,46482100.0,,,,,,,,,,
2025-10-06,,,,,,606.1636962890625,607.8094613156995,604.4280726015548,606.9018036091138,41962100.0,,,,,,,,,,
2025-10-07,,,,,,602.9718627929688,608.1586438162234,601.4956480641417,607.4703970532165,58209500.0,,,,,,,,,,
2025-10-08,,,,,,609.8842163085938,610.193425090037,603.7199483921797,603.869530194898,50629800.0,,,,,,,,,,
2025-10-09,,,,,,609.1461181640625,610.0537759298148,605.9342796270852,609.9241018375851,45551000.0,,,,,,,,,,
2025-10-10,,,,,,588.0000610351562,611.6198017284072,587.5511938507611,609.8443624637231,97614800.0,,,,,,,,,,
2025-10-13,,,,,,600.4782104492188,601.415821078074,595.7103438165695,598.1541220292103,65872600.0,,,,,,,,,,
2025-10-14,,,,,,596.4784545898438,601.1565238344467,588.628483812035,593.7952965646048,69203200.0,,,,,,,,,,
2025-10-15,,,,,,600.6876831054688,605.1563255984365,594.4137092888615,602.4731675952409,62805500.0,,,,,,,,,,
2025-10-16,,,,,,598.46337890625,606.7622168482491,593.9848129790577,603.5703467351942,70982000.0,,,,,,,,,,
2025-10-17,,,,,,602.393310546875,603.9693073296388,594.8525491800316,596.4285459627954,72024900.0,,,,,,,,,,
2025-10-20,,,,,,609.9839477539062,611.2407514930889,605.5253506485595,605.5951798429426,45761700.0,,,,,,,,,,
2025-10-21,,,,,,609.8244018554688,611.1609582497778,607.7696457807522,610.0837500489531,44538200.0,,,,,,,,,,
2025-10-22,,,,,,603.9493408203125,609.8542605281881,598.2139715066553,609.2657958565487,61478800.0,,,,,,,,,,
2025-10-23,,,,,,609.0264282226562,609.8143961922938,602.9818500103868,603.3708114071275,42844300.0,,,,,,,,,,
2025-10-24,,,,,,615.52978515625,616.8464337655934,613.5648269782704,614.4226241256162,47632500.0,,,,,,,,,,
2025-10-27,,,,,,626.4918823242188,626.9506729134798,622.4422152319877,622.930958710038,54098600.0,,,,,,,,,,
2025-10-28,,,,,,631.3095703125,633.0651018787079,627.648925370604,628.7560864561588,61195700.0,,,,,,,,,,
2025-10-29,,,,,,634.15234375,635.3891789092543,628.6463695521778,633.9728090539653,67422800.0,,,,,,,,,,
2025-10-30,,,,,,624.45703125,631.8880872300178,624.3473257513068,630.5614543099158,61628600.0,,,,,,,,,,
2025-10-31,,,,,,627.4694213867188,632.5863736464859,625.0954721134605,632.5564207552092,66305100.0,,,,,,,,,,
2025-11-03,,,,,,630.4716796875,634.2021534587442,628.2473125587718,633.4939381480045,37154300.0,,,,,,,,,,
2025-11-04,,,,,,617.67431640625,625.3547359077402,616.8863484805083,621.6940912807667,63830800.0,,,,,,,,,,
2025-11-05,,,,,,621.6941528320312,625.0056518350635,615.6395900613109,616.9163015661201,48688500.0,,,,,,,,,,
2025-11-06,,,,,,610.1136474609375,620.4572571227977,608.7471381645778,620.2078932237561,72115100.0,,,,,,,,,,
2025-11-07,,,,,,608.1885375976562,608.3980251800011,597.1466973484642,606.7621834660789,81835400.0,,,,,,,,,,
2025-11-10,,,,,,621.6442260742188,622.7214951546598,615.3203917446493,617.3451949289606,55919900.0,,,,,,,,,,
2025-11-11,,,,,,619.9884643554688,621.1355017301039,615.9487814833327,618.9910087880348,44868800.0,,,,,,,,,,
2025-11-12,,,,,,619.4996948242188,623.2700450530867,616.2379957742788,623.2501373408774,47444400.0,,,,,,,,,,
2025-11-13,,,,,,606.8519897460938,616.5472286099415,604.5378855310528,615.9686873362173,71333600.0,,,,,,,,,,
2025-11-14,,,,,,607.310791015625,611.7893568378086,595.6505328274214,598.0244819828539,80087300.0,,,,,,,,,,
2025-11-17,,,,,,602.1240234375,610.9215891749508,598.3436886131177,604.7573208445992,63850400.0,,,,,,,,,,
2025-11-18,,,,,,594.7926635742188,600.7773963408275,589.8353391548725,598.0942387152705,83327300.0,,,,,,,,,,
2025-11-19,,,,,,598.3436279296875,604.6176011290698,593.0770945294743,595.5507646962523,73111500.0,,,,,,,,,,
2025-11-20,,,,,,584.1797485351562,612.4676329241026,583.262106516965,610.0637310644662,117743200.0,,,,,,,,,,
2025-11-21,,,,,,588.568603515625,595.4609945768989,579.2623261905873,585.9751825584982,103344200.0,,,,,,,,,,
2025-11-24,,,,,,603.6201782226562,605.1363301511908,593.6456226504143,593.7653733267485,60168100.0,,,,,,,,,,
2025-11-25,,,,,,607.3407592773438,608.7072685888149,595.8001905964915,601.9744432402352,57560900.0,,,,,,,,,,
2025-11-26,,,,,,612.70703125,614.6221288317284,608.8368989020178,610.9514997668095,42393600.0,,,,,,,,,,
2025-11-28,,,,,,617.67431640625,617.7441455966097,613.8540448070679,614.5422915350683,23034400.0,,,,,,,,,,
2025-12-01,,,,,,615.599609375,617.8638528985133,610.961477711232,612.0686387329198,40957600.0,,,,,,,,,,
2025-12-02,,,,,,620.4172973632812,622.1628444217793,616.0185455630003,617.8837824065502,54541800.0,,,,,,,,,,
2025-12-03,,,,,,621.9334716796875,622.6316418245013,616.4574507356939,618.0433708850139,47841600.0,,,,,,,,,,
2025-12-04,,,,,,621.35498046875,623.3498916256304,617.9636071501104,623.339907329069,47067800.0,,,,,,,,,,
2025-12-05,,,,,,623.8884887695312,627.3197383563271,622.1230338136666,622.7913119974152,53614200.0,,,,,,,,,,
2025-12-08,,,,,,622.6915283203125,627.2399228158015,620.1080918729878,625.6140655337878,43462400.0,,,,,,,,,,
2025-12-09,,,,,,623.4595336914062,624.2774544880871,619.4198511857304,621.4247464351753,37156000.0,,,,,,,,,,
2025-12-10,,,,,,626.0130615234375,627.6090269272694,619.4099106697121,622.2626189242517,55031400.0,,,,,,,,,,
2025-12-11,,,,,,623.98828125,624.1877845427603,616.148234091509,622.2327496814814,58272800.0,,,,,,,,,,
2025-12-12,,,,,,612.0586547851562,621.9533965533452,609.8043955563878,620.497150448988,75158700.0,,,,,,,,,,
2025-12-15,,,,,,608.9865112304688,616.8464661142882,607.7696446385382,616.7966055109866,49538200.0,,,,,,,,,,
2025-12-16,,,,,,610.1934204101562,611.9489518835392,605.3657088583533,606.7123103516171,55152800.0,,,,,,,,,,
2025-12-17,,,,,,598.8822631835938,612.0886258751325,598.7526499708691,611.5001003103562,70654300.0,,,,,,,,,,
2025-12-18,,,,,,607.5601196289062,611.3704070362718,605.375689596093,608.248366375679,78875800.0,,,,,,,,,,
2025-12-19,,,,,,615.47998046875,616.0485374798797,610.313167643226,610.392981139488,60369800.0,,,,,,,,,,
2025-12-22,,,,,,618.4302368164062,620.8671665076671,616.9920478025754,620.5674955378034,43703100.0,,,,,,,,,,
2025-12-23,,,,,,621.3265380859375,621.6261480926279,617.0020349130734,617.42148892244,41120400.0,,,,,,,,,,
2025-12-24,,,,,,623.144287109375,623.4938829346665,620.9370481838333,621.2067276835874,18468700.0,,,,,,,,,,
2025-12-26,,,,,,623.1043090820312,624.7322611929134,622.3552536061636,623.873297918951,28959800.0,,,,,,,,,,
2025-12-29,,,,,,620.088134765625,621.995763643064,617.9508150333834,619.3190849184411,32458300.0,,,,,,,,,,
2025-12-30,,,,,,618.64990234375,621.3964390816567,618.4401448660525,619.0594201394988,31226800.0,,,,,,,,,,
2025-12-31,,,,,,613.536376953125,619.1792861072609,613.2766946262738,618.8696789386981,40746500.0,,,,,,,,,,
2026-01-02,,,,,,612.347900390625,622.0656280105537,609.381669736326,619.2791633693975,61859200.0,,,,,,,,,,
2026-01-05,,,,,,617.2117309570312,620.0281869343077,615.9433108116908,618.5400731036631,46828400.0,,,,,,,,,,
2026-01-06,,,,,,622.6348876953125,623.2341686687002,617.7610283782293,618.4501618747352,43137500.0,,,,,,,,,,
2026-01-07,,,,,,623.2341918945312,627.1492383750701,621.7760085257346,622.2553845556755,44880300.0,,,,,,,,,,
2026-01-08,,,,,,619.6885986328125,622.6348958217857,617.0219780933957,622.2454332860368,50435900.0,,,,,,,,,,
2026-01-09,,,,,,625.86083984375,627.0992684709724,618.280371644388,620.6273877403378,49688700.0,,,,,,,,,,
2026-01-12,,,,,,626.3801879882812,628.0580650499223,621.4763979710708,621.5263228144307,37388700.0,,,,,,,,,,
2026-01-13,,,,,,625.4513549804688,628.6772678768714,622.9145755930199,626.4800871429724,44481400.0,,,,,,,,,,
2026-01-14,,,,,,618.769775390625,622.6648884214621,613.7860691564842,621.4563902550666,72598700.0,,,,,,,,,,
2026-01-15,,,,,,620.9970092773438,629.206628407055,619.9682771169513,625.8108857116995,53934900.0,,,,,,,,,,
2026-01-16,,,,,,620.4776611328125,625.2915986535979,618.1006533744517,624.7123119754499,61058100.0,,,,,,,,,,
2026-01-20,,,,,,607.2942504882812,614.2854351912486,606.2855126563834,609.7611716460692,81988900.0,,,,,,,,,,
2026-01-21,,,,,,615.50390625,619.6386461402016,607.0944662344775,608.7024240227943,79837900.0,,,,,,,,,,
2026-01-22,,,,,,619.978271484375,621.6761428244047,617.0020437780021,621.5662350217955,42254800.0,,,,,,,,,,
2026-01-23,,,,,,621.935791015625,624.612469784726,617.8709699342951,618.949566020391,43645800.0,,,,,,,,,,
2026-01-26,,,,,,624.67236328125,626.81961915323,621.3365426117721,622.425196766994,35983000.0,,,,,,,,,,
2026-01-27,,,,,,630.335205078125,631.2440322678261,626.5499998769385,628.1179690883873,38997200.0,,,,,,,,,,
2026-01-28,,,,,,632.4225463867188,635.7982947738302,631.014348844542,634.6597767228699,50691700.0,,,,,,,,,,
2026-01-29,,,,,,628.6373291015625,632.8719797654484,617.4914101080947,631.8533057393616,79944000.0,,,,,,,,,,
2026-01-30,,,,,,621.0868530273438,627.4688205124429,618.5200822009824,624.9220440060533,65650700.0,,,,,,,,,,
2026-02-02,,,,,,625.3515014648438,627.6985176699922,617.8808797571519,617.9208683974972,49020300.0,,,,,,,,,,
2026-02-03,,,,,,615.7435913085938,629.1866011443993,610.1905958568021,627.5087242048245,81234000.0,,,,,,,,,,
2026-02-04,,,,,,604.9871826171875,614.3253838343164,599.7138024298947,614.2455284678144,81850700.0,,,,,,,,,,
2026-02-05,,,,,,596.2781982421875,604.0483693053457,594.0110373128413,599.4541864003901,89354500.0,,,,,,,,,,
2026-02-06,,,,,,608.8822631835938,610.6399955270392,598.0159600076653,599.434154665902,78019300.0,,,,,,,,,,
2026-02-09,,,,,,613.54638671875,615.6837064208919,604.3080353554789,606.7748955946631,56797600.0,,,,,,,,,,
2026-02-10,,,,,,610.699951171875,616.2430108652889,610.2405694597212,614.5351423104305,53938900.0,,,,,,,,,,
2026-02-11,,,,,,612.337890625,616.7423712103644,606.9247331463698,615.6037921922693,58575100.0,,,,,,,,,,
2026-02-12,,,,,,599.8836059570312,615.0344847338599,598.8149461335121,613.9358943887876,81378900.0,,,,,,,,,,
2026-02-13,,,,,,601.1619873046875,605.7162424752422,595.6689134343201,599.673873409497,69237500.0,,,,,,,,,,
2026-02-17,,,,,,600.542724609375,603.1894116444834,592.5927882610704,597.626419057608,69013800.0,,,,,,,,,,
2026-02-18,,,,,,605.027099609375,609.0021290003773,599.9634770047899,601.3517411914925,64250700.0,,,,,,,,,,
2026-02-19,,,,,,602.7100219726562,605.0570991965415,599.993476524114,602.0508799312083,60960800.0,,,,,,,,,,
2026-02-20,,,,,,608.0433349609375,609.581373723881,598.4753818004266,599.3642756707148,74127300.0,,,,,,,,,,
2026-02-23,,,,,,600.652587890625,607.2443127599432,598.2955745850619,605.8460514657053,63859100.0,,,,,,,,,,
2026-02-24,,,,,,607.1044921875,608.2230768722754,598.9747284234804,601.6414099286677,55023700.0,,,,,,,,,,
2026-02-25,,,,,,615.9033813476562,616.053216829597,610.2305417280922,610.3004608891118,55710700.0,,,,,,,,,,
2026-02-26,,,,,,608.4727783203125,614.8148183820397,603.2193924504018,614.8148183820397,96178900.0,,,,,,,,,,
2026-02-27,,,,,,606.5252075195312,607.5539396831472,601.4316544188312,602.2206376135266,68125200.0,,,,,,,,,,
2026-03-02,,,,,,607.32421875,609.1518702196468,597.2369017749593,598.1058012495889,75264600.0,,,,,,,,,,
2026-03-03,,,,,,600.8224487304688,603.1994564784976,591.1246545665933,595.5790600436336,97015500.0,,,,,,,,,,
2026-03-04,,,,,,609.9808959960938,612.108218610738,602.6701065956436,603.3991678160902,70943900.0,,,,,,,,,,
2026-03-05,,,,,,608.1431274414062,611.9883154244911,601.5015388569162,606.6350803018902,89602400.0,,,,,,,,,,
2026-03-06,,,,,,598.9946899414062,605.2368188486739,597.5764953219963,599.5539822531658,86302300.0,,,,,,,,,,
2026-03-09,,,,,,606.99462890625,608.5027370453225,590.5853272955466,593.4816386137257,93068200.0,,,,,,,,,,
2026-03-10,,,,,,607.004638671875,612.5176457382476,604.65756151405,607.0146358319374,64078900.0,,,,,,,,,,
2026-03-11,,,,,,606.9247436523438,611.6587648578186,604.2681201890963,608.1831666985171,60114800.0,,,,,,,,,,
2026-03-12,,,,,,596.5078735351562,603.3792143506387,596.2981160455262,602.0009473234562,71836600.0,,,,,,,,,,
2026-03-13,,,,,,592.9722900390625,602.8398528802119,591.8237748266745,598.9747313072235,63145500.0,,,,,,,,,,
2026-03-16,,,,,,599.6239013671875,603.099499235842,598.3554812666724,599.2843027330098,49077200.0,,,,,,,,,,
2026-03-17,,,,,,602.5502319335938,605.1369970937805,601.1120429286618,602.3804630878033,47106600.0,,,,,,,,,,
2026-03-18,,,,,,594.15087890625,602.400426051188,593.8112802396884,600.7325461165636,56128000.0,,,,,,,,,,
2026-03-19,,,,,,592.273193359375,595.0496606380132,586.3406715242521,588.7676039624899,75597600.0,,,,,,,,,,
2026-03-20,,,,,,581.3269653320312,590.4254777892629,577.8113788279011,590.3156309505814,91964700.0,,,,,,,,,,
2026-03-23,,,,,,588.0,595.0800170898438,585.9600219726562,590.52001953125,89936100.0,,,,,,,,,,
2026-03-24,,,,,,583.97998046875,587.9299926757812,581.9299926757812,584.8099975585938,57750900.0,,,,,,,,,,
2026-03-25,,,,,,587.8200073242188,591.3699951171875,585.6900024414062,589.1400146484375,60475500.0,,,,,,,,,,
2026-03-26,,,,,,573.7899780273438,584.6300048828125,573.4299926757812,582.5999755859375,81492100.0,,,,,,,,,,
2026-03-27,,,,,,562.5800170898438,571.02001953125,561.5700073242188,570.8099975585938,82702200.0,,,,,,,,,,
2026-03-30,,,,,,558.280029296875,568.0499877929688,555.5999755859375,567.3800048828125,70602600.0,,,,,,,,,,
2026-03-31,,,,,,577.1799926757812,578.6400146484375,564.2100219726562,564.2899780273438,95878000.0,,,,,,,,,,
2026-04-01,,,,,,584.3099975585938,587.739990234375,580.4199829101562,581.47998046875,79435100.0,,,,,,,,,,
2026-04-02,,,,,,,,,,,,,,,,584.97998046875,586.0499877929688,571.9199829101562,573.969970703125,50941700.0
