Date,Close,High,Low,Open,Volume,"('Close', 'SPY')","('High', 'SPY')","('Low', 'SPY')","('Open', 'SPY')","('Volume', 'SPY')","('Close', 'SPY').1","('High', 'SPY').1","('Low', 'SPY').1","('Open', 'SPY').1","('Volume', 'SPY').1","('Close', 'SPY')","('High', 'SPY')","('Low', 'SPY')","('Open', 'SPY')","('Volume', 'SPY')"
2018-01-02,236.56216430664065,236.5973784613616,235.35634139761444,235.74361651795525,86655700.0,,,,,,,,,,,,,,,
2018-01-03,238.05845642089844,238.2080964327097,236.7293974037698,236.7293974037698,90070400.0,,,,,,,,,,,,,,,
2018-01-04,239.06190490722656,239.5460123853924,238.1201475809229,238.701060438399,80636400.0,,,,,,,,,,,,,,,
2018-01-05,240.6549835205078,240.7781927848289,239.36113851220543,239.8540292905556,83524000.0,,,,,,,,,,,,,,,
2018-01-08,241.09503173828125,241.2534551383721,240.2676737237684,240.5581166239349,57319200.0,,,,,,,,,,,,,,,
2018-01-09,241.6407470703125,242.26565732120056,241.2358514278501,241.517510954642,57254000.0,,,,,,,,,,,,,,,
2018-01-10,241.2709808349609,241.5350466212716,240.21479827128263,240.88370583678915,69574300.0,,,,,,,,,,,,,,,
2018-01-11,243.03135681152344,243.03135681152344,241.6583004230254,241.8255340603897,62361500.0,,,,,,,,,,,,,,,
2018-01-12,244.6156616210937,244.78286839135657,242.9961331060373,243.2954130794138,90816100.0,,,,,,,,,,,,,,,
2018-01-16,243.77957153320312,246.52568508160715,243.0842328909681,245.87437085450807,106555100.0,,,,,,,,,,,,,,,
2018-01-17,246.1031646728516,246.4904398023778,243.77954075622463,244.71251442448408,113258800.0,,,,,,,,,,,,,,,
2018-01-18,245.68951416015625,246.4112297604792,245.19659656063544,245.98876733307665,100728000.0,,,,,,,,,,,,,,,
2018-01-19,246.80728149414065,246.80728149414065,245.68948066001104,246.27036641848483,140920100.0,,,,,,,,,,,,,,,
2018-01-22,248.81399536132807,248.81399536132807,246.5431532562644,246.59598789964468,91322400.0,,,,,,,,,,,,,,,
2018-01-23,249.3421630859375,249.6326059650939,248.53239877650185,248.8580558066408,97084700.0,,,,,,,,,,,,,,,
2018-01-24,249.2453765869141,250.5832459642879,248.06595748775115,249.9847127299476,134816100.0,,,,,,,,,,,,,,,
2018-01-25,249.35096740722656,250.20472933165445,248.5588235370582,250.1079239839861,84587300.0,,,,,,,,,,,,,,,
2018-01-26,252.23782348632807,252.281847878742,249.9317941162781,250.18704963861404,107743100.0,,,,,,,,,,,,,,,
2018-01-29,250.56561279296875,252.10590306158304,250.40718938329576,251.66582012769325,90118300.0,,,,,,,,,,,,,,,
2018-01-30,247.9955596923828,250.618436958872,247.52026257180148,248.73489584632463,131796400.0,,,,,,,,,,,,,,,
2018-01-31,248.1187438964844,249.350970695276,247.0449405017096,248.849296582556,108364800.0,,,,,,,,,,,,,,,
2018-02-01,247.83709716796875,249.139752342768,247.04495324648897,247.38823083343112,90102500.0,,,,,,,,,,,,,,,
2018-02-02,242.4417266845703,246.6489189381392,242.4065125248929,246.5168725544824,173174800.0,,,,,,,,,,,,,,,
2018-02-05,232.3021545410156,242.7937427585855,231.75645603942664,240.6813501980193,294681800.0,,,,,,,,,,,,,,,
2018-02-06,236.8791046142578,237.38080573317723,227.6989787221332,228.79037608073344,355026800.0,,,,,,,,,,,,,,,
2018-02-07,235.593978881836,239.7219315509797,235.5147403268163,236.3245046380628,167376100.0,,,,,,,,,,,,,,,
2018-02-08,226.7570953369141,236.0340494073837,226.72188118769543,235.89321967103496,246449500.0,,,,,,,,,,,,,,,
2018-02-09,230.16336059570312,232.02049757208297,222.6115362922506,229.54723378106328,283565300.0,,,,,,,,,,,,,,,
2018-02-12,233.5432281494141,235.0131170932177,230.30422392491064,232.2141689797888,143736000.0,,,,,,,,,,,,,,,
2018-02-13,234.12413024902344,234.66982881131727,231.7564818205949,232.3373945399653,81223600.0,,,,,,,,,,,,,,,
2018-02-14,237.28396606445312,237.64483737410043,232.6278800630992,232.6366903191144,120735700.0,,,,,,,,,,,,,,,
2018-02-15,240.3116912841797,240.3205015384281,236.5621760065856,239.0266566088732,111200300.0,,,,,,,,,,,,,,,
2018-02-16,240.38211059570312,242.32729669194248,239.64277441824743,239.68679883222927,160420100.0,,,,,,,,,,,,,,,
2018-02-20,238.87701416015625,240.87500789598903,238.08487024125645,239.43152296154545,86369700.0,,,,,,,,,,,,,,,
2018-02-21,237.6887664794922,241.7991526348577,237.59196113335105,239.3170786016956,98883700.0,,,,,,,,,,,,,,,
2018-02-22,237.9969024658203,240.3293372038109,237.327994510731,238.61302946553275,110511300.0,,,,,,,,,,,,,,,
2018-02-23,241.79039001464844,241.79039001464844,238.74502323006428,239.2203203825133,92766400.0,,,,,,,,,,,,,,,
2018-02-26,244.5980682373047,244.6949004419044,242.2744445137796,242.8641405525541,86491400.0,,,,,,,,,,,,,,,
2018-02-27,241.54396057128903,245.495924366862,241.48234250179192,244.78296516081903,99099200.0,,,,,,,,,,,,,,,
2018-02-28,239.0970001220703,243.0929598055188,238.78015337228064,242.6440667161254,121907800.0,,,,,,,,,,,,,,,
2018-03-01,235.6204071044922,240.434915343989,234.1241144259789,238.88581486369563,176855100.0,,,,,,,,,,,,,,,
2018-03-02,236.83499145507807,237.398310435894,233.0855035735666,233.9480488297156,139083200.0,,,,,,,,,,,,,,,
2018-03-05,239.5723419189453,240.1884687505928,235.541167333542,235.64680979709024,97307400.0,,,,,,,,,,,,,,,
2018-03-06,240.1796722412109,240.6285654402573,238.683379484744,240.5493268729292,79213200.0,,,,,,,,,,,,,,,
2018-03-07,240.09161376953125,240.4436746997118,237.8207979384184,238.0144354790968,87063500.0,,,,,,,,,,,,,,,
2018-03-08,241.25344848632807,241.37665772949185,239.77477640519388,240.76934118536025,66901200.0,,,,,,,,,,,,,,,
2018-03-09,245.45181274414065,245.45181274414065,242.3448287927158,242.66170242288203,113625300.0,,,,,,,,,,,,,,,
2018-03-12,245.1438140869141,246.3672576672523,244.75653891475903,245.7423473551295,71924800.0,,,,,,,,,,,,,,,
2018-03-13,243.5594482421875,246.807261752872,242.9521317736514,246.30556086833784,91968900.0,,,,,,,,,,,,,,,
2018-03-14,242.30967712402344,244.7037296005574,241.75519513417623,244.51890227060835,105895100.0,,,,,,,,,,,,,,,
2018-03-15,242.04562377929688,243.46267799273133,241.5439227671176,242.8201740730757,83433000.0,,,,,,,,,,,,,,,
2018-03-16,242.30807495117188,243.3596693637448,242.2550556503789,242.5731714551364,100343700.0,,,,,,,,,,,,,,,
2018-03-19,239.0295867919922,242.4848220814732,237.37708882052544,241.5569572533792,109208400.0,,,,,,,,,,,,,,,
2018-03-20,239.4360809326172,240.07233951458807,238.75562162094465,239.4272353930552,59757300.0,,,,,,,,,,,,,,,
2018-03-21,238.9765167236328,241.4861955710921,238.76443954354207,239.39185251338063,78709600.0,,,,,,,,,,,,,,,
2018-03-22,233.00282287597656,237.5979999945079,232.72885384939,236.7496641672284,148785900.0,,,,,,,,,,,,,,,
2018-03-23,228.0364685058593,233.77164185526675,227.84205539286063,233.4446804761577,183534800.0,,,,,,,,,,,,,,,
2018-03-26,234.2752990722656,234.55808665375656,229.23827674648547,231.64191725294216,141956100.0,,,,,,,,,,,,,,,
2018-03-27,230.2898864746093,235.74224499591256,228.73458164104392,235.2120519554788,129941400.0,,,,,,,,,,,,,,,
2018-03-28,229.6094207763672,232.0926172982425,228.50480702582675,230.42242836273297,146452300.0,,,,,,,,,,,,,,,
2018-03-29,232.5432891845703,234.40789128155768,229.6182740322953,230.7493974721348,111601600.0,,,,,,,,,,,,,,,
2018-04-02,227.5239105224609,232.52560454766385,225.04957315969887,232.0130486932908,186286300.0,,,,,,,,,,,,,,,
2018-04-03,230.4400634765625,230.91726410781752,226.9671647542253,228.76105618064247,119956900.0,,,,,,,,,,,,,,,
2018-04-04,232.9055633544922,233.6125052626878,226.75508245525387,226.8876306920274,123715300.0,,,,,,,,,,,,,,,
2018-04-05,234.7436370849609,235.62732788506736,233.5771587564757,234.6640811810207,82652600.0,,,,,,,,,,,,,,,
2018-04-06,229.51222229003903,234.27530264645085,227.9922727264716,232.7818897016544,179521200.0,,,,,,,,,,,,,,,
2018-04-09,230.6433563232422,234.036726605388,229.70664599907167,230.970317685891,105442900.0,,,,,,,,,,,,,,,
2018-04-10,234.31065368652344,235.0971515890932,232.39305939698409,233.5330013233873,103529000.0,,,,,,,,,,,,,,,
2018-04-11,233.0823669433593,234.7437104819056,232.755405559986,232.82608898012964,91140200.0,,,,,,,,,,,,,,,
2018-04-12,234.9999389648437,235.94549479836687,234.23113211691503,234.4078811025094,68890500.0,,,,,,,,,,,,,,,
2018-04-13,234.31065368652344,236.4226880349549,233.3032600110848,236.30780389474955,85079200.0,,,,,,,,,,,,,,,
2018-04-16,236.23709106445312,237.00592484828672,235.12365879979507,235.94548491535664,63405300.0,,,,,,,,,,,,,,,
2018-04-17,238.76454162597656,239.36544520521667,237.4920240651641,238.0045531255473,64682000.0,,,,,,,,,,,,,,,
2018-04-18,238.9412078857422,239.7453429148429,238.4816713341332,239.20630438235705,57303900.0,,,,,,,,,,,,,,,
2018-04-19,237.61575317382807,238.490598881592,236.5818225452844,238.2873401855557,77655900.0,,,,,,,,,,,,,,,
2018-04-20,235.600814819336,237.765868283229,234.71712393090704,237.5449455611217,99953100.0,,,,,,,,,,,,,,,
2018-04-23,235.5655212402344,236.731999856834,234.487417119094,236.175270200361,65558000.0,,,,,,,,,,,,,,,
2018-04-24,232.39308166503903,236.8115369079572,230.8907960952027,236.5906141458113,112885500.0,,,,,,,,,,,,,,,
2018-04-25,232.9674835205078,233.4093290601004,230.51082339909723,232.33122486476995,103840900.0,,,,,,,,,,,,,,,
2018-04-26,235.3357696533203,236.16644142701392,233.5507233779955,233.9925689185512,67731900.0,,,,,,,,,,,,,,,
2018-04-27,235.55670166015625,236.2459796517264,234.6199912348972,235.94552790854067,57053600.0,,,,,,,,,,,,,,,
2018-04-30,233.7451019287109,236.73198165607025,233.6743915505361,236.17525204240047,82182300.0,,,,,,,,,,,,,,,
2018-05-01,234.1604156494141,234.2664542385587,231.6242002078808,233.17950476361585,74203400.0,,,,,,,,,,,,,,,
2018-05-02,232.5874786376953,234.7790150265446,232.19865244584616,233.96603442039367,86368900.0,,,,,,,,,,,,,,,
2018-05-03,232.07492065429688,232.7288433491431,228.9201373860479,231.7568048464609,136311500.0,,,,,,,,,,,,,,,
2018-05-04,235.07940673828125,235.7598658844315,230.77583704334407,231.1027983103037,91222100.0,,,,,,,,,,,,,,,
2018-05-07,235.8747711181641,236.8468094686672,235.15895672638163,235.8482614716613,55304900.0,,,,,,,,,,,,,,,
2018-05-08,235.8747711181641,236.237060631,234.31062107018985,235.50360909902147,67499200.0,,,,,,,,,,,,,,,
2018-05-09,238.1547088623047,238.4816701959383,236.02501045597168,236.5463848755641,59666100.0,,,,,,,,,,,,,,,
2018-05-10,240.381576538086,240.7085648074664,238.7909437871913,238.89698237483705,72063900.0,,,,,,,,,,,,,,,
2018-05-11,241.1150665283203,241.38016301005507,239.99276183006265,240.50531765222445,59871500.0,,,,,,,,,,,,,,,
2018-05-14,241.2300262451172,242.2020649614537,240.6821150643434,241.54814212287508,54790600.0,,,,,,,,,,,,,,,
2018-05-15,239.56863403320312,240.01929810214165,238.6230781966211,240.00163399076865,87036100.0,,,,,,,,,,,,,,,
2018-05-16,240.57603454589844,241.03557113568027,239.5774593788537,239.6039959988271,53942600.0,,,,,,,,,,,,,,,
2018-05-17,240.372787475586,241.45089152917097,239.5951351132481,240.31092263583,56536400.0,,,,,,,,,,,,,,,
2018-05-18,239.7718200683593,240.3904144340996,239.4183491314095,240.0280979590921,64368000.0,,,,,,,,,,,,,,,
2018-05-21,241.5745849609375,242.11365045107684,240.86764300493607,241.25646917116896,58025900.0,,,,,,,,,,,,,,,
2018-05-22,240.90298461914065,242.35225076806103,240.5760232721084,242.09597283331613,52966400.0,,,,,,,,,,,,,,,
2018-05-23,241.56570434570312,241.59224095910423,239.47136146284487,239.6304463027365,64694200.0,,,,,,,,,,,,,,,
2018-05-24,241.0708923339844,241.44205441736767,239.2858462349344,241.16811236672407,76043800.0,,,,,,,,,,,,,,,
2018-05-25,240.4964294433593,241.12384231755013,239.99271924932825,240.4964294433593,56374800.0,,,,,,,,,,,,,,,
2018-05-29,237.7305603027344,239.63051766461524,236.61712790053176,238.87052932624067,115908600.0,,,,,,,,,,,,,,,
2018-05-30,240.90298461914065,241.34483010823465,238.96772618756867,239.038409599856,69678400.0,,,,,,,,,,,,,,,
2018-05-31,239.4272308349609,240.7969410355754,238.8263274545693,240.4964893453796,93519900.0,,,,,,,,,,,,,,,
2018-06-01,241.77780151367188,242.07825314109903,240.6554969694648,240.7262073336255,71258400.0,,,,,,,,,,,,,,,
2018-06-04,242.9266662597656,243.18294421745537,242.36111800650752,242.5997048834602,45385200.0,,,,,,,,,,,,,,,
2018-06-05,243.1034240722656,243.48340476833687,242.2904164040996,243.0592233369313,51135000.0,,,,,,,,,,,,,,,
2018-06-06,245.1358795166016,245.24191812235736,243.0945554514741,243.71314994252884,62732200.0,,,,,,,,,,,,,,,
2018-06-07,245.1093139648437,245.9134758325717,244.19911351554344,245.62186973324768,72969400.0,,,,,,,,,,,,,,,
2018-06-08,245.833984375,245.88700367386923,244.48193831762,244.6498417534084,72139700.0,,,,,,,,,,,,,,,
2018-06-11,246.1609039306641,246.87669131202748,245.9399812335,246.0548653509217,58892500.0,,,,,,,,,,,,,,,
2018-06-12,246.4790954589844,246.8413850221631,245.8339913469702,246.57628852029868,72329000.0,,,,,,,,,,,,,,,
2018-06-13,245.69265747070312,246.9740204677705,245.4893987909688,246.71774247473408,79070600.0,,,,,,,,,,,,,,,
2018-06-14,246.3112335205078,246.8414266135713,245.7191486091035,246.55866595330824,77097600.0,,,,,,,,,,,,,,,
2018-06-15,245.9969482421875,246.3342630036423,244.41691627211264,245.5264900457384,120041600.0,,,,,,,,,,,,,,,
2018-06-18,245.490951538086,245.61523679111465,244.0618336634601,244.54114998148327,52917600.0,,,,,,,,,,,,,,,
2018-06-19,244.55007934570312,244.77199411824915,242.80138985447235,243.2185907104271,97531500.0,,,,,,,,,,,,,,,
2018-06-20,244.9671936035156,245.63293768580704,244.6298789342166,245.2334804007538,53785500.0,,,,,,,,,,,,,,,
2018-06-21,243.431640625,244.97618599202505,242.9345536599736,244.9584154716404,71061400.0,,,,,,,,,,,,,,,
2018-06-22,243.8753967285156,244.80745482402028,243.65348200423352,244.69205483312163,54898500.0,,,,,,,,,,,,,,,
2018-06-25,240.5556640625,242.8813270339227,238.86911685407384,242.7215548654764,137854200.0,,,,,,,,,,,,,,,
2018-06-26,241.0882263183593,241.9403715023965,240.36922458663943,241.12374026871296,68547400.0,,,,,,,,,,,,,,,
2018-06-27,239.0909576416016,243.10316657911685,238.94004369199013,241.6740485885047,105110700.0,,,,,,,,,,,,,,,
2018-06-28,240.4579315185547,241.22130516686488,238.32752849521523,239.03767186606163,76650500.0,,,,,,,,,,,,,,,
2018-06-29,240.8041534423828,242.91678638094555,240.68875342804373,241.54978381672169,97592500.0,,,,,,,,,,,,,,,
2018-07-02,241.3189697265625,241.47876893898496,238.99330741347623,239.23299268750813,63554800.0,,,,,,,,,,,,,,,
2018-07-03,240.46676635742188,242.31311185329525,240.0407074654489,242.21545529775327,42187100.0,,,,,,,,,,,,,,,
2018-07-05,242.42860412597656,242.49074677472336,240.52014216134668,241.59422935524847,56925900.0,,,,,,,,,,,,,,,
2018-07-06,244.4790802001953,244.8518818506525,242.07350454521065,242.4552185443817,66493700.0,,,,,,,,,,,,,,,
2018-07-09,246.680419921875,246.73367729241565,245.4377027939233,245.48207490630665,50550400.0,,,,,,,,,,,,,,,
2018-07-10,247.5680694580078,247.66572602641563,246.8401826360612,247.1331252520839,51966800.0,,,,,,,,,,,,,,,
2018-07-11,245.7572326660156,246.80469076695235,245.45543188750847,246.0146613347306,77054700.0,,,,,,,,,,,,,,,
2018-07-12,247.9853973388672,248.0386547346766,246.4142499840601,247.0178518627099,60124700.0,,,,,,,,,,,,,,,
2018-07-13,248.1806182861328,248.4824191461705,247.35510177874667,247.8078166134069,48216000.0,,,,,,,,,,,,,,,
2018-07-16,247.9587554931641,248.36707120245725,247.51492582547613,248.22506954730468,48201000.0,,,,,,,,,,,,,,,
2018-07-17,248.96173095703125,249.3523031000805,247.13315550966573,247.18641288469937,52315500.0,,,,,,,,,,,,,,,
2018-07-18,249.4854888916016,249.59200365975133,248.59782970474205,249.0416592981718,44593500.0,,,,,,,,,,,,,,,
2018-07-19,248.5445556640625,249.2014147497713,248.0652121503039,248.8197278264112,61412100.0,,,,,,,,,,,,,,,
2018-07-20,248.2603912353516,248.9705344846832,248.10061916270013,248.34027727167728,82337700.0,,,,,,,,,,,,,,,
2018-07-23,248.7220764160156,248.9262206602363,247.71013209713192,248.0563321291304,47047600.0,,,,,,,,,,,,,,,
2018-07-24,249.97366333007807,250.8169503012536,249.1037747589767,250.1334625540731,68026900.0,,,,,,,,,,,,,,,
2018-07-25,252.10403442382807,252.4235786523477,249.68071566741293,249.72508778052887,78882900.0,,,,,,,,,,,,,,,
2018-07-26,251.5092620849609,252.19274966576543,251.28734736648167,251.38500392899604,57919500.0,,,,,,,,,,,,,,,
2018-07-27,249.8050994873047,251.935476452247,248.88192620311835,251.8378198399787,76768700.0,,,,,,,,,,,,,,,
2018-07-30,248.50015258789065,250.04467060857164,247.9764099294817,249.88489848695707,63742500.0,,,,,,,,,,,,,,,
2018-07-31,249.72499084472656,250.3374774675088,248.88173139843784,249.263418108522,68570500.0,,,,,,,,,,,,,,,
2018-08-01,249.30796813964844,250.43531274317849,248.6599942133596,249.92934046076945,53853300.0,,,,,,,,,,,,,,,
2018-08-02,250.66612243652344,250.83475278125104,247.7989731487619,248.0031445396393,63426400.0,,,,,,,,,,,,,,,
2018-08-03,251.7400360107422,251.79329337053025,250.6126920204373,250.7902346125283,53935400.0,,,,,,,,,,,,,,,
2018-08-06,252.66326904296875,252.9739280194918,251.3850379245333,251.7756100490109,39400900.0,,,,,,,,,,,,,,,
2018-08-07,253.49771118164065,253.8794252386376,253.19591029391069,253.3290808498824,43196600.0,,,,,,,,,,,,,,,
2018-08-08,253.39117431640625,253.79063177107489,252.9296013088043,253.3290587634729,42114600.0,,,,,,,,,,,,,,,
2018-08-09,253.04502868652344,253.8439165930108,252.9118852169773,253.4533443562018,35717000.0,,,,,,,,,,,,,,,
2018-08-10,251.3495635986328,252.1484514012785,250.6394200380089,251.6069923324344,77076000.0,,,,,,,,,,,,,,,
2018-08-13,250.4086456298828,252.23722126791043,250.11570294744925,251.6247343019568,65732900.0,,,,,,,,,,,,,,,
2018-08-14,252.00634765625,252.2460328881242,250.74588723139613,251.13645930114777,43842000.0,,,,,,,,,,,,,,,
2018-08-15,250.1246032714844,250.79923291848888,248.686599730624,250.65720419863487,102925400.0,,,,,,,,,,,,,,,
2018-08-16,252.14845275878903,253.0183684667841,251.5270805260488,251.56259447657288,69967900.0,,,,,,,,,,,,,,,
2018-08-17,253.0361328125,253.4799624185121,251.53598657704225,251.9443022295948,65618500.0,,,,,,,,,,,,,,,
2018-08-20,253.5775146484375,253.84380146676023,253.03602866558367,253.4887433459305,39807500.0,,,,,,,,,,,,,,,
2018-08-21,254.1723480224609,255.0333785840449,253.61311835710487,254.0924619401545,67272000.0,,,,,,,,,,,,,,,
2018-08-22,254.0213928222656,254.54510839160795,253.49765016371987,253.7639641223504,44993300.0,,,,,,,,,,,,,,,
2018-08-23,253.68409729003903,254.7048998191549,253.36452593330048,253.8438694238056,49204900.0,,,,,,,,,,,,,,,
2018-08-24,255.2108764648437,255.3529051715236,254.20781734774647,254.26107472660067,57487400.0,,,,,,,,,,,,,,,
2018-08-27,257.2258605957031,257.3323753566109,256.2494301387038,256.4092022800655,57072400.0,,,,,,,,,,,,,,,
2018-08-28,257.3501281738281,257.7939577065519,256.8885281227042,257.68741586376615,46943500.0,,,,,,,,,,,,,,,
2018-08-29,258.73486328125,258.965636207914,257.3234886771743,257.56314686266506,61485500.0,,,,,,,,,,,,,,,
2018-08-30,257.6874084472656,258.6283248624232,257.09269206048697,258.25552323561953,61229500.0,,,,,,,,,,,,,,,
2018-08-31,257.6963195800781,258.14014914459057,256.7909170205872,257.27911870586814,66140800.0,,,,,,,,,,,,,,,
2018-09-04,257.2524719238281,257.6075301326266,256.24941284429883,257.2791006122579,57594400.0,,,,,,,,,,,,,,,
2018-09-05,256.5600891113281,257.10157520760544,255.54817190054013,256.897403877992,72452400.0,,,,,,,,,,,,,,,
2018-09-06,255.7878570556641,256.9684317742553,254.75816921857063,256.66663092205306,65909900.0,,,,,,,,,,,,,,,
2018-09-07,255.2908477783203,256.2672785320344,254.5008179128378,254.74050328692192,73524800.0,,,,,,,,,,,,,,,
2018-09-10,255.73455810546875,256.5689597155982,255.5392720458809,256.30264576750454,50210900.0,,,,,,,,,,,,,,,
2018-09-11,256.5777893066406,257.02161874815994,254.7403560065421,255.08652888454355,50530500.0,,,,,,,,,,,,,,,
2018-09-12,256.6399841308594,257.24358579269136,255.8499816506508,256.58672675418035,59810800.0,,,,,,,,,,,,,,,
2018-09-13,258.15789794921875,258.3443258744238,257.42115277604205,257.70521020465293,51034200.0,,,,,,,,,,,,,,,
2018-09-14,258.2023010253906,258.5484740117114,257.4211566296206,258.36207317292326,55079900.0,,,,,,,,,,,,,,,
2018-09-17,256.835205078125,258.18443676051925,256.5600330053288,258.1489499112022,68244000.0,,,,,,,,,,,,,,,
2018-09-18,258.2288513183594,258.82356760557764,257.0216211398096,257.0482498229806,61930400.0,,,,,,,,,,,,,,,
2018-09-19,258.50408935546875,258.9212902243807,258.1578892967261,258.2821745760306,49080600.0,,,,,,,,,,,,,,,
2018-09-20,260.5989685058594,260.9185398950375,258.5218492884304,259.7645938039797,100360600.0,,,,,,,,,,,,,,,
2018-09-21,260.3608093261719,261.45758204644017,260.200313965692,261.3416596599288,105479700.0,,,,,,,,,,,,,,,
2018-09-24,259.49591064453125,259.9239255325764,258.9163258584371,259.78125390322805,53409600.0,,,,,,,,,,,,,,,
2018-09-25,259.25518798828125,260.05769215619654,259.0144449014566,259.95069522871887,44370000.0,,,,,,,,,,,,,,,
2018-09-26,258.4795227050781,260.5838689069124,258.0604331192088,259.3979496002588,79739700.0,,,,,,,,,,,,,,,
2018-09-27,259.2017822265625,260.28963006470264,258.67569567042364,258.9521135692111,59249500.0,,,,,,,,,,,,,,,
2018-09-28,259.2283935546875,259.7277306037356,258.5418119152034,258.5774594102581,70091400.0,,,,,,,,,,,,,,,
2018-10-01,260.1290588378906,261.19905539547744,259.4603007849608,260.4678733934338,62078900.0,,,,,,,,,,,,,,,
2018-10-02,259.9774780273437,260.69080911051776,259.6029887328202,259.9774780273437,47258200.0,,,,,,,,,,,,,,,
2018-10-03,260.1200866699219,261.448677055501,259.7634212147403,261.0295876624094,64694600.0,,,,,,,,,,,,,,,
2018-10-04,258.0870666503906,259.6920748233292,256.4998822262784,259.6385763650199,111545900.0,,,,,,,,,,,,,,,
2018-10-05,256.642578125,258.8271712774559,255.2158889408828,258.3100103942777,105951700.0,,,,,,,,,,,,,,,
2018-10-08,256.642578125,256.9992436180711,254.5738801686217,255.95596915870948,87742200.0,,,,,,,,,,,,,,,
2018-10-09,256.2680358886719,257.5698770527391,255.70627486797824,256.2591376202274,74339000.0,,,,,,,,,,,,,,,
2018-10-10,248.1537628173828,255.8311179361839,247.7792736185123,255.7597685189888,214731000.0,,,,,,,,,,,,,,,
2018-10-11,242.68788146972656,248.6888537360091,241.07392013109617,247.0659941262699,274840500.0,,,,,,,,,,,,,,,
2018-10-12,246.058334350586,247.07483220895497,242.8661147343292,246.78948897397007,183186500.0,,,,,,,,,,,,,,,
2018-10-15,244.6762084960937,247.03024927204768,244.5870353372784,245.70163179290185,102263700.0,,,,,,,,,,,,,,,
2018-10-16,250.0263061523437,250.4008225865687,246.1653554678994,246.63794334214083,118255800.0,,,,,,,,,,,,,,,
2018-10-17,250.0707855224609,250.69494299549987,247.4938263431093,250.06186004610583,110626000.0,,,,,,,,,,,,,,,
2018-10-18,246.4595642089844,249.7320313942741,245.18447238743,249.1345957175012,134557500.0,,,,,,,,,,,,,,,
2018-10-19,246.32586669921875,249.045471718314,245.6303594581884,247.11054711716747,139901600.0,,,,,,,,,,,,,,,
2018-10-22,245.2201538085937,247.3155734448505,244.68514204987417,246.99458271671577,82415800.0,,,,,,,,,,,,,,,
2018-10-23,243.9718170166016,245.09533914092464,239.51343044304284,241.5999793058806,146352700.0,,,,,,,,,,,,,,,
2018-10-24,236.579833984375,244.1055927711054,236.02699839773905,243.72215084103613,177806700.0,,,,,,,,,,,,,,,
2018-10-25,240.8241577148437,242.36676901273205,237.39122238530192,238.4166456867947,138061500.0,,,,,,,,,,,,,,,
2018-10-26,236.58872985839844,241.64455220429213,233.8780504151204,237.1148434203108,201574600.0,,,,,,,,,,,,,,,
2018-10-29,235.27789306640625,240.97572247068177,231.7022866042766,239.6827798650179,160749100.0,,,,,,,,,,,,,,,
2018-10-30,238.76446533203125,239.07655788757373,234.61817055650056,235.10860949002063,157116000.0,,,,,,,,,,,,,,,
2018-10-31,241.3145904541016,243.6329564768185,240.8598264017095,241.3324142007696,128296300.0,,,,,,,,,,,,,,,
2018-11-01,243.8827514648437,244.0789216272326,241.0917961957008,242.1796439667952,99495000.0,,,,,,,,,,,,,,,
2018-11-02,242.4381561279297,245.41635506870088,240.38728199417207,244.98834016496485,122634100.0,,,,,,,,,,,,,,,
2018-11-05,243.775634765625,244.3284702575808,241.95660571803845,242.92853056870712,65622500.0,,,,,,,,,,,,,,,
2018-11-06,245.3181915283203,245.47868687033352,243.6507597587035,243.71318368453908,60085900.0,,,,,,,,,,,,,,,
2018-11-07,250.5702514648437,250.6504991579241,247.0659389293435,247.49395383760404,102752100.0,,,,,,,,,,,,,,,
2018-11-08,250.115463256836,250.75747195152988,248.9741174898056,249.7676960751215,65584900.0,,,,,,,,,,,,,,,
2018-11-09,247.67225646972656,248.9919212498932,246.26339131943897,248.80467666575584,98812600.0,,,,,,,,,,,,,,,
2018-11-12,243.0444793701172,247.4047670587005,242.5272913162637,247.16402399269808,99673600.0,,,,,,,,,,,,,,,
2018-11-13,242.5896911621093,245.50546574142547,241.8674348240052,243.50811756808315,98176600.0,,,,,,,,,,,,,,,
2018-11-14,240.93125915527344,244.86353278425744,239.3708236094798,244.4622942567266,125335900.0,,,,,,,,,,,,,,,
2018-11-15,243.44580078125,243.9094905340201,238.08683708044128,239.66509658577647,135101400.0,,,,,,,,,,,,,,,
2018-11-16,244.07879638671875,244.98829728465697,241.83175255019447,242.34894053649785,126668000.0,,,,,,,,,,,,,,,
2018-11-19,239.950439453125,243.7668183630388,239.03201264479043,243.472549526402,103061700.0,,,,,,,,,,,,,,,
2018-11-20,235.50973510742188,238.07776933276824,234.6448072914104,236.6154059276257,136021300.0,,,,,,,,,,,,,,,
2018-11-21,236.31236267089844,238.2116401111824,236.30346439989475,237.06136850996967,75563700.0,,,,,,,,,,,,,,,
2018-11-23,234.7340240478516,236.13396378953607,234.5735286819056,234.67160011270744,42807900.0,,,,,,,,,,,,,,,
2018-11-26,238.52371215820312,238.74663151536032,236.59768564694463,236.9900258924881,79981400.0,,,,,,,,,,,,,,,
2018-11-27,239.3262481689453,239.3262481689453,236.88306039798945,237.4893945990992,75502400.0,,,,,,,,,,,,,,,
2018-11-28,244.8367156982422,244.8367156982422,239.2637331505456,240.396180619808,127629600.0,,,,,,,,,,,,,,,
2018-11-29,244.30177307128903,245.70168584653985,242.919656835158,244.061002768336,82346400.0,,,,,,,,,,,,,,,
2018-11-30,245.79087829589844,246.352639431055,243.82920427573268,244.1501950890589,98204200.0,,,,,,,,,,,,,,,
2018-12-03,249.04544067382807,250.0262910739972,247.44935801682948,249.919294159766,103176300.0,,,,,,,,,,,,,,,
2018-12-04,240.97579956054688,248.6442300768105,240.6637070512194,248.2162151601472,177986000.0,,,,,,,,,,,,,,,
2018-12-06,240.61016845703125,240.72609084503256,234.0117627270498,237.114809128682,204185400.0,,,,,,,,,,,,,,,
2018-12-07,235.01942443847656,241.84075126834617,234.1812454855948,240.2713902992338,161018900.0,,,,,,,,,,,,,,,
2018-12-10,235.46522521972656,236.43715018686217,230.6055731722175,234.8410402406926,151445900.0,,,,,,,,,,,,,,,
2018-12-11,235.51873779296875,238.8536023031513,234.0474756391725,238.6663576829528,121504400.0,,,,,,,,,,,,,,,
2018-12-12,236.70465087890625,239.8611961727604,236.6244031864988,238.49693097816925,97976700.0,,,,,,,,,,,,,,,
2018-12-13,236.62437438964844,238.51472570119017,235.50977788880272,237.6497977280608,96662700.0,,,,,,,,,,,,,,,
2018-12-14,232.25523376464844,235.4296034091288,231.7023980822264,234.47550197690387,116961100.0,,,,,,,,,,,,,,,
2018-12-17,227.69869995117188,232.4156665517509,226.06692897355805,231.3010700046853,165492300.0,,,,,,,,,,,,,,,
2018-12-18,227.44903564453125,230.0081586162255,225.84401386571423,229.33940067554468,134515100.0,,,,,,,,,,,,,,,
2018-12-19,224.04286193847656,231.30111553755748,222.3397684197925,227.5293238894461,214992800.0,,,,,,,,,,,,,,,
2018-12-20,220.3959197998047,224.3638818412325,218.14888875379225,222.79453438381344,252053400.0,,,,,,,,,,,,,,,
2018-12-21,215.88009643554688,223.9610345400313,215.2343385006495,221.2972864799225,255345600.0,,,,,,,,,,,,,,,
2018-12-24,210.1759033203125,216.00565237267747,210.11312852383367,214.391257590333,147311600.0,,,,,,,,,,,,,,,
2018-12-26,220.79502868652344,220.79502868652344,209.6557243824145,211.6378452301812,218485400.0,,,,,,,,,,,,,,,
2018-12-27,222.49009704589844,222.6873990032892,214.31948044557623,217.5572333476557,186267300.0,,,,,,,,,,,,,,,
2018-12-28,222.203125,225.47674780536727,221.03717246474216,223.844425204303,153100200.0,,,,,,,,,,,,,,,
2018-12-31,224.1493377685547,224.3915003778305,221.951973822064,223.82645885131,144299400.0,,,,,,,,,,,,,,,
2019-01-02,224.38250732421875,225.3063107426016,220.58869057186968,220.6155960060065,126925200.0,,,,,,,,,,,,,,,
2019-01-03,219.02818298339844,222.93860018677992,218.5438576603648,222.633649037496,144140700.0,,,,,,,,,,,,,,,
2019-01-04,226.36460876464844,227.01036650080547,221.6828720201936,222.05956175205733,142628800.0,,,,,,,,,,,,,,,
2019-01-07,228.14947509765625,229.5575765944712,225.73685369173648,226.6337381587478,103139100.0,,,,,,,,,,,,,,,
2019-01-08,230.29302978515625,230.77735509278912,227.8086695027086,230.33789043388248,102512600.0,,,,,,,,,,,,,,,
2019-01-09,231.3692626953125,232.2123361952188,229.7728096069081,231.00153681805648,95006600.0,,,,,,,,,,,,,,,
2019-01-10,232.1854248046875,232.43655132774697,229.1539513237093,229.83559218804427,96823900.0,,,,,,,,,,,,,,,
2019-01-11,232.27508544921875,232.30199088102407,230.526150269665,231.1091195392715,73858100.0,,,,,,,,,,,,,,,
2019-01-14,230.8580322265625,231.6652226884312,229.97012545558084,230.37370700114573,70908200.0,,,,,,,,,,,,,,,
2019-01-15,233.5038452148437,233.81776021044035,231.22575130966445,231.23472891177065,85208300.0,,,,,,,,,,,,,,,
2019-01-16,234.06890869140625,234.95681551959413,233.728088228256,233.93435413014328,77636700.0,,,,,,,,,,,,,,,
2019-01-17,235.84475708007807,236.70578596770392,233.1541033904232,233.19896404103096,96118400.0,,,,,,,,,,,,,,,
2019-01-18,238.9838409423828,239.4502384089013,235.8806281746912,237.6564693733523,127900300.0,,,,,,,,,,,,,,,
2019-01-22,235.75503540039065,237.7281921555212,234.14065432491404,237.512948644322,115531200.0,,,,,,,,,,,,,,,
2019-01-23,236.2483062744141,237.4860110376435,233.78187434995297,236.78644235026223,86030300.0,,,,,,,,,,,,,,,
2019-01-24,236.3738250732422,236.9568217124363,235.05540417590225,236.068887723136,59204100.0,,,,,,,,,,,,,,,
2019-01-25,238.3739013671875,239.1990469428008,236.47251108468168,238.221418997408,96883400.0,,,,,,,,,,,,,,,
2019-01-28,236.562255859375,236.6250169703237,234.79539236392185,236.2304129857847,85613700.0,,,,,,,,,,,,,,,
2019-01-29,236.2483062744141,237.27074018486155,235.4142104107552,236.7057260444957,66136300.0,,,,,,,,,,,,,,,
2019-01-30,239.98834228515625,240.8314159041773,237.0017289455445,237.76408624411584,92473700.0,,,,,,,,,,,,,,,
2019-01-31,242.0960235595703,242.58034884746377,239.7103075342153,239.92557842369155,104012100.0,,,,,,,,,,,,,,,
2019-02-01,242.21258544921875,243.23504674650184,241.4233228416469,242.2933017562561,85782500.0,,,,,,,,,,,,,,,
2019-02-04,243.91671752929688,243.97950601754133,241.5848121967053,242.25747561740988,60744800.0,,,,,,,,,,,,,,,
2019-02-05,244.93914794921875,245.24408537670905,243.8449478290519,244.3472009297113,79552800.0,,,,,,,,,,,,,,,
2019-02-06,244.6162567138672,245.15439285929028,243.88083226488828,244.6611173589182,58347800.0,,,,,,,,,,,,,,,
2019-02-07,242.2843475341797,243.54893036100768,240.625106039328,243.0018440542972,95482000.0,,,,,,,,,,,,,,,
2019-02-08,242.5803375244141,242.67898167564843,240.2125494458952,241.0376951804297,75788900.0,,,,,,,,,,,,,,,
2019-02-11,242.7149200439453,243.4952053115411,242.18576138397515,243.23512846950743,68021400.0,,,,,,,,,,,,,,,
2019-02-12,245.8360137939453,246.21268990556644,244.2574885280383,244.3292546059827,72270200.0,,,,,,,,,,,,,,,
2019-02-13,246.6342315673828,247.47730509020485,246.24857784565816,246.6701146070692,65277200.0,,,,,,,,,,,,,,,
2019-02-14,246.087158203125,247.21724136156533,244.73285393361263,245.54902206240385,83234400.0,,,,,,,,,,,,,,,
2019-02-15,248.76876831054688,248.8046513426604,247.6566406516332,247.86290650213465,97088700.0,,,,,,,,,,,,,,,
2019-02-19,249.1992950439453,249.85400303103305,247.9615903961148,247.97056799727545,59120800.0,,,,,,,,,,,,,,,
2019-02-20,249.7015991210937,250.15901894210884,248.66120989080383,249.1634629853244,76610800.0,,,,,,,,,,,,,,,
2019-02-21,248.8136749267578,249.42354973172925,247.8540020781846,249.06480145649545,64214700.0,,,,,,,,,,,,,,,
2019-02-22,250.3562927246093,250.5535809916168,248.79569545491475,249.4324756341498,78114600.0,,,,,,,,,,,,,,,
2019-02-25,250.6970977783203,252.3025283909709,250.61638147320213,251.7823475232968,69030700.0,,,,,,,,,,,,,,,
2019-02-26,250.5177764892578,251.39670575174057,250.14107296909248,250.34736625046185,56844100.0,,,,,,,,,,,,,,,
2019-02-27,250.4100952148437,250.75986584188928,248.8674531997476,249.80019311902595,56921600.0,,,,,,,,,,,,,,,
2019-02-28,249.9436798095703,250.6342981539944,249.62081463872272,250.19480628825173,69268300.0,,,,,,,,,,,,,,,
2019-03-01,251.5043334960937,251.91689265301403,250.06931299332896,251.52226133048524,78880500.0,,,,,,,,,,,,,,,
2019-03-04,250.58956909179688,252.8048753017946,248.29354654670783,252.5627262965208,106494600.0,,,,,,,,,,,,,,,
2019-03-05,250.2486572265625,250.9123702463741,249.7015709203233,250.71505459790112,59114600.0,,,,,,,,,,,,,,,
2019-03-06,248.73292541503903,250.3742391075912,248.41006018612023,250.36526150543068,75039800.0,,,,,,,,,,,,,,,
2019-03-07,246.65216064453125,248.42797404516844,245.80908721101667,248.28446927236416,94885100.0,,,,,,,,,,,,,,,
2019-03-08,246.15887451171875,246.32928473028312,244.3292501188252,244.7956201339422,85795800.0,,,,,,,,,,,,,,,
2019-03-11,249.72854614257807,249.88997879896743,246.8495542873204,246.87645973005192,65098900.0,,,,,,,,,,,,,,,
2019-03-12,250.6701812744141,251.19038948985488,250.096189562007,250.28452759896624,79667500.0,,,,,,,,,,,,,,,
2019-03-13,252.3294372558593,253.26220463446649,251.3966698772523,251.5581298604209,80639200.0,,,,,,,,,,,,,,,
2019-03-14,252.1680603027344,252.77793522035563,251.7285956372049,252.3563983921407,67518400.0,,,,,,,,,,,,,,,
2019-03-15,253.41387939453125,254.2246253570597,252.5310512403597,252.7202463749472,81309000.0,,,,,,,,,,,,,,,
2019-03-18,254.332763671875,254.63005465232644,253.40490461128536,253.6301133880431,62199800.0,,,,,,,,,,,,,,,
2019-03-19,254.3957672119141,256.16139589718296,253.50394946882147,255.395708234402,90268100.0,,,,,,,,,,,,,,,
2019-03-20,253.6299591064453,255.3865974931253,252.5219501932281,254.17948248294127,84609200.0,,,,,,,,,,,,,,,
2019-03-21,256.49468994140625,256.9000490867797,252.7652208562003,252.81027908877184,79550400.0,,,,,,,,,,,,,,,
2019-03-22,251.55821228027344,255.6570011615493,251.4951472227013,255.1345288776972,122659300.0,,,,,,,,,,,,,,,
2019-03-25,251.3689727783203,252.40492739274285,250.10780944374943,251.215818752448,85575200.0,,,,,,,,,,,,,,,
2019-03-26,253.24264526367188,254.1975278418372,251.837345337644,253.12553235462067,68125900.0,,,,,,,,,,,,,,,
2019-03-27,251.91856384277344,253.8193404529676,250.3691261643026,253.23377556676203,72224700.0,,,,,,,,,,,,,,,
2019-03-28,252.87326049804688,253.3236777760128,251.395906121789,252.5489732537301,56238500.0,,,,,,,,,,,,,,,
2019-03-29,254.4678649902344,254.79215237439303,253.260749463698,254.3867931441947,82186800.0,,,,,,,,,,,,,,,
2019-04-01,257.485595703125,257.7828865786894,256.19740855246874,256.4676754840088,77617900.0,,,,,,,,,,,,,,,
2019-04-02,257.6117858886719,257.8460117857423,256.8190466905588,257.67485093654506,40070400.0,,,,,,,,,,,,,,,
2019-04-03,258.01715087890625,259.22426637741154,257.4135793840035,258.8278968117769,68243200.0,,,,,,,,,,,,,,,
2019-04-04,258.7016906738281,258.95392327859906,257.6477295183286,258.34136230862566,48997500.0,,,,,,,,,,,,,,,
2019-04-05,259.95391845703125,260.00796634856,259.0801075555865,259.3683813046049,58621700.0,,,,,,,,,,,,,,,
2019-04-08,260.1520690917969,260.26016486067243,258.8728716804163,259.5304909294682,53566300.0,,,,,,,,,,,,,,,
2019-04-09,258.8189392089844,259.5125723627715,258.2694429750699,259.18828491153795,66142300.0,,,,,,,,,,,,,,,
2019-04-10,259.70166015625,259.791749130335,258.81883219628924,259.2332084875261,52601500.0,,,,,,,,,,,,,,,
2019-04-11,259.6295471191406,260.19707734799096,259.0620168902903,260.1880602042657,55093100.0,,,,,,,,,,,,,,,
2019-04-12,261.3862609863281,261.6655176093397,259.67468015426687,261.24212410166086,69727800.0,,,,,,,,,,,,,,,
2019-04-15,261.21514892578125,261.5574706543688,260.4133925097416,261.45836450021216,49596700.0,,,,,,,,,,,,,,,
2019-04-16,261.3862609863281,262.15197615867913,260.7917066463132,262.0979282633414,52153200.0,,,,,,,,,,,,,,,
2019-04-17,260.7466735839844,262.5303090969052,260.3322697350052,262.5032851494761,58268300.0,,,,,,,,,,,,,,,
2019-04-18,261.2601318359375,261.53039880489104,260.0350095488409,261.3322140241784,68708500.0,,,,,,,,,,,,,,,
2019-04-22,261.4853515625,261.63850560047865,260.404366115119,260.4944551085593,40160100.0,,,,,,,,,,,,,,,
2019-04-23,263.83660888671875,264.0708348280471,261.62056206693734,261.85476051695804,52246600.0,,,,,,,,,,,,,,,
2019-04-24,263.2510070800781,264.0887769848535,263.1068701892618,263.75547245228483,50392900.0,,,,,,,,,,,,,,,
2019-04-25,263.0888061523437,263.7464254877272,261.89972504731713,263.151871189565,57770900.0,,,,,,,,,,,,,,,
2019-04-26,264.3139038085937,264.38595848602097,262.3590804786365,263.1338125902644,50916400.0,,,,,,,,,,,,,,,
2019-04-29,264.7283630371094,265.2508627045785,264.3139866566105,264.4040756501018,57197700.0,,,,,,,,,,,,,,,
2019-04-30,264.8633728027344,265.15164646568667,262.97164218142296,264.3859315759089,81111700.0,,,,,,,,,,,,,,,
2019-05-01,262.8726806640625,265.70131599138176,262.8636635161077,265.49411402755555,71671900.0,,,,,,,,,,,,,,,
2019-05-02,262.3050842285156,263.67437079078803,260.8096950831011,262.7555016521478,65030200.0,,,,,,,,,,,,,,,
2019-05-03,264.8724060058594,265.1516625427487,262.41311756123395,263.78240379763696,56543700.0,,,,,,,,,,,,,,,
2019-05-06,263.7824401855469,264.22384041933424,260.2511558413628,260.5664535046231,107198100.0,,,,,,,,,,,,,,,
2019-05-07,259.3773193359375,261.9717275781503,257.4675542385565,261.3771733983688,144729900.0,,,,,,,,,,,,,,,
2019-05-08,259.0171203613281,260.72870158715085,258.4225658845317,259.0171203613281,91568300.0,,,,,,,,,,,,,,,
2019-05-09,258.2332763671875,258.8368202163099,255.20645750355328,256.9450893542433,103471100.0,,,,,,,,,,,,,,,
2019-05-10,259.5306091308594,260.28730734891536,254.30574882813,257.2965280885226,112429300.0,,,,,,,,,,,,,,,
2019-05-13,253.0084686279297,255.3776687368432,252.17069879596136,254.4137963184327,127290500.0,,,,,,,,,,,,,,,
2019-05-14,255.2967071533203,256.82813809165003,253.9004234970218,254.02652613792435,77003200.0,,,,,,,,,,,,,,,
2019-05-15,256.7919921875,257.4315772634387,253.4588920896291,253.666094011716,73956400.0,,,,,,,,,,,,,,,
2019-05-16,259.1700744628906,260.53031574738566,257.422453483175,257.4945081408411,76749600.0,,,,,,,,,,,,,,,
2019-05-17,257.49462890625,259.9809418767313,256.84602671792,256.8640610092583,100353000.0,,,,,,,,,,,,,,,
2019-05-20,255.79205322265625,257.6027124819979,255.0443449412908,255.8911318551308,62877600.0,,,,,,,,,,,,,,,
2019-05-21,258.0981750488281,258.4765102516774,257.2333538882968,257.485586520628,46847100.0,,,,,,,,,,,,,,,
2019-05-22,257.3054504394531,258.2603331360052,256.8280090911771,257.1433067720303,49482500.0,,,,,,,,,,,,,,,
2019-05-23,254.1614990234375,255.12537119674465,252.74718203795624,255.080340461173,98733800.0,,,,,,,,,,,,,,,
2019-05-24,254.7380523681641,256.0172498237098,254.116474184375,255.6028460403203,55268100.0,,,,,,,,,,,,,,,
2019-05-28,252.36892700195312,255.97226710547216,252.35092019830472,255.01738417734387,70029400.0,,,,,,,,,,,,,,,
2019-05-29,250.6752319335937,251.6571383395845,249.2699321698556,251.25177926809656,104972900.0,,,,,,,,,,,,,,,
2019-05-30,251.35997009277344,252.2698221717312,250.2609503755721,251.43202479119464,62523800.0,,,,,,,,,,,,,,,
2019-05-31,247.9728546142578,249.63940495701888,247.9458306623776,248.8106521051544,86862800.0,,,,,,,,,,,,,,,
2019-06-03,247.34231567382807,249.1259516903844,246.0090697444982,248.00892489283947,96428000.0,,,,,,,,,,,,,,,
2019-06-04,252.71128845214844,252.8464082290189,249.18901964808487,249.6394372318582,77231900.0,,,,,,,,,,,,,,,
2019-06-05,254.9001617431641,254.92718568268128,252.5219725917756,254.3326315220113,71169700.0,,,,,,,,,,,,,,,
2019-06-06,256.5577087402344,257.2333347577995,254.5488649757681,255.1974670522824,69430400.0,,,,,,,,,,,,,,,
2019-06-07,259.1251525878906,260.2061654606606,257.4045546359031,257.5757154656133,74272200.0,,,,,,,,,,,,,,,
2019-06-10,260.31427001953125,261.9808201331554,260.2241810285488,260.6745984921607,60799100.0,,,,,,,,,,,,,,,
2019-06-11,260.25115966796875,262.5032465939486,259.60255753363475,262.1339010391324,58641300.0,,,,,,,,,,,,,,,
2019-06-12,259.79180908203125,260.5755311039681,259.27832655341695,260.0170178235672,47096300.0,,,,,,,,,,,,,,,
2019-06-13,260.8637084960937,261.22406438040923,259.99891485458375,260.7015648429283,48945200.0,,,,,,,,,,,,,,,
2019-06-14,260.5754699707031,261.179013861294,259.809754930864,260.5754699707031,52324700.0,,,,,,,,,,,,,,,
2019-06-17,260.6745910644531,261.44030622903506,260.50343023385363,260.80971080142655,39205700.0,,,,,,,,,,,,,,,
2019-06-18,263.40411376953125,264.4581026767264,262.1339332880597,262.4942892335855,85434800.0,,,,,,,,,,,,,,,
2019-06-19,263.9986877441406,264.53017706467074,262.5663634753288,263.5392531233006,78674400.0,,,,,,,,,,,,,,,
2019-06-20,266.5210266113281,266.9264133528406,264.0617646861457,266.6831978027144,116570000.0,,,,,,,,,,,,,,,
2019-06-21,266.1335754394531,267.5094941837973,265.9163323811376,266.2512579710432,83309500.0,,,,,,,,,,,,,,,
2019-06-24,265.80767822265625,266.65855597161146,265.6537793252364,266.34175242545973,47582700.0,,,,,,,,,,,,,,,
2019-06-25,263.2005920410156,265.88908445192766,263.0919705496653,265.8619290790901,82028700.0,,,,,,,,,,,,,,,
2019-06-26,262.9381408691406,264.6037352997455,262.82951934921067,264.09681645673555,51584900.0,,,,,,,,,,,,,,,
2019-06-27,263.8705749511719,264.377493914319,263.31840621899835,263.6985816288529,40355200.0,,,,,,,,,,,,,,,
2019-06-28,265.2284240722656,265.7262820776857,264.3322686125038,264.84822100220697,59350900.0,,,,,,,,,,,,,,,
2019-07-01,267.63629150390625,268.7768730392971,266.43233818876865,268.55960231230983,78705600.0,,,,,,,,,,,,,,,
2019-07-02,268.33331298828125,268.38762376676675,266.74918415742064,267.59102884896026,61504500.0,,,,,,,,,,,,,,,
2019-07-03,270.4786682128906,270.4967902221676,268.8673840130453,269.01222196219044,40898900.0,,,,,,,,,,,,,,,
2019-07-05,270.1708984375,270.33385839622804,267.9531346730237,269.24758758810736,51677300.0,,,,,,,,,,,,,,,
2019-07-08,268.6863098144531,269.9898235013948,268.1431745073926,268.8583031221058,45841800.0,,,,,,,,,,,,,,,
2019-07-09,269.02130126953125,269.3200105677684,267.4733887468158,267.5276995283134,41101300.0,,,,,,,,,,,,,,,
2019-07-10,270.3066711425781,271.2571649910291,269.555353643339,270.0894280343671,58448500.0,,,,,,,,,,,,,,,
2019-07-11,270.9403076171875,271.18470609038985,269.93553071345565,270.9493686208283,50826100.0,,,,,,,,,,,,,,,
2019-07-12,272.1532897949219,272.225722572846,271.12135752209366,271.42912776574457,40326000.0,,,,,,,,,,,,,,,
2019-07-15,272.2438049316406,272.587791549062,271.7368860086016,272.587791549062,33900000.0,,,,,,,,,,,,,,,
2019-07-16,271.3657531738281,272.3614966723665,271.0579829333727,272.15328696925974,36650100.0,,,,,,,,,,,,,,,
2019-07-17,269.51904296875,271.5014685127369,269.51904296875,271.33853623857465,36036300.0,,,,,,,,,,,,,,,
2019-07-18,270.5057373046875,270.8859402530274,268.57765005776565,269.02119714332446,51392600.0,,,,,,,,,,,,,,,
2019-07-19,269.0032043457031,271.6283267183781,268.8312109975781,271.60117132788554,58678600.0,,,,,,,,,,,,,,,
2019-07-22,269.6639404296875,270.2070757552025,268.88546764229045,269.40141995777003,43638100.0,,,,,,,,,,,,,,,
2019-07-23,271.59210205078125,271.59210205078125,269.95366241592706,270.7864737406944,44564500.0,,,,,,,,,,,,,,,
2019-07-24,272.8683776855469,272.8683776855469,270.7411140582117,270.8316412045889,47213200.0,,,,,,,,,,,,,,,
2019-07-25,271.5648803710937,272.4700966389974,270.7592246326556,272.41578587292383,55394100.0,,,,,,,,,,,,,,,
2019-07-26,273.3843688964844,273.58351757677167,272.12610504716736,272.2528485823537,45084100.0,,,,,,,,,,,,,,,
2019-07-29,272.8865051269531,273.38439067984694,272.33433642966406,273.2667081377991,38126500.0,,,,,,,,,,,,,,,
2019-07-30,272.2166748046875,272.6240332315374,271.10324869630654,271.4834517363673,45849000.0,,,,,,,,,,,,,,,
2019-07-31,269.2384948730469,272.6511782245278,267.2198800736409,272.4610628992389,104245200.0,,,,,,,,,,,,,,,
2019-08-01,266.8939819335937,272.35243534985585,266.0973871356964,269.3923878679063,142646600.0,,,,,,,,,,,,,,,
2019-08-02,264.8843994140625,266.24222391598,263.32742621353003,265.9978254506385,116749700.0,,,,,,,,,,,,,,,
2019-08-05,256.9185791015625,260.8924655650717,255.0176187383153,260.7838439943178,178745400.0,,,,,,,,,,,,,,,
2019-08-06,260.521240234375,260.73851093150165,257.33488880161246,258.81039579143163,120711700.0,,,,,,,,,,,,,,,
2019-08-07,260.6752319335937,261.44467158786205,255.3073039912,257.4436019606782,140572300.0,,,,,,,,,,,,,,,
2019-08-08,265.78961181640625,265.78961181640625,261.61657783559,262.1687465315291,87713900.0,,,,,,,,,,,,,,,
2019-08-09,263.9792175292969,265.4456637627405,262.19594001239,264.8482175889276,93730000.0,,,,,,,,,,,,,,,
2019-08-12,260.76568603515625,263.9701320912524,259.8151922727457,262.47653060747723,65527600.0,,,,,,,,,,,,,,,
2019-08-13,264.8210754394531,266.26942736125375,260.1229996048397,260.4669862940816,94299800.0,,,,,,,,,,,,,,,
2019-08-14,256.9908752441406,261.372118364232,256.86415934036023,260.76563897648515,135622100.0,,,,,,,,,,,,,,,
2019-08-15,257.6698303222656,258.5660133001021,255.62406014182483,257.8780400292399,99556600.0,,,,,,,,,,,,,,,
2019-08-16,261.4718322753906,261.90631858305403,257.7242221216766,259.326473256244,83018300.0,,,,,,,,,,,,,,,
2019-08-19,264.6218566894531,265.3007688833208,263.8162285844009,264.4951407782686,53571800.0,,,,,,,,,,,,,,,
2019-08-20,262.5941467285156,264.64897742124305,262.46743083392226,264.114903213662,51596400.0,,,,,,,,,,,,,,,
2019-08-21,264.7304992675781,265.1016136143309,264.0696814702971,264.7576546496577,49524700.0,,,,,,,,,,,,,,,
2019-08-22,264.64898681640625,266.07018283661125,262.8747708540833,265.4365480911414,51666400.0,,,,,,,,,,,,,,,
2019-08-23,257.8507995605469,265.0110618919458,256.60159698092207,263.34546766077995,149161500.0,,,,,,,,,,,,,,,
2019-08-26,260.7022705078125,260.7022705078125,258.5116351075703,260.0414527243702,72423800.0,,,,,,,,,,,,,,,
2019-08-27,259.6794128417969,262.46749470133955,258.9190344141973,262.0963526786402,66668900.0,,,,,,,,,,,,,,,
2019-08-28,261.5079650878906,261.67089740118485,258.21296430788306,259.0186201208558,59696700.0,,,,,,,,,,,,,,,
2019-08-29,264.8481750488281,265.3732159770952,263.0648978183525,264.0697022845135,57899400.0,,,,,,,,,,,,,,,
2019-08-30,264.7304992675781,266.3508164400091,263.7981276495006,266.33272206029176,62901200.0,,,,,,,,,,,,,,,
2019-09-03,263.1825561523437,263.9429344655797,261.85188719792905,263.02868486425206,69101400.0,,,,,,,,,,,,,,,
2019-09-04,266.1698608398437,266.1879552243926,264.60382638840616,265.3551715349108,46887300.0,,,,,,,,,,,,,,,
2019-09-05,269.5915222167969,270.50577188502655,266.133589357725,268.65915054275484,83258100.0,,,,,,,,,,,,,,,
2019-09-06,269.7997131347656,270.4424366119935,269.2294500581553,269.90836229817734,49584300.0,,,,,,,,,,,,,,,
2019-09-09,269.9355163574219,270.8769214356232,268.99408365421084,270.7864219040724,51260300.0,,,,,,,,,,,,,,,
2019-09-10,269.8721618652344,269.93553364138535,267.91689118337393,269.17512757759675,57947100.0,,,,,,,,,,,,,,,
2019-09-11,271.7911071777344,271.87257330368686,269.5280671512753,270.1798237838956,68821100.0,,,,,,,,,,,,,,,
2019-09-12,272.732666015625,273.7917537690513,271.936071136972,272.69644962340993,72908700.0,,,,,,,,,,,,,,,
2019-09-13,272.5515441894531,273.5291931620798,272.180402229938,273.1761455816851,62104800.0,,,,,,,,,,,,,,,
2019-09-16,271.70977783203125,272.5968999139856,271.06708187598014,271.42010193281993,58191200.0,,,,,,,,,,,,,,,
2019-09-17,272.397705078125,272.4882046094224,271.33858983685184,271.5105831463322,41475500.0,,,,,,,,,,,,,,,
2019-09-18,272.56060791015625,272.6692294359746,269.9716751697908,272.00841165390426,73375800.0,,,,,,,,,,,,,,,
2019-09-19,272.5425109863281,273.9456128239517,272.20758537589813,272.9498693706403,76560500.0,,,,,,,,,,,,,,,
2019-09-20,271.2548828125,273.42835453717225,270.4637120181929,273.14641599012,89565000.0,,,,,,,,,,,,,,,
2019-09-23,271.1911926269531,271.90962381846845,270.33635747567814,270.5909874514248,43476800.0,,,,,,,,,,,,,,,
2019-09-24,269.0631103515625,272.67341519548154,268.09915238087564,272.28238140130355,94869400.0,,,,,,,,,,,,,,,
2019-09-25,270.654541015625,271.10013635250647,267.6626192117398,269.144939723294,71854000.0,,,,,,,,,,,,,,,
2019-09-26,270.0907592773437,270.87282694256567,268.6812058097561,270.6636835101628,56179700.0,,,,,,,,,,,,,,,
2019-09-27,268.6357727050781,270.95475088185464,267.08071215888543,270.84559996849686,84746600.0,,,,,,,,,,,,,,,
2019-09-30,269.88165283203125,270.59098115887195,269.1086878271732,269.1541465618406,51662400.0,,,,,,,,,,,,,,,
2019-10-01,266.67144775390625,271.4184990741899,266.4532014526551,270.7637324178549,88242400.0,,,,,,,,,,,,,,,
2019-10-02,261.9607849121094,265.09821431351884,260.6694572690525,265.0891114666045,122539500.0,,,,,,,,,,,,,,,
2019-10-03,264.1070556640625,264.1343364605204,259.0144275553998,261.7335153618659,85278800.0,,,,,,,,,,,,,,,
2019-10-04,267.680908203125,267.9355381538089,264.7071634101348,264.7617527412515,65091200.0,,,,,,,,,,,,,,,
2019-10-07,266.52593994140625,268.5084455962607,266.2440292191831,266.88061793215365,59610500.0,,,,,,,,,,,,,,,
2019-10-08,262.3882141113281,265.4074176476115,262.35183047463295,264.67080858188825,95708100.0,,,,,,,,,,,,,,,
2019-10-09,264.87994384765625,265.81662125732413,263.7795817068035,264.4070675955947,62359400.0,,,,,,,,,,,,,,,
2019-10-10,266.67144775390625,267.55356355823847,264.634408268678,264.7980929946163,55296300.0,,,,,,,,,,,,,,,
2019-10-11,269.4359741210937,271.6730815760667,269.30867305178435,269.4268712759371,98720400.0,,,,,,,,,,,,,,,
2019-10-14,269.1359558105469,269.7907225235928,268.7903806352471,269.1177501154781,40394800.0,,,,,,,,,,,,,,,
2019-10-15,271.8004150390625,272.54612678764573,270.06346449166466,270.1816904704129,46754500.0,,,,,,,,,,,,,,,
2019-10-16,271.3639831542969,272.0551335613163,270.9274904783572,271.33670236205063,48928200.0,,,,,,,,,,,,,,,
2019-10-17,272.16424560546875,273.0372586742496,271.4730952267004,272.5279987380787,45736600.0,,,,,,,,,,,,,,,
2019-10-18,270.9729309082031,272.2733615050628,270.1180958054572,271.62769763046424,64304000.0,,,,,,,,,,,,,,,
2019-10-21,272.8098449707031,273.009913309205,271.85498975437696,272.29151006181155,39048600.0,,,,,,,,,,,,,,,
2019-10-22,271.9187316894531,273.6374771193446,271.82778646373816,273.3464634980912,48594700.0,,,,,,,,,,,,,,,
2019-10-23,272.7098693847656,272.76443096306724,271.45489757866204,271.664068797207,34352200.0,,,,,,,,,,,,,,,
2019-10-24,273.1554870605469,273.79207586258536,272.32793271893104,273.64656905775985,35453100.0,,,,,,,,,,,,,,,
2019-10-25,274.2740173339844,274.8196608389771,272.527963668524,272.58252524376513,45205400.0,,,,,,,,,,,,,,,
2019-10-28,275.8199768066406,276.3201615866077,275.4653265651048,275.49260735291523,42147000.0,,,,,,,,,,,,,,,
2019-10-29,275.7381286621094,276.66573093338,275.419834309273,275.54716315144003,44284900.0,,,,,,,,,,,,,,,
2019-10-30,276.5838623046875,276.95669044401245,274.6286376454852,275.9381708137291,49643900.0,,,,,,,,,,,,,,,
2019-10-31,275.84716796875,276.5747016616146,274.3921560881661,276.5747016616146,69053800.0,,,,,,,,,,,,,,,
2019-11-01,278.4026794433594,278.4481381708568,277.1295020424609,277.2932145171296,71141500.0,,,,,,,,,,,,,,,
2019-11-04,279.5212097167969,280.09413397670744,279.1483538055443,279.9577300463906,60606900.0,,,,,,,,,,,,,,,
2019-11-05,279.2120666503906,280.02144303161515,278.92105304685475,279.721326580286,42933200.0,,,,,,,,,,,,,,,
2019-11-06,279.27569580078125,279.5485036742687,278.329915585056,279.2120313794404,46487100.0,,,,,,,,,,,,,,,
2019-11-07,280.2579040527344,281.59471848215986,279.7850276994163,280.6125821321642,54272300.0,,,,,,,,,,,,,,,
2019-11-08,280.9489440917969,281.0035056590973,279.2119935258601,279.91221880793387,49032100.0,,,,,,,,,,,,,,,
2019-11-11,280.4124450683594,280.5852326412768,279.4302812062415,279.566712897289,35797300.0,,,,,,,,,,,,,,,
2019-11-12,281.0035400390625,281.9038337622453,280.2305474042965,280.7761908966361,46484600.0,,,,,,,,,,,,,,,
2019-11-13,281.09454345703125,281.4946802507706,279.78500990526373,280.0123590947708,53917700.0,,,,,,,,,,,,,,,
2019-11-14,281.5037841796875,281.5856543185718,280.1760725476994,280.81266144455657,51219900.0,,,,,,,,,,,,,,,
2019-11-15,283.540771484375,283.5862302129895,282.1493958072757,282.8405183461568,62023600.0,,,,,,,,,,,,,,,
2019-11-18,283.7499389648437,283.9863909798559,282.84964514242654,283.3043434773983,49228000.0,,,,,,,,,,,,,,,
2019-11-19,283.6680908203125,284.35924115622686,283.0224269685197,284.3501383088859,67804700.0,,,,,,,,,,,,,,,
2019-11-20,282.6132202148437,283.59538425396653,281.05815953091707,283.0770214417954,79406200.0,,,,,,,,,,,,,,,
2019-11-21,282.158447265625,282.8314195597847,281.35820164303874,282.72229641818564,54664700.0,,,,,,,,,,,,,,,
2019-11-22,282.7859191894531,283.0405490915344,281.776502426674,282.9041451712369,44850200.0,,,,,,,,,,,,,,,
2019-11-25,284.9775085449219,284.9775085449219,283.713462143858,283.713462143858,48647200.0,,,,,,,,,,,,,,,
2019-11-26,285.62322998046875,285.80512037479554,284.69565557558855,285.0139498893716,37569000.0,,,,,,,,,,,,,,,
2019-11-27,286.8964538574219,286.8964538574219,285.88700918425144,286.1052554908473,44444600.0,,,,,,,,,,,,,,,
2019-11-29,285.8324279785156,286.5781398116173,285.60507884056364,286.3325849809778,36592700.0,,,,,,,,,,,,,,,
2019-12-02,283.4043273925781,286.15069472322455,282.9769099443492,286.08703031011913,75767800.0,,,,,,,,,,,,,,,
2019-12-03,281.5037841796875,281.5856543185718,279.303059341298,280.68533256414935,73941700.0,,,,,,,,,,,,,,,
2019-12-04,283.2406921386719,283.84089729888063,282.20399431837325,282.5495695093345,49080000.0,,,,,,,,,,,,,,,
2019-12-05,283.7499389648437,283.9591101898609,282.44040553991834,283.9409322473923,40709000.0,,,,,,,,,,,,,,,
2019-12-06,286.3417053222656,286.7418420497151,285.65055501983795,285.6596578667379,48927000.0,,,,,,,,,,,,,,,
2019-12-09,285.44140625,286.62361071654885,285.3686389813186,285.95066612044394,34838500.0,,,,,,,,,,,,,,,
2019-12-10,285.1231994628906,286.05077427910413,284.4684326065664,285.3869323258436,52649800.0,,,,,,,,,,,,,,,
2019-12-11,285.9324645996094,286.1870945138328,285.0412460235377,285.577786637345,53429100.0,,,,,,,,,,,,,,,
2019-12-12,288.3969421386719,289.17900987699994,285.7051360299545,285.9415602692312,96389600.0,,,,,,,,,,,,,,,
2019-12-13,288.5697326660156,289.79742361331523,287.387500447194,288.1604930993886,81503900.0,,,,,,,,,,,,,,,
2019-12-16,290.5522766113281,291.14337897879915,288.5061338182906,290.2976466182981,82749700.0,,,,,,,,,,,,,,,
2019-12-17,290.615966796875,291.2343500129397,290.5341244082126,290.934261254511,61097700.0,,,,,,,,,,,,,,,
2019-12-18,290.63409423828125,291.2342994034276,290.57953265532115,291.0069502235654,48133000.0,,,,,,,,,,,,,,,
2019-12-19,291.8252868652344,291.89805411559865,290.57031544590774,290.82494531703384,85310500.0,,,,,,,,,,,,,,,
2019-12-20,293.1048278808594,294.2380150219777,291.8802483824502,292.85806572727074,147142100.0,,,,,,,,,,,,,,,
2019-12-23,293.5525207519531,293.9454770853097,293.4062986046296,293.8906472661912,52990000.0,,,,,,,,,,,,,,,
2019-12-24,293.5616760253906,293.8266775283828,293.2600841233324,293.78099530759755,20270000.0,,,,,,,,,,,,,,,
2019-12-26,295.1244201660156,295.13356776697475,293.9364033804754,293.9455230924072,30911200.0,,,,,,,,,,,,,,,
2019-12-27,295.05133056640625,295.9103684888994,294.52129953864886,295.8555386546152,42528800.0,,,,,,,,,,,,,,,
2019-12-30,293.4246520996094,295.27068284889134,292.9403032957844,295.1336082608336,49729100.0,,,,,,,,,,,,,,,
2019-12-31,294.13739013671875,294.38415221906047,292.5746844676578,292.9219585916766,57077300.0,,,,,,,,,,,,,,,
2020-01-02,296.8882141113281,296.90650931546975,294.7497669040605,295.6727822642302,59151200.0,,,,,,,,,,,,,,,
2020-01-03,294.6401672363281,295.7642348477477,293.44300246054854,293.49783230607767,77709700.0,,,,,,,,,,,,,,,
2020-01-06,295.7641296386719,295.8463743777095,292.76661707449347,292.8854243272233,55653900.0,,,,,,,,,,,,,,,
2020-01-07,294.9325256347656,295.67275622250656,294.4847115081981,295.19752718117184,40496400.0,,,,,,,,,,,,,,,
2020-01-08,296.50439453125,297.7198263343244,294.87771109631456,295.12444534201336,68296000.0,,,,,,,,,,,,,,,
2020-01-09,298.5148620605469,298.5879870903448,297.48218715461246,298.0670758368869,48473300.0,,,,,,,,,,,,,,,
2020-01-10,297.65576171875,299.2550297690814,297.1897082800452,299.099687919187,53029300.0,,,,,,,,,,,,,,,
2020-01-13,299.70281982421875,299.71193953352827,297.84767014972834,298.2771889358921,47086800.0,,,,,,,,,,,,,,,
2020-01-14,299.2460327148437,300.3152424603211,298.688558835081,299.26430003143014,62832800.0,,,,,,,,,,,,,,,
2020-01-15,299.9222412109375,300.68073912701385,299.07235094750735,299.15459569341715,72056600.0,,,,,,,,,,,,,,,
2020-01-16,302.4171142578125,302.4171142578125,301.0737276112458,301.30219453828755,54050300.0,,,,,,,,,,,,,,,
2020-01-17,303.3583068847656,303.56847854631405,302.35304712620507,303.1298400255028,95846000.0,,,,,,,,,,,,,,,
2020-01-21,302.76434326171875,303.56855126120206,302.3257046358388,302.398801777143,77742400.0,,,,,,,,,,,,,,,
2020-01-22,302.8008728027344,304.2722140708887,302.64553093599403,303.6233480257216,48914900.0,,,,,,,,,,,,,,,
2020-01-23,303.14825439453125,303.5595060963151,301.0372218219809,302.15214175160344,51963000.0,,,,,,,,,,,,,,,
2020-01-24,300.4522399902344,303.88839108132504,299.1636833310754,303.80614634423307,87578400.0,,,,,,,,,,,,,,,
2020-01-27,295.6361083984375,297.11656914672125,294.86846311743926,295.2065895983411,84062500.0,,,,,,,,,,,,,,,
2020-01-28,298.7342224121094,299.61152758511525,295.72758990467884,297.0618289224419,63834000.0,,,,,,,,,,,,,,,
2020-01-29,298.48748779296875,300.3243709426531,298.28643576718724,300.0959039992209,53888900.0,,,,,,,,,,,,,,,
2020-01-30,299.4561767578125,299.6663763797536,295.6727787860852,296.422129143248,75491800.0,,,,,,,,,,,,,,,
2020-01-31,294.0187072753906,298.9901505066073,293.104839444491,298.8347807041798,113845600.0,,,,,,,,,,,,,,,
2020-02-03,296.2027587890625,298.067056481467,295.3802835359217,295.499090784858,69083000.0,,,,,,,,,,,,,,,
2020-02-04,300.7173156738281,301.5855011806518,299.4927362514343,299.81259553758144,62573200.0,,,,,,,,,,,,,,,
2020-02-05,304.1898803710937,304.4000799069175,302.1885364822459,303.6507019677396,65951100.0,,,,,,,,,,,,,,,
2020-02-06,305.2135925292969,305.4054969675762,304.1352072778878,305.14961508685934,50359700.0,,,,,,,,,,,,,,,
2020-02-07,303.5868225097656,305.22262540475447,303.038496381652,304.15341594950706,64139400.0,,,,,,,,,,,,,,,
2020-02-10,305.85321044921875,305.9171878764204,302.66382135820703,302.7003838721832,42070000.0,,,,,,,,,,,,,,,
2020-02-11,306.3832397460937,307.991627648604,305.8531809561454,307.2057149525741,54864500.0,,,,,,,,,,,,,,,
2020-02-12,308.35723876953125,308.5674104828042,307.4524908196525,307.8180323066308,43992700.0,,,,,,,,,,,,,,,
2020-02-13,308.0282287597656,308.9969262404168,306.65742728084103,306.93157642101494,54501900.0,,,,,,,,,,,,,,,
2020-02-14,308.5216979980469,308.6405052446944,307.2422889745831,308.4394532632197,64582200.0,,,,,,,,,,,,,,,
2020-02-18,307.7266845703125,308.58572245034776,306.33758779968736,307.52563255819723,57226200.0,,,,,,,,,,,,,,,
2020-02-19,309.1980285644531,309.87428181296707,308.4121156420215,308.6954124293196,48814700.0,,,,,,,,,,,,,,,
2020-02-20,307.9276123046875,309.4720503451039,304.9392482448316,308.6495474253892,74163400.0,,,,,,,,,,,,,,,
2020-02-21,304.7565612792969,306.8858604042742,303.93405817128195,306.57514878327885,113788200.0,,,,,,,,,,,,,,,
2020-02-24,294.6492004394531,304.82967088286625,293.5708154883239,295.3071862193686,161088400.0,,,,,,,,,,,,,,,
2020-02-25,285.720703125,296.65055194836293,284.84339802698764,296.0382762665826,218913200.0,,,,,,,,,,,,,,,
2020-02-26,284.6697692871094,290.7104209886197,283.93868633219154,287.11892786401404,194773800.0,,,,,,,,,,,,,,,
2020-02-27,271.8847961425781,284.7246265399028,271.8847961425781,279.1500278323521,284353500.0,,,,,,,,,,,,,,,
2020-02-28,270.7424621582031,272.23207101783856,260.9457989935452,263.833624362164,384975800.0,,,,,,,,,,,,,,,
2020-03-02,282.4673767089844,282.53135414421934,269.0974871963839,272.5244912250123,238703600.0,,,,,,,,,,,,,,,
2020-03-03,274.3795471191406,286.8081496933254,271.93953670902624,282.8419684102805,300139100.0,,,,,,,,,,,,,,,
2020-03-04,285.91265869140625,286.1320059219411,277.20349991147214,279.7531988125764,176613400.0,,,,,,,,,,,,,,,
2020-03-05,276.4084777832031,281.9008327977847,274.1695181571032,278.7114427448358,186366800.0,,,,,,,,,,,,,,,
2020-03-06,271.8390808105469,273.0453928793516,265.231835125878,267.9003132173233,228667200.0,,,,,,,,,,,,,,,
2020-03-09,250.6099548339844,259.7120695140164,249.89713912812093,251.5877720984813,309417300.0,,,,,,,,,,,,,,,
2020-03-10,263.57781982421875,263.66918431263923,249.9428970451321,260.12339991297733,276444100.0,,,,,,,,,,,,,,,
2020-03-11,250.728744506836,257.6558777250476,247.5485025604021,256.5226906304821,255316300.0,,,,,,,,,,,,,,,
2020-03-12,226.7397308349609,243.6919805975519,226.34676044641748,233.95014691450632,392220700.0,,,,,,,,,,,,,,,
2020-03-13,246.12283325195312,248.0967906509404,227.1143840334552,240.4294279591931,329566100.0,,,,,,,,,,,,,,,
2020-03-16,219.191146850586,234.7725780910604,216.91561153342053,220.4065784730682,297240000.0,,,,,,,,,,,,,,,
2020-03-17,231.0257568359375,234.10550046036911,216.65062185131984,223.93413457519435,262070500.0,,,,,,,,,,,,,,,
2020-03-18,219.3282470703125,226.97731522464505,208.38011597518343,215.90124320983887,327597100.0,,,,,,,,,,,,,,,
2020-03-19,219.79429626464844,226.07257629627384,212.21833983048688,218.6428280834812,289322000.0,,,,,,,,,,,,,,,
2020-03-20,210.32244873046875,224.7269607170748,210.0466734873275,222.94363004147445,347158800.0,,,,,,,,,,,,,,,
2020-03-23,204.94488525390625,211.1313764896965,200.6336404665036,209.7617156608412,326025200.0,,,,,,,,,,,,,,,
2020-03-24,223.51356506347656,224.3868557094873,214.91866545634184,215.4885906977281,235494500.0,,,,,,,,,,,,,,,
2020-03-25,226.859603881836,235.6475644145072,220.38814988584195,225.09466188292848,299430300.0,,,,,,,,,,,,,,,
2020-03-26,240.1058654785156,241.5766292796349,228.9370740257552,229.36911860691484,257632800.0,,,,,,,,,,,,,,,
2020-03-27,232.95416259765625,239.7473562360883,230.77556488684385,232.8162819931154,224341200.0,,,,,,,,,,,,,,,
2020-03-30,240.51953125,241.2365384930664,233.0552948085847,235.05004716701424,171369500.0,,,,,,,,,,,,,,,
2020-03-31,236.9344940185547,242.0638491887975,235.52805566114748,239.5175603608972,194881100.0,,,,,,,,,,,,,,,
2020-04-01,226.2712860107422,236.85176448420265,224.2029926686824,227.9534996121323,189554600.0,,,,,,,,,,,,,,,
2020-04-02,231.4925537109375,232.27390045217555,224.83724120524903,225.38879163266063,177660400.0,,,,,,,,,,,,,,,
2020-04-03,228.1465301513672,232.86224312191504,225.41638201331432,230.50897330571124,135561200.0,,,,,,,,,,,,,,,
2020-04-06,243.47032165527344,245.43751218467887,228.12819082195605,237.01725559130563,188061200.0,,,,,,,,,,,,,,,
2020-04-07,243.7185211181641,252.8190070197748,243.4979121190788,252.06522220219827,201427200.0,,,,,,,,,,,,,,,
2020-04-08,251.8997497558593,253.71065665190883,243.8288104236189,246.3199470598107,153774500.0,,,,,,,,,,,,,,,
2020-04-09,255.7330017089844,258.49072626492733,253.2234622639874,255.163048402882,189999200.0,,,,,,,,,,,,,,,
2020-04-13,253.3981475830078,255.0987501855629,249.49137070961035,254.7586352756574,114839100.0,,,,,,,,,,,,,,,
2020-04-14,260.8714904785156,261.8918348329773,253.26017380887484,258.28842472821,134143400.0,,,,,,,,,,,,,,,
2020-04-15,255.32847595214844,261.0093805310118,253.2142041014616,255.1538178585216,121775000.0,,,,,,,,,,,,,,,
2020-04-16,256.5602722167969,257.415159958969,253.4900094044969,256.6062230641316,131798300.0,,,,,,,,,,,,,,,
2020-04-17,263.4913330078125,264.098007563754,259.5937309187142,262.3330800222529,146684800.0,,,,,,,,,,,,,,,
2020-04-20,258.8492431640625,263.6293107862759,258.62863415329286,259.7868595128614,100109300.0,,,,,,,,,,,,,,,
2020-04-21,250.9896697998047,255.5858766183104,250.05202565489665,254.3816726761035,126385700.0,,,,,,,,,,,,,,,
2020-04-22,256.5602722167969,258.3068252108212,254.5471313703784,255.8708411886541,92951600.0,,,,,,,,,,,,,,,
2020-04-23,256.5419006347656,261.00942882801934,256.2385632888214,257.83803449166567,104709700.0,,,,,,,,,,,,,,,
2020-04-24,260.1177673339844,260.78882372538203,256.00875672334155,258.0586753592096,85063200.0,,,,,,,,,,,,,,,
2020-04-27,263.8682556152344,264.98973134296574,261.6345055515394,262.09412629154366,77896600.0,,,,,,,,,,,,,,,
2020-04-28,262.6549377441406,267.8670224080393,262.3515722772504,267.5177060779378,105270000.0,,,,,,,,,,,,,,,
2020-04-29,269.53076171875,271.0659071925588,266.9568970325676,267.9864429070405,118745600.0,,,,,,,,,,,,,,,
2020-04-30,267.021240234375,269.6318823292637,265.28386059929,268.1518891527446,122901700.0,,,,,,,,,,,,,,,
2020-05-01,259.9522399902344,267.18666411275467,258.78478565307967,262.268717832664,125180000.0,,,,,,,,,,,,,,,
2020-05-04,260.6693725585937,260.97270997271914,256.5879372139992,258.0679028682671,80873200.0,,,,,,,,,,,,,,,
2020-05-05,263.0776672363281,265.8905433416998,260.797938736248,263.4913370383608,79569900.0,,,,,,,,,,,,,,,
2020-05-06,261.2943420410156,265.1643400964349,260.86229750373474,264.77827445640764,73632600.0,,,,,,,,,,,,,,,
2020-05-07,264.4473571777344,266.3777697134358,263.9417856328459,264.51171080796263,75250400.0,,,,,,,,,,,,,,,
2020-05-08,268.8228759765625,269.2916979257721,266.45121817198617,267.5818948511924,76452400.0,,,,,,,,,,,,,,,
2020-05-11,268.878173828125,270.2570362580128,266.4697652724054,266.8926085627232,79514200.0,,,,,,,,,,,,,,,
2020-05-12,263.5189208984375,270.4775563533977,263.38101225836226,270.0639145922281,95870800.0,,,,,,,,,,,,,,,
2020-05-13,258.8584289550781,263.9969859100772,256.43161777077114,262.95823845859854,144721100.0,,,,,,,,,,,,,,,
2020-05-14,261.9562683105469,262.0849475412924,250.9437443295845,256.42244422191715,121977900.0,,,,,,,,,,,,,,,
2020-05-15,263.160400390625,263.2063512347929,258.61934608730513,259.5661635119153,111146300.0,,,,,,,,,,,,,,,
2020-05-18,271.17626953125,272.7849423166049,269.0620250917087,269.383737206358,119703800.0,,,,,,,,,,,,,,,
2020-05-19,268.3910217285156,272.2885978711504,268.3726469921375,270.5788216379113,95189300.0,,,,,,,,,,,,,,,
2020-05-20,272.9503479003906,273.81443707877554,271.70019303559144,271.93000339041674,85861700.0,,,,,,,,,,,,,,,
2020-05-21,271.06591796875,273.6306094189908,269.97201842037936,272.82167247031106,78293900.0,,,,,,,,,,,,,,,
2020-05-22,271.5806884765625,271.75534659131654,269.5399713937195,270.78095292638466,63958200.0,,,,,,,,,,,,,,,
2020-05-26,274.9267578125,277.7856136973342,271.59910780063615,277.5466019109484,88951400.0,,,,,,,,,,,,,,,
2020-05-27,279.0173645019531,279.0541420158943,272.8952128963509,277.7212306525081,104817400.0,,,,,,,,,,,,,,,
2020-05-28,278.5025634765625,282.06002314727544,277.8315071665672,280.04688227031033,90405200.0,,,,,,,,,,,,,,,
2020-05-29,279.7435913085937,280.3318913047763,275.2852642429645,278.03378746198035,119090800.0,,,,,,,,,,,,,,,
2020-06-01,280.8741455078125,281.4808480836038,278.5852438310212,279.1000166735685,55758300.0,,,,,,,,,,,,,,,
2020-06-02,283.1998291015625,283.24580799540894,280.4605081581099,281.79339112536235,74267200.0,,,,,,,,,,,,,,,
2020-06-03,286.96875,287.92476883249293,284.909658409725,285.18541958591584,92567600.0,,,,,,,,,,,,,,,
2020-06-04,286.2149963378906,287.7225657388418,284.119127013096,285.9851859818692,75794400.0,,,,,,,,,,,,,,,
2020-06-05,293.550537109375,295.32466622909004,291.54659764607965,291.61095127500704,150524700.0,,,,,,,,,,,,,,,
2020-06-08,297.0988464355469,297.2918792842742,293.817147742069,294.35949682860377,73641200.0,,,,,,,,,,,,,,,
2020-06-09,294.8835144042969,297.17241696231423,293.5689776241452,294.433066953884,77479200.0,,,,,,,,,,,,,,,
2020-06-10,293.23797607421875,296.3542175612713,292.52096897897934,295.4625523739719,95000800.0,,,,,,,,,,,,,,,
2020-06-11,276.33319091796875,286.941246338049,275.781668426322,286.3069674196292,209243600.0,,,,,,,,,,,,,,,
2020-06-12,279.6425170898437,284.119219798626,274.48558448206074,283.34706011659046,194678900.0,,,,,,,,,,,,,,,
2020-06-15,282.2530517578125,283.38372874328377,272.7756754665918,273.9523032994072,135782700.0,,,,,,,,,,,,,,,
2020-06-16,287.68572998046875,290.1493178185226,282.8229640297754,290.00223585408537,137627500.0,,,,,,,,,,,,,,,
2020-06-17,286.4908142089844,289.000353646456,285.75540416445665,288.7061896286449,83398900.0,,,,,,,,,,,,,,,
2020-06-18,286.6011047363281,287.0791002022098,284.5144366960276,284.97405743157583,80828700.0,,,,,,,,,,,,,,,
2020-06-19,284.96319580078125,290.26285198086515,283.0150463816413,290.0689696801593,135549600.0,,,,,,,,,,,,,,,
2020-06-22,286.7912902832031,287.18829677421513,283.2181755111513,284.36304192298934,74649400.0,,,,,,,,,,,,,,,
2020-06-23,288.11163330078125,290.37369722062647,287.7053848565929,289.44116854058365,68471200.0,,,,,,,,,,,,,,,
2020-06-24,280.76226806640625,286.6897814759057,278.92493642655745,286.0711669477362,132813500.0,,,,,,,,,,,,,,,
2020-06-25,283.7721252441406,284.0398862316049,278.16776915357684,280.18976894126644,89468000.0,,,,,,,,,,,,,,,
2020-06-26,277.0321044921875,282.8857657278593,276.45045766240185,282.6733996882287,127961000.0,,,,,,,,,,,,,,,
2020-06-29,281.1038513183594,281.24233868339707,275.9980771665016,278.2878382488589,79773300.0,,,,,,,,,,,,,,,
2020-06-30,284.70458984375,286.4034616691279,280.5128897413489,280.66983265552534,113394800.0,,,,,,,,,,,,,,,
2020-07-01,286.6990051269531,287.9639317029631,285.3602561815504,285.8218995785466,72396500.0,,,,,,,,,,,,,,,
2020-07-02,288.2777099609375,291.48151475313523,287.6129426555215,290.13349638219006,69344200.0,,,,,,,,,,,,,,,
2020-07-06,292.7279968261719,293.30967187564966,291.35230884827496,292.1001687186121,61713800.0,,,,,,,,,,,,,,,
2020-07-07,289.7089233398437,293.1620068643434,289.3303723806456,291.1861878161966,82910000.0,,,,,,,,,,,,,,,
2020-07-08,291.9247741699219,292.0355640626978,288.71175457352604,290.4752073276655,54638600.0,,,,,,,,,,,,,,,
2020-07-09,290.26287841796875,292.7742193790963,286.8467063436829,292.53415581966215,83354200.0,,,,,,,,,,,,,,,
2020-07-10,293.2265319824219,293.49429293476067,288.7670709526723,290.19815363911744,57550400.0,,,,,,,,,,,,,,,
2020-07-13,290.6875,297.9537597898529,290.0319745156313,295.5716931672863,102997500.0,,,,,,,,,,,,,,,
2020-07-14,294.45458984375,295.2301472460135,288.06543384919064,289.26569521963995,93657000.0,,,,,,,,,,,,,,,
2020-07-15,297.1597595214844,298.2584726879043,294.7776646218724,297.6767976966858,87196500.0,,,,,,,,,,,,,,,
2020-07-16,296.1811218261719,296.6335232521369,294.61152330631586,295.2578352089557,54622500.0,,,,,,,,,,,,,,,
2020-07-17,297.0397644042969,297.8245636451662,295.2116468030746,297.18749364064047,62774900.0,,,,,,,,,,,,,,,
2020-07-20,299.4403991699219,300.1882592673395,296.0242265404626,296.77208663788025,56308800.0,,,,,,,,,,,,,,,
2020-07-21,300.077392578125,301.8500871049481,299.0894691350206,301.4069275614781,57292200.0,,,,,,,,,,,,,,,
2020-07-22,301.7855224609375,302.09946478128,299.6065790471225,299.71736895948897,57792900.0,,,,,,,,,,,,,,,
2020-07-23,298.18463134765625,302.1270831480681,296.8181852176336,301.42537631818345,75738000.0,,,,,,,,,,,,,,,
2020-07-24,296.26422119140625,297.2890558358542,294.7592594617996,296.328858018481,73766600.0,,,,,,,,,,,,,,,
2020-07-27,298.4247131347656,298.60013985296814,296.1626495641368,296.95669073754914,48293000.0,,,,,,,,,,,,,,,
2020-07-28,296.5319519042969,298.8124707963444,296.2364934476947,297.6952737904054,57495000.0,,,,,,,,,,,,,,,
2020-07-29,300.1789245605469,300.7421440189425,297.37212550366144,297.40906485580297,48454200.0,,,,,,,,,,,,,,,
2020-07-30,299.1079406738281,299.5234309444589,295.1193636875488,297.2059723944225,61861700.0,,,,,,,,,,,,,,,
2020-07-31,301.4714660644531,301.5730422205113,296.6796073803487,300.8990330030166,84986800.0,,,,,,,,,,,,,,,
2020-08-03,303.5673522949219,304.3336676318692,302.5886709361864,303.1334065470701,53077900.0,,,,,,,,,,,,,,,
2020-08-04,304.7398681640625,304.7398681640625,302.70862707186984,302.70862707186984,41917900.0,,,,,,,,,,,,,,,
2020-08-05,306.6327514648437,306.8912988063236,305.7741015428456,306.0418625918955,42697700.0,,,,,,,,,,,,,,,
2020-08-06,308.68243408203125,308.8024658628492,305.72793350897297,306.05108949352723,43679400.0,,,,,,,,,,,,,,,
2020-08-07,308.9040222167969,309.1902388250722,306.8081434818142,307.71297454516787,57308300.0,,,,,,,,,,,,,,,
2020-08-10,309.8273010253906,310.0119414454086,307.4175082706169,309.356415827872,44282100.0,,,,,,,,,,,,,,,
2020-08-11,307.2697448730469,311.6461421704279,306.54036880387395,311.0090722127674,69601100.0,,,,,,,,,,,,,,,
2020-08-12,311.5538024902344,312.32935977820927,309.679532000178,309.70722946844614,53774400.0,,,,,,,,,,,,,,,
2020-08-13,310.9906311035156,312.3017105491452,310.0673444500074,310.78750691268493,41816100.0,,,,,,,,,,,,,,,
2020-08-14,310.9998474121094,311.53536940593125,309.8734366603985,310.60284094610125,47260400.0,,,,,,,,,,,,,,,
2020-08-17,311.9878234863281,312.3848300193641,311.00914180297326,312.01552096127307,35481000.0,,,,,,,,,,,,,,,
2020-08-18,312.6617431640625,313.08644705008913,310.78744458391986,312.38474031767976,38733900.0,,,,,,,,,,,,,,,
2020-08-19,311.3598327636719,313.5572303742044,310.796613498449,313.04019232743667,68054200.0,,,,,,,,,,,,,,,
2020-08-20,312.3294372558594,312.80953621709097,309.5041820857971,309.6334275776199,42207800.0,,,,,,,,,,,,,,,
2020-08-21,313.4373779296875,313.6589577204171,311.65541319099066,311.99705293699736,55106600.0,,,,,,,,,,,,,,,
2020-08-24,316.6134948730469,316.68734541310374,313.40968882300405,315.8748485901053,48588700.0,,,,,,,,,,,,,,,
2020-08-25,317.7214050292969,317.804497448592,316.01331905096947,317.176669274047,38463400.0,,,,,,,,,,,,,,,
2020-08-26,320.9067077636719,321.1744405717904,317.7675391796588,318.3122748541858,50790200.0,,,,,,,,,,,,,,,
2020-08-27,321.6083679199219,323.0579344592056,319.9464635226892,321.77458090081905,58034100.0,,,,,,,,,,,,,,,
2020-08-28,323.6858215332031,323.81509518897934,321.4422417348515,322.6332894034035,48588900.0,,,,,,,,,,,,,,,
2020-08-31,322.51318359375,324.3505145899838,322.28236198411395,323.47340937924645,66099200.0,,,,,,,,,,,,,,,
2020-09-01,325.5508728027344,325.6524208077737,322.4486150605475,323.3442042226388,54908700.0,,,,,,,,,,,,,,,
2020-09-02,330.25958251953125,331.2290220451742,326.31713124859124,327.4620256346126,69540000.0,,,,,,,,,,,,,,,
2020-09-03,318.8939819335937,329.04089295769626,316.30876246960275,328.57000776099846,148011100.0,,,,,,,,,,,,,,,
2020-09-04,316.2903747558594,321.1468443007785,309.18105492482806,319.5772736024122,139156300.0,,,,,,,,,,,,,,,
2020-09-08,307.6482849121094,316.3548979684875,307.3436127666007,310.8797876425356,114465300.0,,,,,,,,,,,,,,,
2020-09-09,313.7235717773437,316.1887312996784,310.78749888094603,311.65539056693245,91462300.0,,,,,,,,,,,,,,,
2020-09-10,308.2762145996094,316.2533971603592,307.3159885272084,315.5978714825398,90569500.0,,,,,,,,,,,,,,,
2020-09-11,308.43310546875,311.11987273507737,305.6078508539459,310.05809882812946,84680200.0,,,,,,,,,,,,,,,
2020-09-14,312.4955444335937,314.26826693128163,308.58081864580447,311.5999553914097,65605700.0,,,,,,,,,,,,,,,
2020-09-15,314.074462890625,315.7825208192452,312.5048641612994,314.95156838815086,52920900.0,,,,,,,,,,,,,,,
2020-09-16,312.8280029296875,316.7427294770832,312.5510000169259,315.3116463788061,82096000.0,,,,,,,,,,,,,,,
2020-09-17,310.0765075683594,311.7938349594203,307.44513563897925,307.97141566014835,91523300.0,,,,,,,,,,,,,,,
2020-09-18,306.5067138671875,310.9933051269488,304.02240791405023,310.8820717692347,105877900.0,,,,,,,,,,,,,,,
2020-09-21,303.0954895019531,303.2438101066205,298.2381099284634,301.9182318320632,99450800.0,,,,,,,,,,,,,,,
2020-09-22,306.18231201171875,306.7385071760695,302.066507400489,304.5786503731086,63612100.0,,,,,,,,,,,,,,,
2020-09-23,299.08160400390625,307.0165707899801,298.58102560551066,306.7384591067574,93112200.0,,,,,,,,,,,,,,,
2020-09-24,299.8788452148437,302.93787621508653,296.4489985751981,297.7653262008505,76681300.0,,,,,,,,,,,,,,,
2020-09-25,304.7270202636719,305.5149328939257,298.1547165934249,299.02605426843746,71069400.0,,,,,,,,,,,,,,,
2020-09-28,309.78826904296875,310.50203534951567,307.8972169129009,308.8890949296322,64584600.0,,,,,,,,,,,,,,,
2020-09-29,308.1011962890625,310.3259488282698,307.40595935248126,309.5843740782885,51304000.0,,,,,,,,,,,,,,,
2020-09-30,310.4371643066406,313.5888989589638,308.5739205412977,308.7685789335807,104081100.0,,,,,,,,,,,,,,,
2020-10-01,312.4301452636719,314.00599831587897,310.54837218800964,313.0326781450821,88698700.0,,,,,,,,,,,,,,,
2020-10-02,309.4638061523437,312.40235285633963,307.0073084094654,307.48007849386664,89431100.0,,,,,,,,,,,,,,,
2020-10-05,314.9516296386719,315.1370091924181,311.475444751699,311.5217825678193,45713100.0,,,,,,,,,,,,,,,
2020-10-06,310.4742736816406,317.1856469045774,309.9644445702148,315.0906571878008,90128900.0,,,,,,,,,,,,,,,
2020-10-07,315.8785400390625,316.68501022213155,313.403484518265,313.43129285943087,56999600.0,,,,,,,,,,,,,,,
2020-10-08,318.6780090332031,318.74290459076605,316.89819037406056,317.8159221887509,45242500.0,,,,,,,,,,,,,,,
2020-10-09,321.5238952636719,321.9873865273389,319.7070174310904,320.3280798824177,59528600.0,,,,,,,,,,,,,,,
2020-10-12,326.6965026855469,328.1704017681075,323.5725755461636,324.0638752403505,80388500.0,,,,,,,,,,,,,,,
2020-10-13,324.5644226074219,326.7335584990035,323.6003527814088,326.55742954167613,73255500.0,,,,,,,,,,,,,,,
2020-10-14,322.5249938964844,326.2329236603553,321.7926981363864,325.1390911694356,57727900.0,,,,,,,,,,,,,,,
2020-10-15,322.12646484375,322.60848562858945,318.0755552653786,318.6131927450355,60357700.0,,,,,,,,,,,,,,,
2020-10-16,321.9317321777344,325.13908342610574,321.7556032550044,323.4797769752981,89501900.0,,,,,,,,,,,,,,,
2020-10-19,317.03729248046875,323.82278285072874,316.1381183278607,323.1924415429291,68425600.0,,,,,,,,,,,,,,,
2020-10-20,318.3072204589844,321.55165885307974,317.6212625367953,318.381366603576,60051900.0,,,,,,,,,,,,,,,
2020-10-21,317.7046813964844,320.430011857811,317.39876136898965,318.26084819327986,63575000.0,,,,,,,,,,,,,,,
2020-10-22,319.4474792480469,320.03148284713905,315.77663585423755,317.91796352473176,55399300.0,,,,,,,,,,,,,,,
2020-10-23,320.5320739746094,320.72673241885354,318.0755754996864,320.67111572049805,49143900.0,,,,,,,,,,,,,,,
2020-10-26,314.6086730957031,317.9365376041865,311.1139302008655,317.1485966489191,91473000.0,,,,,,,,,,,,,,,
2020-10-27,313.5240783691406,315.28533977636755,313.3108621718636,314.9516395955158,65994100.0,,,,,,,,,,,,,,,
2020-10-28,302.80810546875,313.5518292002192,302.3168058775529,307.8508925089764,127094300.0,,,,,,,,,,,,,,,
2020-10-29,305.8857116699219,309.0559761451705,301.35275342695843,303.0398684553781,90597700.0,,,,,,,,,,,,,,,
2020-10-30,302.6968994140625,305.6168888814722,299.0445857878949,304.3098400497384,120287300.0,,,,,,,,,,,,,,,
2020-11-02,306.0896301269531,308.09188741481535,303.3457415827881,306.0896301269531,86068300.0,,,,,,,,,,,,,,,
2020-11-03,311.4939270019531,313.55182927466103,306.1730565274314,309.324791356006,93294200.0,,,,,,,,,,,,,,,
2020-11-04,318.45556640625,322.53428362589443,314.7939743255208,315.9712318810282,126959700.0,,,,,,,,,,,,,,,
2020-11-05,324.6663818359375,326.4740092498404,323.38714130170024,323.7393992214774,82039700.0,,,,,,,,,,,,,,,
2020-11-06,324.5921936035156,325.843625628691,322.2654584902254,324.3789774456897,74973000.0,,,,,,,,,,,,,,,
2020-11-09,328.6708984375,337.7738729753437,328.20740720794697,337.3938067723991,172304200.0,,,,,,,,,,,,,,,
2020-11-10,328.1889038085937,329.24564918548936,324.9166565996286,327.6790464420353,85552000.0,,,,,,,,,,,,,,,
2020-11-11,330.626953125,331.45195307015314,329.13449617247653,330.3766496749189,58649000.0,,,,,,,,,,,,,,,
2020-11-12,327.4195251464844,330.67324321370563,325.61192600078954,329.61646944206416,67546200.0,,,,,,,,,,,,,,,
2020-11-13,331.9524841308594,332.69405891618226,328.8099994489029,329.32910745648184,62892200.0,,,,,,,,,,,,,,,
2020-11-16,336.0960998535156,336.29075828534565,333.3336814245421,334.6222008625587,74541100.0,,,,,,,,,,,,,,,
2020-11-17,334.2884216308594,335.4935158436268,332.174902681352,333.685888669106,66111000.0,,,,,,,,,,,,,,,
2020-11-18,330.26531982421875,335.1041695450707,330.2282326036911,334.55725327164475,70591300.0,,,,,,,,,,,,,,,
2020-11-19,331.6557922363281,332.02657957234703,328.29084129066734,329.63497720915376,59940900.0,,,,,,,,,,,,,,,
2020-11-20,329.3847351074219,331.6002372367879,329.3105889421292,331.3962999206507,70417300.0,,,,,,,,,,,,,,,
2020-11-23,331.359130859375,332.61984167212626,328.9582497650771,331.1922808117231,63230600.0,,,,,,,,,,,,,,,
2020-11-24,336.6985778808594,337.2454941499389,333.05554351994675,333.9083515604822,62415900.0,,,,,,,,,,,,,,,
2020-11-25,336.1795349121094,336.643026242167,335.0857021625972,336.6152178939342,45330900.0,,,,,,,,,,,,,,,
2020-11-27,337.1156921386719,337.5884339123508,336.1052564572485,337.27326330014586,28514100.0,,,,,,,,,,,,,,,
2020-11-30,335.62322998046875,336.60582901594785,332.9442656786078,336.3369962113714,83872700.0,,,,,,,,,,,,,,,
2020-12-01,339.2940673828125,340.8328614686361,338.2836600225154,338.8769423015464,74231400.0,,,,,,,,,,,,,,,
2020-12-02,340.0079345703125,340.1655057604977,337.6070531807557,338.18177783063066,45927000.0,,,,,,,,,,,,,,,
2020-12-03,339.9151916503906,341.305665304106,338.81208028863574,339.90591277346965,62882000.0,,,,,,,,,,,,,,,
2020-12-04,342.8445129394531,342.8445129394531,340.4065442272832,340.4992481431544,50749900.0,,,,,,,,,,,,,,,
2020-12-07,342.1399841308594,342.6312837481267,340.8700225705228,342.07508856328803,48944300.0,,,,,,,,,,,,,,,
2020-12-08,343.1412048339844,343.7066507125633,340.82374804124925,340.87008586139694,42458900.0,,,,,,,,,,,,,,,
2020-12-09,340.0635986328125,343.9569088788108,339.22931988647474,343.79933766667483,74098300.0,,,,,,,,,,,,,,,
2020-12-10,339.9523010253906,340.9997674831479,337.8202243105125,338.6915901201066,57735400.0,,,,,,,,,,,,,,,
2020-12-11,339.5536804199219,339.9615549854479,336.7356739717107,338.255910570185,57698600.0,,,,,,,,,,,,,,,
2020-12-14,338.0334167480469,342.79809173388674,337.8572878229824,341.7228170082681,69216200.0,,,,,,,,,,,,,,,
2020-12-15,342.6034240722656,342.6034240722656,339.2014144838981,340.5733303397869,63865300.0,,,,,,,,,,,,,,,
2020-12-16,343.1412048339844,344.0589086713419,341.9361103282016,342.816755225148,58420500.0,,,,,,,,,,,,,,,
2020-12-17,345.0599670410156,345.2639043286698,343.9568555699676,344.78188359842443,64119500.0,,,,,,,,,,,,,,,
2020-12-18,343.68218994140625,345.5161309651634,341.6713691937956,345.3485696719916,136542300.0,,,,,,,,,,,,,,,
2020-12-21,342.45330810546875,352.3212124729903,337.0259763287473,339.7629240860184,96386700.0,,,,,,,,,,,,,,,
2020-12-22,341.8762512207031,342.89096604412015,340.7498288438613,342.7792584906953,47949000.0,,,,,,,,,,,,,,,
2020-12-23,342.1833801269531,344.0917832562604,341.8575475802829,342.84433524058835,46201400.0,,,,,,,,,,,,,,,
2020-12-24,343.5145874023437,343.54251428118584,342.07165131242414,342.65811576810853,26457900.0,,,,,,,,,,,,,,,
2020-12-28,346.4656982421875,346.85667458893,345.4416652223988,346.0653750550092,39000400.0,,,,,,,,,,,,,,,
2020-12-29,345.8047180175781,348.1692982115266,345.2182250819667,347.9924184877755,53680500.0,,,,,,,,,,,,,,,
2020-12-30,346.298095703125,347.3314471151924,345.90711937087656,346.6239282532309,49455300.0,,,,,,,,,,,,,,,
2020-12-31,348.0575561523437,348.7836834268124,345.5905871051007,346.1025893642061,78520700.0,,,,,,,,,,,,,,,
2021-01-04,343.3191833496094,349.51920765992713,339.6233739583343,349.38886325350404,110210800.0,,,,,,,,,,,,,,,
2021-01-05,345.6836853027344,346.7728905061342,342.6302231348059,342.6767868774276,66426200.0,,,,,,,,,,,,,,,
2021-01-06,347.7503662109375,350.9434912559952,343.62633562425066,344.17558324644114,107997700.0,,,,,,,,,,,,,,,
2021-01-07,352.9169921875,353.66172782753097,349.9473112363885,350.1241909226185,68766800.0,,,,,,,,,,,,,,,
2021-01-08,354.92779541015625,355.141891981184,351.05510776689067,354.3040573240476,71677200.0,,,,,,,,,,,,,,,
2021-01-11,352.535400390625,354.2948508857765,351.6323932699845,351.7534192361298,51034700.0,,,,,,,,,,,,,,,
2021-01-12,352.6097717285156,353.62448612257145,350.3662179470396,352.72150764451703,52547700.0,,,,,,,,,,,,,,,
2021-01-13,353.5594177246094,354.5554954734266,351.7534035637951,352.53538468344925,45303600.0,,,,,,,,,,,,,,,
2021-01-14,352.3212890625,354.80689545132014,351.9861664446019,354.3041831146207,49989100.0,,,,,,,,,,,,,,,
2021-01-15,349.7518615722656,351.50199335982205,347.88999385755534,350.70140387922305,107160000.0,,,,,,,,,,,,,,,
2021-01-19,352.4981994628906,353.0381571629389,350.72943031381647,352.2096121579822,51233300.0,,,,,,,,,,,,,,,
2021-01-20,357.376220703125,358.21405551285824,354.397220924243,354.78819724418975,61836100.0,,,,,,,,,,,,,,,
2021-01-21,357.7019958496094,358.3629793057075,356.7803804745633,357.9347293006691,47840100.0,,,,,,,,,,,,,,,
2021-01-22,356.43603515625,357.59970272379945,355.46785578529006,355.8495421566286,52860500.0,,,,,,,,,,,,,,,
2021-01-25,357.8417663574219,358.1954974452348,352.3213056451607,357.1714926802257,70402000.0,,,,,,,,,,,,,,,
2021-01-26,357.2831726074219,359.2008944003585,357.0504391042999,358.79128116207573,42665300.0,,,,,,,,,,,,,,,
2021-01-27,348.5509948730469,354.05281810421934,346.3167590029396,353.95971902424606,123351100.0,,,,,,,,,,,,,,,
2021-01-28,351.548583984375,355.55158851320573,349.9287680398475,350.36627971281166,94198100.0,,,,,,,,,,,,,,,
2021-01-29,344.5106506347656,350.6548189054019,342.83495288285974,349.686639876068,126765100.0,,,,,,,,,,,,,,,
2021-02-01,350.24530029296875,351.27862337041176,344.7993308471236,347.9086469202224,75817600.0,,,,,,,,,,,,,,,
2021-02-02,355.19781494140625,356.7524870405597,350.3290488711156,353.4290462295083,64450700.0,,,,,,,,,,,,,,,
2021-02-03,355.4771728515625,357.199406526891,354.2017977480035,356.0264205321538,52427100.0,,,,,,,,,,,,,,,
2021-02-04,359.5173034667969,359.5638387898782,355.5887619460361,356.5103772578539,47142600.0,,,,,,,,,,,,,,,
2021-02-05,360.9324035644531,361.6399224767463,359.47085881489795,361.3885805309923,48669800.0,,,,,,,,,,,,,,,
2021-02-08,363.5390319824219,363.5855673167599,361.5282112076279,362.38465454642807,38365200.0,,,,,,,,,,,,,,,
2021-02-09,363.2969055175781,363.8927167700144,362.2915095413972,362.7010942651418,35551100.0,,,,,,,,,,,,,,,
2021-02-10,363.1387023925781,365.18676844469576,360.7369053040488,365.0378156036463,59154400.0,,,,,,,,,,,,,,,
2021-02-11,363.7251892089844,364.637514691375,361.29546527923713,364.2185830573535,42913300.0,,,,,,,,,,,,,,,
2021-02-12,365.52191162109375,365.7639351240039,362.8501073798465,362.9245980037026,50593300.0,,,,,,,,,,,,,,,
2021-02-16,365.2053833007813,366.9462536805359,364.4885743748941,366.7507370926893,50972400.0,,,,,,,,,,,,,,,
2021-02-17,365.2891540527344,365.540495969516,362.4404702799734,363.455213196624,52290600.0,,,,,,,,,,,,,,,
2021-02-18,363.7344970703125,364.47923283154506,360.9603038015021,362.6825372104316,59712800.0,,,,,,,,,,,,,,,
2021-02-19,363.0921936035156,365.2798942259746,362.645335047699,364.99130695342166,83241000.0,,,,,,,,,,,,,,,
2021-02-22,360.2994079589844,362.71052376422216,360.02942912693527,360.3273348443789,67414200.0,,,,,,,,,,,,,,,
2021-02-23,360.7369079589844,362.0867735591579,353.941101443955,358.0930589330605,107284100.0,,,,,,,,,,,,,,,
2021-02-24,364.7120056152344,365.1402557134538,358.6609345710552,359.6477223454717,72433900.0,,,,,,,,,,,,,,,
2021-02-25,355.9240417480469,364.8144799434178,354.48110517673695,363.4460056039133,146670500.0,,,,,,,,,,,,,,,
2021-02-26,354.09002685546875,358.9495032557424,352.1071613879296,357.8044726689712,152701600.0,,,,,,,,,,,,,,,
2021-03-01,362.67327880859375,363.92075545040086,354.2855822417415,358.9588609981536,105348800.0,,,,,,,,,,,,,,,
2021-03-02,359.8432006835937,363.1293962418053,359.34048841861335,362.8966627648503,79595300.0,,,,,,,,,,,,,,,
2021-03-03,355.0768127441406,360.1131400305049,354.9743952442966,359.1449892511198,119940200.0,,,,,,,,,,,,,,,
2021-03-04,350.682861328125,357.47866839991167,346.1957524741158,354.8906729265356,183433000.0,,,,,,,,,,,,,,,
2021-03-05,357.1341857910156,358.1861456706564,346.9032310579424,354.18311275175654,152039600.0,,,,,,,,,,,,,,,
2021-03-08,355.3560791015625,360.9044370293171,355.07681030362994,358.09302696069,123149200.0,,,,,,,,,,,,,,,
2021-03-09,360.4297180175781,362.9804680067196,358.69816605856334,359.2008783576128,113633600.0,,,,,,,,,,,,,,,
2021-03-10,362.67327880859375,364.3675856171588,361.3606867838893,362.77569632837776,109899400.0,,,,,,,,,,,,,,,
2021-03-11,366.3504638671875,368.3240394446199,364.6840840161151,365.14026100475496,86245000.0,,,,,,,,,,,,,,,
2021-03-12,366.84375,366.9833843800546,364.18129312081305,364.9912009349735,64653600.0,,,,,,,,,,,,,,,
2021-03-15,369.0314331054688,369.2920934062613,364.9539389353393,367.0950750911458,73427200.0,,,,,,,,,,,,,,,
2021-03-16,368.5660705566406,370.353447865086,367.7933794539433,369.645957368341,73722500.0,,,,,,,,,,,,,,,
2021-03-17,369.8228759765625,370.6234656362169,366.13635662184026,367.2814157500295,97959300.0,,,,,,,,,,,,,,,
2021-03-18,364.4419860839844,369.3200702632121,363.76239416037566,367.23478757465904,115349100.0,,,,,,,,,,,,,,,
2021-03-19,363.7676696777344,365.71969051583625,361.591473561956,364.141257136667,113624500.0,,,,,,,,,,,,,,,
2021-03-22,366.6723327636719,368.0546376770292,364.2253021963882,364.2813388885478,73778600.0,,,,,,,,,,,,,,,
2021-03-23,363.7863464355469,367.4849108087404,363.00180420504506,366.0372486874983,90686600.0,,,,,,,,,,,,,,,
2021-03-24,361.9370422363281,366.8217830520808,361.8903544926041,365.1873129811931,97588600.0,,,,,,,,,,,,,,,
2021-03-25,363.9732055664063,364.7670683556702,358.5560867809132,360.4987874842971,116128600.0,,,,,,,,,,,,,,,
2021-03-26,369.838623046875,370.2402289227248,364.5242571453707,365.1219914833725,114409100.0,,,,,,,,,,,,,,,
2021-03-29,369.6517639160156,370.5577285007332,366.87783346614,368.362862908593,108107600.0,,,,,,,,,,,,,,,
2021-03-30,368.6710815429688,369.3435503732095,367.07395025683695,368.3815491232856,76262200.0,,,,,,,,,,,,,,,
2021-03-31,370.16546630859375,371.7252304449524,369.2128139187483,369.2408322683644,112734200.0,,,,,,,,,,,,,,,
2021-04-01,374.1629028320313,374.2189680327331,371.8933310622887,372.0988084552015,99682900.0,,,,,,,,,,,,,,,
2021-04-05,379.5332946777344,380.0750207457854,376.7500437520767,376.8247498461712,91684800.0,,,,,,,,,,,,,,,
2021-04-06,379.3092041015625,380.355260591284,378.6367351434698,378.972983873967,62021000.0,,,,,,,,,,,,,,,
2021-04-07,379.7481689453125,380.0937381170486,378.6834430784203,379.1410856568923,55836300.0,,,,,,,,,,,,,,,
2021-04-08,381.5506896972656,381.6067263918637,380.0656602846216,380.9996431984528,57863100.0,,,,,,,,,,,,,,,
2021-04-09,384.32464599609375,384.4927845941178,381.3078992229351,381.4293215703808,61104600.0,,,,,,,,,,,,,,,
2021-04-12,384.46478271484375,384.73561726762654,383.1198448904272,383.7269281507639,56704900.0,,,,,,,,,,,,,,,
2021-04-13,385.6042175292969,386.2299986965263,383.9790961887934,384.362032648904,56551000.0,,,,,,,,,,,,,,,
2021-04-14,384.2872619628906,386.6315395766929,383.7455359385016,385.5761343766993,61659900.0,,,,,,,,,,,,,,,
2021-04-15,388.41546630859375,388.68632933197097,386.379390415515,386.4260781596265,60229800.0,,,,,,,,,,,,,,,
2021-04-16,389.7137451171875,390.3208283501207,388.28475230611167,389.7043961665137,82037300.0,,,,,,,,,,,,,,,
2021-04-19,387.799072265625,389.2280651111477,386.4728323712962,388.7797715143714,78498500.0,,,,,,,,,,,,,,,
2021-04-20,384.959716796875,387.6869307074584,383.48400795919866,386.584837805276,81851800.0,,,,,,,,,,,,,,,
2021-04-21,388.602294921875,388.80777231208793,384.2032146818028,384.34333492736897,66793000.0,,,,,,,,,,,,,,,
2021-04-22,385.05322265625,389.2654957800341,383.9884966876813,388.4342655987634,97582800.0,,,,,,,,,,,,,,,
2021-04-23,389.2280578613281,390.63838128168265,385.53884219304297,385.6135482901479,73209200.0,,,,,,,,,,,,,,,
2021-04-26,390.0405883789063,390.61033277407387,389.29341345395136,389.88182724622914,52182400.0,,,,,,,,,,,,,,,
2021-04-27,389.9566040039063,390.5356974540181,388.817143509979,390.33954048578113,51303100.0,,,,,,,,,,,,,,,
2021-04-28,389.844482421875,391.3482098113674,389.37749094113417,390.22741885643023,51238900.0,,,,,,,,,,,,,,,
2021-04-29,392.3288879394531,392.94532012603673,388.9478741154117,392.5717326349584,78544300.0,,,,,,,,,,,,,,,
2021-04-30,389.75103759765625,390.909195730544,388.8544220293682,390.05926790428015,85527000.0,,,,,,,,,,,,,,,
2021-05-03,390.5917053222656,392.1234226337819,390.09669546817264,391.740486180178,68128300.0,,,,,,,,,,,,,,,
2021-05-04,388.1819763183594,389.0972898402204,384.49276088924864,388.6022800331591,101591200.0,,,,,,,,,,,,,,,
2021-05-05,388.3033752441406,390.0592675868263,387.7429798258311,389.8257718711052,60162200.0,,,,,,,,,,,,,,,
2021-05-06,391.4041748046875,391.53491757383625,386.36999388315786,388.3780511818935,74321400.0,,,,,,,,,,,,,,,
2021-05-07,394.2528991699219,394.90669867070073,391.4883174723437,392.1701353229904,67733800.0,,,,,,,,,,,,,,,
2021-05-10,390.348876953125,394.8319841776763,390.2274545965479,394.60783736731895,81852400.0,,,,,,,,,,,,,,,
2021-05-11,386.8651123046875,387.8551320603856,382.9890883362958,385.8284047975115,116888000.0,,,,,,,,,,,,,,,
2021-05-12,378.6460266113281,385.3520172707222,377.3291072473696,384.08181415543856,134811000.0,,,,,,,,,,,,,,,
2021-05-13,383.194580078125,385.1279319103437,380.1497860913207,380.1965023474464,106394000.0,,,,,,,,,,,,,,,
2021-05-14,389.07855224609375,389.9284800362055,385.9030163453545,385.9310346899563,82201600.0,,,,,,,,,,,,,,,
2021-05-17,388.0885925292969,388.9011816537385,386.0711858984487,387.9671986859142,65129200.0,,,,,,,,,,,,,,,
2021-05-18,384.7450256347656,388.5930316977429,384.5862359561128,388.3501869549459,59810200.0,,,,,,,,,,,,,,,
2021-05-19,383.7362060546875,383.9136650884359,378.5712816845553,380.0563395991648,106467100.0,,,,,,,,,,,,,,,
2021-05-20,387.8644409179688,389.1253236094422,384.4927761274138,384.614169969288,78022200.0,,,,,,,,,,,,,,,
2021-05-21,387.5469055175781,390.5916991966437,387.0892629717918,389.3494858539395,76578700.0,,,,,,,,,,,,,,,
2021-05-24,391.4976806640625,392.5717554519268,389.545631041642,389.7884757512618,51376700.0,,,,,,,,,,,,,,,
2021-05-25,390.6290588378906,392.9359980945385,390.0499939116139,392.5810799776849,57451400.0,,,,,,,,,,,,,,,
2021-05-26,391.4041748046875,391.9085049894092,390.1806596295229,391.21736684545465,43088600.0,,,,,,,,,,,,,,,
2021-05-27,391.6097412109375,392.9453300641983,391.3295292083679,392.43165081383626,56707700.0,,,,,,,,,,,,,,,
2021-05-28,392.3102416992188,393.4403531898839,392.07674594064906,393.1788390804018,58520200.0,,,,,,,,,,,,,,,
2021-06-01,391.9645690917969,394.8132051933898,391.52559604142135,394.67311347580033,54216600.0,,,,,,,,,,,,,,,
2021-06-02,392.5810241699219,393.4216315915621,391.609702465234,392.6183914671472,49097100.0,,,,,,,,,,,,,,,
2021-06-03,391.1240539550781,392.2635143648258,388.7984453863478,390.26480554943856,58138800.0,,,,,,,,,,,,,,,
2021-06-04,394.701171875,395.0000532381176,391.1893871156072,392.9732978416649,55938800.0,,,,,,,,,,,,,,,
2021-06-07,394.31829833984375,394.86934490806766,393.384315308366,394.69188585185486,51555000.0,,,,,,,,,,,,,,,
2021-06-08,394.40234375,395.2709411073429,392.57174503387,395.1775371058986,47134300.0,,,,,,,,,,,,,,,
2021-06-09,393.81390380859375,395.3176311744139,393.5897570222941,395.242896577049,48436300.0,,,,,,,,,,,,,,,
2021-06-10,395.64453125,396.5972121670287,393.7205285195885,395.0374479909109,51020100.0,,,,,,,,,,,,,,,
2021-06-11,396.29827880859375,396.4103521952226,394.90665341979326,396.195554371816,45570800.0,,,,,,,,,,,,,,,
2021-06-14,397.1855773925781,397.2883018302443,395.1681709071251,396.4103556235315,42358500.0,,,,,,,,,,,,,,,
2021-06-15,396.4570007324219,397.37228556883673,395.5790546832425,397.3349467816013,51508500.0,,,,,,,,,,,,,,,
2021-06-16,394.2436218261719,396.8214244938092,392.1982249085213,396.5972776541553,80386100.0,,,,,,,,,,,,,,,
2021-06-17,394.11279296875,395.0934636810587,391.6377438115296,393.832609480347,90949700.0,,,,,,,,,,,,,,,
2021-06-18,388.7960510253906,391.5228080642645,388.5899013988071,390.82940868218697,118676300.0,,,,,,,,,,,,,,,
2021-06-21,394.362060546875,394.54947970964827,389.7424670056216,390.5576860310017,72822000.0,,,,,,,,,,,,,,,
2021-06-22,396.4703674316406,397.3043454678535,393.6311417670724,394.352679752593,57700300.0,,,,,,,,,,,,,,,
2021-06-23,395.9924926757813,397.35118140093033,395.908162638729,396.5453419827774,49445400.0,,,,,,,,,,,,,,,
2021-06-24,398.3351135253906,398.75676373658587,397.8853247039671,398.1383434268328,45110300.0,,,,,,,,,,,,,,,
2021-06-25,399.7500305175781,400.1998193481778,398.7567718716343,399.08474110668726,58129500.0,,,,,,,,,,,,,,,
2021-06-28,400.5559692382813,400.7246293559444,399.0754605452032,400.274869042176,53159600.0,,,,,,,,,,,,,,,
2021-06-29,400.7713928222656,401.57723223614346,400.237273994288,400.9400528954754,35970500.0,,,,,,,,,,,,,,,
2021-06-30,401.1087951660156,401.7834641932581,400.28419651092446,400.31230652888655,64827900.0,,,,,,,,,,,,,,,
2021-07-01,403.3294677734375,403.4887768980088,401.802090469254,401.86769002620366,53441000.0,,,,,,,,,,,,,,,
2021-07-02,406.4123840332031,406.7684632777236,403.4138490651717,404.4914663355306,57697700.0,,,,,,,,,,,,,,,
2021-07-06,405.6720886230469,406.68410626099694,402.9359520976346,406.4685771019908,68710400.0,,,,,,,,,,,,,,,
2021-07-07,407.1057739257813,407.38690265779184,404.3415272693066,406.35615449938257,63549500.0,,,,,,,,,,,,,,,
2021-07-08,403.7886657714844,404.5476647115918,400.6027118149156,401.7833895422592,97595200.0,,,,,,,,,,,,,,,
2021-07-09,408.09906005859375,408.3989192878367,403.5919064673389,405.2973236629894,76238600.0,,,,,,,,,,,,,,,
2021-07-12,409.5608215332031,409.8138402584851,407.5836837997048,408.0147135517589,52889600.0,,,,,,,,,,,,,,,
2021-07-13,408.1646118164063,410.2729485190576,407.9022421705888,408.7736811446095,52911300.0,,,,,,,,,,,,,,,
2021-07-14,408.773681640625,410.3479281135863,407.5274329705168,409.8606497735151,64130400.0,,,,,,,,,,,,,,,
2021-07-15,407.3774719238281,408.1083607813638,405.4752849871555,407.4336919439351,55126400.0,,,,,,,,,,,,,,,
2021-07-16,404.1821594238281,408.60498202795424,403.7886192907794,408.5581415441631,75874700.0,,,,,,,,,,,,,,,
2021-07-19,398.2132873535156,404.24781810954704,395.4021716073947,399.35647556745073,147987000.0,,,,,,,,,,,,,,,
2021-07-20,403.9197692871094,405.1941563775408,398.0820097768181,398.87849813382,99608200.0,,,,,,,,,,,,,,,
2021-07-21,407.1901245117188,407.3307031828911,403.8730283565818,405.1192771499837,64724400.0,,,,,,,,,,,,,,,
2021-07-22,408.0428771972656,408.286516417738,406.3843289404375,407.3682081680868,47878500.0,,,,,,,,,,,,,,,
2021-07-23,412.2407836914063,412.57810387739073,409.2891176794418,409.973137588627,63766600.0,,,,,,,,,,,,,,,
2021-07-26,413.2527770996094,413.26215663692216,411.6036085131249,411.65044900738826,43719200.0,,,,,,,,,,,,,,,
2021-07-27,411.3693237304688,412.2407627628377,408.5394488652319,412.21265274876606,67397100.0,,,,,,,,,,,,,,,
2021-07-28,411.2006530761719,412.5781010183634,409.77636464052375,411.99714163798257,52472400.0,,,,,,,,,,,,,,,
2021-07-29,412.9060668945313,413.9836556005954,412.1189578762892,412.128337413364,47435300.0,,,,,,,,,,,,,,,
2021-07-30,410.90081787109375,412.35321630587856,410.20738984106623,410.338588975124,68951200.0,,,,,,,,,,,,,,,
2021-08-02,410.0387268066406,413.1684323698136,409.68264755521176,412.6155830148607,58783300.0,,,,,,,,,,,,,,,
2021-08-03,413.3745422363281,413.4963618207431,408.6425090931806,410.83517582420905,58053900.0,,,,,,,,,,,,,,,
2021-08-04,411.3411560058594,413.3464034526488,411.1068963894126,412.0907753400313,46732200.0,,,,,,,,,,,,,,,
2021-08-05,413.9461364746094,414.0304665079831,412.1844995210822,412.5030891792091,38969700.0,,,,,,,,,,,,,,,
2021-08-06,414.6302185058594,415.0518973321597,413.98365955681214,414.2647883063957,46930000.0,,,,,,,,,,,,,,,
2021-08-09,414.2928466796875,414.92064647615,413.5244682278816,414.60205680992107,41222600.0,,,,,,,,,,,,,,,
2021-08-10,414.8083190917969,415.520477713348,414.05869950838286,414.74271951430575,43339300.0,,,,,,,,,,,,,,,
2021-08-11,415.8388977050781,415.9326072637877,414.7519297355611,415.8763872477904,44034300.0,,,,,,,,,,,,,,,
2021-08-12,417.085205078125,417.2257837341095,414.7894778443805,415.68902682349017,38909400.0,,,,,,,,,,,,,,,
2021-08-13,417.8442687988281,417.8629992763807,417.0477802625369,417.5350300442432,39470300.0,,,,,,,,,,,,,,,
2021-08-16,418.828125,418.959295527994,414.9862611967599,416.5417486330433,73740000.0,,,,,,,,,,,,,,,
2021-08-17,416.08251953125,416.9445788047778,413.0933648884497,416.269910044732,92673900.0,,,,,,,,,,,,,,,
2021-08-18,411.528564453125,416.6354357523996,411.2849538867955,415.07056886412056,89351900.0,,,,,,,,,,,,,,,
2021-08-19,412.165771484375,413.3652083057249,408.66125638495504,408.8018064511608,92812200.0,,,,,,,,,,,,,,,
2021-08-20,415.4454650878906,415.7734343527384,412.02527954568274,412.51255797213713,72008700.0,,,,,,,,,,,,,,,
2021-08-23,419.099853515625,420.00878201499984,415.5203595410852,417.132066923601,54973000.0,,,,,,,,,,,,,,,
2021-08-24,419.7651977539063,420.2993166380276,419.2498379439889,419.7651977539063,38744700.0,,,,,,,,,,,,,,,
2021-08-25,420.6460571289063,421.1614169887758,419.57781925712254,419.9526576237394,40529700.0,,,,,,,,,,,,,,,
2021-08-26,418.1628723144531,420.599149899653,418.0691627312955,420.3648902398338,57829600.0,,,,,,,,,,,,,,,
2021-08-27,421.901611328125,422.2764210326184,418.9124560362428,418.9686760621095,77235100.0,,,,,,,,,,,,,,,
2021-08-30,423.7569580078125,424.5440669661629,422.33264109600447,422.5762802722132,48357400.0,,,,,,,,,,,,,,,
2021-08-31,423.1291809082031,424.0006200110499,422.5294910274589,423.6632998149096,59300200.0,,,,,,,,,,,,,,,
2021-09-01,423.3540649414063,424.5815833267058,423.119805270988,424.0662234902461,48721400.0,,,,,,,,,,,,,,,
2021-09-02,424.6565551757813,425.462394702092,423.4571468275892,424.7783747777005,42501000.0,,,,,,,,,,,,,,,
2021-09-03,424.5534057617188,425.068794112329,423.1197379507082,423.5226862527916,47170500.0,,,,,,,,,,,,,,,
2021-09-07,423.0354309082031,424.3004387151824,422.3607619842241,424.20672913760086,51671500.0,,,,,,,,,,,,,,,
2021-09-08,422.5201110839844,423.2322696255754,420.5991646484169,422.501380605156,56181900.0,,,,,,,,,,,,,,,
2021-09-09,420.7116088867188,424.0755740928611,420.4679696953391,422.3233164530745,57970400.0,,,,,,,,,,,,,,,
2021-09-10,417.3944091796875,423.0634803599812,417.272589605885,422.6418302154465,89948200.0,,,,,,,,,,,,,,,
2021-09-13,418.4627075195313,420.655403124016,416.1482209113753,420.3930334459969,83738600.0,,,,,,,,,,,,,,,
2021-09-14,416.2044372558594,420.1118721074256,415.3142391694053,419.9057224766755,78197100.0,,,,,,,,,,,,,,,
2021-09-15,419.6808166503906,420.1774459218341,415.5203633365021,416.6260619263352,78792200.0,,,,,,,,,,,,,,,
2021-09-16,419.0155334472656,420.1305829932493,416.063839190952,419.1560835080076,77786700.0,,,,,,,,,,,,,,,
2021-09-17,414.9338989257813,418.665861109797,414.5766789216659,418.2428600689456,118425000.0,,,,,,,,,,,,,,,
2021-09-20,408.0151672363281,410.38405885600616,403.14573587535295,408.8047977762208,166445500.0,,,,,,,,,,,,,,,
2021-09-21,407.6297607421875,411.6531328768098,407.1033403647797,410.3558724154265,92526100.0,,,,,,,,,,,,,,,
2021-09-22,411.6060791015625,413.64597940866713,407.7425267964501,409.9046082588272,102350100.0,,,,,,,,,,,,,,,
2021-09-23,416.607177734375,418.2146677828106,413.2418450775607,413.47685522277226,76396000.0,,,,,,,,,,,,,,,
2021-09-24,417.2933654785156,418.0078054106592,414.7552447526697,414.9714643868074,62094800.0,,,,,,,,,,,,,,,
2021-09-27,416.09954833984375,417.4249802239827,415.4038988493783,416.25933916263614,61371100.0,,,,,,,,,,,,,,,
2021-09-28,407.71435546875,413.65541814858807,406.9811250466519,413.3263982451864,130436300.0,,,,,,,,,,,,,,,
2021-09-29,408.4006042480469,410.8353056858977,407.8365742138815,409.0962250337873,82329200.0,,,,,,,,,,,,,,,
2021-09-30,403.4090270996094,410.5815126064567,403.0705975741562,409.8764821735044,140506000.0,,,,,,,,,,,,,,,
2021-10-01,408.2032775878906,409.8859585278774,401.61361157548265,405.1387643144747,129240100.0,,,,,,,,,,,,,,,
2021-10-04,402.9389953613281,407.9399892875987,400.79567536580527,407.037558391636,128570000.0,,,,,,,,,,,,,,,
2021-10-05,407.131591796875,409.3782739253751,403.6440491846088,404.4430607487151,90682500.0,,,,,,,,,,,,,,,
2021-10-06,408.8236083984375,409.0304184562949,401.9049240769528,403.53117578451554,113032200.0,,,,,,,,,,,,,,,
2021-10-07,412.3581848144531,415.1970969045478,411.9257742006232,412.1043841974191,72437500.0,,,,,,,,,,,,,,,
2021-10-08,411.6060791015625,413.5143886692366,410.9762680936143,413.1289686595899,74557400.0,,,,,,,,,,,,,,,
2021-10-11,408.6262817382813,413.8623151629453,408.560472006221,410.9481833441066,65233300.0,,,,,,,,,,,,,,,
2021-10-12,407.6204223632813,409.9517335045939,406.8307916592311,409.5475229098595,71181200.0,,,,,,,,,,,,,,,
2021-10-13,409.0867919921875,409.9046225853422,405.6650597065649,408.6449718376633,72974000.0,,,,,,,,,,,,,,,
2021-10-14,415.9678955078125,416.11830542103553,412.28292435324295,412.7529445741557,70236800.0,,,,,,,,,,,,,,,
2021-10-15,419.1358947753906,419.5025243769304,417.4626236667043,418.0830539008593,66260200.0,,,,,,,,,,,,,,,
2021-10-18,420.3767395019531,420.715140332768,416.6917678913216,417.34980775714325,62213200.0,,,,,,,,,,,,,,,
2021-10-19,423.6198425292969,423.6856235581585,421.39192256312816,422.0029718063698,46996800.0,,,,,,,,,,,,,,,
2021-10-20,425.2837524414063,425.5845723051379,423.9677013972816,424.0805016742407,49571600.0,,,,,,,,,,,,,,,
2021-10-21,426.3929748535156,426.618575397613,424.2496836213109,424.6820942267509,41305400.0,,,,,,,,,,,,,,,
2021-10-22,425.951171875,427.4082519485341,424.0052810402493,425.9605814606376,58845100.0,,,,,,,,,,,,,,,
2021-10-25,428.2354736328125,428.5644935725112,425.26497065295007,427.0416324269042,45214500.0,,,,,,,,,,,,,,,
2021-10-26,428.620849609375,430.9991508783796,428.2448391545924,429.7865193132876,56075100.0,,,,,,,,,,,,,,,
2021-10-27,426.7219848632813,429.7489164065924,426.6467655584889,429.0814956872959,72438000.0,,,,,,,,,,,,,,,
2021-10-28,430.83935546875,430.91454608380144,428.1414439075538,428.1508248045862,51437900.0,,,,,,,,,,,,,,,
2021-10-29,431.713623046875,432.0050333226642,428.2448711186631,428.5362813944523,70162400.0,,,,,,,,,,,,,,,
2021-11-01,432.4562683105469,433.07669852419264,430.7265971184563,432.70065934906575,48433600.0,,,,,,,,,,,,,,,
2021-11-02,434.2047119140625,434.51494135185385,432.4938312768331,432.6254507202016,48908400.0,,,,,,,,,,,,,,,
2021-11-03,436.8556518554688,437.2598624127464,433.1988802930082,433.6407005054024,52509800.0,,,,,,,,,,,,,,,
2021-11-04,438.914306640625,438.9989068418108,437.1094162853852,437.4572266750685,52847100.0,,,,,,,,,,,,,,,
2021-11-05,440.4371643066406,442.4300455313022,438.9237129061649,441.14219466561576,66390600.0,,,,,,,,,,,,,,,
2021-11-08,440.813232421875,442.0353024166088,440.1270211428771,441.5370820452728,50405200.0,,,,,,,,,,,,,,,
2021-11-09,439.3561401367188,441.41483115793073,437.946079365355,441.1798210293701,51149100.0,,,,,,,,,,,,,,,
2021-11-10,435.8215637207031,439.35612511347824,434.3363123816006,437.6640350330447,69429700.0,,,,,,,,,,,,,,,
2021-11-11,435.9625244140625,437.3914041770928,435.9437339337223,437.3161848802195,34848500.0,,,,,,,,,,,,,,,
2021-11-12,439.2527160644531,439.80733651939306,436.2821846286871,437.2316347180003,53466700.0,,,,,,,,,,,,,,,
2021-11-15,439.4030456542969,440.7003059029481,438.27501446815774,440.540515111595,46980500.0,,,,,,,,,,,,,,,
2021-11-16,441.1422424316406,442.2796835013746,439.0647607814874,439.1399514053057,48857500.0,,,,,,,,,,,,,,,
2021-11-17,440.0705871582031,441.0576182388675,439.4501569663317,440.8790082432791,47858300.0,,,,,,,,,,,,,,,
2021-11-18,441.5652770996094,441.828487317556,438.3785257262708,441.1046377023812,50625600.0,,,,,,,,,,,,,,,
2021-11-19,440.7755432128906,442.70261449783385,440.408913698174,441.45234473958817,57315600.0,,,,,,,,,,,,,,,
2021-11-22,439.5347290039063,445.1467717517106,439.32791895320247,442.65567024625074,72762000.0,,,,,,,,,,,,,,,
2021-11-23,440.1176452636719,440.9730857191716,436.6019023245256,439.2058046627778,73206500.0,,,,,,,,,,,,,,,
2021-11-24,441.2926635742188,441.4148734428188,437.2974910059745,438.1153217416672,61858800.0,,,,,,,,,,,,,,,
2021-11-26,431.4504699707031,436.084863615736,430.32240968502606,434.61840245701467,112669600.0,,,,,,,,,,,,,,,
2021-11-29,436.7428588867188,438.5853303896004,434.0449470141302,436.2446385271929,86268800.0,,,,,,,,,,,,,,,
2021-11-30,428.2449035644531,436.2070487821844,428.0004838225912,434.29876746658414,148559600.0,,,,,,,,,,,,,,,
2021-12-01,423.48822021484375,436.8086059350029,423.290819754086,433.9602845358961,131939200.0,,,,,,,,,,,,,,,
2021-12-02,429.9745788574219,431.5444593337186,423.3096942265421,423.7045239141556,127637800.0,,,,,,,,,,,,,,,
2021-12-03,426.2332153320313,432.70067046910617,422.00303269299377,431.63844870413465,137331600.0,,,,,,,,,,,,,,,
2021-12-06,431.2812805175781,433.1613619164098,426.3648573320376,428.7807688146,98977500.0,,,,,,,,,,,,,,,
2021-12-07,440.2021484375,440.766178454865,431.149554156454,436.5641964227451,95484700.0,,,,,,,,,,,,,,,
2021-12-08,441.3678588867188,441.81908870916527,438.8391473392985,440.5970473857132,72238800.0,,,,,,,,,,,,,,,
2021-12-09,438.3878784179688,441.471210008513,438.1904779520681,440.0799397869197,61272600.0,,,,,,,,,,,,,,,
2021-12-10,442.5146179199219,442.66502782958105,438.5382653053805,441.0951763940727,77159800.0,,,,,,,,,,,,,,,
2021-12-13,438.5946960449219,442.3454484006168,438.3126666867193,441.99763801115,87724700.0,,,,,,,,,,,,,,,
2021-12-14,435.5771484375,437.8144493976514,432.6536362786152,435.3233478323497,97264100.0,,,,,,,,,,,,,,,
2021-12-15,442.3830871582031,442.6274781927471,433.11427244709614,435.63360291576834,116899300.0,,,,,,,,,,,,,,,
2021-12-16,438.4819030761719,444.5169470262026,436.93081329963405,444.2349463510645,116568600.0,,,,,,,,,,,,,,,
2021-12-17,433.8151550292969,438.4092309837767,432.1077064463905,435.3999644120147,135511600.0,,,,,,,,,,,,,,,
2021-12-20,429.2023315429688,429.5985195949592,425.5798968391535,428.730659907755,107134800.0,,,,,,,,,,,,,,,
2021-12-21,436.824462890625,436.9659586009306,430.4568968299471,432.6265744907592,69806300.0,,,,,,,,,,,,,,,
2021-12-22,441.192138671875,441.3053352382026,436.3716404397457,436.56976321936594,58890200.0,,,,,,,,,,,,,,,
2021-12-23,443.9372863769531,445.4371985113299,442.0883418877811,442.1920958144293,56439700.0,,,,,,,,,,,,,,,
2021-12-27,450.2199096679688,450.2670653046749,445.2673586949308,445.314514331637,56808600.0,,,,,,,,,,,,,,,
2021-12-28,449.85205078125,451.6821388256294,449.0879451201847,450.6538982297336,47274600.0,,,,,,,,,,,,,,,
2021-12-29,450.4274291992188,451.4462269794869,448.9558164118626,449.9557576958727,54503000.0,,,,,,,,,,,,,,,
2021-12-30,449.1822814941406,451.8613726077948,448.72005255913206,450.85198851964896,55329000.0,,,,,,,,,,,,,,,
2021-12-31,448.0502624511719,449.8426087104167,447.7767136605498,448.6917576839053,65237400.0,,,,,,,,,,,,,,,
2022-01-03,450.6443786621094,450.7764605012531,447.0030884828913,449.3142615710116,72668200.0,,,,,,,,,,,,,,,
2022-01-04,450.4935302734375,452.7858761115812,448.6351430318022,452.0689260726104,71178700.0,,,,,,,,,,,,,,,
2022-01-05,441.843017578125,450.8991165177179,441.7486775164381,450.1255683158479,104538900.0,,,,,,,,,,,,,,,
2022-01-06,441.4280395507813,444.1448726975174,439.06023879788046,441.3808839040391,86858900.0,,,,,,,,,,,,,,,
2022-01-07,439.6828002929688,442.61661242591146,438.3243838694435,441.4374335019172,85111600.0,,,,,,,,,,,,,,,
2022-01-10,439.1357116699219,439.3526621859066,430.7305201228873,436.4849195241094,119362000.0,,,,,,,,,,,,,,,
2022-01-11,443.1354064941406,443.2297465587139,435.8716533501861,438.8715061877595,74303100.0,,,,,,,,,,,,,,,
2022-01-12,444.3333740234375,446.3898834785524,442.3712334070413,444.8710863997605,67605400.0,,,,,,,,,,,,,,,
2022-01-13,438.2111206054688,446.0880403766342,437.1828801948643,445.4371314065704,91173100.0,,,,,,,,,,,,,,,
2022-01-14,438.3904113769531,438.739443721602,433.8434906759854,435.0604113490844,95890900.0,,,,,,,,,,,,,,,
2022-01-18,430.6267395019531,433.9001416437437,429.51360140587576,433.6926049827335,109709100.0,,,,,,,,,,,,,,,
2022-01-19,426.15521240234375,433.56987477528105,425.8816348637501,432.1737455201367,109357600.0,,,,,,,,,,,,,,,
2022-01-20,421.4385070800781,432.7491810236253,419.31598522013365,428.04190842212745,122379700.0,,,,,,,,,,,,,,,
2022-01-21,413.1654357910156,422.6743219055185,413.1371366485651,420.31596407281415,202271200.0,,,,,,,,,,,,,,,
2022-01-24,414.9201049804688,415.4295184126597,396.9211278580956,407.55259626391376,251783900.0,,,,,,,,,,,,,,,
2022-01-25,409.8542785644531,414.8068298485873,402.9490001504662,408.52416133637433,167997300.0,,,,,,,,,,,,,,,
2022-01-26,408.8260803222656,418.8821222815148,404.5621506367216,415.7502159505603,186391100.0,,,,,,,,,,,,,,,
2022-01-27,406.8072814941406,416.5708886311564,405.1187180219956,413.4295686804275,149878300.0,,,,,,,,,,,,,,,
2022-01-28,416.9104919433594,416.9576475826447,403.5810494178644,408.16568303658295,164457400.0,,,,,,,,,,,,,,,
2022-01-31,424.4194946289063,424.7685269673154,414.8917236273476,416.2406973417306,152251400.0,,,,,,,,,,,,,,,
2022-02-01,427.2872619628906,427.9287283515847,421.6177608084225,425.1458547347863,123155400.0,,,,,,,,,,,,,,,
2022-02-02,431.4379577636719,432.16432156191325,427.3815652994968,429.6927673307446,117361000.0,,,,,,,,,,,,,,,
2022-02-03,421.2970581054688,427.3061493870198,420.4574688803612,425.4006065808514,118024400.0,,,,,,,,,,,,,,,
2022-02-04,423.278076171875,427.12690349554987,418.68397092224063,421.0612140470099,118454400.0,,,,,,,,,,,,,,,
2022-02-07,421.9196166992188,425.4382678088837,420.58949956003295,424.04213853628335,84472900.0,,,,,,,,,,,,,,,
2022-02-08,425.3911437988281,426.31563040935833,419.99522006477935,421.4196773714475,81012000.0,,,,,,,,,,,,,,,
2022-02-09,431.6172180175781,431.93795122288446,429.2305610819786,429.4286550758493,92589900.0,,,,,,,,,,,,,,,
2022-02-10,423.8629150390625,431.7775484247765,421.86303233721947,425.76845767621467,140103700.0,,,,,,,,,,,,,,,
2022-02-11,415.5049133300781,426.0231836326423,414.0710421144383,423.947845988049,153214600.0,,,,,,,,,,,,,,,
2022-02-14,414.1465148925781,416.5803564325104,410.67501887954,414.995546790282,123006300.0,,,,,,,,,,,,,,,
2022-02-15,420.8254089355469,420.99520380296383,418.0708341137334,418.58969014890727,88482700.0,,,,,,,,,,,,,,,
2022-02-16,421.2970581054688,422.6743310487677,416.9010755555887,418.7783192186944,84863600.0,,,,,,,,,,,,,,,
2022-02-17,412.2975158691406,421.2687175900961,411.6937912802445,418.1085125785616,102259100.0,,,,,,,,,,,,,,,
2022-02-18,409.6279602050781,413.8069639993618,407.3544994602663,412.55230132343786,132642900.0,,,,,,,,,,,,,,,
2022-02-22,405.2319641113281,410.8259826372978,401.7321399493936,407.4205273459961,124391800.0,,,,,,,,,,,,,,,
2022-02-23,398.0436401367188,408.71284849771104,397.477628508236,408.1468368692283,132578000.0,,,,,,,,,,,,,,,
2022-02-24,404.0337829589844,404.4677414533899,387.374371425244,387.7328175718437,213942900.0,,,,,,,,,,,,,,,
2022-02-25,412.9484252929688,413.0333227139032,403.6187485934904,405.26959895160047,121804500.0,,,,,,,,,,,,,,,
2022-02-28,411.8919067382813,413.37296233027865,406.29788900505855,407.5525226744369,145615000.0,,,,,,,,,,,,,,,
2022-03-01,405.6186828613281,412.4013221597528,402.9112639395008,410.3919967190823,137785900.0,,,,,,,,,,,,,,,
2022-03-02,413.0805358886719,414.8068411449072,407.1186004140651,407.8732634005898,117726500.0,,,,,,,,,,,,,,,
2022-03-03,411.0240478515625,416.1180952528959,409.22225892771945,415.51437058927706,105501700.0,,,,,,,,,,,,,,,
2022-03-04,407.6845703125,408.8165646764018,403.6376206493303,407.2883535725804,113978200.0,,,,,,,,,,,,,,,
2022-03-07,395.6663818359375,407.8072026908735,395.6003409109695,407.0996953796204,137896600.0,,,,,,,,,,,,,,,
2022-03-08,392.6665649414063,403.0055972451965,391.6005826334159,395.84562657872834,164772700.0,,,,,,,,,,,,,,,
2022-03-09,403.1943054199219,405.1753318232111,398.8643637492097,401.0529268002445,116990800.0,,,,,,,,,,,,,,,
2022-03-10,401.3735961914063,402.2697547820951,396.61913933731984,398.5812801406087,93972700.0,,,,,,,,,,,,,,,
2022-03-11,396.2701110839844,404.47717812137785,395.7606977901252,403.8640109133582,95636300.0,,,,,,,,,,,,,,,
2022-03-14,393.37408447265625,400.4963135753872,392.2326473482891,397.0437030599808,95729200.0,,,,,,,,,,,,,,,
2022-03-15,402.0245361328125,402.6565598796408,394.7136272071247,395.9871173439881,106219100.0,,,,,,,,,,,,,,,
2022-03-16,410.9390869140625,410.995685192888,400.7321084005492,405.5337497664183,144954800.0,,,,,,,,,,,,,,,
2022-03-17,416.0803833007813,416.0803833007813,408.6468344364112,409.02416595069127,102676900.0,,,,,,,,,,,,,,,
2022-03-18,420.6375732421875,420.9593028336933,413.7297868077792,414.4678791360529,106345500.0,,,,,,,,,,,,,,,
2022-03-21,420.5145263671875,422.473290713241,417.0038306242203,420.4671953618184,88349800.0,,,,,,,,,,,,,,,
2022-03-22,425.4352111816406,426.3720129518308,421.9055997031732,421.9055997031732,74650400.0,,,,,,,,,,,,,,,
2022-03-23,419.9562683105469,424.39429439850414,419.8711071405114,422.8991946168003,79426100.0,,,,,,,,,,,,,,,
2022-03-24,426.2868347167969,426.2963066948586,420.8647048360825,421.9813008840571,64736900.0,,,,,,,,,,,,,,,
2022-03-25,428.3686828613281,428.6431103453386,424.3375472885619,426.920885122628,77101300.0,,,,,,,,,,,,,,,
2022-03-28,431.4155578613281,431.4155578613281,425.8798520720978,427.7723990853064,68529800.0,,,,,,,,,,,,,,,
2022-03-29,436.7526550292969,437.2447358806616,432.61744319877937,435.3048572896743,86581500.0,,,,,,,,,,,,,,,
2022-03-30,434.05572509765625,436.4214091697429,431.9455245092824,435.6075988323958,79666900.0,,,,,,,,,,,,,,,
2022-03-31,427.3751220703125,434.1125870505063,426.9209002404847,433.2893334473063,121699900.0,,,,,,,,,,,,,,,
2022-04-01,428.58636474609375,429.09733183282185,425.00945074906633,428.95539653095295,89048800.0,,,,,,,,,,,,,,,
2022-04-04,432.2577819824219,432.36188709811455,427.9617205008311,428.7849739372156,59601000.0,,,,,,,,,,,,,,,
2022-04-05,426.7978210449219,433.23247058270414,425.6528379663949,430.7627101143962,74214500.0,,,,,,,,,,,,,,,
2022-04-06,422.5301208496094,424.8106439250677,419.64399762453365,422.8802663750546,106898000.0,,,,,,,,,,,,,,,
2022-04-07,424.6593322753906,426.47619088925086,419.7008662270037,421.6501881717354,78097200.0,,,,,,,,,,,,,,,
2022-04-08,423.5237426757813,426.4193379958125,421.9813118666309,423.9022463943376,79272700.0,,,,,,,,,,,,,,,
2022-04-11,416.2848205566406,421.0918791902964,415.78329655227503,420.2496815704818,89770500.0,,,,,,,,,,,,,,,
2022-04-12,414.7423400878906,421.8015343492119,413.1904372386116,419.2749706687826,84363600.0,,,,,,,,,,,,,,,
2022-04-13,419.4926452636719,420.2496527692532,414.3165263078503,414.4963206440733,74070400.0,,,,,,,,,,,,,,,
2022-04-14,414.2691345214844,420.836275728142,414.16502940715344,419.7196509137634,97869500.0,,,,,,,,,,,,,,,
2022-04-18,414.43951416015625,416.1238802748247,412.2062931005156,413.341833148195,66002500.0,,,,,,,,,,,,,,,
2022-04-19,421.1296691894531,421.8488175877449,414.1650795150678,414.3354018558752,77821000.0,,,,,,,,,,,,,,,
2022-04-20,420.8174133300781,423.5237714134591,419.6535150384919,422.90869921932216,65224400.0,,,,,,,,,,,,,,,
2022-04-21,414.5247192382813,425.8327032647184,413.6163044307088,424.441679554067,85417300.0,,,,,,,,,,,,,,,
2022-04-22,403.1505126953125,414.5436288750389,402.58274261879126,413.43650465990896,132471800.0,,,,,,,,,,,,,,,
2022-04-25,405.48779296875,405.6581153210633,396.33731266857023,400.9078312682018,119647700.0,,,,,,,,,,,,,,,
2022-04-26,393.7445068359375,403.1504700703284,393.7161197790121,402.9517317938679,103996300.0,,,,,,,,,,,,,,,
2022-04-27,394.8516845703125,400.198155000715,392.7131252761381,394.823297509531,122030000.0,,,,,,,,,,,,,,,
2022-04-28,404.8253479003906,406.5570449371299,395.1639015423122,399.6019274903522,105449100.0,,,,,,,,,,,,,,,
2022-04-29,389.8647766113281,402.9895886209459,389.1172122790781,400.8320856724879,145491100.0,,,,,,,,,,,,,,,
2022-05-02,392.2115173339844,393.5741537158079,383.259747710453,389.93099434604335,158312500.0,,,,,,,,,,,,,,,
2022-05-03,394.009521484375,396.4225083192769,391.15175589422336,392.713130893499,100028200.0,,,,,,,,,,,,,,,
2022-05-04,406.00823974609375,406.57600980928174,391.4829309462933,394.67186907445193,144247900.0,,,,,,,,,,,,,,,
2022-05-05,391.5775146484375,402.16631958492377,387.4423032298884,401.7404848718178,172929100.0,,,,,,,,,,,,,,,
2022-05-06,389.240234375,392.5143334096191,383.9316525873715,389.013137919738,151770800.0,,,,,,,,,,,,,,,
2022-05-09,376.77783203125,384.5751184962438,375.1975421612319,383.3355021930368,155586100.0,,,,,,,,,,,,,,,
2022-05-10,377.6484375,384.2628826486502,373.6078584477752,382.7583106519952,132497200.0,,,,,,,,,,,,,,,
2022-05-11,371.6490173339844,382.3324561154293,370.9014529815829,376.6832006420824,142361000.0,,,,,,,,,,,,,,,
2022-05-12,371.2610473632813,374.5351465208242,364.4573366484498,368.45061311196713,125090800.0,,,,,,,,,,,,,,,
2022-05-13,380.1371154785156,381.5186671529909,374.35536749244255,375.396274457315,104174400.0,,,,,,,,,,,,,,,
2022-05-16,378.5946350097656,382.26618152652463,376.2384227760437,378.4905587658896,78622400.0,,,,,,,,,,,,,,,
2022-05-17,386.3825073242188,386.6190757634291,380.9508763229202,384.6886692136373,83029700.0,,,,,,,,,,,,,,,
2022-05-18,370.8067626953125,382.1052719010939,369.5671465773128,381.8214013694828,117674500.0,,,,,,,,,,,,,,,
2022-05-19,368.5357360839844,372.96431881468,366.3119871799564,367.7408696651366,98510700.0,,,,,,,,,,,,,,,
2022-05-20,368.6965637207031,375.6989821356005,360.09494071422534,372.1220693123328,131432200.0,,,,,,,,,,,,,,,
2022-05-23,375.5950317382813,376.36151125162365,369.4063926324182,371.72474625349577,76414900.0,,,,,,,,,,,,,,,
2022-05-24,372.727783203125,373.9200684973476,366.17008413397616,371.469222937356,91448800.0,,,,,,,,,,,,,,,
2022-05-25,376.0208435058594,377.98910932924895,370.83528117459343,371.2327000287483,91472900.0,,,,,,,,,,,,,,,
2022-05-26,383.5342102050781,385.1712741839689,377.04278616008014,377.250967539604,82168300.0,,,,,,,,,,,,,,,
2022-05-27,392.94964599609375,393.0631942254229,385.7958187685275,385.9945281698536,84768700.0,,,,,,,,,,,,,,,
2022-05-31,390.7447814941406,394.0851264101224,388.0005936135915,391.3314665518741,95937000.0,,,,,,,,,,,,,,,
2022-06-01,387.584228515625,393.87694263717856,385.06713709140746,392.8644517588874,86585800.0,,,,,,,,,,,,,,,
2022-06-02,394.9652099609375,395.0125120967157,385.1712709822698,387.42340710258367,79609600.0,,,,,,,,,,,,,,,
2022-06-03,388.4832458496094,391.7952040806544,387.5085850110212,390.2433012195324,71874300.0,,,,,,,,,,,,,,,
2022-06-06,389.66607666015625,394.2270942003177,388.4926775699303,392.49542593941146,57508900.0,,,,,,,,,,,,,,,
2022-06-07,393.4038391113281,393.8580609068562,385.71062891259504,386.1743226865664,59272400.0,,,,,,,,,,,,,,,
2022-06-08,389.1266784667969,393.4795433339592,388.3318120110861,391.6910721501235,64350000.0,,,,,,,,,,,,,,,
2022-06-09,379.8721618652344,389.61877058958953,379.8721618652344,387.3477192136023,86289800.0,,,,,,,,,,,,,,,
2022-06-10,368.8575134277344,374.5162411131212,368.81021128921816,373.6646004739386,132893900.0,,,,,,,,,,,,,,,
2022-06-13,354.8526306152344,361.2967520769685,353.2439538052529,359.4420637467876,170004900.0,,,,,,,,,,,,,,,
2022-06-14,353.78338623046875,357.6347275842824,350.6796092755737,356.6032925923492,104011800.0,,,,,,,,,,,,,,,
2022-06-15,358.8269958496094,363.27446487884,352.1273619331276,357.08582684228884,125666800.0,,,,,,,,,,,,,,,
2022-06-16,346.95123291015625,351.01075501197846,344.51930266450194,350.6038642674316,134473300.0,,,,,,,,,,,,,,,
2022-06-17,347.6991271972656,351.04441711071945,344.1923211275485,347.36652398663057,111113900.0,,,,,,,,,,,,,,,
2022-06-21,356.4520568847656,357.8395764065463,353.3538694431423,353.4299145965904,76811900.0,,,,,,,,,,,,,,,
2022-06-22,355.8058166503906,359.9208687301767,351.8047742948576,352.2229356289405,90059400.0,,,,,,,,,,,,,,,
2022-06-23,359.2935791015625,360.02534683784137,354.3802275814878,357.94408234086904,79292100.0,,,,,,,,,,,,,,,
2022-06-24,370.7169189453125,370.7264318390768,362.4392802368001,362.4677899153683,98050300.0,,,,,,,,,,,,,,,
2022-06-27,369.3009033203125,371.9333937461517,368.20799359853146,371.6387840560035,66009600.0,,,,,,,,,,,,,,,
2022-06-28,361.7550659179688,373.64409647087297,361.64102718888944,370.859544492515,86548900.0,,,,,,,,,,,,,,,
2022-06-29,361.4604187011719,363.2946090766125,359.6357412197438,362.3062541919747,65676000.0,,,,,,,,,,,,,,,
2022-06-30,358.5238037109375,361.76453925396646,354.06660685286846,357.563929508268,112508300.0,,,,,,,,,,,,,,,
2022-07-01,362.3157958984375,362.7529830546203,355.2451042734922,357.8681111996678,74839700.0,,,,,,,,,,,,,,,
2022-07-05,363.0,363.0190257880572,354.3897288005455,357.22181596212545,81438000.0,,,,,,,,,,,,,,,
2022-07-06,364.2259521484375,366.715894004098,360.7571393570924,363.14252639295074,70426200.0,,,,,,,,,,,,,,,
2022-07-07,369.6810607910156,370.47936086312,364.2449925833958,366.0031669220348,64525900.0,,,,,,,,,,,,,,,
2022-07-08,369.3769226074219,371.24913544426704,366.51632594229847,368.0463936451257,72397800.0,,,,,,,,,,,,,,,
2022-07-11,365.1573486328125,367.6662874925925,364.4635744126361,366.696929365384,58366900.0,,,,,,,,,,,,,,,
2022-07-12,361.9261169433594,366.99155941529256,360.17745545859367,364.606143035298,62219200.0,,,,,,,,,,,,,,,
2022-07-13,360.0253295898437,362.96197129328345,356.0623395287953,356.48050078741414,84224600.0,,,,,,,,,,,,,,,
2022-07-14,359.1510314941406,360.23442826193605,352.6220542011667,355.06446062617965,89704800.0,,,,,,,,,,,,,,,
2022-07-15,366.0127258300781,366.1267645686113,361.6505700647993,363.5607769406915,79060400.0,,,,,,,,,,,,,,,
2022-07-18,362.9905090332031,369.7760736131692,361.764534839165,369.1013252129824,63203600.0,,,,,,,,,,,,,,,
2022-07-19,372.7981872558594,373.36840979135206,366.2597263907414,366.9154489534266,78506000.0,,,,,,,,,,,,,,,
2022-07-20,375.1741638183594,376.5902220427515,371.6198214217243,372.9883441739244,71843800.0,,,,,,,,,,,,,,,
2022-07-21,378.9946594238281,379.0421658963214,372.1900678060599,374.5944811693759,64903900.0,,,,,,,,,,,,,,,
2022-07-22,375.478271484375,380.315607393985,373.2544293512537,379.1181717855212,72197300.0,,,,,,,,,,,,,,,
2022-07-25,375.9344177246094,376.7897370743224,373.6915500269605,376.1054757940071,53631500.0,,,,,,,,,,,,,,,
2022-07-26,371.4867858886719,374.4994153201888,370.5934438420617,374.2903346496475,52946400.0,,,,,,,,,,,,,,,
2022-07-27,381.13287353515625,382.8815347076384,374.4898288550795,374.784438514411,82342100.0,,,,,,,,,,,,,,,
2022-07-28,385.9132385253906,386.60698374585616,378.38636390787866,381.9407350618802,73966600.0,,,,,,,,,,,,,,,
2022-07-29,391.5393676757813,392.52775161157655,386.5784802133014,387.3482705951752,87003700.0,,,,,,,,,,,,,,,
2022-08-01,390.37994384765625,392.8889118778882,388.1275919584921,388.8403630121632,69997500.0,,,,,,,,,,,,,,,
2022-08-02,387.804443359375,392.4992306662549,386.6260045869153,388.8118240524892,63435400.0,,,,,,,,,,,,,,,
2022-08-03,393.8773498535156,395.0462759800296,389.6482294209032,389.93332628036205,67820600.0,,,,,,,,,,,,,,,
2022-08-04,393.6112060546875,394.4855223283824,391.9670703405135,393.8012609389681,45656600.0,,,,,,,,,,,,,,,
2022-08-05,392.9459228515625,393.5921616324373,389.2680289335886,389.32504829644654,56814900.0,,,,,,,,,,,,,,,
2022-08-08,392.4898071289063,396.88998574444526,391.3873842509286,394.6376335120983,53886100.0,,,,,,,,,,,,,,,
2022-08-09,390.93115234375,392.26165245097286,389.8572393634721,391.7579620888554,44931800.0,,,,,,,,,,,,,,,
2022-08-10,399.1422119140625,399.2847893036727,396.0345410690424,397.99228292288,68665700.0,,,,,,,,,,,,,,,
2022-08-11,399.1422119140625,403.8560245937494,398.4009312995291,401.993295662687,59489700.0,,,,,,,,,,,,,,,
2022-08-12,405.8992919921875,406.0038178074316,400.1305922963823,401.08095353775815,61694500.0,,,,,,,,,,,,,,,
2022-08-15,407.572021484375,408.0947377142402,403.6280270355775,403.6850464057109,54048300.0,,,,,,,,,,,,,,,
2022-08-16,408.3702392578125,410.2994714282671,405.6902135817948,406.4980264419351,59289000.0,,,,,,,,,,,,,,,
2022-08-17,405.4716491699219,408.1801847177208,403.4664007169476,404.76839107782297,63563400.0,,,,,,,,,,,,,,,
2022-08-18,406.6501159667969,407.33434826924736,404.3787385083909,405.6712159722093,49023200.0,,,,,,,,,,,,,,,
2022-08-19,401.18560791015625,404.1507310786103,400.3112625899229,403.884631025101,68016900.0,,,,,,,,,,,,,,,
2022-08-22,392.8318176269531,396.5192238154388,391.928962863326,396.348136753099,77695600.0,,,,,,,,,,,,,,,
2022-08-23,391.8815002441406,394.7991164880296,391.3302744311885,392.4041873745743,49105200.0,,,,,,,,,,,,,,,
2022-08-24,393.1360168457031,394.50451059223457,390.9691939931629,391.6534263650644,49177800.0,,,,,,,,,,,,,,,
2022-08-25,398.6860961914063,398.7336026574548,393.5351249523274,394.6280346959815,50942300.0,,,,,,,,,,,,,,,
2022-08-26,385.1909484863281,399.1137361754967,385.13392912672487,398.5720522592657,103087000.0,,,,,,,,,,,,,,,
2022-08-29,382.64398193359375,385.69463364222986,381.28497221012304,382.2353335276929,65370800.0,,,,,,,,,,,,,,,
2022-08-30,378.4433288574219,384.0409702988851,376.3430387066144,383.8033799966713,85652400.0,,,,,,,,,,,,,,,
2022-08-31,375.5637817382813,381.3229690519403,375.4307462340977,380.0779980354621,76029700.0,,,,,,,,,,,,,,,
2022-09-01,376.7422790527344,377.0843952355188,370.6789686786316,373.3875044699216,78740100.0,,,,,,,,,,,,,,,
2022-09-02,372.7697448730469,381.6271200488621,370.9545511254495,380.4106586214813,99632100.0,,,,,,,,,,,,,,,
2022-09-06,371.36322021484375,374.5564205138696,369.1393780774377,373.6155720333937,76637400.0,,,,,,,,,,,,,,,
2022-09-07,378.0347290039063,378.80451936163286,370.8310028776724,371.04956742201074,70964200.0,,,,,,,,,,,,,,,
2022-09-08,380.5056762695313,380.9618311489722,374.5564050265275,375.7633824847431,80821700.0,,,,,,,,,,,,,,,
2022-09-09,386.41693115234375,387.2817634621597,382.4824212375365,382.7485212557317,76706900.0,,,,,,,,,,,,,,,
2022-09-12,390.5699768066406,391.2922606610613,388.1845607104956,388.4886832810648,69256300.0,,,,,,,,,,,,,,,
2022-09-13,373.5870056152344,383.090617922909,372.46558632358233,381.8836405980916,122947100.0,,,,,,,,,,,,,,,
2022-09-14,375.0125732421875,376.53315711649486,371.7053054907733,374.8890216332583,85023700.0,,,,,,,,,,,,,,,
2022-09-15,370.7549133300781,376.3050193569487,369.4814327796439,373.4539357059912,87633800.0,,,,,,,,,,,,,,,
2022-09-16,367.926513671875,368.58495903524056,364.6342868550473,366.57147330224217,103084800.0,,,,,,,,,,,,,,,
2022-09-19,370.7797546386719,370.7797546386719,364.701089599931,364.7774471288752,73278500.0,,,,,,,,,,,,,,,
2022-09-20,366.5237731933594,368.4609306805626,363.7659614872204,367.4494117437097,77274900.0,,,,,,,,,,,,,,,
2022-09-21,360.13018798828125,371.5050138173394,360.12063601648464,368.4513532726731,106746600.0,,,,,,,,,,,,,,,
2022-09-22,357.1051025390625,360.9984915040944,356.36077689331256,359.357154295279,89472600.0,,,,,,,,,,,,,,,
2022-09-23,351.12188720703125,353.6697589480902,346.675007940967,353.6315801864885,122346900.0,,,,,,,,,,,,,,,
2022-09-26,347.6484069824219,353.2785667174396,346.4269485005134,349.652370039799,92581200.0,,,,,,,,,,,,,,,
2022-09-27,346.76092529296875,353.459857136267,344.3657100991575,351.18870108949443,108294100.0,,,,,,,,,,,,,,,
2022-09-28,353.5838928222656,355.27293178744674,346.01657657366974,347.71516751010176,110802200.0,,,,,,,,,,,,,,,
2022-09-29,346.1979064941406,350.3203103402681,343.24923029563433,350.03404240715685,112952300.0,,,,,,,,,,,,,,,
2022-09-30,340.8444519042969,349.17519794486384,340.7108699138818,345.2531526596824,153711200.0,,,,,,,,,,,,,,,
2022-10-03,349.8432006835937,351.6944777642895,342.7816430249758,344.56611454293574,89756500.0,,,,,,,,,,,,,,,
2022-10-04,360.68365478515625,360.7122815791371,349.8050362444443,355.3683901017397,103602800.0,,,,,,,,,,,,,,,
2022-10-05,359.8439025878906,362.1055067151951,353.9847287224127,356.3131384107271,88065700.0,,,,,,,,,,,,,,,
2022-10-06,356.1318359375,361.3993701215644,355.6355993235401,358.44114174816866,82333500.0,,,,,,,,,,,,,,,
2022-10-07,346.1979064941406,356.2176918591457,344.432509914981,352.09525889115315,107789500.0,,,,,,,,,,,,,,,
2022-10-10,343.5545654296875,347.5529391640192,341.31206538570666,347.3143728510966,76042800.0,,,,,,,,,,,,,,,
2022-10-11,341.3788452148437,346.4269166005978,339.44168789952687,341.8559778454328,92482800.0,,,,,,,,,,,,,,,
2022-10-12,340.2528381347656,343.36375237835983,340.0047198340521,341.7892204341487,76991800.0,,,,,,,,,,,,,,,
2022-10-13,349.23248291015625,350.7020596679561,332.1892890254387,333.2389867095814,147254500.0,,,,,,,,,,,,,,,
2022-10-14,341.2739562988281,353.32633354788845,340.6345856360361,351.6945186665908,123737000.0,,,,,,,,,,,,,,,
2022-10-17,350.0435791015625,351.1505302643893,340.9398806417008,347.36209613161253,93168200.0,,,,,,,,,,,,,,,
2022-10-18,354.1564636230469,358.27889645424324,350.71155095897484,357.97352458781444,97162900.0,,,,,,,,,,,,,,,
2022-10-19,351.6467590332031,354.8435535760599,348.8316647816131,352.1143397058649,79746900.0,,,,,,,,,,,,,,,
2022-10-20,348.6981201171875,355.6260961767777,347.9346903310534,351.1982907828058,88283100.0,,,,,,,,,,,,,,,
2022-10-21,357.17193603515625,357.65859149270045,346.9135849578602,348.4213111862988,131038400.0,,,,,,,,,,,,,,,
2022-10-24,361.5425415039063,362.6781197038341,356.04596326707,358.69884913927166,85436900.0,,,,,,,,,,,,,,,
2022-10-25,367.3157958984375,367.6306906199361,361.351638036336,361.46614520779,78846300.0,,,,,,,,,,,,,,,
2022-10-26,364.5483703613281,369.8540823855379,363.9090290046154,364.1666701170704,104087300.0,,,,,,,,,,,,,,,
2022-10-27,362.6017150878906,367.3921160917615,361.9814193866082,365.5503911743671,81971800.0,,,,,,,,,,,,,,,
2022-10-28,371.2283325195313,371.7054652415037,362.3154967677113,362.4968095318104,100302000.0,,,,,,,,,,,,,,,
2022-10-31,368.5467529296875,370.6365960371832,367.6402184672529,368.7662444084812,96631300.0,,,,,,,,,,,,,,,
2022-11-01,366.93408203125,372.5356437948338,365.7603543522941,372.2970774702504,85407600.0,,,,,,,,,,,,,,,
2022-11-02,357.7254333496094,370.8561333800674,357.62047814363854,366.3424479641309,126990400.0,,,,,,,,,,,,,,,
2022-11-03,354.0419921875,357.0861009438969,351.9235219733596,354.4809460886305,87100100.0,,,,,,,,,,,,,,,
2022-11-04,359.1377258300781,361.5424637304622,353.0781357834755,359.75799240640606,103505200.0,,,,,,,,,,,,,,,
2022-11-07,362.5730590820313,363.164698821556,358.3551942624768,360.4354853214063,68286900.0,,,,,,,,,,,,,,,
2022-11-08,364.5293273925781,367.5066303285375,360.4450732662479,363.68001733717375,84641100.0,,,,,,,,,,,,,,,
2022-11-09,357.019287109375,363.7086962893126,356.5230505073736,362.5540142899373,78495500.0,,,,,,,,,,,,,,,
2022-11-10,376.6389770507813,376.9729757332263,368.0028876550996,370.30264142200895,141455800.0,,,,,,,,,,,,,,,
2022-11-11,380.2843322753906,381.0859117555557,375.6084082916222,377.497864358928,93839900.0,,,,,,,,,,,,,,,
2022-11-14,377.04925537109375,381.877834879153,376.7725103132244,378.5188319106351,71903500.0,,,,,,,,,,,,,,,
2022-11-15,380.2651672363281,383.91046764433503,376.4481060648525,382.8035164099832,93194500.0,,,,,,,,,,,,,,,
2022-11-16,377.3642272949219,379.5876526465697,376.7344086976896,378.6333873395873,68508500.0,,,,,,,,,,,,,,,
2022-11-17,376.2095336914063,376.88708300619,372.2970693510568,372.6024121072464,74496300.0,,,,,,,,,,,,,,,
2022-11-18,377.9176330566406,379.6162238896307,375.0643895252909,379.5494183386701,92922500.0,,,,,,,,,,,,,,,
2022-11-21,376.5435485839844,377.7173054097724,374.70182350827446,376.5912793230357,51243200.0,,,,,,,,,,,,,,,
2022-11-22,381.6106567382813,381.7728946397623,377.07789693039774,378.4902199438828,60429000.0,,,,,,,,,,,,,,,
2022-11-23,384.0154418945313,384.5020973782574,381.0476617682043,381.2766761134872,68261600.0,,,,,,,,,,,,,,,
2022-11-25,383.9295349121094,384.4830250793276,383.175686313319,383.45240227506304,30545400.0,,,,,,,,,,,,,,,
2022-11-28,377.8031921386719,382.4790864541177,377.0397623978261,380.837748913633,67881600.0,,,,,,,,,,,,,,,
2022-11-29,377.15423583984375,379.1295426207394,375.3124819183031,377.93671115122805,52310000.0,,,,,,,,,,,,,,,
2022-11-30,389.0348205566406,389.0348205566406,375.4842725098609,377.4023257136843,144566700.0,,,,,,,,,,,,,,,
2022-12-01,388.74853515625,391.24870514916887,386.2388131929905,390.0749485498515,76398200.0,,,,,,,,,,,,,,,
2022-12-02,388.3000793457031,389.2066138670268,383.7482445522166,383.8531997520255,85342700.0,,,,,,,,,,,,,,,
2022-12-05,381.3148498535156,386.4106228219642,379.9598094992948,385.4754615098056,77289800.0,,,,,,,,,,,,,,,
2022-12-06,375.81829833984375,381.69657620844976,373.7284840801718,381.1526671084108,77972200.0,,,,,,,,,,,,,,,
2022-12-07,375.1788940429688,377.5454821251701,374.0433161720851,374.96895454275847,65927900.0,,,,,,,,,,,,,,,
2022-12-08,378.1180419921875,379.1868143806111,375.2838731198775,377.0683735461837,60737900.0,,,,,,,,,,,,,,,
2022-12-09,375.2934265136719,379.4349340954439,375.1693673749268,376.8775102817556,81447700.0,,,,,,,,,,,,,,,
2022-12-12,380.7041320800781,380.7041320800781,375.41749445562255,376.0854626556509,75405800.0,,,,,,,,,,,,,,,
2022-12-13,383.5860290527344,391.71635903607296,380.8186654692543,391.4587178854205,123782500.0,,,,,,,,,,,,,,,
2022-12-14,381.1335754394531,386.9545999060633,378.1848989989114,383.2424937114521,108111300.0,,,,,,,,,,,,,,,
2022-12-15,371.8103942871094,377.1733606249857,370.1499819805847,376.2667969393166,117705900.0,,,,,,,,,,,,,,,
2022-12-16,367.4208068847656,370.5939276837482,365.2830417409986,369.2518270710606,119858000.0,,,,,,,,,,,,,,,
2022-12-19,364.3050842285156,367.9479610000422,362.6370475272463,367.6124286419873,79878100.0,,,,,,,,,,,,,,,
2022-12-20,364.8035888671875,366.42370486544144,362.2248257341367,363.5477634610506,74427200.0,,,,,,,,,,,,,,,
2022-12-21,370.2583923339844,371.389589233948,366.8647723784969,367.40161257697446,78167400.0,,,,,,,,,,,,,,,
2022-12-22,364.9761962890625,370.23916053307846,359.2722332289845,367.209831595386,100120900.0,,,,,,,,,,,,,,,
2022-12-23,367.0756530761719,367.2194443247234,362.3974494193303,363.95045341487634,59857300.0,,,,,,,,,,,,,,,
2022-12-27,365.6280517578125,367.3056844290648,363.9504190865602,366.96058546509136,51638200.0,,,,,,,,,,,,,,,
2022-12-28,361.08404541015625,367.5357513756724,360.85397945187947,365.5609112966341,70911500.0,,,,,,,,,,,,,,,
2022-12-29,367.5837097167969,368.4560822388192,363.40399242752494,363.9312659767522,66970900.0,,,,,,,,,,,,,,,
2022-12-30,366.6154174804688,366.7592086998613,362.78082893352615,364.899460169736,84022200.0,,,,,,,,,,,,,,,
2023-01-03,365.0720520019531,370.4500490205084,362.205676836652,368.4752380300906,74850700.0,,,,,,,,,,,,,,,
2023-01-04,367.8904724121094,369.9227998702252,364.2859494452824,367.33444063245616,85934100.0,,,,,,,,,,,,,,,
2023-01-05,363.6916198730469,366.0498840558089,363.0972632238266,365.9348510599075,76970500.0,,,,,,,,,,,,,,,
2023-01-06,372.0317993164063,373.1534294334061,363.7203443233328,366.787997866155,104189600.0,,,,,,,,,,,,,,,
2023-01-09,371.8209228515625,377.4194487549502,371.6388067821009,374.2271369047477,73978100.0,,,,,,,,,,,,,,,
2023-01-10,374.4284057617188,374.4955180862106,370.29663872249137,371.2361234986063,65358100.0,,,,,,,,,,,,,,,
2023-01-11,379.1642150878906,379.24092326423306,375.1954300022919,376.0102861562455,68881100.0,,,,,,,,,,,,,,,
2023-01-12,380.5445861816406,382.0113152345906,376.1923489363796,380.2665995563064,90157700.0,,,,,,,,,,,,,,,
2023-01-13,382.02093505859375,382.5961292686462,377.0743116610912,377.3427317250366,63903900.0,,,,,,,,,,,,,,,
2023-01-17,381.3211364746094,383.67942996148565,380.6405050644596,382.00179714035386,62677300.0,,,,,,,,,,,,,,,
2023-01-18,375.30078125,383.5739112290624,375.099473530486,382.5098268846119,99632300.0,,,,,,,,,,,,,,,
2023-01-19,372.5686645507813,374.9077368205896,371.2457267242991,373.2588624544161,86958900.0,,,,,,,,,,,,,,,
2023-01-20,379.50927734375,379.6626644141514,372.3194229813892,373.9682974187143,91806400.0,,,,,,,,,,,,,,,
2023-01-23,384.0627746582031,385.9992311789693,379.3558141034058,380.31446115923615,84178800.0,,,,,,,,,,,,,,,
2023-01-24,383.6506652832031,384.561362674629,381.1965305092897,382.3852438122681,59524900.0,,,,,,,,,,,,,,,
2023-01-25,383.7944641113281,384.1299965276801,377.28524055423935,379.5764217138024,84800300.0,,,,,,,,,,,,,,,
2023-01-26,388.012451171875,388.175434067063,383.4876352529639,386.4594474008895,72287400.0,,,,,,,,,,,,,,,
2023-01-27,388.9039916992188,391.281447303276,386.7566313185161,386.9675348741631,68346200.0,,,,,,,,,,,,,,,
2023-01-30,384.02447509765625,388.3767415405055,383.72729680861056,386.1430772002181,74202000.0,,,,,,,,,,,,,,,
2023-01-31,389.67095947265625,389.7188801347345,384.1970624037799,384.5421906397612,86811800.0,,,,,,,,,,,,,,,
2023-02-01,393.8123168945313,396.5636593442866,385.7117643976384,388.4534817565757,101459200.0,,,,,,,,,,,,,,,
2023-02-02,399.5450134277344,401.01174260046105,395.8062948752539,397.704397771963,101654500.0,,,,,,,,,,,,,,,
2023-02-03,395.2981872558594,399.7271327340284,394.09028239614366,394.569606006432,94736800.0,,,,,,,,,,,,,,,
2023-02-06,392.8824768066406,394.282123166359,391.2240354195808,392.8441519721598,60295300.0,,,,,,,,,,,,,,,
2023-02-07,398.0207824707031,399.2670122823971,390.7158945853212,391.9621243970152,90990700.0,,,,,,,,,,,,,,,
2023-02-08,393.6684875488281,397.388043561494,392.97826035827575,396.0459432619734,76227500.0,,,,,,,,,,,,,,,
2023-02-09,390.2556457519531,397.4263366162854,389.0285786300148,397.2729495690947,78694900.0,,,,,,,,,,,,,,,
2023-02-10,391.16644287109375,391.54989593055205,388.2617427936973,389.0765695741987,70769700.0,,,,,,,,,,,,,,,
2023-02-13,395.7583618164063,395.8925864844252,391.3581741107854,391.8183353582287,64913500.0,,,,,,,,,,,,,,,
2023-02-14,395.5762023925781,397.8865164448738,391.616984698197,394.2340728818384,88389300.0,,,,,,,,,,,,,,,
2023-02-15,396.86077880859375,396.9374577122151,392.5372705702228,393.3808847880114,61555700.0,,,,,,,,,,,,,,,
2023-02-16,391.3964538574219,395.8349948045501,391.2622584704852,391.8853732614953,76431500.0,,,,,,,,,,,,,,,
2023-02-17,390.418701171875,390.6583629922171,387.34142233465536,389.2683127319957,89257800.0,,,,,,,,,,,,,,,
2023-02-21,382.5865478515625,387.44689668905306,382.3277236123021,386.39237880681736,82655900.0,,,,,,,,,,,,,,,
2023-02-22,382.0592956542969,384.54218860202,380.6021330632425,382.9987512663258,83742300.0,,,,,,,,,,,,,,,
2023-02-23,384.0916748046875,385.5680000076678,379.86403621587823,384.9544516225757,96242400.0,,,,,,,,,,,,,,,
2023-02-24,379.9885864257813,380.82260481900255,377.3619024277112,379.06829329418446,108194400.0,,,,,,,,,,,,,,,
2023-02-27,381.2827758789063,384.69555770016393,380.3432910551879,383.3342657519672,80444700.0,,,,,,,,,,,,,,,
2023-02-28,379.8735961914063,382.7687005643169,379.7681297733509,380.80348526155615,96438600.0,,,,,,,,,,,,,,,
2023-03-01,378.41644287109375,380.2858168924637,377.1126965271028,379.0587494634625,99706800.0,,,,,,,,,,,,,,,
2023-03-02,381.3594665527344,382.20308082772186,376.1060690029621,376.4416013971857,85127800.0,,,,,,,,,,,,,,,
2023-03-03,387.47564697265625,387.7249046275864,382.5290234904316,383.1808966203792,90120000.0,,,,,,,,,,,,,,,
2023-03-06,387.7440185546875,390.6007976277676,387.3030490519938,388.3000210358587,72795900.0,,,,,,,,,,,,,,,
2023-03-07,381.8004150390625,387.935780607532,381.1868960355703,387.6961188042508,108310600.0,,,,,,,,,,,,,,,
2023-03-08,382.4235534667969,383.1808636899206,380.1898891101756,381.91547162159134,74746600.0,,,,,,,,,,,,,,,
2023-03-09,375.3678894042969,384.8776823516056,374.38048397400695,383.20961635596575,111945300.0,,,,,,,,,,,,,,,
2023-03-10,369.95166015625,376.9018545297579,368.4274141422492,374.8215765827405,189253000.0,,,,,,,,,,,,,,,
2023-03-13,369.42431640625,374.2463405009577,364.90909573022645,366.021130129731,157790000.0,,,,,,,,,,,,,,,
2023-03-14,375.5308837890625,377.17975816787913,371.0443925918974,374.3517371834628,149752400.0,,,,,,,,,,,,,,,
2023-03-15,373.1822204589844,373.3835282007877,367.8425479668376,369.9324213189262,172996900.0,,,,,,,,,,,,,,,
2023-03-16,379.7297058105469,380.0748339949691,370.3158130995553,370.82389491517466,143254200.0,,,,,,,,,,,,,,,
2023-03-17,375.2896728515625,379.5334454433477,373.9039499902757,378.3979315164517,140553400.0,,,,,,,,,,,,,,,
2023-03-20,378.8983459472656,379.31215983644114,375.3666994576997,376.0691640257984,93055800.0,,,,,,,,,,,,,,,
2023-03-21,383.87347412109375,384.3546271012109,380.66897882785537,382.2664102459138,91524200.0,,,,,,,,,,,,,,,
2023-03-22,377.3298034667969,387.318544760657,377.29133237000224,383.7002940562463,111746600.0,,,,,,,,,,,,,,,
2023-03-23,378.349853515625,384.2391613901428,375.636143615093,380.1974645439356,119351300.0,,,,,,,,,,,,,,,
2023-03-24,380.8325805664063,380.9191845780308,374.7219318967555,377.0699607694,107682400.0,,,,,,,,,,,,,,,
2023-03-27,381.544677734375,383.88310351821207,380.6497402466303,383.113241135813,74010400.0,,,,,,,,,,,,,,,
2023-03-28,380.688232421875,381.5446694300476,378.8502245684134,380.8518079845922,62871700.0,,,,,,,,,,,,,,,
2023-03-29,386.221435546875,386.4620119949088,383.6520661602877,384.8549484004566,77497900.0,,,,,,,,,,,,,,,
2023-03-30,388.4829406738281,389.1084336951085,386.6160647001772,388.85822473969705,69840000.0,,,,,,,,,,,,,,,
2023-03-31,393.9584655761719,394.25677808538353,389.3008787149844,389.4067476454537,112062600.0,,,,,,,,,,,,,,,
2023-04-03,395.4596252441406,395.86377728046097,393.04422801384897,393.4387769608017,67391100.0,,,,,,,,,,,,,,,
2023-04-04,393.2655334472656,396.39302737074536,391.8894138018298,396.1043180036167,66601500.0,,,,,,,,,,,,,,,
2023-04-05,392.2359313964844,393.2944738697264,390.5807639021192,392.534243907046,65200200.0,,,,,,,,,,,,,,,
2023-04-06,393.7659606933594,394.0450376322365,390.3882575257403,391.437167451645,63743300.0,,,,,,,,,,,,,,,
2023-04-10,394.1701354980469,394.2471364215444,390.6673570273508,391.2832175790923,63681000.0,,,,,,,,,,,,,,,
2023-04-11,394.2760009765625,395.6809594619992,393.5061679518089,394.7956544202573,59297900.0,,,,,,,,,,,,,,,
2023-04-12,392.6689758300781,396.6337014636882,392.0819832300663,396.3449920254895,86420400.0,,,,,,,,,,,,,,,
2023-04-13,397.8845825195313,398.240630968758,392.6111361339161,393.7562823916815,85814800.0,,,,,,,,,,,,,,,
2023-04-14,396.9127502441406,399.443619886818,394.6032215680084,397.2495632394048,78161500.0,,,,,,,,,,,,,,,
2023-04-17,398.3369140625,398.3561496086522,395.59433632263926,396.8260867230395,66436400.0,,,,,,,,,,,,,,,
2023-04-18,398.5967102050781,400.04980148093387,397.220619845255,399.9150645614992,63560000.0,,,,,,,,,,,,,,,
2023-04-19,398.5294189453125,399.43395956292494,396.6240425026219,396.6817785129536,55227300.0,,,,,,,,,,,,,,,
2023-04-20,396.3546142578125,398.10601828904817,394.8052862710272,395.7098562929952,75840400.0,,,,,,,,,,,,,,,
2023-04-21,396.6625671386719,397.12445524947367,394.709087024072,396.65293468061344,73457400.0,,,,,,,,,,,,,,,
2023-04-24,397.0762634277344,397.49968034668166,395.1227837473728,396.4603735939043,64332100.0,,,,,,,,,,,,,,,
2023-04-25,390.773193359375,395.6617241074058,390.7154573508528,395.1035702020275,97766700.0,,,,,,,,,,,,,,,
2023-04-26,389.1180725097656,392.4669082412129,388.55994790481657,391.3891301301037,80447000.0,,,,,,,,,,,,,,,
2023-04-27,396.8645935058594,397.1340379925136,391.4083059420538,391.6585148822493,92968400.0,,,,,,,,,,,,,,,
2023-04-28,400.25189208984375,400.2615245465103,395.9215154732954,395.9792514788031,89433100.0,,,,,,,,,,,,,,,
2023-05-01,399.8477478027344,401.8781992260224,399.6167744089802,399.8092473425676,62122300.0,,,,,,,,,,,,,,,
2023-05-02,395.3537902832031,399.1837787040956,392.4476367591756,399.13564578414,103998500.0,,,,,,,,,,,,,,,
2023-05-03,392.64007568359375,398.26957154429016,392.3994991884123,395.8541741351487,91531800.0,,,,,,,,,,,,,,,
2023-05-04,389.8590393066406,391.9183589011733,388.5214198537967,391.5911783811914,94901900.0,,,,,,,,,,,,,,,
2023-05-05,397.0762634277344,398.1251732691853,393.2366725239446,393.4964845285171,87891800.0,,,,,,,,,,,,,,,
2023-05-08,397.1821594238281,397.6633124121759,395.7772009206819,397.4035003706773,50046800.0,,,,,,,,,,,,,,,
2023-05-09,395.4403381347656,396.5566164511649,395.2093941269741,395.6328110527547,49220100.0,,,,,,,,,,,,,,,
2023-05-10,397.28802490234375,398.914324338217,393.4580365761441,398.2791988750433,96142900.0,,,,,,,,,,,,,,,
2023-05-11,396.5951843261719,396.8838643849846,394.5165998009732,396.4219762908843,70157100.0,,,,,,,,,,,,,,,
2023-05-12,396.0755004882813,398.0482452964263,393.65050007841785,397.8365368137777,70481500.0,,,,,,,,,,,,,,,
2023-05-15,397.4419860839844,397.8461381335402,394.7667767427343,396.6817561677767,54289400.0,,,,,,,,,,,,,,,
2023-05-16,394.7860107421875,397.2591440489676,394.7763782852964,396.3353092048242,57705500.0,,,,,,,,,,,,,,,
2023-05-17,399.578369140625,400.18459731007454,395.16138770255606,396.8069228969932,87287000.0,,,,,,,,,,,,,,,
2023-05-18,403.4275207519531,403.8509377054382,399.0394081133319,399.2607196795313,97177200.0,,,,,,,,,,,,,,,
2023-05-19,402.8405151367188,404.8613635204508,401.6183971431854,404.3321069908471,103793300.0,,,,,,,,,,,,,,,
2023-05-22,403.0041198730469,404.54381527738377,401.6183969458684,402.8597798529756,60745400.0,,,,,,,,,,,,,,,
2023-05-23,398.4812927246094,402.9367742560176,398.08674373587735,401.35857830108944,86383500.0,,,,,,,,,,,,,,,
2023-05-24,395.5943603515625,397.25916026310097,394.429978342838,396.8742437459542,89213700.0,,,,,,,,,,,,,,,
2023-05-25,399.0201721191406,400.4732635587891,396.8646161031706,399.1067761340057,90961600.0,,,,,,,,,,,,,,,
2023-05-26,404.1877136230469,404.90944304818487,399.5975250513779,399.6744966018046,93830000.0,,,,,,,,,,,,,,,
2023-05-30,404.3417053222656,406.6512337191027,402.955982410714,406.1219771957275,72216000.0,,,,,,,,,,,,,,,
2023-05-31,402.09954833984375,403.41790279671176,400.5309849376734,402.5133328515,110811800.0,,,,,,,,,,,,,,,
2023-06-01,405.919921875,406.9784643429913,401.0795238946496,402.33050994129945,88865000.0,,,,,,,,,,,,,,,
2023-06-02,411.7899169921875,412.5789854408383,407.9695617345844,408.498818185572,91426200.0,,,,,,,,,,,,,,,
2023-06-05,411.0008850097656,413.4258854781173,410.2983910805687,412.1363990044285,65460200.0,,,,,,,,,,,,,,,
2023-06-06,411.8958435058594,412.4251000685976,409.93273100728186,410.5871214183071,64022200.0,,,,,,,,,,,,,,,
2023-06-07,410.4715576171875,413.425843689937,410.0481406844761,412.2903298100494,85373300.0,,,,,,,,,,,,,,,
2023-06-08,412.954345703125,413.4066306619177,409.7691154453124,410.5389484373123,61952800.0,,,,,,,,,,,,,,,
2023-06-09,413.6953125,415.7065283650919,412.70413856902655,413.7530485062901,85742800.0,,,,,,,,,,,,,,,
2023-06-12,417.4483337402344,417.5253346663892,413.9551876062376,414.6769171108834,76104300.0,,,,,,,,,,,,,,,
2023-06-13,420.2004699707031,420.8451984353185,418.2469902978533,418.9109836742289,95899700.0,,,,,,,,,,,,,,,
2023-06-14,420.700927734375,422.5100677032549,417.2462527373111,420.5373521609274,100612100.0,,,,,,,,,,,,,,,
2023-06-15,425.9166259765625,427.1676119841462,419.7867416783568,419.8829487810575,110303100.0,,,,,,,,,,,,,,,
2023-06-16,424.4658508300781,428.4742491472454,423.99257880127806,427.9043831698667,114165800.0,,,,,,,,,,,,,,,
2023-06-20,422.263671875,423.41307214231983,420.1870344889163,422.5244785007693,76160400.0,,,,,,,,,,,,,,,
2023-06-21,420.1000671386719,422.0801103736596,419.51086470582334,421.2784425280354,76982300.0,,,,,,,,,,,,,,,
2023-06-22,421.6165466308594,421.722779347334,418.8058305710823,419.1438946735372,70637200.0,,,,,,,,,,,,,,,
2023-06-23,418.4290771484375,420.21596194306784,417.7143350211186,418.1586317913709,92074500.0,,,,,,,,,,,,,,,
2023-06-26,416.719482421875,419.78130707914215,416.47801229853,417.8592143297431,72823600.0,,,,,,,,,,,,,,,
2023-06-27,421.2881164550781,421.9062646558956,417.1444807996532,417.59844581995696,72813700.0,,,,,,,,,,,,,,,
2023-06-28,421.5006408691406,422.514803688603,419.5881867073799,420.2063349514927,75636000.0,,,,,,,,,,,,,,,
2023-06-29,423.1618347167969,423.32604734926826,420.6795445681143,421.08519781673584,67882300.0,,,,,,,,,,,,,,,
2023-06-30,428.1555480957031,429.1407356891044,426.05957423925753,426.3783313417032,104964000.0,,,,,,,,,,,,,,,
2023-07-03,428.6481018066406,428.9281859198321,427.5276769248768,427.8077905144009,32793400.0,,,,,,,,,,,,,,,
2023-07-05,428.0106201171875,428.7446987114959,426.8225765200303,426.83224475721846,58418400.0,,,,,,,,,,,,,,,
2023-07-06,424.6590270996094,425.0840168806509,422.1477318870011,424.4272252104354,80658300.0,,,,,,,,,,,,,,,
2023-07-07,423.5869140625,427.5373915505045,423.3454439189286,423.664201015191,86134200.0,,,,,,,,,,,,,,,
2023-07-10,424.6590270996094,424.8328785164898,422.6596473764828,423.2295133382579,62443500.0,,,,,,,,,,,,,,,
2023-07-11,427.3635559082031,427.8561644856897,424.4466068764,425.4221557921788,64463800.0,,,,,,,,,,,,,,,
2023-07-12,430.802001953125,432.212208679749,429.72988876678727,431.1594024915706,91924500.0,,,,,,,,,,,,,,,
2023-07-13,434.2212219238281,435.01325098389225,432.183228279882,432.6178568057713,72425200.0,,,,,,,,,,,,,,,
2023-07-14,433.9508056640625,435.9598242076378,433.18775178790105,435.1098740968055,69815800.0,,,,,,,,,,,,,,,
2023-07-17,435.4575500488281,436.5103562299912,433.7575909794765,433.80590268905246,52680200.0,,,,,,,,,,,,,,,
2023-07-18,438.6932678222656,439.3403912522435,434.6945083929684,435.1291664096603,80668200.0,,,,,,,,,,,,,,,
2023-07-19,439.6688537597656,440.8568680135883,438.6160179837127,439.48533409064345,65891700.0,,,,,,,,,,,,,,,
2023-07-20,436.7518615722656,439.5722457578469,436.0371193951603,438.6739839174844,70591600.0,,,,,,,,,,,,,,,
2023-07-21,436.7518615722656,438.6739839174844,436.74222281063936,438.47112777830426,71275600.0,,,,,,,,,,,,,,,
2023-07-24,438.7029113769531,439.5142474163072,436.867714944249,437.90121409817567,54023400.0,,,,,,,,,,,,,,,
2023-07-25,439.9006042480469,441.156237070321,438.3841648336445,438.4324765430136,55191200.0,,,,,,,,,,,,,,,
2023-07-26,439.96826171875,441.3977460774992,437.9109314172146,438.9637376866275,71052900.0,,,,,,,,,,,,,,,
2023-07-27,437.05126953125,443.7641509737044,436.1433394792144,443.35846818342566,92194400.0,,,,,,,,,,,,,,,
2023-07-28,441.33013916015625,442.16078225681895,437.0512660643136,440.3256151682766,80011800.0,,,,,,,,,,,,,,,
2023-07-31,442.1704711914063,442.5278422835044,440.48981896786944,441.80343186125066,62040400.0,,,,,,,,,,,,,,,
2023-08-01,440.9051513671875,441.6488687577706,439.9489096063416,440.7022952345732,55291500.0,,,,,,,,,,,,,,,
2023-08-02,434.7718505859375,438.0461705780349,434.0184648772511,437.7853934206833,93933400.0,,,,,,,,,,,,,,,
2023-08-03,433.5258483886719,435.4093273640729,432.1060027164115,432.75315569310766,64276100.0,,,,,,,,,,,,,,,
2023-08-04,431.5650634765625,437.44727217935485,431.0434797536367,435.3416597654818,100128900.0,,,,,,,,,,,,,,,
2023-08-07,435.3320007324219,435.4865451527169,432.7048045400754,433.4002396932357,58357500.0,,,,,,,,,,,,,,,
2023-08-08,433.43896484375,435.3224440024092,430.0776893906939,432.7918118040874,71361300.0,,,,,,,,,,,,,,,
2023-08-09,430.5412292480469,433.8735287355085,429.7781754061016,433.70931608230507,78789600.0,,,,,,,,,,,,,,,
2023-08-10,430.6958312988281,436.28828834846206,429.5271240006527,432.89803793591824,93005500.0,,,,,,,,,,,,,,,
2023-08-11,430.4446716308594,431.4588639187083,428.2231581026232,428.8219993419041,68690900.0,,,,,,,,,,,,,,,
2023-08-14,432.8206787109375,432.8206787109375,429.2179634605814,429.5270522820505,47867400.0,,,,,,,,,,,,,,,
2023-08-15,427.7789001464844,431.400952625637,427.20900461725313,431.0435520209029,75707500.0,,,,,,,,,,,,,,,
2023-08-16,424.6397399902344,429.0248164729432,424.53347780183,427.36350074460506,80107200.0,,,,,,,,,,,,,,,
2023-08-17,421.4040222167969,426.3686327842003,420.8824384802807,426.1078556541094,95711300.0,,,,,,,,,,,,,,,
2023-08-18,421.6069030761719,422.6404024444025,418.2359890452877,418.5836919301103,98852000.0,,,,,,,,,,,,,,,
2023-08-21,424.3499755859375,425.0936930300052,420.4671462190992,422.6210410735604,68719000.0,,,,,,,,,,,,,,,
2023-08-22,423.2005920410156,426.1272091701829,422.64039424533416,426.1272091701829,64994200.0,,,,,,,,,,,,,,,
2023-08-23,427.9140625,428.5322402058597,424.1181589807745,424.2630351692306,68441000.0,,,,,,,,,,,,,,,
2023-08-24,421.9835205078125,430.0292916211122,421.95451579727023,429.5173761658402,88517300.0,,,,,,,,,,,,,,,
2023-08-25,424.95843505859375,426.2430431246683,420.15800790417546,423.7124409886771,102325100.0,,,,,,,,,,,,,,,
2023-08-28,427.6532897949219,428.27143803085545,424.95847475635645,427.1510130346192,61595400.0,,,,,,,,,,,,,,,
2023-08-29,433.83489990234375,434.1150135078099,427.3634885979469,427.5470082557006,83081900.0,,,,,,,,,,,,,,,
2023-08-30,435.6217956542969,436.25928035352985,433.4678714194492,434.17297483140425,69053900.0,,,,,,,,,,,,,,,
2023-08-31,434.9842834472656,437.3796481914474,434.80076379653127,436.23991629050073,66084600.0,,,,,,,,,,,,,,,
2023-09-01,435.7956237792969,438.1910180232257,434.3371347964679,437.7080777747482,58944100.0,,,,,,,,,,,,,,,
2023-09-05,433.91217041015625,435.6700800917991,433.8445811734279,435.3513524787402,55166200.0,,,,,,,,,,,,,,,
2023-09-06,430.9952087402344,433.20708339429626,428.6674331394679,433.1008212089274,70758500.0,,,,,,,,,,,,,,,
2023-09-07,429.67193603515625,430.3480346831722,427.6435811384425,427.9912839614794,70355400.0,,,,,,,,,,,,,,,
2023-09-08,430.3191223144531,431.8548689598933,429.36290993507305,429.7202810475146,61659700.0,,,,,,,,,,,,,,,
2023-09-11,433.1491088867188,433.4581682353376,431.2366549432054,432.9462527649071,60180100.0,,,,,,,,,,,,,,,
2023-09-12,430.7730712890625,433.2264162204621,430.1935665209915,431.7003378706483,67565400.0,,,,,,,,,,,,,,,
2023-09-13,431.27532958984375,432.4343685526933,429.8940980148542,430.9952159797128,60199300.0,,,,,,,,,,,,,,,
2023-09-14,434.9939270019531,435.6893621396805,432.4440178145085,433.747962382289,83430800.0,,,,,,,,,,,,,,,
2023-09-15,429.7530212402344,433.7368084981918,429.3168595859164,433.4072542770486,111848900.0,,,,,,,,,,,,,,,
2023-09-18,430.0050354003906,431.3038771522312,428.9678906350114,429.4428320631367,55752200.0,,,,,,,,,,,,,,,
2023-09-19,429.1132507324219,429.675454034148,426.42833506959016,429.0841732913192,66514600.0,,,,,,,,,,,,,,,
2023-09-20,425.1683044433594,430.7901603921495,424.9647327603663,430.3733738455972,82562600.0,,,,,,,,,,,,,,,
2023-09-21,418.1409912109375,422.58031539562137,417.9859016455791,422.31861839300336,104095800.0,,,,,,,,,,,,,,,
2023-09-22,417.2008056640625,420.7677771367577,416.7839894911921,419.1684584213661,100829700.0,,,,,,,,,,,,,,,
2023-09-25,418.9552001953125,418.9939504024325,415.5529911707951,415.9891824335371,70874500.0,,,,,,,,,,,,,,,
2023-09-26,412.8001708984375,416.6191660672769,411.9665682552368,415.91157553365485,96168400.0,,,,,,,,,,,,,,,
2023-09-27,412.9649353027344,414.5352059296986,409.3204343488608,413.97300260416256,104705800.0,,,,,,,,,,,,,,,
2023-09-28,415.3590698242188,417.035947852058,411.8211763569914,412.4124571151363,92258300.0,,,,,,,,,,,,,,,
2023-09-29,414.3510437011719,418.5868254716406,412.8292551807975,418.4123608156291,115111300.0,,,,,,,,,,,,,,,
2023-10-02,414.186279296875,415.4366685752328,411.42380373877234,413.5174684907983,83798600.0,,,,,,,,,,,,,,,
2023-10-03,408.6419372558594,414.2444181473067,407.27523825202337,412.0053662589799,103760600.0,,,,,,,,,,,,,,,
2023-10-04,411.61767578125,412.3640165843667,407.6435907050373,409.107224446792,87453000.0,,,,,,,,,,,,,,,
2023-10-05,411.4625549316406,412.3058303467078,408.23484048426144,411.3268404794052,70142700.0,,,,,,,,,,,,,,,
2023-10-06,416.3478088378906,417.8889725902115,407.6823752264937,409.01029452111743,113273300.0,,,,,,,,,,,,,,,
2023-10-09,419.0133361816406,419.5852123041229,413.8954989431742,414.44797038266114,80374400.0,,,,,,,,,,,,,,,
2023-10-10,421.1941833496094,423.79186665669647,419.2459060791411,419.6433174894524,78607300.0,,,,,,,,,,,,,,,
2023-10-11,422.9195251464844,423.17151977952034,419.8759482263836,422.2604167519184,62451700.0,,,,,,,,,,,,,,,
2023-10-12,420.34124755859375,423.90821868639375,417.9858858829249,423.5302119190894,81154200.0,,,,,,,,,,,,,,,
2023-10-13,418.24755859375,423.0455435777595,416.6773175678,421.8436069564154,95143100.0,,,,,,,,,,,,,,,
2023-10-16,422.6481323242188,423.7143544966922,420.2539910016085,420.4963128780658,75433200.0,,,,,,,,,,,,,,,
2023-10-17,422.6287231445313,424.683637482476,419.1683892665842,419.5173185664215,75324700.0,,,,,,,,,,,,,,,
2023-10-18,416.9971923828125,421.81455273319096,415.9115950498216,420.85496751569167,93559800.0,,,,,,,,,,,,,,,
2023-10-19,413.3333129882813,419.5270750829903,412.65482940199,417.7145119651641,121323000.0,,,,,,,,,,,,,,,
2023-10-20,408.2542419433594,413.4399364601398,408.1476049268172,412.89713777676974,123919900.0,,,,,,,,,,,,,,,
2023-10-23,407.5466003417969,411.4140774521023,404.968292128362,406.7227000782813,92035100.0,,,,,,,,,,,,,,,
2023-10-24,410.6192626953125,411.7727171708306,407.8180076603951,409.6693503095015,78564200.0,,,,,,,,,,,,,,,
2023-10-25,404.7259826660156,408.9617938766799,404.21226147565824,408.93271643497314,94223200.0,,,,,,,,,,,,,,,
2023-10-26,399.8795471191406,404.5127401955018,398.95874174042217,403.6597920411973,115156800.0,,,,,,,,,,,,,,,
2023-10-27,398.0669860839844,401.8666061249316,396.6421322661676,401.46919469761593,107367700.0,,,,,,,,,,,,,,,
2023-10-30,402.8262023925781,403.88272225418063,399.5597081383843,400.85854988329856,86562700.0,,,,,,,,,,,,,,,
2023-10-31,405.3560485839844,405.67590044700427,401.4885713038088,403.3980688820503,79665200.0,,,,,,,,,,,,,,,
2023-11-01,409.6790771484375,410.4932751362608,405.7922246289102,406.32535052662286,98068100.0,,,,,,,,,,,,,,,
2023-11-02,417.5303039550781,417.68539350879695,413.4592845158063,413.4786596174057,94938900.0,,,,,,,,,,,,,,,
2023-11-03,421.3396301269531,422.8904962063887,419.71123405468535,419.837246175809,100167800.0,,,,,,,,,,,,,,,
2023-11-06,422.3088989257813,422.75476292041225,420.3606214665909,422.0956544795997,67831700.0,,,,,,,,,,,,,,,
2023-11-07,423.5107421875,424.1504754296028,421.1650832134276,422.3088352612911,64256100.0,,,,,,,,,,,,,,,
2023-11-08,423.8209533691406,424.635151307966,421.51404441898217,424.1117277828973,61746000.0,,,,,,,,,,,,,,,
2023-11-09,420.5157165527344,425.0035227425126,420.0892276547656,424.9647429571584,83174400.0,,,,,,,,,,,,,,,
2023-11-10,427.0777587890625,427.38793789386506,420.5059906051338,422.5899824315263,89462200.0,,,,,,,,,,,,,,,
2023-11-13,426.6706848144531,427.7756572288507,424.9550565166978,425.7401770580696,52236100.0,,,,,,,,,,,,,,,
2023-11-14,434.9483947753906,436.2375341476565,432.3894615518305,432.61240832792026,97176900.0,,,,,,,,,,,,,,,
2023-11-15,435.8692321777344,437.5170328970021,435.0162543738927,436.28601873814944,77327600.0,,,,,,,,,,,,,,,
2023-11-16,436.4023132324219,436.7221650858265,434.35710126569217,435.4233234108849,66665800.0,,,,,,,,,,,,,,,
2023-11-17,436.9451293945313,437.55578526494025,435.4911981146269,436.41200351038174,83133200.0,,,,,,,,,,,,,,,
2023-11-20,440.3085632324219,441.1518386514175,436.6834077524104,436.6931100934176,69936200.0,,,,,,,,,,,,,,,
2023-11-21,439.3489990234375,440.1826017776666,438.0792345783135,439.2617666852585,49244600.0,,,,,,,,,,,,,,,
2023-11-22,441.0451965332031,442.3634429416601,439.9499264834794,441.0064463302394,59394900.0,,,,,,,,,,,,,,,
2023-11-24,441.316650390625,441.51051975063126,440.76417891719865,441.0937331649602,29737400.0,,,,,,,,,,,,,,,
2023-11-27,440.5218200683594,441.5007803874619,440.1340813808599,440.68658238826873,50506000.0,,,,,,,,,,,,,,,
2023-11-28,440.9580078125,442.2568496676103,439.5719336216336,440.1341074232772,62115000.0,,,,,,,,,,,,,,,
2023-11-29,440.6478576660156,444.243936253864,440.2504757481975,443.1098566538022,63146000.0,,,,,,,,,,,,,,,
2023-11-30,442.3828125,442.7317713844543,439.4167950935211,441.491084558086,79752700.0,,,,,,,,,,,,,,,
2023-12-01,444.99993896484375,445.53303530779465,441.1809434897015,441.7721947216903,89183400.0,,,,,,,,,,,,,,,
2023-12-04,442.6639099121094,445.019271433423,440.3860783753154,441.6073900887256,72430900.0,,,,,,,,,,,,,,,
2023-12-05,442.5766906738281,443.5362758597069,440.8998126034742,441.2778489374918,69793500.0,,,,,,,,,,,,,,,
2023-12-06,440.7931823730469,444.74786226267736,440.35699117640615,444.7187848215884,69124700.0,,,,,,,,,,,,,,,
2023-12-07,444.1566162109375,444.8060222628319,442.2761961180648,442.8771496276889,66995400.0,,,,,,,,,,,,,,,
2023-12-08,446.0661315917969,446.5992278993257,443.16794177253433,443.4102636541943,83194400.0,,,,,,,,,,,,,,,
2023-12-11,447.8011779785156,447.97567223110514,445.3585838256798,445.57182828523526,65002200.0,,,,,,,,,,,,,,,
2023-12-12,449.8463439941406,449.943278662212,446.4538376737931,447.4522026362831,68327600.0,,,,,,,,,,,,,,,
2023-12-13,456.0497741699219,456.3017983886153,449.8657151135784,450.22434675999136,93278000.0,,,,,,,,,,,,,,,
2023-12-14,457.5134582519531,459.1806341389057,454.83821495932193,457.988399719296,119026000.0,,,,,,,,,,,,,,,
2023-12-15,456.7601013183594,458.0934340813363,454.9109942306135,456.9158196636758,141553700.0,,,,,,,,,,,,,,,
2023-12-18,459.3294372558594,460.3123963762856,457.3051580447496,458.3659614924249,70375300.0,,,,,,,,,,,,,,,
2023-12-19,462.1225280761719,462.2004020971749,459.7965540277921,459.8743983485583,55761800.0,,,,,,,,,,,,,,,
2023-12-20,455.71881103515625,463.15417688283,455.2905929826461,461.26613266046417,102921000.0,,,,,,,,,,,,,,,
2023-12-21,460.0398559570313,460.31235562864,456.2832215195996,458.7065232314146,86667500.0,,,,,,,,,,,,,,,
2023-12-22,460.9644470214844,462.6481239304471,459.0666907821436,461.16881437336167,67160400.0,,,,,,,,,,,,,,,
2023-12-26,462.9108581542969,463.8159432234597,461.2953136791012,461.373187704544,55387000.0,,,,,,,,,,,,,,,
2023-12-27,463.7478942871094,463.8938709764233,462.17128664203466,462.7065444029332,68000300.0,,,,,,,,,,,,,,,
2023-12-28,463.9230041503906,464.7599568571368,463.5045277970175,464.1079178321579,77158100.0,,,,,,,,,,,,,,,
2023-12-29,,,,,,462.5799865722656,464.2539217843669,460.6238099818957,463.72837604213146,122283100.0,,,,,,,,,,
2024-01-02,,,,,,459.9911804199219,460.9838811377681,457.8890273530107,459.51431341639926,123623700.0,,,,,,,,,,
2024-01-03,,,,,,456.234619140625,458.570335093064,455.6312290704376,457.83068032303305,103585900.0,,,,,,,,,,
2024-01-04,,,,,,454.7650146484375,458.3464474670466,454.54116395968543,455.75768568069975,84232200.0,,,,,,,,,,
2024-01-05,,,,,,455.387939453125,457.8404368275673,453.9378252017517,454.9694333616534,86118900.0,,,,,,,,,,
2024-01-08,,,,,,461.8889770507813,462.0349537185437,455.7576897026201,455.8842127147601,74879100.0,,,,,,,,,,
2024-01-09,,,,,,461.1883239746094,462.21019049238487,458.7260848325078,459.232147251748,65931400.0,,,,,,,,,,
2024-01-10,,,,,,463.7965087890625,464.66268658164086,461.1785514545196,461.4607928330298,67310600.0,,,,,,,,,,
2024-01-11,,,,,,463.5921630859375,465.314747372644,459.61170706620095,464.79894328451786,77940700.0,,,,,,,,,,
2024-01-12,,,,,,463.9132385253906,465.7818289024957,462.5020911902973,465.0421742136072,58026400.0,,,,,,,,,,
2024-01-16,,,,,,462.2101745605469,463.845172812728,460.3902626095814,462.5313529638,85014900.0,,,,,,,,,,
2024-01-17,,,,,,459.640869140625,460.1274778564824,457.28566988777015,459.1834557597096,68843900.0,,,,,,,,,,
2024-01-18,,,,,,463.7283325195313,464.2830735453687,459.7673604180853,461.3147724636552,91856200.0,,,,,,,,,,
2024-01-19,,,,,,469.5092468261719,469.7914881784232,463.7770119836413,464.8572690039597,110834500.0,,,,,,,,,,
2024-01-22,,,,,,470.50201416015625,472.2245984500442,469.84994536441,471.04701358634367,75844900.0,,,,,,,,,,
2024-01-23,,,,,,471.8742065429688,472.1175109095896,469.9569966462272,471.04699545665005,49945300.0,,,,,,,,,,
2024-01-24,,,,,,472.3900146484375,475.6794645582401,471.8936642634199,474.745184157241,81765000.0,,,,,,,,,,
2024-01-25,,,,,,474.9592590332031,475.2317587014155,472.3899806900917,474.5212993484664,72525000.0,,,,,,,,,,
2024-01-26,,,,,,474.35589599609375,476.02008943226616,473.5092016110277,474.5310679998513,76641600.0,,,,,,,,,,
2024-01-29,,,,,,478.1125183105469,478.2585246858996,474.1223505896568,474.66734997690736,61322800.0,,,,,,,,,,
2024-01-30,,,,,,477.7427368164063,478.4531665594372,476.9835986796224,477.4215584200377,58618400.0,,,,,,,,,,
2024-01-31,,,,,,469.9472351074219,475.98116532447904,469.9277517507619,475.5334936248827,126011100.0,,,,,,,,,,
2024-02-01,,,,,,476.0979614257813,476.1271567596163,470.8425637335658,471.6503508033992,91891600.0,,,,,,,,,,
2024-02-02,,,,,,481.1100158691406,482.7644675885541,476.195250299141,476.5358823208617,99228200.0,,,,,,,,,,
2024-02-05,,,,,,479.3582458496094,481.1392504253947,477.1004039249224,480.4774696836803,75757100.0,,,,,,,,,,
2024-02-06,,,,,,480.7499694824219,481.08085985334736,478.8716372206463,480.30226806860526,55918600.0,,,,,,,,,,
2024-02-07,,,,,,484.7596435546875,485.1781199523761,482.0930074037672,482.9981222525648,70556500.0,,,,,,,,,,
2024-02-08,,,,,,484.9737243652344,485.3532637246949,483.9421162494583,484.759615339305,52343600.0,,,,,,,,,,
2024-02-09,,,,,,487.7765502929688,488.21448028265473,485.1391098762786,485.4797418906366,63979400.0,,,,,,,,,,
2024-02-12,,,,,,487.56243896484375,490.0149359961155,486.84223792928447,487.747352637465,56502300.0,,,,,,,,,,
2024-02-13,,,,,,480.8471984863281,483.7765921119605,477.5772025602381,481.28515815868167,113099200.0,,,,,,,,,,
2024-02-14,,,,,,485.217041015625,485.7036497504943,481.1587110987094,483.4847151074999,68387800.0,,,,,,,,,,
2024-02-15,,,,,,488.5649108886719,488.7498245837148,485.4408614304675,485.9177581862181,61683000.0,,,,,,,,,,
2024-02-16,,,,,,486.1318664550781,489.401862888149,485.3922116760664,488.2632150838705,75532900.0,,,,,,,,,,
2024-02-20,,,,,,483.45550537109375,485.0613082082836,481.20737545898015,484.3897857981468,71736700.0,,,,,,,,,,
2024-02-21,,,,,,483.8934326171875,484.0491509708409,480.3411949189208,482.1513947924328,59293400.0,,,,,,,,,,
2024-02-22,,,,,,493.9078369140625,494.8713126484984,489.547812213356,490.51131764803023,76402500.0,,,,,,,,,,
2024-02-23,,,,,,494.24847412109375,496.4674086571224,493.51856105397593,495.6304262293698,61321800.0,,,,,,,,,,
2024-02-26,,,,,,492.4382629394531,495.1243524687159,492.3117399253592,494.6863927584272,50386700.0,,,,,,,,,,
2024-02-27,,,,,,493.3530883789063,493.57693907250416,491.2314815795864,493.1292673855463,48854500.0,,,,,,,,,,
2024-02-28,,,,,,492.7010803222656,493.2849870375032,491.4358798053579,491.7959655131677,56506600.0,,,,,,,,,,
2024-02-29,,,,,,494.4722900390625,496.0878345083775,491.815425510208,494.4625780610965,83924800.0,,,,,,,,,,
2024-03-01,,,,,,499.1145935058594,499.5428116010892,494.9395116277324,495.3482760641762,76844800.0,,,,,,,,,,
2024-03-04,,,,,,498.5792846679688,500.4284215717115,498.2873313148722,498.3165563504212,49799300.0,,,,,,,,,,
2024-03-05,,,,,,493.5963745117188,497.02211863397577,491.3871817921508,496.5744172633029,72855600.0,,,,,,,,,,
2024-03-06,,,,,,496.0975646972656,498.3554361707815,494.8031986362925,496.8761267293977,68382400.0,,,,,,,,,,
2024-03-07,,,,,,501.0220642089844,502.0731556685532,496.1559770449336,499.39680772832526,58652100.0,,,,,,,,,,
2024-03-08,,,,,,498.0148315429688,504.3407152276024,497.4406368151398,501.6546849790431,86532500.0,,,,,,,,,,
2024-03-11,,,,,,497.5865783691406,498.1705147342669,494.881035254285,496.80801634913047,62557200.0,,,,,,,,,,
2024-03-12,,,,,,502.9393615722656,503.5232683044219,497.1778712794107,499.6985307075949,73114400.0,,,,,,,,,,
2024-03-13,,,,,,502.1509399414063,503.4355940031198,500.7105972360643,503.2604220038599,55104100.0,,,,,,,,,,
2024-03-14,,,,,,501.1583251953125,503.27993205507374,498.1121499011311,503.1241840027095,110171800.0,,,,,,,,,,
2024-03-15,,,,,,497.717041015625,499.5426370968139,496.0476768950372,498.0880174407595,107646300.0,,,,,,,,,,
2024-03-18,,,,,,500.6750793457031,503.2328266854258,500.26507469946,501.7880086848296,88893300.0,,,,,,,,,,
2024-03-19,,,,,,503.4574279785156,503.7405165081089,498.976454143322,499.9820112945357,60755300.0,,,,,,,,,,
2024-03-20,,,,,,508.1140747070313,508.2507627953458,502.8424072103224,503.51601611982346,69594600.0,,,,,,,,,,
2024-03-21,,,,,,509.7931518554688,511.65774627628207,509.51000378121233,510.9548812333679,60256100.0,,,,,,,,,,
2024-03-22,,,,,,508.8267517089844,510.19345378409866,508.592403744498,509.7053331319063,79070800.0,,,,,,,,,,
2024-03-25,,,,,,507.4208984375,508.5728558825149,507.2646664806993,507.4501546887545,48512100.0,,,,,,,,,,
2024-03-26,,,,,,506.4836730957031,509.1878801721596,506.08344043810223,508.8461600156402,65463700.0,,,,,,,,,,
2024-03-27,,,,,,510.740234375,510.7793221683242,507.1476729071729,509.3149599598867,82999800.0,,,,,,,,,,
2024-03-28,,,,,,510.6424560546875,512.145845947325,510.3593675770243,510.7791441135719,96294900.0,,,,,,,,,,
2024-04-01,,,,,,509.7540283203125,511.9213145540173,508.5922990238964,511.38439386416735,62477500.0,,,,,,,,,,
2024-04-02,,,,,,506.5130310058594,506.6496594947848,504.2090563956192,505.9272505110376,74230300.0,,,,,,,,,,
2024-04-03,,,,,,507.0694274902344,508.5728771082824,505.3707772955882,505.41957743973774,59155800.0,,,,,,,,,,
2024-04-04,,,,,,500.8800659179688,511.4234586722389,500.5774335376575,511.08179809560863,96858100.0,,,,,,,,,,
2024-04-05,,,,,,506.1127624511719,508.0750169684766,501.7977926534172,502.237113148865,74546500.0,,,,,,,,,,
2024-04-08,,,,,,506.3958435058594,507.8211772121714,505.58560615213537,506.8156796872345,48401800.0,,,,,,,,,,
2024-04-09,,,,,,506.9816284179688,508.3776462974431,502.1296782746543,508.1335859775692,68049200.0,,,,,,,,,,
2024-04-10,,,,,,501.9051513671875,503.8966620851597,499.92341259541246,501.2803426609476,82652800.0,,,,,,,,,,
2024-04-11,,,,,,505.6929931640625,507.13781122017554,499.9136613545702,503.4281061989144,70099000.0,,,,,,,,,,
2024-04-12,,,,,,498.7128601074219,503.5647804243456,496.9848939875648,502.1492186619509,92561100.0,,,,,,,,,,
2024-04-15,,,,,,492.46490478515625,503.0570983911642,491.6155498817616,502.8911540643935,92101400.0,,,,,,,,,,
2024-04-16,,,,,,491.5667419433594,494.4661795680653,490.27809637848605,492.94324564322153,73484000.0,,,,,,,,,,
2024-04-17,,,,,,488.6575622558594,494.1928634388067,487.2615443714678,494.0268893119992,75910300.0,,,,,,,,,,
2024-04-18,,,,,,487.6520385742188,492.1525264143248,486.7148552774961,490.0536135988177,74548100.0,,,,,,,,,,
2024-04-19,,,,,,483.3956298828125,488.5696966866847,482.1264983587833,487.57394131853926,102212600.0,,,,,,,,,,
2024-04-22,,,,,,487.8472900390625,490.4440953998328,483.65920663681294,486.0021797330471,67961000.0,,,,,,,,,,
2024-04-23,,,,,,493.6363830566406,494.0659315908711,487.6617913619136,489.85833417865257,64633600.0,,,,,,,,,,
2024-04-24,,,,,,493.402099609375,495.3155241402407,491.1762707245871,494.5247711017317,55928100.0,,,,,,,,,,
2024-04-25,,,,,,491.5276489257813,492.2891158339402,485.67020200378414,487.32005193688127,69122400.0,,,,,,,,,,
2024-04-26,,,,,,496.1843872070313,497.7658932650639,493.6852119906925,494.3197628446228,64306100.0,,,,,,,,,,
2024-04-29,,,,,,497.9415893554688,498.6151981739951,495.19835393785416,497.9708754000778,46415400.0,,,,,,,,,,
2024-04-30,,,,,,490.0535888671875,497.4534843650284,490.0535888671875,496.4772431240589,77483600.0,,,,,,,,,,
2024-05-01,,,,,,488.4623107910156,496.1160385437577,487.9937042701267,489.4678380773352,80242800.0,,,,,,,,,,
2024-05-02,,,,,,493.0310668945313,493.8706497758126,487.6812546661218,492.17196991555153,62550200.0,,,,,,,,,,
2024-05-03,,,,,,499.1423645019531,500.37240813782097,496.4772153379588,499.0154483809272,72756700.0,,,,,,,,,,
2024-05-06,,,,,,504.296875,504.3359031936084,501.104547517922,501.5438679323867,47264700.0,,,,,,,,,,
2024-05-07,,,,,,504.8533935546875,506.2494113345479,504.1797847364997,505.2633981790086,52561300.0,,,,,,,,,,
2024-05-08,,,,,,504.9021911621094,505.439111907815,502.900908609006,503.0180527867951,42047200.0,,,,,,,,,,
2024-05-09,,,,,,507.8113708496094,507.8504586322259,504.4336144152066,505.0876793386549,43643700.0,,,,,,,,,,
2024-05-10,,,,,,508.4655151367188,510.2227374568183,507.2452135831723,509.4124405414531,52233200.0,,,,,,,,,,
2024-05-13,,,,,,508.5337524414063,510.2519464031073,507.391566976992,510.1445741767588,36716400.0,,,,,,,,,,
2024-05-14,,,,,,510.8670043945313,511.3844408276522,508.19211305924,508.7290337983986,57535900.0,,,,,,,,,,
2024-05-15,,,,,,517.193115234375,517.4859756907869,512.7023697575905,513.3369504006804,59504900.0,,,,,,,,,,
2024-05-16,,,,,,516.12890625,518.891685229184,515.9824462519231,517.2906355349904,50244800.0,,,,,,,,,,
2024-05-17,,,,,,516.8709716796875,516.9393157213522,514.7915729298934,516.246162943074,59187600.0,,,,,,,,,,
2024-05-20,,,,,,517.4663696289062,518.9307313200704,516.5975007250751,516.988021010064,37764200.0,,,,,,,,,,
2024-05-21,,,,,,518.7355346679688,518.8917666350982,516.4999636631139,516.7049957755823,33437000.0,,,,,,,,,,
2024-05-22,,,,,,517.241943359375,518.7551054535538,515.0648847480338,518.0424683735625,48390000.0,,,,,,,,,,
2024-05-23,,,,,,513.4638671875,520.4049281460258,512.2532779910508,520.2975559093766,57211200.0,,,,,,,,,,
2024-05-24,,,,,,516.8611450195312,517.6714419020187,514.3619699226733,515.3088952889863,41291100.0,,,,,,,,,,
2024-05-28,,,,,,517.222412109375,517.9057929513657,514.5865486245773,517.6715045678355,36269600.0,,,,,,,,,,
2024-05-29,,,,,,513.6005249023438,514.7817983278129,512.8878878194378,513.1905202395113,45190300.0,,,,,,,,,,
2024-05-30,,,,,,510.1934509277344,512.7219421093527,508.9438930493387,512.0581051762924,46377600.0,,,,,,,,,,
2024-05-31,,,,,,514.84033203125,514.9672481577884,506.0443890267406,511.1501711708498,90785800.0,,,,,,,,,,
2024-06-03,,,,,,515.2600708007812,516.7342044816085,510.1836048668509,516.4511159966606,46835700.0,,,,,,,,,,
2024-06-04,,,,,,515.8361206054688,516.5780734778808,512.4876203186922,513.9519821715993,34632700.0,,,,,,,,,,
2024-06-05,,,,,,521.9669189453125,521.9864628385163,516.1680432425981,518.1596136281009,47610400.0,,,,,,,,,,
2024-06-06,,,,,,521.95703125,522.6989840067279,520.0240929727552,522.2694355467816,30808500.0,,,,,,,,,,
2024-06-07,,,,,,521.3226318359375,524.1342115774243,519.8875261250549,520.980911626184,43224500.0,,,,,,,,,,
2024-06-10,,,,,,522.9332885742188,523.2554648254413,519.9167369014993,520.5122296802525,35686100.0,,,,,,,,,,
2024-06-11,,,,,,524.1926879882812,524.2512600728273,519.4090826052437,521.3811087600108,36383400.0,,,,,,,,,,
2024-06-12,,,,,,528.4979248046875,531.1923600659605,527.4631115100716,528.7615289974312,63251300.0,,,,,,,,,,
2024-06-13,,,,,,529.56201171875,530.4211086780596,526.7699763935087,530.2453924252503,44760900.0,,,,,,,,,,
2024-06-14,,,,,,529.8842163085938,529.9134725597781,527.0237772162169,528.0293342324846,40089900.0,,,,,,,,,,
2024-06-17,,,,,,534.1015625,535.4976399183048,528.7420075865693,529.2008719569648,55839500.0,,,,,,,,,,
2024-06-18,,,,,,535.4585571289062,535.585473259027,533.7403629842298,534.16013957423,41376400.0,,,,,,,,,,
2024-06-20,,,,,,534.0039672851562,537.0498352385172,532.2272010481894,536.385998334327,70328200.0,,,,,,,,,,
2024-06-21,,,,,,533.2881469726562,534.4046669419561,531.8288641002639,533.180428320516,64338600.0,,,,,,,,,,
2024-06-24,,,,,,531.5545654296875,535.6778223121559,531.4370433131713,533.111823139434,45528700.0,,,,,,,,,,
2024-06-25,,,,,,533.6013793945312,533.9637491221667,531.2606215926918,532.7786650161994,37936200.0,,,,,,,,,,
2024-06-26,,,,,,534.2674560546875,534.9823921713983,531.8385861304241,532.4849577215607,38550600.0,,,,,,,,,,
2024-06-27,,,,,,535.109619140625,535.6874858769653,533.3858821788883,534.1302285739343,35041500.0,,,,,,,,,,
2024-06-28,,,,,,533.0040283203125,538.9391939081404,531.76024266257,535.883439640916,76144500.0,,,,,,,,,,
2024-07-01,,,,,,534.1009521484375,534.6298016081159,531.3390631933655,534.3849539324244,40297800.0,,,,,,,,,,
2024-07-02,,,,,,537.6954345703125,537.6954345703125,532.4459134292877,532.4948710212904,40434800.0,,,,,,,,,,
2024-07-03,,,,,,540.0948486328125,540.457218430894,537.3427629954197,537.381917105902,32789900.0,,,,,,,,,,
2024-07-05,,,,,,543.209228515625,543.6107523683424,539.7617544001083,540.3983822148235,41488400.0,,,,,,,,,,
2024-07-08,,,,,,543.8361206054688,544.786100933334,542.7685583933277,543.9927968223914,36110500.0,,,,,,,,,,
2024-07-09,,,,,,544.3649291992188,545.6968861634513,544.0711239537649,544.795863484972,27289700.0,,,,,,,,,,
2024-07-10,,,,,,549.7515869140625,550.0943497431794,545.2953712492263,545.5891764995068,38701200.0,,,,,,,,,,
2024-07-11,,,,,,545.01123046875,550.7407010140586,544.3746624818856,549.8690290838814,53054200.0,,,,,,,,,,
2024-07-12,,,,,,548.448974609375,552.0531251206323,545.667538567234,546.1376269625789,53084400.0,,,,,,,,,,
2024-07-15,,,,,,549.957275390625,553.1990561394715,548.0964091939553,550.4469707289841,40584300.0,,,,,,,,,,
2024-07-16,,,,,,553.2185668945312,553.5123721227574,550.5154392403327,551.2695891404957,36475300.0,,,,,,,,,,
2024-07-17,,,,,,545.4618530273438,548.9582849622979,545.1386373621594,547.2835053633577,57119000.0,,,,,,,,,,
2024-07-18,,,,,,541.27001953125,547.9886849352189,539.0859974733345,546.9994907975359,56270400.0,,,,,,,,,,
2024-07-19,,,,,,537.6758422851562,542.6609686544,536.6180832935648,541.0351461591582,65509100.0,,,,,,,,,,
2024-07-22,,,,,,543.2191162109375,543.8263337080781,539.6639229224022,541.6030975244146,43346700.0,,,,,,,,,,
2024-07-23,,,,,,542.3670654296875,545.2660239376293,541.8773700301276,543.1113522241114,34439600.0,,,,,,,,,,
2024-07-24,,,,,,530.0756225585938,537.8519873002513,529.1549928867055,537.5483785668235,74515300.0,,,,,,,,,,
2024-07-25,,,,,,527.313720703125,536.177254363603,526.3735438881854,530.1931317534066,61158300.0,,,,,,,,,,
2024-07-26,,,,,,533.219482421875,535.9128068838628,530.3302678617441,531.1040247828195,53763800.0,,,,,,,,,,
2024-07-29,,,,,,533.532958984375,535.7757424689108,531.5349634304656,534.767000996549,39515800.0,,,,,,,,,,
2024-07-30,,,,,,530.8297119140625,536.0596840862061,527.4214517116767,535.001925487195,46853600.0,,,,,,,,,,
2024-07-31,,,,,,539.458251953125,542.0928156342903,536.2948387521341,537.665950025587,65663400.0,,,,,,,,,,
2024-08-01,,,,,,531.8189697265625,543.4345294348678,528.3127341764186,541.1819427118934,76428700.0,,,,,,,,,,
2024-08-02,,,,,,521.9172973632812,525.9229716163323,517.705869778205,524.7085367838448,82789100.0,,,,,,,,,,
2024-08-05,,,,,,506.7171630859375,512.7893973566776,499.7536796951889,501.0954700551791,146267400.0,,,,,,,,,,
2024-08-06,,,,,,511.3888854980469,518.8322310175004,507.19706454680966,508.51921810050686,84826300.0,,,,,,,,,,
2024-08-07,,,,,,507.9706726074219,520.6342449293306,507.3732587228776,517.5784914408358,70698300.0,,,,,,,,,,
2024-08-08,,,,,,519.7137451171875,520.3405097902447,511.0853146734016,513.1126009988247,63276600.0,,,,,,,,,,
2024-08-09,,,,,,522.0054931640625,523.4941863094633,517.66679909137,518.8910375919244,45619600.0,,,,,,,,,,
2024-08-12,,,,,,522.2796630859375,524.6889257907327,520.0074696393324,523.2002926739822,42542100.0,,,,,,,,,,
2024-08-13,,,,,,530.8690185546875,531.1041225821112,525.2277772193205,525.4726249427702,52333100.0,,,,,,,,,,
2024-08-14,,,,,,532.543701171875,533.728785456597,528.9885080949739,531.6622256176499,42446900.0,,,,,,,,,,
2024-08-15,,,,,,541.6716918945312,541.9556937145602,537.5680419380651,538.1752594686596,60846800.0,,,,,,,,,,
2024-08-16,,,,,,542.8861083984375,543.5814973816967,539.8989784334714,540.0556546584454,44430700.0,,,,,,,,,,
2024-08-19,,,,,,548.0767822265625,548.0767822265625,542.4452860411917,543.2973511166235,39121800.0,,,,,,,,,,
2024-08-20,,,,,,547.1856079101562,549.2815184001456,545.8438474042439,547.6263456901657,33732300.0,,,,,,,,,,
2024-08-21,,,,,,549.06591796875,550.5252003042482,543.2972933603506,548.2334599233565,41514600.0,,,,,,,,,,
2024-08-22,,,,,,544.7567138671875,551.5732952522009,543.5422788578662,550.9660777475402,56121500.0,,,,,,,,,,
2024-08-23,,,,,,550.544921875,551.4851585059275,545.8046443878154,547.9985298599797,50639400.0,,,,,,,,,,
2024-08-26,,,,,,549.2324829101562,552.2881770773529,547.528352675827,551.5732410031779,35788600.0,,,,,,,,,,
2024-08-27,,,,,,549.9866943359375,550.4763897351174,546.8134777136145,547.9593482100599,32693900.0,,,,,,,,,,
2024-08-28,,,,,,546.7938842773438,550.0748793992682,543.601060631449,549.6439450462528,41066000.0,,,,,,,,,,
2024-08-29,,,,,,546.8427124023438,552.0628809883677,545.6968421488655,548.7623394799141,38715200.0,,,,,,,,,,
2024-08-30,,,,,,552.0628662109375,552.5721684331874,545.6576734390724,549.2128659703031,62700100.0,,,,,,,,,,
2024-09-03,,,,,,540.7020263671875,549.2520879225416,538.18498513228,548.9190687874888,60600100.0,,,,,,,,,,
2024-09-04,,,,,,539.5952758789062,543.0035361193702,538.1359934145067,538.8607329114091,47224900.0,,,,,,,,,,
2024-09-05,,,,,,538.282958984375,542.3866087950116,535.8246785314534,539.5366078915503,44264300.0,,,,,,,,,,
2024-09-06,,,,,,529.2235107421875,540.231851947678,528.3224880929642,538.60608979078,68493800.0,,,,,,,,,,
2024-09-09,,,,,,535.1487426757812,536.4219981615558,531.4956351994124,533.4250655897573,40445800.0,,,,,,,,,,
2024-09-10,,,,,,537.4797973632812,537.8324234437913,532.1813200114981,537.0586665381934,36394600.0,,,,,,,,,,
2024-09-11,,,,,,542.9937133789062,543.914342923255,528.8317637255883,537.3916279053534,75248600.0,,,,,,,,,,
2024-09-12,,,,,,547.5675659179688,547.8711746400817,541.3483991843773,543.5716351743016,51819600.0,,,,,,,,,,
2024-09-13,,,,,,550.4274291992188,551.4264269369157,547.9201911599521,548.1748423305235,39310500.0,,,,,,,,,,
2024-09-16,,,,,,551.2402954101562,551.5046902542234,548.360884321784,550.1629297590999,36656100.0,,,,,,,,,,
2024-09-17,,,,,,551.465576171875,554.9032473896473,549.2325364902464,553.4537083801224,49321000.0,,,,,,,,,,
2024-09-18,,,,,,549.8300170898438,556.969754476821,549.2717571625421,552.1217580784818,59044900.0,,,,,,,,,,
2024-09-19,,,,,,559.2125244140625,561.0733907935877,556.3723270388496,559.2419348303403,75315500.0,,,,,,,,,,
2024-09-20,,,,,,558.245849609375,559.2871857073619,555.2200568119598,557.8430941207945,77503100.0,,,,,,,,,,
2024-09-23,,,,,,559.6408081054688,560.2892222272916,558.0984411315784,559.3166610051752,44116900.0,,,,,,,,,,
2024-09-24,,,,,,561.2421264648438,561.3010677532865,557.6072537825559,560.4365555490466,46805700.0,,,,,,,,,,
2024-09-25,,,,,,560.0042724609375,561.8217386948093,558.8941616149112,561.0849426444706,38428600.0,,,,,,,,,,
2024-09-26,,,,,,562.2245483398438,564.5921534543987,559.8668367278948,564.2679463720303,48336000.0,,,,,,,,,,
2024-09-27,,,,,,561.4091186523438,564.1107043094071,560.3776161208616,563.295359810012,42100900.0,,,,,,,,,,
2024-09-30,,,,,,563.6588745117188,564.2679545173111,558.0788790007499,560.3776493545987,63557400.0,,,,,,,,,,
2024-10-01,,,,,,558.609375,563.9536055755817,556.0355051968223,563.3052513338224,72668800.0,,,,,,,,,,
2024-10-02,,,,,,558.8451538085938,559.8668828892402,555.3183896615599,557.7154356390834,38097800.0,,,,,,,,,,
2024-10-03,,,,,,557.8234252929688,559.7685478192003,555.5344286086627,557.3715020969081,40846500.0,,,,,,,,,,
2024-10-04,,,,,,562.892578125,563.2658929623027,558.09848649286,562.273664576873,42939100.0,,,,,,,,,,
2024-10-07,,,,,,557.8037719726562,561.8905680396737,556.6543868115797,561.2421538745174,49964700.0,,,,,,,,,,
2024-10-08,,,,,,563.0792236328125,563.67853004462,559.5033520489247,560.377637870892,37398700.0,,,,,,,,,,
2024-10-09,,,,,,566.9793701171875,567.5393423690588,562.4701514366566,563.0693978961492,37912200.0,,,,,,,,,,
2024-10-10,,,,,,565.9871215820312,567.4116060358193,564.3759797176003,565.6334738441669,44138100.0,,,,,,,,,,
2024-10-11,,,,,,569.3764038085938,570.1131999200273,565.7709716649979,565.9085213296812,42268000.0,,,,,,,,,,
2024-10-14,,,,,,574.0328979492188,574.9661849382893,570.5060744728205,570.9874382986001,36217200.0,,,,,,,,,,
2024-10-15,,,,,,569.5728759765625,574.6027324678581,568.3546560789198,574.2981924836022,54203600.0,,,,,,,,,,
2024-10-16,,,,,,572.0484008789062,572.5690988319416,568.7672362789522,569.5728070987392,30725400.0,,,,,,,,,,
2024-10-17,,,,,,572.0975341796875,575.8011814159861,571.9108767867559,575.5948569414992,34393700.0,,,,,,,,,,
2024-10-18,,,,,,574.2981567382812,575.0840605235142,572.3235337539761,573.787292295603,37416800.0,,,,,,,,,,
2024-10-21,,,,,,573.3551025390625,574.5535954570634,570.3784174069214,573.5712006217359,36439000.0,,,,,,,,,,
2024-10-22,,,,,,573.0505981445312,574.2098169269701,570.162354750785,570.8205425423761,34183800.0,,,,,,,,,,
2024-10-23,,,,,,567.8143920898438,571.4689321263772,564.3072352656649,571.0268424499369,49314600.0,,,,,,,,,,
2024-10-24,,,,,,569.0423583984375,569.8479293354313,566.4193810527883,569.7693209618997,34979900.0,,,,,,,,,,
2024-10-25,,,,,,568.8458251953125,574.1704478252901,567.9027646254573,571.2723713678375,47268200.0,,,,,,,,,,
2024-10-28,,,,,,570.6043701171875,572.4512770786239,570.299830137409,572.3235609618828,30174700.0,,,,,,,,,,
2024-10-29,,,,,,571.52783203125,572.6477165136779,568.2466070737139,569.6415908764491,42899700.0,,,,,,,,,,
2024-10-30,,,,,,569.798828125,573.0505525749719,569.0914726763393,571.0562623128328,41435800.0,,,,,,,,,,
2024-10-31,,,,,,558.6290283203125,565.4959588071013,558.4325373559277,565.4271839715354,60182500.0,,,,,,,,,,
2024-11-01,,,,,,560.9866943359375,565.4173043933644,560.5741053167588,561.2617936558026,45667500.0,,,,,,,,,,
2024-11-04,,,,,,559.7783203125,562.4209644478059,557.892139281839,561.1241962515347,38217000.0,,,,,,,,,,
2024-11-05,,,,,,566.5470581054688,566.586332309216,560.4758658123077,560.6919638738422,39478300.0,,,,,,,,,,
2024-11-06,,,,,,580.6345825195312,581.508928254242,575.0840880526238,578.8270097230293,68182000.0,,,,,,,,,,
2024-11-07,,,,,,585.1240844726562,586.1458133207747,582.5600487330294,582.6386570968723,47233200.0,,,,,,,,,,
2024-11-08,,,,,,587.6587524414062,589.0832369047557,585.6742957423695,585.6742957423695,46444900.0,,,,,,,,,,
2024-11-11,,,,,,588.2186889648438,589.6038391769904,586.4896646144927,589.2501914582232,37586800.0,,,,,,,,,,
2024-11-12,,,,,,586.3914794921875,588.7393574916656,583.9059918696842,588.1401110548398,43006100.0,,,,,,,,,,
2024-11-13,,,,,,586.6763305664062,588.6803942959151,584.4856094336134,586.8531544283672,47388600.0,,,,,,,,,,
2024-11-14,,,,,,582.9039306640625,587.2854330583992,582.2163022724781,586.804069200042,38904100.0,,,,,,,,,,
2024-11-15,,,,,,575.437744140625,579.8094129170865,573.5810036102117,579.3378226480269,75988800.0,,,,,,,,,,
2024-11-18,,,,,,577.7954711914062,579.1118465214918,575.0349444617987,575.8993966406199,37001700.0,,,,,,,,,,
2024-11-19,,,,,,579.9075927734375,580.6345552744816,573.7480186357969,574.4160398519082,49412000.0,,,,,,,,,,
2024-11-20,,,,,,580.10400390625,580.3888767508003,574.3373524745978,579.9861213526011,50032600.0,,,,,,,,,,
2024-11-21,,,,,,583.21826171875,584.6427460672937,577.1077952881657,582.953055915256,46750300.0,,,,,,,,,,
2024-11-22,,,,,,585.0259399414062,585.654687007179,582.7075025920674,583.2084735757152,38226400.0,,,,,,,,,,
2024-11-25,,,,,,587.0104370117188,590.2817687658602,584.7214401695627,588.9653932145126,42441400.0,,,,,,,,,,
2024-11-26,,,,,,590.075439453125,590.7434606979054,587.5408441710033,588.2579731618996,45621300.0,,,,,,,,,,
2024-11-27,,,,,,588.2874145507812,590.2718110026187,586.7647148108081,589.8887226529953,34000200.0,,,,,,,,,,
2024-11-29,,,,,,591.9419555664062,592.7278593888155,588.8277809402925,589.1028202958577,30177400.0,,,,,,,,,,
2024-12-02,,,,,,593.0030517578125,593.6809066526395,591.863440069968,592.3546375311288,31746000.0,,,,,,,,,,
2024-12-03,,,,,,593.2779541015625,593.5235527754064,591.735647195163,592.7671496331845,26906600.0,,,,,,,,,,
2024-12-04,,,,,,596.9619140625,597.2075127280552,594.2996629026728,594.9676840777096,42787600.0,,,,,,,,,,
2024-12-05,,,,,,595.9795532226562,597.7675188046404,595.6259055147337,596.961947940629,28762200.0,,,,,,,,,,
2024-12-06,,,,,,597.109375,598.3472020292826,596.333304701608,596.7458937244957,31241500.0,,,,,,,,,,
2024-12-09,,,,,,594.0344848632812,597.1584931551176,593.445071963169,596.9915028268559,34742700.0,,,,,,,,,,
2024-12-10,,,,,,592.1875,595.1346840344664,591.5293123546073,594.7122615181331,37234500.0,,,,,,,,,,
2024-12-11,,,,,,596.7655639648438,597.7184581352288,594.8400485801485,595.115147903942,28677700.0,,,,,,,,,,
2024-12-12,,,,,,593.6906127929688,596.4707466548862,593.6906127929688,595.9010008938557,31543800.0,,,,,,,,,,
2024-12-13,,,,,,593.57275390625,596.4413297893211,592.1973772710232,595.7242008087076,35904700.0,,,,,,,,,,
2024-12-16,,,,,,596.1072998046875,597.0799209921157,594.5551592425911,595.3312295236393,43695200.0,,,,,,,,,,
2024-12-17,,,,,,593.6512451171875,594.5157572113583,592.2759285750876,593.5530296358272,55773500.0,,,,,,,,,,
2024-12-18,,,,,,575.9584350585938,595.7339866328443,575.5752867073982,593.3467745348553,108248700.0,,,,,,,,,,
2024-12-19,,,,,,575.7815551757812,582.5601031255708,575.5359564813775,580.948961299734,85919500.0,,,,,,,,,,
2024-12-20,,,,,,582.697265625,587.231466902458,572.6036351958548,573.4513839180992,125716700.0,,,,,,,,,,
2024-12-23,,,,,,586.1866455078125,586.7879087972127,579.2571372355378,582.4409930028329,57635800.0,,,,,,,,,,
2024-12-24,,,,,,592.7020874023438,592.7415539521577,586.9554328723399,587.5370230202848,33160100.0,,,,,,,,,,
2024-12-26,,,,,,592.7416381835938,593.8652919269226,589.5282423631364,590.9279213446937,41219100.0,,,,,,,,,,
2024-12-27,,,,,,586.5020751953125,589.2324867459512,582.3128451341881,588.9958679237085,64969300.0,,,,,,,,,,
2024-12-30,,,,,,579.8091430664062,583.278830614674,576.0536238226567,579.4839049805771,56578800.0,,,,,,,,,,
2024-12-31,,,,,,577.6997680664062,582.194563069081,576.0634704063194,581.4749602926895,57052700.0,,,,,,,,,,
2025-01-02,,,,,,576.2803344726562,582.6775253068124,572.1995172748154,580.9624149327,50204000.0,,,,,,,,,,
2025-01-03,,,,,,583.48583984375,584.1265095290074,578.0447499447286,579.129057366777,37888500.0,,,,,,,,,,
2025-01-06,,,,,,586.8470458984375,591.1250155334773,585.1122021784661,587.7440676720806,47679400.0,,,,,,,,,,
2025-01-07,,,,,,580.2133178710938,589.2029082453815,578.3897946667151,588.8776099950986,60393100.0,,,,,,,,,,
2025-01-08,,,,,,581.0609741210938,582.1354148697908,576.8323377526707,580.282291853868,47304700.0,,,,,,,,,,
2025-01-10,,,,,,572.189697265625,577.5716476388544,570.2774344732991,577.5026413332764,73105000.0,,,,,,,,,,
2025-01-13,,,,,,573.0768432617188,573.4316812597856,567.1231694250464,567.5372072518853,47910100.0,,,,,,,,,,
2025-01-14,,,,,,573.8653564453125,576.6351742776535,570.0802375478183,576.0043111010004,48420600.0,,,,,,,,,,
2025-01-15,,,,,,584.303955078125,585.4473419377294,580.7751281246863,581.8889752343268,56900200.0,,,,,,,,,,
2025-01-16,,,,,,583.1802368164062,585.8514484014332,582.4803673486446,585.6740294157521,43319700.0,,,,,,,,,,
2025-01-17,,,,,,589.0353393554688,590.7898562052613,587.0934767089387,588.4242094250709,58070600.0,,,,,,,,,,
2025-01-21,,,,,,594.4270629882812,594.4369296257112,590.1096871636119,592.0810894520482,42532900.0,,,,,,,,,,
2025-01-22,,,,,,597.7686157226562,599.1288881406504,596.7040416210903,597.2560318658977,48196000.0,,,,,,,,,,
2025-01-23,,,,,,601.0313110351562,601.0313110351562,596.8618141810588,597.1377792345874,41152100.0,,,,,,,,,,
2025-01-24,,,,,,599.2766723632812,602.0465502262632,598.1234189150732,601.0903888692611,34604700.0,,,,,,,,,,
2025-01-27,,,,,,590.7997436523438,591.1151752666312,586.1373960687419,586.3049484329972,70361100.0,,,,,,,,,,
2025-01-28,,,,,,595.8760986328125,596.7139205737208,588.7100317776161,592.0318399526346,44433300.0,,,,,,,,,,
2025-01-29,,,,,,593.204833984375,595.4916679771449,590.6518414168764,595.0874967960807,37177400.0,,,,,,,,,,
2025-01-30,,,,,,596.3885498046875,597.9262410572588,592.130313990855,595.3240359730432,39281300.0,,,,,,,,,,
2025-01-31,,,,,,593.2146606445312,601.2382822731704,592.4556515232641,598.8134358374799,66566900.0,,,,,,,,,,
2025-02-03,,,,,,589.22265625,591.7065824928592,582.046722262467,584.1955437708402,65857200.0,,,,,,,,,,
2025-02-04,,,,,,593.17529296875,593.6878166788046,588.7396375989994,589.281761222817,33457800.0,,,,,,,,,,
2025-02-05,,,,,,595.580322265625,595.7282015036632,590.021013481686,592.0515554519985,30653100.0,,,,,,,,,,
2025-02-06,,,,,,597.650390625,597.7785366008171,594.0131505968404,597.3250923662002,35771500.0,,,,,,,,,,
2025-02-07,,,,,,592.1797485351562,599.4344951653416,591.4700123634921,598.2122352633725,50788500.0,,,,,,,,,,
2025-02-10,,,,,,596.2013549804688,596.8420848342793,594.1215398587573,595.3931329282537,26048700.0,,,,,,,,,,
2025-02-11,,,,,,596.6547241210938,597.1968476878733,593.8159001701387,593.9341794878935,30056700.0,,,,,,,,,,
2025-02-12,,,,,,594.7326049804688,595.9055917033094,589.9519786805068,590.6321148502618,45076100.0,,,,,,,,,,
2025-02-13,,,,,,601.0115966796875,601.2186155981716,594.5749988790903,595.8366651794477,40921300.0,,,,,,,,,,
2025-02-14,,,,,,600.9819946289062,602.2535274358258,600.360998100256,601.2185532755497,26910400.0,,,,,,,,,,
2025-02-18,,,,,,602.7463989257812,602.7463989257812,599.6808827255115,602.145135650955,26749000.0,,,,,,,,,,
2025-02-19,,,,,,604.165771484375,604.4614697835945,600.8439635712302,601.3565473981581,31011100.0,,,,,,,,,,
2025-02-20,,,,,,601.6522827148438,602.9336821985821,598.3403412349714,602.7956695963146,36554000.0,,,,,,,,,,
2025-02-21,,,,,,591.361572265625,601.5734221193063,590.8982614234848,601.435409514207,76519800.0,,,,,,,,,,
2025-02-24,,,,,,588.6707153320312,594.4075043153588,587.9609790870905,593.4119363420369,50737200.0,,,,,,,,,,
2025-02-25,,,,,,585.7430419921875,589.3408752561445,581.129967827771,588.6114660308307,58266500.0,,,,,,,,,,
2025-02-26,,,,,,586.0387573242188,591.0067297705009,583.3970853838995,587.4088964020577,43321600.0,,,,,,,,,,
2025-02-27,,,,,,576.6844482421875,589.4690234968429,576.290203877955,588.3157098294636,74196700.0,,,,,,,,,,
2025-02-28,,,,,,585.683837890625,586.2160947948117,574.1117172840345,577.1870997219474,88744100.0,,,,,,,,,,
2025-03-03,,,,,,575.4227905273438,588.798762606637,571.6081318173137,587.6553155599406,74249200.0,,,,,,,,,,
2025-03-04,,,,,,568.611572265625,577.0196322682823,564.0675042327628,571.4208567458912,109648200.0,,,,,,,,,,
2025-03-05,,,,,,574.722900390625,576.5168836727693,564.8856223320056,568.4439889843314,71230500.0,,,,,,,,,,
2025-03-06,,,,,,564.5209350585938,571.8742272350298,561.9679425734266,567.2512863712917,80094900.0,,,,,,,,,,
2025-03-07,,,,,,567.68505859375,569.1340707451673,557.5422141835529,562.7368791286215,81158800.0,,,,,,,,,,
2025-03-10,,,,,,552.564453125,561.396298293426,547.6458132504099,559.4742288830657,99326600.0,,,,,,,,,,
2025-03-11,,,,,,547.9710083007812,555.9552243228402,544.1268096197261,551.4012894751355,88102100.0,,,,,,,,,,
2025-03-12,,,,,,550.8788452148438,555.0582088315019,545.7729200294035,554.1316472627199,69588200.0,,,,,,,,,,
2025-03-13,,,,,,543.5353393554688,551.1153839968962,541.8202288918889,550.5042540653316,74079400.0,,,,,,,,,,
2025-03-14,,,,,,554.762451171875,555.7678855775432,543.6043071486545,548.1582415612112,62660300.0,,,,,,,,,,
2025-03-17,,,,,,559.0404052734375,561.5637976935186,554.3089918436672,554.742702735982,49008700.0,,,,,,,,,,
2025-03-18,,,,,,552.9981079101562,556.9409127203818,551.0661118946721,556.7240271713574,66041400.0,,,,,,,,,,
2025-03-19,,,,,,559.0206909179688,562.7860764826731,553.5993346617712,554.7821880592443,66556000.0,,,,,,,,,,
2025-03-20,,,,,,557.4041137695312,562.4114922780789,554.5554231088431,555.2750258330774,62958200.0,,,,,,,,,,
2025-03-21,,,,,,557.5880126953125,558.4877328401925,551.7054963570508,552.9413292589383,83763000.0,,,,,,,,,,
2025-03-24,,,,,,567.5736083984375,568.6314886589248,563.7375780431137,564.3307537296456,58766800.0,,,,,,,,,,
2025-03-25,,,,,,568.93798828125,569.8771730865459,567.1880294433175,568.7797678649376,38355700.0,,,,,,,,,,
2025-03-26,,,,,,562.1458740234375,569.7981425644431,560.7617168790538,568.6710483477373,51848300.0,,,,,,,,,,
2025-03-27,,,,,,560.6529541015625,564.4296669577193,558.5371935416607,560.7517966033342,42164200.0,,,,,,,,,,
2025-03-28,,,,,,549.3623657226562,559.8521624781242,548.7790863172526,559.120558969836,71662700.0,,,,,,,,,,
2025-03-31,,,,,,553.050048828125,554.3550955683165,540.6719276036363,543.5984015371023,95328200.0,,,,,,,,,,
2025-04-01,,,,,,554.6121215820312,556.559825628618,547.4047657676659,551.1320571376683,54609600.0,,,,,,,,,,
2025-04-02,,,,,,558.1219482421875,560.9890444564371,548.52197624234,548.7592465118332,76014500.0,,,,,,,,,,
2025-04-03,,,,,,530.6172485351562,541.7594774009829,530.6172485351562,538.9319060881811,125986000.0,,,,,,,,,,
2025-04-04,,,,,,499.5533447265625,519.9099817661254,499.3358369172059,517.7349036725598,217965100.0,,,,,,,,,,
2025-04-07,,,,,,498.6635437011719,517.2405628900261,476.33944038650816,483.64569927250346,256611400.0,,,,,,,,,,
2025-04-08,,,,,,490.8531188964844,519.0300819148135,483.6160734043612,515.9454474877983,165816600.0,,,,,,,,,,
2025-04-09,,,,,,542.4021606445312,542.4021606445312,487.4619610383351,487.8475554203815,241867300.0,,,,,,,,,,
2025-04-10,,,,,,518.6345825195312,527.4534689848499,503.5475251856576,526.1385259148457,162331200.0,,,,,,,,,,
2025-04-11,,,,,,527.8885498046875,530.3503195313269,514.1757514102393,517.0824330937988,97866300.0,,,,,,,,,,
2025-04-14,,,,,,533.009765625,538.1113174755011,527.8093712828247,537.883883195208,68034000.0,,,,,,,,,,
2025-04-15,,,,,,531.5169067382812,537.0732068479572,530.7259857198238,533.5535570239268,56892900.0,,,,,,,,,,
2025-04-16,,,,,,519.7023315429688,531.7937621429162,514.3931980244283,525.6541223320015,83484800.0,,,,,,,,,,
2025-04-17,,,,,,520.44384765625,525.1499093262158,517.9721816819745,521.6599483491107,79868100.0,,,,,,,,,,
2025-04-21,,,,,,508.0558776855469,515.7872559194974,502.6972926989157,515.2533374613439,69368100.0,,,,,,,,,,
2025-04-22,,,,,,521.2742919921875,523.3010457814191,513.3056442523776,514.2448892796023,75948100.0,,,,,,,,,,
2025-04-23,,,,,,529.3516845703125,539.2482437222484,527.8291602174767,534.3049123051696,90590700.0,,,,,,,,,,
2025-04-24,,,,,,540.4940185546875,541.2256220112762,529.3814182452572,530.6369834977514,64150400.0,,,,,,,,,,
2025-04-25,,,,,,544.3992309570312,544.8045575926888,537.5279880397045,540.4544620384363,61119600.0,,,,,,,,,,
2025-04-28,,,,,,544.6068115234375,547.2762226232229,538.8429303961163,545.1407299494361,47613800.0,,,,,,,,,,
2025-04-29,,,,,,548.03759765625,549.1547955800734,542.3329728897722,542.6888783318544,47775100.0,,,,,,,,,,
2025-04-30,,,,,,548.2550659179688,550.2126665027023,535.3826699025942,541.3640897959557,93101500.0,,,,,,,,,,
2025-05-01,,,,,,552.1404418945312,557.6770094036193,551.5373699314374,554.0189320097116,63186100.0,,,,,,,,,,
2025-05-02,,,,,,560.3364868164062,561.9381212948161,556.0061238656243,558.3294653880318,60717300.0,,,,,,,,,,
2025-05-05,,,,,,557.1234130859375,560.2278400664005,555.3339293144951,556.194064255589,38659200.0,,,,,,,,,,
2025-05-06,,,,,,552.4667358398438,556.9651555946843,550.6476235760448,551.6066009560054,48264700.0,,,,,,,,,,
2025-05-07,,,,,,554.7901611328125,557.4298834610689,549.738030089525,553.8014947566288,55588000.0,,,,,,,,,,
2025-05-08,,,,,,558.6558227539062,563.8463212534109,555.333918196641,558.8337754612519,65130800.0,,,,,,,,,,
2025-05-09,,,,,,557.9439697265625,561.068128702691,556.381860066797,560.0596697605964,37603400.0,,,,,,,,,,
2025-05-12,,,,,,576.382568359375,576.3924646775216,570.4999916854949,574.8797762427796,78993600.0,,,,,,,,,,
2025-05-13,,,,,,580.18896484375,582.403567726764,576.2342995973956,576.7977862928067,67947200.0,,,,,,,,,,
2025-05-14,,,,,,580.9304809570312,582.3046813078995,578.9036666864055,581.1479585868793,66283500.0,,,,,,,,,,
2025-05-15,,,,,,583.7680053710938,584.2721745648568,578.4687074145315,578.9235156986,71268100.0,,,,,,,,,,
2025-05-16,,,,,,587.4655151367188,587.7621029517821,582.6012939394769,584.5489375445604,76052100.0,,,,,,,,,,
2025-05-19,,,,,,588.108154296875,588.7903364922698,581.4346564328234,581.4346564328234,68168500.0,,,,,,,,,,
2025-05-20,,,,,,586.1307983398438,587.317209981726,582.917632829089,586.3681289429425,60614500.0,,,,,,,,,,
2025-05-21,,,,,,576.2540893554688,585.8639582409971,575.2258980125081,581.7708648204313,95197700.0,,,,,,,,,,
2025-05-22,,,,,,576.4815673828125,579.9715286968509,574.8205545855405,576.05638769199,70860400.0,,,,,,,,,,
2025-05-23,,,,,,572.5465087890625,575.215919785119,569.0762805285291,569.4519785383726,76029000.0,,,,,,,,,,
2025-05-27,,,,,,584.4501342773438,584.6082943415249,571.8742669840636,579.4276923460704,72588500.0,,,,,,,,,,
2025-05-28,,,,,,581.0689086914062,586.051826179252,580.3373051792158,584.8555180607121,68445500.0,,,,,,,,,,
2025-05-29,,,,,,583.362548828125,586.4768718669775,579.4276761926377,586.3384441000501,69973300.0,,,,,,,,,,
2025-05-30,,,,,,582.7100830078125,584.430352826958,576.6297607292682,582.2552747565533,90601200.0,,,,,,,,,,
2025-06-02,,,,,,585.992431640625,586.0714814983527,578.4291102147669,581.0985213264464,61630500.0,,,,,,,,,,
2025-06-03,,,,,,589.3341064453125,590.3128764026674,585.1421107506463,585.6266079138771,63606200.0,,,,,,,,,,
2025-06-04,,,,,,589.1759643554688,591.1730898063917,588.7409487228937,590.1943197189499,57314200.0,,,,,,,,,,
2025-06-05,,,,,,586.3285522460938,592.2111289512687,584.3512195951713,590.8566609128592,92278700.0,,,,,,,,,,
2025-06-06,,,,,,592.349609375,594.0204580272924,590.0954209877331,591.8750084630755,66588700.0,,,,,,,,,,
2025-06-09,,,,,,592.8834838867188,594.4356974397457,591.7069684086109,592.9230088207169,53016400.0,,,,,,,,,,
2025-06-10,,,,,,596.2449340820312,596.6304681071312,592.3001649023746,593.4173023897237,66247000.0,,,,,,,,,,
2025-06-11,,,,,,594.5443725585938,598.2024500657004,592.4780937113569,597.3423151819753,73658200.0,,,,,,,,,,
2025-06-12,,,,,,596.9073486328125,596.9073486328125,592.725309003214,593.2097458920864,64129000.0,,,,,,,,,,
2025-06-13,,,,,,590.2338256835938,595.0288334634262,588.731033484191,591.7168252456129,89506000.0,,,,,,,,,,
2025-06-16,,,,,,595.8494262695312,597.5993850121447,593.4172853343232,593.5952983788304,79984100.0,,,,,,,,,,
2025-06-17,,,,,,590.7578125,594.9299553868199,589.9965201271316,593.4074309844862,82209400.0,,,,,,,,,,
2025-06-18,,,,,,590.6688232421875,594.4059506456396,589.7097855095001,591.6574895866379,76605000.0,,,,,,,,,,
2025-06-20,,,,,,589.2816162109375,594.4180406328666,587.8735160730708,593.3471074282096,94051400.0,,,,,,,,,,
2025-06-23,,,,,,595.1022338867188,595.4889076465048,586.9116980815279,590.0351674928282,87426000.0,,,,,,,,,,
2025-06-24,,,,,,601.676513671875,602.7374608387837,598.3348024442159,599.2471080685161,67735300.0,,,,,,,,,,
2025-06-25,,,,,,602.0136108398438,603.4910690166892,600.4468830082857,602.7969444947229,62114800.0,,,,,,,,,,
2025-06-26,,,,,,606.7236328125,607.1599344481853,603.2530708764845,603.8678512919777,78548400.0,,,,,,,,,,
2025-06-27,,,,,,609.7380981445312,611.2056913389495,605.692457719191,607.7252035075089,86258400.0,,,,,,,,,,
2025-06-30,,,,,,612.6533813476562,614.0118537505704,609.867018033134,612.1873634601734,92502500.0,,,,,,,,,,
2025-07-01,,,,,,612.455078125,613.625146088841,610.3429883405835,611.1758893553448,70030100.0,,,,,,,,,,
2025-07-02,,,,,,615.2315063476562,615.2711481262035,611.4237773441516,612.0484833566157,66510400.0,,,,,,,,,,
2025-07-03,,,,,,620.0803833007812,621.0124795190609,617.194824993195,617.214676143094,51065800.0,,,,,,,,,,
2025-07-07,,,,,,615.4595336914062,618.7813935886118,612.6731706581298,618.1169852960921,74814500.0,,,,,,,,,,
2025-07-08,,,,,,615.1224365234375,616.8775081543645,614.3093261623386,616.1238907210633,59024600.0,,,,,,,,,,
2025-07-09,,,,,,618.8110961914062,619.4655183729625,615.6875662931247,617.5319680301938,66113300.0,,,,,,,,,,
2025-07-10,,,,,,620.5563354492188,621.5974919629854,617.7699723301522,618.9499658515675,57529000.0,,,,,,,,,,
2025-07-11,,,,,,618.3748168945312,619.6043777491163,616.3024294765994,617.5022136064131,63670200.0,,,,,,,,,,
2025-07-14,,,,,,619.5548095703125,619.9018415613931,616.5701165685465,617.9186632768227,51898500.0,,,,,,,,,,
2025-07-15,,,,,,616.9072875976562,622.5791484786782,616.8279435196437,622.2420420602726,74317300.0,,,,,,,,,,
2025-07-16,,,,,,618.9697265625,619.4754466932056,612.8516386863737,618.4937831556223,88987500.0,,,,,,,,,,
2025-07-17,,,,,,622.7576293945312,623.1146474859103,618.9301097920578,619.1482908768893,68885700.0,,,,,,,,,,
2025-07-18,,,,,,622.3014526367188,624.1755098834977,621.190877778705,624.0069566966004,65621600.0,,,,,,,,,,
2025-07-21,,,,,,623.4815063476562,626.2281670376054,623.0551302914085,623.4815063476562,63375000.0,,,,,,,,,,
2025-07-22,,,,,,623.5707397460938,624.4334174667899,620.9232136557434,623.8087114591411,60046300.0,,,,,,,,,,
2025-07-23,,,,,,628.8757934570312,628.8757934570312,624.4334327911965,626.2381323551606,70511000.0,,,,,,,,,,
2025-07-24,,,,,,629.0839233398438,630.7994135925716,628.6575473006669,629.2624021105368,71307100.0,,,,,,,,,,
2025-07-25,,,,,,631.7413940429688,632.2173979677802,629.5004535059064,629.748350781943,56865400.0,,,,,,,,,,
2025-07-28,,,,,,631.5828247070312,632.6735486135409,630.1945756243812,632.1182610848412,54917100.0,,,,,,,,,,
2025-07-29,,,,,,629.9169311523438,633.2982235137306,629.0046860832861,632.9809077241022,60556300.0,,,,,,,,,,
2025-07-30,,,,,,629.1236572265625,632.3165451544952,626.2281734095909,630.5713386132512,80418900.0,,,,,,,,,,
2025-07-31,,,,,,626.763671875,634.4682782312485,625.4646925404661,634.0816044685715,103385200.0,,,,,,,,,,
2025-08-01,,,,,,616.4907836914062,621.0719812920488,614.0812292944926,621.0322789916852,140103600.0,,,,,,,,,,
2025-08-04,,,,,,625.8612670898438,625.9108344398344,620.3183179857707,620.4075271113948,73218000.0,,,,,,,,,,
2025-08-05,,,,,,622.688232421875,627.2892207726588,621.7660617410078,626.476110377079,68051400.0,,,,,,,,,,
2025-08-06,,,,,,627.457763671875,628.1121858315174,622.8468502662965,623.7590952688204,64357500.0,,,,,,,,,,
2025-08-07,,,,,,626.9321899414062,631.6223868787783,623.8185857342208,630.8886206499576,74205800.0,,,,,,,,,,
2025-08-08,,,,,,631.82080078125,632.2868791777582,628.4097315038053,628.727047311219,64051600.0,,,,,,,,,,
2025-08-11,,,,,,630.5713500976562,633.5758942477272,629.3219380955197,632.0984361099556,58742300.0,,,,,,,,,,
2025-08-12,,,,,,637.284423828125,637.4430514601922,631.4340237207567,632.9214074238032,64730800.0,,,,,,,,,,
2025-08-13,,,,,,639.4658813476562,640.7549350171026,637.2744477443421,639.4856719739724,60092800.0,,,,,,,,,,
2025-08-14,,,,,,639.5254516601562,640.1897994624859,636.9374184340268,637.3835851461316,59327500.0,,,,,,,,,,
2025-08-15,,,,,,638.0281372070312,640.6558727131268,637.11589211782,640.5566774831647,68592500.0,,,,,,,,,,
2025-08-18,,,,,,637.8892822265625,638.5834067295413,636.7787072305159,637.4529805837014,43804900.0,,,,,,,,,,
2025-08-19,,,,,,634.4286499023438,638.6924711313014,633.1098193903536,637.7108075589789,69750700.0,,,,,,,,,,
2025-08-20,,,,,,632.7429809570312,634.2799321395609,627.626407225106,634.0221697813646,88890300.0,,,,,,,,,,
2025-08-21,,,,,,630.2044677734375,632.604096553562,628.4791123479844,630.9283690027011,54805800.0,,,,,,,,,,
2025-08-22,,,,,,639.88232421875,641.0623176031913,631.8901189367884,632.3958390332336,84083200.0,,,,,,,,,,
2025-08-25,,,,,,637.0662841796875,639.8625729858918,636.9472983174492,638.6230864860744,51274300.0,,,,,,,,,,
2025-08-26,,,,,,639.7335815429688,640.0806740325912,636.1738106528877,636.798516612414,51581600.0,,,,,,,,,,
2025-08-27,,,,,,641.1912841796875,641.9250504526357,638.9998504138363,639.148612992103,48341100.0,,,,,,,,,,
2025-08-28,,,,,,643.4619750976562,644.0172625669782,639.9121297324674,641.7961126896905,61519500.0,,,,,,,,,,
2025-08-29,,,,,,639.6245727539062,642.3911452321481,637.7306640961879,642.0242015644989,74522200.0,,,,,,,,,,
2025-09-02,,,,,,634.884765625,635.1028861742022,629.5797276837342,632.13804448044,81983500.0,,,,,,,,,,
2025-09-03,,,,,,638.3255615234375,638.7916398746721,635.0731807265284,637.2645539172183,70820900.0,,,,,,,,,,
2025-09-04,,,,,,643.6602783203125,643.6900550422279,638.09747828346,638.999797688006,65219200.0,,,,,,,,,,
2025-09-05,,,,,,641.796142578125,646.7243720544352,637.9190556866993,646.0004708304714,85178900.0,,,,,,,,,,
2025-09-08,,,,,,643.3727416992188,644.3742563254497,641.7861629025881,643.1644862104067,63133100.0,,,,,,,,,,
2025-09-09,,,,,,644.8601684570312,645.3856792185645,641.7762803015634,643.5115612591451,66133900.0,,,,,,,,,,
2025-09-10,,,,,,646.724365234375,649.0446498954948,645.1576374702139,648.122479271532,78034500.0,,,,,,,,,,
2025-09-11,,,,,,652.0988159179688,652.7929404681626,648.092817304151,648.6778210448584,69934400.0,,,,,,,,,,
2025-09-12,,,,,,651.8805541992188,653.5662677492645,651.3748946038203,652.0689585463732,72780100.0,,,,,,,,,,
2025-09-15,,,,,,655.3511352539062,655.4800466805781,653.7943936028013,654.0918582328915,63772400.0,,,,,,,,,,
2025-09-16,,,,,,654.4488525390625,656.213910313041,653.6655188822047,655.9064595692537,61169000.0,,,,,,,,,,
2025-09-17,,,,,,653.6356811523438,656.1542956225366,648.7967216101163,654.4587170331596,101952200.0,,,,,,,,,,
2025-09-18,,,,,,656.6898803710938,659.2977648370164,654.7166275252608,656.3229972048737,90459200.0,,,,,,,,,,
2025-09-19,,,,,,659.9423217773438,660.7874850308027,656.6311583459587,658.5800832029405,97945600.0,,,,,,,,,,
2025-09-22,,,,,,663.0645751953125,663.5119788762895,658.4209716621773,658.4508309420254,69452200.0,,,,,,,,,,
2025-09-23,,,,,,659.4551391601562,663.5617612775759,658.2320617574377,662.9452156846509,81708900.0,,,,,,,,,,
2025-09-24,,,,,,657.3569946289062,660.8471316064555,655.9350982101993,660.7477220570149,68082200.0,,,,,,,,,,
2025-09-25,,,,,,654.3242797851562,655.6765652531099,650.7048739536411,654.2149171420698,89622100.0,,,,,,,,,,
2025-09-26,,,,,,658.072998046875,658.619871988132,654.1553026157394,655.7760789419195,69179200.0,,,,,,,,,,
2025-09-29,,,,,,659.9224243164062,661.5134019828115,658.112721358766,660.5985670660314,73499000.0,,,,,,,,,,
2025-09-30,,,,,,662.4082641601562,662.8756347075731,657.8641309647478,659.1766647693167,86288000.0,,,,,,,,,,
2025-10-01,,,,,,664.6654052734375,665.5801794564833,659.3059076216911,659.4152702620313,72545400.0,,,,,,,,,,
2025-10-02,,,,,,665.4309692382812,666.7733621981591,663.004842335434,666.6540464714482,56896000.0,,,,,,,,,,
2025-10-03,,,,,,665.421142578125,668.8714672806448,664.377038831869,666.1966948783695,70494400.0,,,,,,,,,,
2025-10-06,,,,,,667.8074951171875,668.7024238148077,665.669704301124,667.8174482099862,54623300.0,,,,,,,,,,
2025-10-07,,,,,,665.3316040039062,669.1796881705657,663.8898014056139,668.7322238208072,72020100.0,,,,,,,,,,
2025-10-08,,,,,,669.2990112304688,669.398481470165,665.6299006256374,666.4552183740389,60702200.0,,,,,,,,,,
2025-10-09,,,,,,667.3600463867188,670.1243359074817,665.4211353124821,669.7166839203261,66501900.0,,,,,,,,,,
2025-10-10,,,,,,649.32275390625,670.1342452495495,649.14378031214,668.324542434099,159422600.0,,,,,,,,,,
2025-10-13,,,,,,659.2860107421875,661.3642043859337,656.0345659370097,656.9095884512618,79560500.0,,,,,,,,,,
2025-10-14,,,,,,658.4805908203125,662.0602448848334,649.4718888267987,653.4492417720955,88779600.0,,,,,,,,,,
2025-10-15,,,,,,661.4039306640625,666.4352795829697,655.1992699391986,663.0446129876665,81702600.0,,,,,,,,,,
2025-10-16,,,,,,656.8995971679688,664.9239136533134,653.3895542222015,663.0445999065358,110563300.0,,,,,,,,,,
2025-10-17,,,,,,660.62841796875,661.9906565438909,654.4138037793879,655.7660892614911,96500900.0,,,,,,,,,,
2025-10-20,,,,,,667.499267578125,668.4041493887289,663.4921159142255,663.5418206897375,60493400.0,,,,,,,,,,
2025-10-21,,,,,,667.4893188476562,669.1797060532549,666.1867381348511,667.638493864759,56249000.0,,,,,,,,,,
2025-10-22,,,,,,664.0191040039062,668.1953369980629,659.5445816579371,668.1953369980629,80564000.0,,,,,,,,,,
2025-10-23,,,,,,667.9566650390625,668.9012985038863,664.019063764971,664.3372592841532,65604500.0,,,,,,,,,,
2025-10-24,,,,,,673.4155883789062,674.628651928334,671.8246714345047,672.6300829996666,74356500.0,,,,,,,,,,
2025-10-27,,,,,,681.3603515625,681.658640907831,678.2580209918731,678.8645527756448,63339800.0,,,,,,,,,,
2025-10-28,,,,,,683.1700439453125,685.0095454543999,680.9526890414517,683.1600908523567,61738100.0,,,,,,,,,,
2025-10-29,,,,,,683.4982299804688,685.795149064121,679.0038013689816,684.8206562449755,85657100.0,,,,,,,,,,
2025-10-30,,,,,,675.9810180664062,682.0564104652303,675.9810180664062,680.0279821977349,76335800.0,,,,,,,,,,
2025-10-31,,,,,,678.1983032226562,681.2012239761448,675.3942622450203,681.1614116072222,87164100.0,,,,,,,,,,
2025-11-03,,,,,,679.4711303710938,681.9171636388411,676.0903560257897,681.7878948104295,57315000.0,,,,,,,,,,
2025-11-04,,,,,,671.4169921875,676.1103005794487,670.7607556049009,672.2820616639051,78427000.0,,,,,,,,,,
2025-11-05,,,,,,673.7437133789062,677.0051112074705,670.3529860359731,671.1583975728993,74402400.0,,,,,,,,,,
2025-11-06,,,,,,666.514892578125,673.5448715272548,664.9338680034818,672.6399897028363,85035300.0,,,,,,,,,,
2025-11-07,,,,,,667.1710815429688,667.2805048704689,657.4663915648358,664.1284090392404,100592400.0,,,,,,,,,,
2025-11-10,,,,,,677.5818481445312,678.3176487268574,671.2081667723378,673.4056154266486,75842900.0,,,,,,,,,,
2025-11-11,,,,,,679.1329956054688,679.6997756663966,674.8871520395073,676.1002762110339,58953400.0,,,,,,,,,,
2025-11-12,,,,,,679.5109252929688,681.0819968300743,677.0946904605516,680.9129156193362,62312500.0,,,,,,,,,,
2025-11-13,,,,,,668.235107421875,677.0051787486752,666.7237544337754,676.6472315164618,103457800.0,,,,,,,,,,
2025-11-14,,,,,,668.1256713867188,671.8345335183507,659.5147291242073,661.612768198211,96846700.0,,,,,,,,,,
2025-11-17,,,,,,661.901123046875,669.8956413839408,658.4209391867944,665.9083353081996,90456100.0,,,,,,,,,,
2025-11-18,,,,,,656.3427734375,661.354216097308,652.146634691611,658.3512953245886,114467500.0,,,,,,,,,,
2025-11-19,,,,,,658.8783569335938,663.5617119214406,655.0203196831769,657.0388554539629,94703000.0,,,,,,,,,,
2025-11-20,,,,,,648.8355712890625,671.7351497651099,648.1991802397498,669.1001291109939,165293500.0,,,,,,,,,,
2025-11-21,,,,,,655.2987670898438,660.7874729698119,647.1650267848305,651.3412595795126,123956200.0,,,,,,,,,,
2025-11-24,,,,,,664.9437866210938,666.2662734630499,657.8442577670318,658.9380055466532,80437900.0,,,,,,,,,,
2025-11-25,,,,,,671.1982421875,672.3815071629971,660.717877921785,664.8444060411854,81077100.0,,,,,,,,,,
2025-11-26,,,,,,675.8318481445312,677.8404309302599,672.8885849296569,673.7934667684052,71879600.0,,,,,,,,,,
2025-11-28,,,,,,679.5208129882812,679.7991961322198,676.6471609574353,677.0051081523229,49212000.0,,,,,,,,,,
2025-12-01,,,,,,676.41845703125,679.1230277654502,674.8970904760725,674.9667014318244,61201200.0,,,,,,,,,,
2025-12-02,,,,,,677.67138671875,679.9483994968172,675.4838303983408,678.0591325179204,62953800.0,,,,,,,,,,
2025-12-03,,,,,,680.0180053710938,681.0321891246488,675.8417725523884,676.7167950740063,57238500.0,,,,,,,,,,
2025-12-04,,,,,,680.51513671875,681.4895687361658,677.4824173401821,681.4199577792665,61970300.0,,,,,,,,,,
2025-12-05,,,,,,681.8078002929688,684.4925257185774,680.7040993957534,681.5890143183475,79241000.0,,,,,,,,,,
2025-12-08,,,,,,679.7594604492188,682.7524282821314,677.7111260885928,682.7027235077143,55231500.0,,,,,,,,,,
2025-12-09,,,,,,679.1727905273438,681.5095218770947,678.7253868572307,679.2822138612034,58310100.0,,,,,,,,,,
2025-12-10,,,,,,683.6771850585938,685.0692222502689,677.4526176554032,678.6955405173951,85671300.0,,,,,,,,,,
2025-12-11,,,,,,685.26806640625,685.3476304583654,678.3076987410943,681.2609148661827,86173700.0,,,,,,,,,,
2025-12-12,,,,,,677.9000854492188,684.9797692517327,675.3247225627367,684.2737672143002,113160300.0,,,,,,,,,,
2025-12-15,,,,,,676.8758544921875,681.8774049984522,675.4042533093998,681.8574988128718,90811000.0,,,,,,,,,,
2025-12-16,,,,,,675.0264282226562,677.2239376857725,671.1584377196804,675.3843754405706,122030600.0,,,,,,,,,,
2025-12-17,,,,,,667.5986938476562,676.5874893555698,667.3998140691156,676.0406154817738,110625200.0,,,,,,,,,,
2025-12-18,,,,,,672.6399536132812,676.8857972779194,671.0788959983324,673.7635606688432,108650100.0,,,,,,,,,,
2025-12-19,,,,,,678.7363891601562,679.2350273728672,674.6275542880097,674.747283458469,103599500.0,,,,,,,,,,
2025-12-22,,,,,,682.96484375,683.4933686131409,678.7364013691785,682.0772531068674,69556700.0,,,,,,,,,,
2025-12-23,,,,,,686.0863037109375,686.325640311278,682.0074163952171,682.0572680421344,64840000.0,,,,,,,,,,
2025-12-24,,,,,,688.4996948242188,688.9484813838191,685.9267046355759,686.0763204450832,39445600.0,,,,,,,,,,
2025-12-26,,,,,,688.4298706054688,689.7761694005526,687.392725060237,688.758988861415,41613300.0,,,,,,,,,,
2025-12-29,,,,,,685.9765625,687.322922191004,684.2014421207446,685.6674092439482,62559500.0,,,,,,,,,,
2025-12-30,,,,,,685.138916015625,686.6846823672308,684.7100944386586,685.5777200962995,47160700.0,,,,,,,,,,
2025-12-31,,,,,,680.062744140625,685.4879304984822,679.8533550408816,685.2685588951464,74144800.0,,,,,,,,,,
2026-01-02,,,,,,681.309326171875,684.999261161205,677.9684744567207,683.842447277036,89377200.0,,,,,,,,,,
2026-01-05,,,,,,685.846923828125,687.5522884526621,684.5106074856512,684.6701449336617,71927200.0,,,,,,,,,,
2026-01-06,,,,,,689.92578125,690.4344019511112,685.9067890249802,686.0563439630641,69273800.0,,,,,,,,,,
2026-01-07,,,,,,687.701904296875,692.0699799720542,687.4426026835383,690.3047811958188,75588300.0,,,,,,,,,,
2026-01-08,,,,,,687.632080078125,688.7390423054183,685.6175622141362,686.9439569075789,64019200.0,,,,,,,,,,
2026-01-09,,,,,,692.1796264648438,693.4162394407576,687.3029303433501,688.7489932725086,80125500.0,,,,,,,,,,
2026-01-12,,,,,,693.2666625976562,694.1941832506386,688.7490319805348,688.7988836287034,63976000.0,,,,,,,,,,
2026-01-13,,,,,,691.8804931640625,694.194181802135,689.467040360938,693.595779418591,78309700.0,,,,,,,,,,
2026-01-14,,,,,,688.479736328125,689.8360176539858,684.1714948792828,689.1180078469732,94676700.0,,,,,,,,,,
2026-01-15,,,,,,690.3546142578125,693.5558934557131,689.3673203481677,692.678285342935,77862000.0,,,,,,,,,,
2026-01-16,,,,,,689.7761840820312,692.359156800422,688.22043529661,691.7707369284135,79289200.0,,,,,,,,,,
2026-01-20,,,,,,675.7345581054688,682.9049778344743,674.7272992054969,679.6338820353151,111623300.0,,,,,,,,,,
2026-01-21,,,,,,683.5332641601562,686.8641332264262,676.2830453044572,677.7989248999835,127844500.0,,,,,,,,,,
2026-01-22,,,,,,687.103515625,689.2476843606095,685.0491285530771,687.9711412752974,77112200.0,,,,,,,,,,
2026-01-23,,,,,,687.352783203125,689.0781127396581,685.2884137823622,686.2757685331861,63059600.0,,,,,,,,,,
2026-01-26,,,,,,690.84326171875,692.2394730275811,688.0409174669724,688.609372319757,60473800.0,,,,,,,,,,
2026-01-27,,,,,,693.5957641601562,694.6329705879123,691.6810104865692,692.2893344912051,55506100.0,,,,,,,,,,
2026-01-28,,,,,,693.5259399414062,695.9393926651097,692.0499903412962,695.1515053497095,61172200.0,,,,,,,,,,
2026-01-29,,,,,,692.1497192382812,695.1615135683285,682.9648421722587,694.4933553961189,97486200.0,,,,,,,,,,
2026-01-30,,,,,,690.0853271484375,692.3192774332931,685.2485609149509,689.9058246991844,101835100.0,,,,,,,,,,
2026-02-02,,,,,,693.5159912109375,695.0318708971434,687.5423149981101,687.7019133171445,79286500.0,,,,,,,,,,
2026-02-03,,,,,,687.6520385742188,695.0617950648859,682.1670182684101,694.3138377504575,107904600.0,,,,,,,,,,
2026-02-04,,,,,,684.3211059570312,689.5667896413613,679.9031787408285,688.4697490630058,105204600.0,,,,,,,,,,
2026-02-05,,,,,,675.7744750976562,681.8279505601881,673.9494421186707,679.0854402743204,113610800.0,,,,,,,,,,
2026-02-06,,,,,,688.739013671875,690.4244132010324,678.995603890688,679.6039887472712,89127600.0,,,,,,,,,,
2026-02-09,,,,,,692.0599975585938,693.9747512796714,686.4652913399738,687.5423060693106,73885200.0,,,,,,,,,,
2026-02-10,,,,,,690.2349243164062,694.64286887948,689.7761552680904,693.0572335194393,65185700.0,,,,,,,,,,
2026-02-11,,,,,,690.075439453125,695.2413241987686,687.3029816841566,694.4933668556342,76353900.0,,,,,,,,,,
2026-02-12,,,,,,679.41455078125,693.4561594586687,678.5169776231163,692.3491972008484,118829000.0,,,,,,,,,,
2026-02-13,,,,,,679.8931884765625,684.410879804094,675.6747287653898,679.833354327075,96267500.0,,,,,,,,,,
2026-02-17,,,,,,680.9901733398438,683.074507822494,673.9394826742099,678.287593220413,81354700.0,,,,,,,,,,
2026-02-18,,,,,,684.4208374023438,687.2730943282486,680.9702998190471,682.157061237011,73570300.0,,,,,,,,,,
2026-02-19,,,,,,682.61572265625,684.311104689823,679.6937101433548,681.9775120282383,58649400.0,,,,,,,,,,
2026-02-20,,,,,,687.5523071289062,688.1805961724377,679.8732661615737,680.4616860592505,100034000.0,,,,,,,,,,
2026-02-23,,,,,,680.531494140625,688.1207533479937,678.5169762252317,685.9566804858357,90558100.0,,,,,,,,,,
2026-02-24,,,,,,685.4779052734375,686.4751816677359,678.1479481229125,680.0427976196477,73798700.0,,,,,,,,,,
2026-02-25,,,,,,691.26220703125,691.7907319065998,688.2204651135966,688.3002642742074,56369500.0,,,,,,,,,,
2026-02-26,,,,,,687.422607421875,691.4117130049051,682.486077089091,691.391808867856,71671000.0,,,,,,,,,,
2026-02-27,,,,,,684.1216430664062,684.9892686841309,679.7835149777827,681.2295779636313,83308900.0,,,,,,,,,,
2026-03-02,,,,,,684.5106201171875,686.744509644098,676.1734035367807,676.8515442239554,87477200.0,,,,,,,,,,
2026-03-03,,,,,,678.4771118164062,680.7508704958498,667.8361281509542,673.221445388408,105003100.0,,,,,,,,,,
2026-03-04,,,,,,683.2639770507812,685.2186606854194,677.7689744100875,679.7735096903759,79182200.0,,,,,,,,,,
2026-03-05,,,,,,679.4544067382812,683.6629449535216,673.7699188745959,680.2223290726917,106606500.0,,,,,,,,,,
2026-03-06,,,,,,670.5487060546875,674.2685275228549,667.9358467743081,671.5758690877306,100687000.0,,,,,,,,,,
2026-03-09,,,,,,676.4227294921875,678.0681991431876,660.5859743093405,664.5750801817165,102667700.0,,,,,,,,,,
2026-03-10,,,,,,675.3356323242188,681.4987932365287,672.9222404542279,675.87413967305,81505300.0,,,,,,,,,,
2026-03-11,,,,,,674.4879760742188,678.2277626375325,671.5061293267642,675.7345715953234,68441700.0,,,,,,,,,,
2026-03-12,,,,,,664.2459106445312,669.8207124533001,664.0564256954588,669.3319958917509,108882200.0,,,,,,,,,,
2026-03-13,,,,,,660.4862060546875,670.5088831921612,659.5587462493693,667.4472371497842,97200200.0,,,,,,,,,,
2026-03-16,,,,,,667.2078857421875,670.239584206393,665.3030536555561,666.5596317087426,82023100.0,,,,,,,,,,
2026-03-17,,,,,,668.9630126953125,672.60309589337,667.8760155087483,670.5586914524959,87128000.0,,,,,,,,,,
2026-03-18,,,,,,659.6285400390625,667.8959397089973,659.3892034355257,666.5396583763402,82062600.0,,,,,,,,,,
2026-03-19,,,,,,658.0029907226562,661.1743225351036,653.3855958813168,655.1806813207687,111272500.0,,,,,,,,,,
2026-03-20,,,,,,648.5700073242188,656.6900024414062,644.719970703125,656.510009765625,163617500.0,,,,,,,,,,
2026-03-23,,,,,,655.3800048828125,662.6199951171875,653.9400024414062,658.0700073242188,134802700.0,,,,,,,,,,
2026-03-24,,,,,,653.1799926757812,657.030029296875,649.8800048828125,651.3200073242188,96457500.0,,,,,,,,,,
2026-03-25,,,,,,656.8200073242188,660.8900146484375,654.239990234375,658.6699829101562,90653800.0,,,,,,,,,,
2026-03-26,,,,,,645.0900268554688,654.8499755859375,644.8200073242188,652.0599975585938,96494400.0,,,,,,,,,,
2026-03-27,,,,,,634.0900268554688,642.6599731445312,633.1099853515625,642.5,103649400.0,,,,,,,,,,
2026-03-30,,,,,,631.969970703125,640.3699951171875,629.280029296875,640.1099853515625,99275900.0,,,,,,,,,,
2026-03-31,,,,,,650.3400268554688,651.5399780273438,637.97998046875,638.9400024414062,152534100.0,,,,,,,,,,
2026-04-01,,,,,,655.239990234375,658.52001953125,653.0,653.9000244140625,97841500.0,,,,,,,,,,
2026-04-02,,,,,,,,,,,,,,,,655.8300170898438,658.2000122070312,645.1099853515625,646.4199829101562,68358700.0
