Date,Close,High,Low,Open,Volume,"('Close', 'TLT')","('High', 'TLT')","('Low', 'TLT')","('Open', 'TLT')","('Volume', 'TLT')","('Close', 'TLT').1","('High', 'TLT').1","('Low', 'TLT').1","('Open', 'TLT').1","('Volume', 'TLT').1","('Close', 'TLT')","('High', 'TLT')","('Low', 'TLT')","('Open', 'TLT')","('Volume', 'TLT')"
2018-01-02,99.4598388671875,100.26826553313532,99.12696014442936,100.25241071004592,16238200.0,,,,,,,,,,,,,,,
2018-01-03,99.93536376953124,100.0225471411676,99.45982195405072,99.86403521828818,8605100.0,,,,,,,,,,,,,,,
2018-01-04,99.91950225830078,99.9908368472924,99.3647045521058,99.5866236345838,9217900.0,,,,,,,,,,,,,,,
2018-01-05,99.6341781616211,100.00668779252362,99.3567793024942,99.7609925239886,10915400.0,,,,,,,,,,,,,,,
2018-01-08,99.57073974609376,99.88776950572183,99.20615763891534,99.85606592507506,8850600.0,,,,,,,,,,,,,,,
2018-01-09,98.2392807006836,98.93674781507724,98.12832112281978,98.92089299147185,16226400.0,,,,,,,,,,,,,,,
2018-01-10,98.1204071044922,98.22343927826768,97.21687559032564,97.33575654204972,14302600.0,,,,,,,,,,,,,,,
2018-01-11,98.52458190917967,98.74650100826344,97.73201024282808,97.89052820420356,12511000.0,,,,,,,,,,,,,,,
2018-01-12,98.6910629272461,98.90506075379962,98.20759956961872,98.35818413799008,9987100.0,,,,,,,,,,,,,,,
2018-01-16,99.10318756103516,99.29340311712322,98.72275040201552,99.20621972749046,9125900.0,,,,,,,,,,,,,,,
2018-01-17,98.96844482421876,99.57872246182563,98.75444704770244,99.13488417992971,8327000.0,,,,,,,,,,,,,,,
2018-01-18,98.04903411865234,98.49287228965927,97.91429839485976,98.22340084207408,10843900.0,,,,,,,,,,,,,,,
2018-01-19,97.53386688232422,97.93015271369636,97.47046574490452,97.80334439201508,11374300.0,,,,,,,,,,,,,,,
2018-01-22,97.62901306152344,98.04907522760864,97.47842245600457,97.84300482745292,8984700.0,,,,,,,,,,,,,,,
2018-01-23,98.04903411865234,98.4373925182834,97.67652449076802,98.12829007106907,12325700.0,,,,,,,,,,,,,,,
2018-01-24,97.51801300048828,97.58934154391407,97.12172718987846,97.36742245746724,9038900.0,,,,,,,,,,,,,,,
2018-01-25,98.31851196289062,98.39776791558934,97.32779743705272,97.61312370424136,12173300.0,,,,,,,,,,,,,,,
2018-01-26,97.95392608642578,98.20755481619724,97.56556767593628,98.18377258764988,6462900.0,,,,,,,,,,,,,,,
2018-01-29,97.27232360839844,97.46253911586504,96.93151754881475,97.46253911586504,12223000.0,,,,,,,,,,,,,,,
2018-01-30,96.70171356201172,96.98703997209977,96.45601212469752,96.91570534615543,12064400.0,,,,,,,,,,,,,,,
2018-01-31,97.27232360839844,97.43083552348028,96.64619126419392,97.3832831583241,18045100.0,,,,,,,,,,,,,,,
2018-02-01,95.86257934570312,97.31600685330686,95.80698405598544,97.27629939461258,18632800.0,,,,,,,,,,,,,,,
2018-02-02,94.97300720214844,95.51307805757595,94.70296874472012,95.42571320894584,23944400.0,,,,,,,,,,,,,,,
2018-02-05,95.87052154541016,96.75210830903576,94.2264825109739,94.64741913407887,28606200.0,,,,,,,,,,,,,,,
2018-02-06,95.2748794555664,95.9976244528429,95.08426785407636,95.64022088318632,10935400.0,,,,,,,,,,,,,,,
2018-02-07,94.36946868896484,95.56874574401672,94.16296924849117,95.409897690024,16271100.0,,,,,,,,,,,,,,,
2018-02-08,94.26622009277344,94.65538721317932,93.5990703983584,93.72614883898358,15155100.0,,,,,,,,,,,,,,,
2018-02-09,93.67056274414062,94.5839133733263,93.55142820920166,93.80557905600216,15661600.0,,,,,,,,,,,,,,,
2018-02-12,94.08355712890624,94.75070689976032,93.86911981007395,94.16297813367991,10944600.0,,,,,,,,,,,,,,,
2018-02-13,94.5044937133789,94.52038154996151,94.02796162628256,94.20269147208586,8157600.0,,,,,,,,,,,,,,,
2018-02-14,93.45611572265624,94.14709115079268,93.29727372189184,94.08355192671334,12043300.0,,,,,,,,,,,,,,,
2018-02-15,93.7738265991211,94.35361154353376,93.7102873609376,93.86913545639634,8222400.0,,,,,,,,,,,,,,,
2018-02-16,94.28203582763672,94.6791465872811,93.98817168410532,94.54413038326504,8454100.0,,,,,,,,,,,,,,,
2018-02-20,93.86911010742188,94.12326093208816,93.54347614424404,93.94058718649976,8268800.0,,,,,,,,,,,,,,,
2018-02-21,92.71747589111328,93.94852243225004,92.53480822181928,93.90880890791672,12054300.0,,,,,,,,,,,,,,,
2018-02-22,92.99542999267578,93.44814224711747,92.92395293740496,93.11456447755876,9317900.0,,,,,,,,,,,,,,,
2018-02-23,93.82144927978516,93.964409492221,93.49582138777946,93.622893765815,9072900.0,,,,,,,,,,,,,,,
2018-02-26,93.85321044921876,94.44093908050984,93.74996377263494,94.25826535793388,8771600.0,,,,,,,,,,,,,,,
2018-02-27,93.71819305419922,94.24238246625043,93.13047048931406,94.13118581506728,12525700.0,,,,,,,,,,,,,,,
2018-02-28,94.31385040283205,94.37738960894607,93.91673945376748,94.09146924086502,9311600.0,,,,,,,,,,,,,,,
2018-03-01,94.95765686035156,95.19640633167856,94.02654485114856,94.24937445283976,12287700.0,,,,,,,,,,,,,,,
2018-03-02,94.18567657470705,94.64725549804264,94.0026406348097,94.5835881834482,10064300.0,,,,,,,,,,,,,,,
2018-03-05,93.9310531616211,94.54384069868146,93.61272252550614,94.50404709229764,5658200.0,,,,,,,,,,,,,,,
2018-03-06,94.01860809326172,94.44835360459795,94.0026942913542,94.19369027250826,5452000.0,,,,,,,,,,,,,,,
2018-03-07,93.91511535644533,94.4483155444469,93.87532176023312,94.36077449010033,4461800.0,,,,,,,,,,,,,,,
2018-03-08,94.4563446044922,94.6950881415353,94.11414007024112,94.15392762392092,7086700.0,,,,,,,,,,,,,,,
2018-03-09,93.83556365966795,94.12205456995945,93.58089427869382,93.89922493325928,6570400.0,,,,,,,,,,,,,,,
2018-03-12,94.37673950195312,94.43245299554492,94.05841484610848,94.15390981420042,5801300.0,,,,,,,,,,,,,,,
2018-03-13,94.85419464111328,94.99744309847443,94.05837122725153,94.1538661510584,7455300.0,,,,,,,,,,,,,,,
2018-03-14,95.68984985351562,95.8171845730372,94.99748704899126,95.02136079098815,10175000.0,,,,,,,,,,,,,,,
2018-03-15,95.68984985351562,95.88880579902788,95.44314642400958,95.63414243163834,6757900.0,,,,,,,,,,,,,,,
2018-03-16,95.34761810302734,95.50678645688728,95.14070835048724,95.33966423907324,6084300.0,,,,,,,,,,,,,,,
2018-03-19,95.04520416259766,95.47494959618336,94.86216207968737,94.87012201502738,8491200.0,,,,,,,,,,,,,,,
2018-03-20,94.6631851196289,94.8780608244024,94.56769020341872,94.63135752865908,5446000.0,,,,,,,,,,,,,,,
2018-03-21,94.76668548583984,95.0372626232582,93.99473554303022,94.43244099668088,9742400.0,,,,,,,,,,,,,,,
2018-03-22,95.7057113647461,96.15137046798662,95.23617246241776,95.74549888659264,12136600.0,,,,,,,,,,,,,,,
2018-03-23,95.63411712646484,95.74553194073862,95.19641780514704,95.24416527650664,7250400.0,,,,,,,,,,,,,,,
2018-03-26,95.26803588867188,95.85694361218953,95.23620221825853,95.49882544542989,8237900.0,,,,,,,,,,,,,,,
2018-03-27,96.28672790527344,96.39018889377446,95.34765549996165,95.3635753774176,9168500.0,,,,,,,,,,,,,,,
2018-03-28,96.54137420654295,96.8039974931794,96.2548771796038,96.65278904239118,7412500.0,,,,,,,,,,,,,,,
2018-03-29,97.01087951660156,97.3212501755609,96.7005088576422,96.72438258961584,9694300.0,,,,,,,,,,,,,,,
2018-04-02,97.20230102539062,97.5851155301928,96.62808839513256,96.77961393932851,12036500.0,,,,,,,,,,,,,,,
2018-04-03,96.45263671875,96.88330077598272,96.3649085172046,96.78759562394308,9855000.0,,,,,,,,,,,,,,,
2018-04-04,96.25324249267578,96.8673337355656,96.181462117225,96.77960554591996,6654300.0,,,,,,,,,,,,,,,
2018-04-05,95.53547668457033,95.91828510168804,95.51952278448952,95.78270737415176,7603700.0,,,,,,,,,,,,,,,
2018-04-06,96.58025360107422,96.6201322755618,95.87843395636531,96.22934682103548,8831200.0,,,,,,,,,,,,,,,
2018-04-09,96.73975372314452,96.73975372314452,95.98210156680268,96.21338447234088,6307500.0,,,,,,,,,,,,,,,
2018-04-10,96.5643081665039,96.80356196544297,96.32504828293324,96.66000725222688,6046000.0,,,,,,,,,,,,,,,
2018-04-11,96.9072265625,97.21028375353532,96.7158162564067,97.1783820358531,5901300.0,,,,,,,,,,,,,,,
2018-04-12,96.19743347167967,96.55631716016651,96.02995401141044,96.53239239221816,6622800.0,,,,,,,,,,,,,,,
2018-04-13,96.42072296142578,96.60415020747595,96.1017119124254,96.11765972679208,4964000.0,,,,,,,,,,,,,,,
2018-04-16,96.45263671875,96.4765614856023,95.84651625842648,95.88639492626729,4491300.0,,,,,,,,,,,,,,,
2018-04-17,96.7158203125,96.96305711374823,96.35693662162744,96.43668787686238,5590400.0,,,,,,,,,,,,,,,
2018-04-18,95.94222259521484,96.77164291794546,95.92626869402936,96.73177033424273,8138400.0,,,,,,,,,,,,,,,
2018-04-19,95.16061401367188,95.32809341253072,94.7538748537984,95.24036523913392,9875800.0,,,,,,,,,,,,,,,
2018-04-20,94.47476959228516,95.00910964907702,94.4508448262542,94.81770543619923,7579400.0,,,,,,,,,,,,,,,
2018-04-23,94.4987335205078,94.60241566245018,94.17175144152652,94.37113268725231,7073200.0,,,,,,,,,,,,,,,
2018-04-24,94.06803131103516,94.46679364145012,93.91650576302608,94.2753894265474,8190800.0,,,,,,,,,,,,,,,
2018-04-25,93.43798828125,93.82877364504,93.26253188965408,93.63736943813085,6603800.0,,,,,,,,,,,,,,,
2018-04-26,94.09195709228516,94.2115809172601,93.78091689346044,93.89257593782033,6528600.0,,,,,,,,,,,,,,,
2018-04-27,94.81771850585938,94.86556804451683,94.45883479666628,94.482759565995,5401800.0,,,,,,,,,,,,,,,
2018-04-30,94.98516845703124,95.3520290035342,94.85756769872243,94.9692206439786,8321100.0,,,,,,,,,,,,,,,
2018-05-01,94.64310455322266,94.9867903948954,94.49923336687444,94.93084082787362,7979200.0,,,,,,,,,,,,,,,
2018-05-02,94.53913116455078,95.0107110007567,94.52314819802038,94.82687334642932,4644000.0,,,,,,,,,,,,,,,
2018-05-03,94.96279907226562,95.3624405208964,94.85889449091768,94.98677658349634,6345300.0,,,,,,,,,,,,,,,
2018-05-04,95.10668182373048,95.29851413303462,94.7070403264148,95.29851413303462,4283500.0,,,,,,,,,,,,,,,
2018-05-07,94.95480346679688,95.13064056856496,94.90684234991092,95.09068008554482,3647800.0,,,,,,,,,,,,,,,
2018-05-08,94.86688995361328,95.11466570280936,94.55517010848124,94.75499083474766,6091200.0,,,,,,,,,,,,,,,
2018-05-09,94.29940795898438,94.65108832088607,94.29940795898438,94.41130708750472,7832500.0,,,,,,,,,,,,,,,
2018-05-10,95.0587158203125,95.0986824046478,94.59513027341926,94.75499051271586,7101500.0,,,,,,,,,,,,,,,
2018-05-11,95.29854583740234,95.4024504659756,94.97083677351796,95.37047840378828,4273400.0,,,,,,,,,,,,,,,
2018-05-14,94.79496002197266,95.10667989571604,94.78696548473572,94.9548202764854,4996200.0,,,,,,,,,,,,,,,
2018-05-15,93.71589660644533,93.97966136106416,93.27628868208058,93.96367229215468,12901000.0,,,,,,,,,,,,,,,
2018-05-16,93.35626983642578,93.93974309275244,93.34827529786008,93.85182146266824,6518000.0,,,,,,,,,,,,,,,
2018-05-17,92.88467407226562,93.3722371763252,92.78875791968098,93.22037145924416,7330300.0,,,,,,,,,,,,,,,
2018-05-18,93.68395233154295,93.7478964300457,93.12445671475616,93.12445671475616,9606500.0,,,,,,,,,,,,,,,
2018-05-21,93.73190307617188,93.81982468308702,93.47613279188542,93.62000395792434,4448500.0,,,,,,,,,,,,,,,
2018-05-22,93.58808135986328,93.79589673128967,93.39625506980312,93.7479416832866,4700700.0,,,,,,,,,,,,,,,
2018-05-23,94.2674331665039,94.4033098046059,94.04363491597238,94.1155674544811,9634000.0,,,,,,,,,,,,,,,
2018-05-24,95.0187530517578,95.16262422388006,94.8269268549431,94.8668934408834,8204100.0,,,,,,,,,,,,,,,
2018-05-25,95.6102523803711,95.78608955061124,95.49035868853508,95.5622912448088,8482800.0,,,,,,,,,,,,,,,
2018-05-29,97.704345703125,97.92814395252748,96.25764552088398,96.54538786955716,21668100.0,,,,,,,,,,,,,,,
2018-05-30,97.04891204833984,97.09687316100116,96.50539952317882,96.7132147499284,11616300.0,,,,,,,,,,,,,,,
2018-05-31,96.88907623291016,97.49653295764934,96.67326643028484,97.16082949779272,10769900.0,,,,,,,,,,,,,,,
2018-06-01,96.37718200683594,96.7056463565005,96.01666519900058,96.27302985442738,8718800.0,,,,,,,,,,,,,,,
2018-06-04,95.68016815185548,96.24897692365838,95.6321016988681,96.22494369716468,7156500.0,,,,,,,,,,,,,,,
2018-06-05,95.90447998046876,96.2649966903271,95.8323803058254,96.10476500409656,5635900.0,,,,,,,,,,,,,,,
2018-06-06,95.12738800048828,95.41579896863244,94.87102337460622,95.3997788536088,7813300.0,,,,,,,,,,,,,,,
2018-06-07,96.04867553710938,96.5293583218037,95.07929685618208,95.08730996772071,13238300.0,,,,,,,,,,,,,,,
2018-06-08,95.76026153564452,96.01662608664124,95.68816187077655,95.7842947572672,6790600.0,,,,,,,,,,,,,,,
2018-06-11,95.5839614868164,95.64805412024934,95.28754375355652,95.39168969872756,6844200.0,,,,,,,,,,,,,,,
2018-06-12,95.60806274414062,95.70420176271574,95.2475521208589,95.27959846038394,6048200.0,,,,,,,,,,,,,,,
2018-06-13,95.56000518798828,95.8484161583516,95.0392628185981,95.69619755948906,8834700.0,,,,,,,,,,,,,,,
2018-06-14,96.35311889648438,96.37715823418289,95.72022358467954,95.9605619517384,10078800.0,,,,,,,,,,,,,,,
2018-06-15,96.44125366210938,97.01006246230686,96.3771670923318,96.80177041415423,7992800.0,,,,,,,,,,,,,,,
2018-06-18,96.35311889648438,96.58545026319108,96.16886009296064,96.5213636993038,4893700.0,,,,,,,,,,,,,,,
2018-06-19,96.91393280029295,97.12223096764276,96.69762151937192,96.91393280029295,6133300.0,,,,,,,,,,,,,,,
2018-06-20,96.0647201538086,96.76972129886676,96.05670704073566,96.7536950727209,6879100.0,,,,,,,,,,,,,,,
2018-06-21,96.56941986083984,96.7376585335195,96.31305529596418,96.42521441108394,7235800.0,,,,,,,,,,,,,,,
2018-06-22,96.56140899658205,96.63351477924492,96.1848721961104,96.20890541959352,4082500.0,,,,,,,,,,,,,,,
2018-06-25,96.77771759033205,97.02606904249568,96.64953225230347,96.66555847566372,8363700.0,,,,,,,,,,,,,,,
2018-06-26,96.91393280029295,96.96199925729108,96.66558128951635,96.75370108994132,5450000.0,,,,,,,,,,,,,,,
2018-06-27,97.82723236083984,97.88331193152634,97.37859579534783,97.53882139381932,8173400.0,,,,,,,,,,,,,,,
2018-06-28,97.85125732421876,97.9393832295988,97.60290583390092,97.84324421130758,7109500.0,,,,,,,,,,,,,,,
2018-06-29,97.51478576660156,98.13967414237008,97.4587061972945,97.87529641040196,11164700.0,,,,,,,,,,,,,,,
2018-07-02,97.43851470947266,97.7596976930182,97.3903394060604,97.7516664337642,9662000.0,,,,,,,,,,,,,,,
2018-07-03,97.96041107177734,97.98449871728204,97.58302162272558,97.58302162272558,3808800.0,,,,,,,,,,,,,,,
2018-07-05,98.24140167236328,98.38593360944918,97.96840030567417,98.00854432227756,3860400.0,,,,,,,,,,,,,,,
2018-07-06,98.56262969970705,98.69913044573867,98.34583475754232,98.56262969970705,4679900.0,,,,,,,,,,,,,,,
2018-07-09,97.92829895019533,98.12903751137382,97.88012365585,98.01662440719824,5952700.0,,,,,,,,,,,,,,,
2018-07-10,97.92025756835938,98.06478956250676,97.80784447580632,97.85602589122485,5759700.0,,,,,,,,,,,,,,,
2018-07-11,98.29766845703124,98.40205644150797,98.0326920555902,98.32175610697035,6869100.0,,,,,,,,,,,,,,,
2018-07-12,98.28965759277344,98.3378328996451,98.07285645973838,98.0969441131742,4824700.0,,,,,,,,,,,,,,,
2018-07-13,98.53849792480467,98.65894222809273,98.33775946134185,98.45017251079688,4079000.0,,,,,,,,,,,,,,,
2018-07-16,98.1290283203125,98.19326612412604,97.67134468873572,98.1290283203125,5517100.0,,,,,,,,,,,,,,,
2018-07-17,97.94432830810548,98.27353625144136,97.88009052002194,98.1932420793633,3764300.0,,,,,,,,,,,,,,,
2018-07-18,97.55089569091795,97.99252291352995,97.4706015030032,97.97646040031468,6330000.0,,,,,,,,,,,,,,,
2018-07-19,98.169189453125,98.3217465966682,97.77573745532531,97.79983122898936,6166700.0,,,,,,,,,,,,,,,
2018-07-20,96.9647445678711,97.63119185449834,96.91656315330415,97.62316672378218,10469500.0,,,,,,,,,,,,,,,
2018-07-23,95.76830291748048,96.65958218035212,95.69604001154306,96.65958218035212,11571800.0,,,,,,,,,,,,,,,
2018-07-24,96.0975341796875,96.20994724868456,95.6639382881047,95.7763513571018,9053500.0,,,,,,,,,,,,,,,
2018-07-25,95.94498443603516,96.56326252840884,95.76030842219636,96.3705491321592,7357900.0,,,,,,,,,,,,,,,
2018-07-26,95.76032257080078,96.25815026953232,95.68002837352678,96.12164952156104,6821100.0,,,,,,,,,,,,,,,
2018-07-27,95.92091369628906,96.25012787835637,95.872738401764,96.23406536281152,4542000.0,,,,,,,,,,,,,,,
2018-07-30,95.59170532226562,95.88076934056387,95.5274675124094,95.5435239018461,7111200.0,,,,,,,,,,,,,,,
2018-07-31,96.11360931396484,96.24208491848331,96.0011962230382,96.18587837302,6797400.0,,,,,,,,,,,,,,,
2018-08-01,95.3306121826172,95.63641474108434,95.01676041110468,95.19380625959904,13312600.0,,,,,,,,,,,,,,,
2018-08-02,95.46739196777344,95.55591486778408,95.20182940749044,95.45934889668078,4451100.0,,,,,,,,,,,,,,,
2018-08-03,95.94219970703124,95.99853190491324,95.6122495910445,95.62834801315311,6162400.0,,,,,,,,,,,,,,,
2018-08-06,95.99855041503906,96.44115887238304,95.9824519898264,96.19973775194548,4200200.0,,,,,,,,,,,,,,,
2018-08-07,95.49959564208984,95.84563807829012,95.4191219419909,95.78930587424588,5346900.0,,,,,,,,,,,,,,,
2018-08-08,95.59613037109376,95.7892684037301,95.45127531167964,95.49151521586307,5640900.0,,,,,,,,,,,,,,,
2018-08-09,96.4009017944336,96.43309249733004,95.8617213353526,95.95024423338069,7144100.0,,,,,,,,,,,,,,,
2018-08-10,97.10104370117188,97.41489540536816,96.79523506854522,96.86766569091706,8457900.0,,,,,,,,,,,,,,,
2018-08-13,96.89987182617188,97.13324373383809,96.73891827291038,96.77110898356268,7923200.0,,,,,,,,,,,,,,,
2018-08-14,96.68258666992188,97.02057992426312,96.59406375001105,97.0044876387113,4251200.0,,,,,,,,,,,,,,,
2018-08-15,97.24592590332033,97.47930399333954,97.02864624144112,97.10107688856844,7649800.0,,,,,,,,,,,,,,,
2018-08-16,97.2378158569336,97.3182895229537,96.79520148420228,97.22171743988127,5400400.0,,,,,,,,,,,,,,,
2018-08-17,97.35855865478516,97.6885026264474,97.17346364159732,97.44707541615873,3537600.0,,,,,,,,,,,,,,,
2018-08-20,98.01042938232422,98.10700151986548,97.80924203392624,97.88971574533532,5603700.0,,,,,,,,,,,,,,,
2018-08-21,97.6804656982422,97.80117931856554,97.43099538539045,97.67242262603712,4695000.0,,,,,,,,,,,,,,,
2018-08-22,98.06674194335938,98.21964626222255,97.84141314066584,98.17940634470612,5309600.0,,,,,,,,,,,,,,,
2018-08-23,98.21965789794922,98.28403317795268,98.00237214121842,98.1794179756657,5328700.0,,,,,,,,,,,,,,,
2018-08-24,98.41280364990234,98.4449943622757,97.76900168193649,97.87362303208752,6092200.0,,,,,,,,,,,,,,,
2018-08-27,97.84944915771484,98.07478408391178,97.79311696110284,98.0023534655541,6407400.0,,,,,,,,,,,,,,,
2018-08-28,97.26199340820312,97.44708229470692,97.11713829975476,97.37465781035746,4929300.0,,,,,,,,,,,,,,,
2018-08-29,97.39075469970705,97.49537603504798,97.06885990104178,97.3263794238238,5613300.0,,,,,,,,,,,,,,,
2018-08-30,97.5999755859375,97.74483067801734,97.43902821240378,97.62411707799268,5302900.0,,,,,,,,,,,,,,,
2018-08-31,97.37464141845705,98.11500911933874,97.28611852598765,98.09086762861952,9677500.0,,,,,,,,,,,,,,,
2018-09-04,96.81168365478516,96.86814277650618,96.5858471679011,96.75522453306414,18343600.0,,,,,,,,,,,,,,,
2018-09-05,96.55358123779295,96.70683005829252,96.42453445756908,96.59391181800314,9422600.0,,,,,,,,,,,,,,,
2018-09-06,96.90847778320312,97.11011839192656,96.53745980158196,96.5939189258812,9566000.0,,,,,,,,,,,,,,,
2018-09-07,96.08578491210938,96.30356022518896,95.97286665850638,96.24710109838746,11212600.0,,,,,,,,,,,,,,,
2018-09-10,96.4406509399414,96.46484682360936,96.11802479934435,96.11802479934435,6386400.0,,,,,,,,,,,,,,,
2018-09-11,95.70670318603516,96.11804560459132,95.65830525464143,96.04545793787544,5440000.0,,,,,,,,,,,,,,,
2018-09-12,95.93250274658205,96.11800859247867,95.90023952260418,96.02122507412592,3347200.0,,,,,,,,,,,,,,,
2018-09-13,96.0776824951172,96.44063298974538,95.9647642899626,96.25512099351675,4833000.0,,,,,,,,,,,,,,,
2018-09-14,95.61795043945312,95.90831332121314,95.4163098912076,95.50503222472211,5579500.0,,,,,,,,,,,,,,,
2018-09-17,95.61795043945312,95.83571952398256,95.2711284503276,95.31952021276054,5433000.0,,,,,,,,,,,,,,,
2018-09-18,94.6178207397461,95.23080980618744,94.49684131851198,95.22274246024452,10182300.0,,,,,,,,,,,,,,,
2018-09-19,94.05321502685548,94.45649611138754,93.71446039270798,94.45649611138754,13379600.0,,,,,,,,,,,,,,,
2018-09-20,94.48878479003906,94.60977037870606,93.94032212118692,94.02904447597057,8657300.0,,,,,,,,,,,,,,,
2018-09-21,94.44842529296876,94.5936067242039,94.23871741372226,94.2629194469121,6173800.0,,,,,,,,,,,,,,,
2018-09-24,94.2064971923828,94.58557637717044,94.1419707191318,94.15809926065296,5505500.0,,,,,,,,,,,,,,,
2018-09-25,94.1097183227539,94.1581101064747,93.883881793945,93.94840827462863,6650900.0,,,,,,,,,,,,,,,
2018-09-26,94.77107238769533,94.83559885001048,94.0935629941325,94.3113321124685,9512700.0,,,,,,,,,,,,,,,
2018-09-27,94.83556365966795,94.8920227548481,94.4484111830186,94.56132937337888,5758500.0,,,,,,,,,,,,,,,
2018-09-28,94.58552551269533,95.10173086752484,94.54520110378571,95.05333296182152,12807700.0,,,,,,,,,,,,,,,
2018-10-01,93.89116668701172,94.4408526203886,93.86691683466243,94.3034326788712,22442400.0,,,,,,,,,,,,,,,
2018-10-02,94.46508026123048,94.68333504836308,94.2549046447764,94.31148967605569,8266900.0,,,,,,,,,,,,,,,
2018-10-03,92.82418060302734,94.06097308536846,92.34724396676084,93.9882173213604,20829200.0,,,,,,,,,,,,,,,
2018-10-04,92.16940307617188,92.46849914083646,91.91881290978117,92.25832336114485,16207400.0,,,,,,,,,,,,,,,
2018-10-05,91.3771514892578,91.92683735616808,91.03764126280616,91.66007667796752,18096500.0,,,,,,,,,,,,,,,
2018-10-08,91.06999969482422,91.43375986353502,91.05382901288128,91.33675427380167,5855900.0,,,,,,,,,,,,,,,
2018-10-09,91.99153900146484,92.03195337512824,91.40143240673994,91.4580174637156,11530800.0,,,,,,,,,,,,,,,
2018-10-10,91.74089050292967,91.81364620178388,91.17504025542014,91.45796537917492,15290100.0,,,,,,,,,,,,,,,
2018-10-11,92.85647583007812,93.08281603431396,91.98344404176164,92.1531991949385,16086800.0,,,,,,,,,,,,,,,
2018-10-12,92.53313446044922,92.96965037546975,92.37954381424524,92.46846406548876,6794100.0,,,,,,,,,,,,,,,
2018-10-15,92.49270629882812,92.81605207967296,92.38762154115938,92.6867174677197,7146300.0,,,,,,,,,,,,,,,
2018-10-16,92.70289611816406,92.73523131791026,92.28255085608087,92.46847054548564,4762300.0,,,,,,,,,,,,,,,
2018-10-17,92.1531982421875,92.79180447885506,92.13703372804122,92.68671971863432,5880700.0,,,,,,,,,,,,,,,
2018-10-18,92.12088012695312,92.46847583497248,91.78945510338626,91.84604016435178,5728800.0,,,,,,,,,,,,,,,
2018-10-19,91.91878509521484,92.11279012767248,91.67628034646998,92.0319552114242,10892400.0,,,,,,,,,,,,,,,
2018-10-22,91.79753875732422,92.21789023127153,91.77328889677138,92.11279927913,3244200.0,,,,,,,,,,,,,,,
2018-10-23,92.08851623535156,92.97771241662905,92.02384585230774,92.76754292269736,10330700.0,,,,,,,,,,,,,,,
2018-10-24,92.78375244140624,92.816087648613,92.34723639508042,92.44424201670066,16008000.0,,,,,,,,,,,,,,,
2018-10-25,92.39566040039062,92.75133502981438,92.33907537975698,92.58966530437674,12613200.0,,,,,,,,,,,,,,,
2018-10-26,92.9534683227539,93.22022904385362,92.791798522437,92.90496861612034,18582500.0,,,,,,,,,,,,,,,
2018-10-29,92.74332427978516,92.97774370441556,92.36339336068674,92.8322383772568,7679900.0,,,,,,,,,,,,,,,
2018-10-30,92.28253173828124,92.58970682127088,92.16935547896142,92.36336663724614,9939500.0,,,,,,,,,,,,,,,
2018-10-31,91.81371307373048,92.12088826506404,91.51461705802777,91.94304772423054,8706400.0,,,,,,,,,,,,,,,
2018-11-01,91.89878845214844,92.020332027821,91.43689813548268,91.4450031012867,6100200.0,,,,,,,,,,,,,,,
2018-11-02,90.7562026977539,91.77721170914084,90.67517161037176,91.70427940290392,11314800.0,,,,,,,,,,,,,,,
2018-11-05,91.11276245117188,91.33154704267118,91.03983013248762,91.14517612811191,4760200.0,,,,,,,,,,,,,,,
2018-11-06,91.05603790283205,91.34775480609794,91.02362422666064,91.24240881297176,3159900.0,,,,,,,,,,,,,,,
2018-11-07,91.1775894165039,91.8906779899432,91.08845952710112,91.72051081190256,9313100.0,,,,,,,,,,,,,,,
2018-11-08,91.1694564819336,91.5422043773854,91.08842540592664,91.53409941510228,6905100.0,,,,,,,,,,,,,,,
2018-11-09,91.85015106201172,91.97170080172924,91.33964957393006,91.36395828541824,6465300.0,,,,,,,,,,,,,,,
2018-11-12,92.44979858398438,92.62807073049228,92.3039462993258,92.33635379662066,6840000.0,,,,,,,,,,,,,,,
2018-11-13,92.39305877685548,92.39305877685548,91.95548964079454,92.14186053536196,6525800.0,,,,,,,,,,,,,,,
2018-11-14,92.44979858398438,92.79823791153784,91.80964850483652,91.95550697177234,8690800.0,,,,,,,,,,,,,,,
2018-11-15,92.40928649902344,92.8144482219152,92.1175695639592,92.73341711379229,7879600.0,,,,,,,,,,,,,,,
2018-11-16,92.9440689086914,93.03320495560104,92.31201779953246,92.5389073072023,9236700.0,,,,,,,,,,,,,,,
2018-11-19,93.20339965820312,93.20339965820312,92.70910804585624,92.70910804585624,7027200.0,,,,,,,,,,,,,,,
2018-11-20,93.23577880859376,93.55990930208654,93.13043902567546,93.38163722155176,6332600.0,,,,,,,,,,,,,,,
2018-11-21,93.20339965820312,93.26012205190048,92.81444786778634,93.098059836273,4951100.0,,,,,,,,,,,,,,,
2018-11-23,93.30062866210938,93.8030313573932,93.2601100222904,93.73009904217432,3027900.0,,,,,,,,,,,,,,,
2018-11-26,93.08997344970705,93.23583194579308,93.00894232572112,93.07376969782123,6599000.0,,,,,,,,,,,,,,,
2018-11-27,93.19532012939452,93.38979606478212,92.99273922686788,93.03325169800613,5967200.0,,,,,,,,,,,,,,,
2018-11-28,92.74151611328124,93.20340023116384,92.66858997048377,93.06564672880596,7814000.0,,,,,,,,,,,,,,,
2018-11-29,93.10616302490234,93.38977498797657,92.85495855851336,93.12236677324496,7295600.0,,,,,,,,,,,,,,,
2018-11-30,93.45460510253906,93.52753124564762,93.17099313109912,93.43839517144116,9127800.0,,,,,,,,,,,,,,,
2018-12-03,94.11817169189452,94.11817169189452,93.1272882865499,93.14352963561784,9763800.0,,,,,,,,,,,,,,,
2018-12-04,95.69384002685548,96.38421193498904,94.72731563749494,94.87351255188038,18100500.0,,,,,,,,,,,,,,,
2018-12-06,95.99432373046876,96.81464471915196,95.94558731180162,96.27859368677582,15319400.0,,,,,,,,,,,,,,,
2018-12-07,96.17304229736328,96.27050277472026,95.45017530943868,95.68571512408872,8608400.0,,,,,,,,,,,,,,,
2018-12-10,96.57106018066406,96.87969548055788,96.19744707133208,96.546695051281,8777700.0,,,,,,,,,,,,,,,
2018-12-11,96.5547866821289,96.96088858704526,96.33549437998832,96.62788824725796,8071900.0,,,,,,,,,,,,,,,
2018-12-12,96.1243133544922,96.42483097521908,96.03497044553616,96.31112294502466,6182200.0,,,,,,,,,,,,,,,
2018-12-13,95.89691925048828,96.31114499624996,95.82382387003732,96.21367829235771,5564200.0,,,,,,,,,,,,,,,
2018-12-14,96.22992706298828,96.4654607562922,96.01875230018628,96.28678109182448,8169200.0,,,,,,,,,,,,,,,
2018-12-17,96.79031372070312,96.89590416784576,96.31111651070115,96.31923408615636,9726800.0,,,,,,,,,,,,,,,
2018-12-18,97.36993408203124,97.52462074951606,96.83261158186625,96.93844623201376,10018800.0,,,,,,,,,,,,,,,
2018-12-19,98.65633392333984,99.04711929507368,97.63052775744592,97.78521453957516,23046300.0,,,,,,,,,,,,,,,
2018-12-20,98.29808807373048,99.34831687821308,98.24109920269596,99.33203700562656,18543700.0,,,,,,,,,,,,,,,
2018-12-21,98.28179168701172,98.68071371722306,98.01312724956895,98.6237248557643,9945100.0,,,,,,,,,,,,,,,
2018-12-24,98.77029418945312,98.85170598249864,98.43650397457002,98.61560743474148,8377500.0,,,,,,,,,,,,,,,
2018-12-26,97.71189880371094,98.82725935594408,97.67119602261408,98.50160605056824,11700400.0,,,,,,,,,,,,,,,
2018-12-27,97.72821044921876,98.81914216457848,97.67936461459722,98.7214504953354,12146500.0,,,,,,,,,,,,,,,
2018-12-28,98.5504379272461,98.5504379272461,97.93169739471485,98.02125219065958,9879100.0,,,,,,,,,,,,,,,
2018-12-31,98.9249496459961,98.96565242398036,98.07011056117057,98.22479726694196,17409000.0,,,,,,,,,,,,,,,
2019-01-02,99.4459991455078,99.45414218618406,98.7865494997747,99.04707711085354,19841500.0,,,,,,,,,,,,,,,
2019-01-03,100.57767486572266,100.8381963569372,99.51116598158218,99.56001182014668,21187000.0,,,,,,,,,,,,,,,
2019-01-04,99.41346740722656,99.77982361657732,99.03896815439715,99.60071392798017,12970200.0,,,,,,,,,,,,,,,
2019-01-07,99.1203384399414,99.85305676307554,99.01450376433525,99.828633854191,8498100.0,,,,,,,,,,,,,,,
2019-01-08,98.8598403930664,99.275048576062,98.82727443642744,99.07151600555925,7737100.0,,,,,,,,,,,,,,,
2019-01-09,98.70513916015624,98.8598258786503,98.34692611236188,98.7214252417452,9349200.0,,,,,,,,,,,,,,,
2019-01-10,98.0701141357422,98.84354148147028,97.9724162846435,98.73770058995004,8222900.0,,,,,,,,,,,,,,,
2019-01-11,98.45275115966795,98.72955240638152,98.24921863897168,98.37133939365336,5786900.0,,,,,,,,,,,,,,,
2019-01-14,98.08641815185548,98.51790620329643,97.89102241392966,98.42835137624404,6730500.0,,,,,,,,,,,,,,,
2019-01-15,97.72821044921876,98.15969855190048,97.65493548596464,98.15155550902296,8997400.0,,,,,,,,,,,,,,,
2019-01-16,97.82589721679688,98.01314370245618,97.2967112936656,97.36183699532212,6048400.0,,,,,,,,,,,,,,,
2019-01-17,97.8503189086914,98.12712021840603,97.60607734373768,97.87474182292256,8153400.0,,,,,,,,,,,,,,,
2019-01-18,97.33740997314452,97.79332713342708,97.1990093223984,97.5653654476254,14106400.0,,,,,,,,,,,,,,,
2019-01-22,97.99684143066406,98.28178572065988,97.75259991848498,97.94798940143644,8881100.0,,,,,,,,,,,,,,,
2019-01-23,97.95612335205078,98.20036484156638,97.55720138307314,97.597904157113,5776800.0,,,,,,,,,,,,,,,
2019-01-24,98.59932708740234,98.7214478820453,98.2736737054617,98.43650350209283,7121900.0,,,,,,,,,,,,,,,
2019-01-25,98.12712860107422,98.30623826916488,97.95616197552992,98.17597443370929,6460800.0,,,,,,,,,,,,,,,
2019-01-28,98.0294189453125,98.4609069512592,98.0294189453125,98.13525363370609,6435800.0,,,,,,,,,,,,,,,
2019-01-29,98.52605438232422,98.5423404680211,98.01315448666443,98.12713224125552,5750100.0,,,,,,,,,,,,,,,
2019-01-30,98.45275115966795,98.49346014833506,97.96427435226076,98.3794762223311,10571300.0,,,,,,,,,,,,,,,
2019-01-31,99.29950714111328,99.47047381635736,98.91686477738082,98.95757379062512,11843400.0,,,,,,,,,,,,,,,
2019-02-01,98.69974517822266,99.19748745051064,98.60182652248538,99.1240531277262,12024600.0,,,,,,,,,,,,,,,
2019-02-04,98.25908660888672,98.36516667228226,97.93269742791465,98.27540949188104,8966200.0,,,,,,,,,,,,,,,
2019-02-05,98.70791625976562,98.92007025523078,98.45496748944548,98.51208515452932,6983300.0,,,,,,,,,,,,,,,
2019-02-06,98.75686645507812,99.06693909692476,98.51207914480564,99.02613809920024,5184000.0,,,,,,,,,,,,,,,
2019-02-07,99.40958404541016,99.4748631115555,98.9200035000288,99.1076730335037,8781000.0,,,,,,,,,,,,,,,
2019-02-08,99.83390045166016,99.93181906551884,99.60542991134524,99.76046616028265,5885400.0,,,,,,,,,,,,,,,
2019-02-11,99.4422607421875,99.6952094363401,99.34434210637518,99.43409929953062,4352800.0,,,,,,,,,,,,,,,
2019-02-12,99.18929290771484,99.34432917122533,98.89554326388232,99.27089487294514,7939600.0,,,,,,,,,,,,,,,
2019-02-13,98.81395721435548,99.050589240946,98.65892716099764,98.85475820097184,4757700.0,,,,,,,,,,,,,,,
2019-02-14,99.3769989013672,99.71154340408812,99.20564592796995,99.66258719036256,5868900.0,,,,,,,,,,,,,,,
2019-02-15,99.53199005126952,99.5646233620413,99.1729613792303,99.18927803461618,5527200.0,,,,,,,,,,,,,,,
2019-02-19,99.78496551513672,99.9889580017834,99.50753249611176,99.8910393670646,5872800.0,,,,,,,,,,,,,,,
2019-02-20,99.4993896484375,99.6136249571326,99.21379515134235,99.50754486666042,4455800.0,,,,,,,,,,,,,,,
2019-02-21,98.60994720458984,98.86290207100816,98.48755049185266,98.78946155322367,7382500.0,,,,,,,,,,,,,,,
2019-02-22,99.19747161865234,99.50753797429698,99.07507487485468,99.1158758645729,6374600.0,,,,,,,,,,,,,,,
2019-02-25,98.90373992919922,98.97718047899052,98.66710784153987,98.87110037655398,6293500.0,,,,,,,,,,,,,,,
2019-02-26,99.39329528808594,99.40145673049454,99.02611130933364,99.3280224248867,6028900.0,,,,,,,,,,,,,,,
2019-02-27,98.26725006103516,98.8384264704063,98.14485333749678,98.83027125409812,7737300.0,,,,,,,,,,,,,,,
2019-02-28,97.93272399902344,98.42231101599424,97.67977527218405,98.37334857908264,9533400.0,,,,,,,,,,,,,,,
2019-03-01,97.02754974365234,97.7389393602414,97.01119237401316,97.57540309490128,13541100.0,,,,,,,,,,,,,,,
2019-03-04,97.78800201416016,97.9351871529183,97.35462528295808,97.54269760856911,9808500.0,,,,,,,,,,,,,,,
2019-03-05,97.99239349365234,98.01692954086256,97.52630841276674,97.53448709517016,5595200.0,,,,,,,,,,,,,,,
2019-03-06,98.35218048095705,98.5484251887394,98.03328049137066,98.05781030003013,7766700.0,,,,,,,,,,,,,,,
2019-03-07,98.98998260498048,99.15352506376496,98.6220229901025,98.64655279929345,8187200.0,,,,,,,,,,,,,,,
2019-03-08,99.40701293945312,99.50513841952385,98.81827253604334,99.03905330657562,7517600.0,,,,,,,,,,,,,,,
2019-03-11,99.1126708984375,99.28438585846985,98.9246048063345,99.2680347263992,5157800.0,,,,,,,,,,,,,,,
2019-03-12,99.80772399902344,99.94673671521484,99.153572566017,99.1862810734438,6422300.0,,,,,,,,,,,,,,,
2019-03-13,99.61962890625,99.7259268455892,99.44791397108295,99.4806224689969,4386300.0,,,,,,,,,,,,,,,
2019-03-14,98.9000473022461,99.56238341988474,98.87551749020534,99.5051451122871,8188400.0,,,,,,,,,,,,,,,
2019-03-15,99.5541763305664,99.71771252318142,99.2679848742372,99.54599764938388,4302000.0,,,,,,,,,,,,,,,
2019-03-18,99.4969482421875,99.6523120080576,99.36611428387448,99.40700145547392,3893300.0,,,,,,,,,,,,,,,
2019-03-19,99.27615356445312,99.44786842096958,98.85094952483644,99.01448570099348,5220200.0,,,,,,,,,,,,,,,
2019-03-20,100.31468963623048,100.45369610439198,99.53788291320129,99.54605536061588,10123700.0,,,,,,,,,,,,,,,
2019-03-21,100.53545379638672,100.6499304333845,100.36373884089004,100.5436324814605,7182600.0,,,,,,,,,,,,,,,
2019-03-22,102.09722900390624,102.44065883753126,101.44307159256655,101.56572688700616,13077000.0,,,,,,,,,,,,,,,
2019-03-25,102.2607879638672,102.98036252396018,101.81106010231788,102.056364507206,9736300.0,,,,,,,,,,,,,,,
2019-03-26,102.18717193603516,102.44883364296535,101.90098041884696,101.96639116669914,7502000.0,,,,,,,,,,,,,,,
2019-03-27,103.1275405883789,103.30742797755416,102.46520439204288,102.55515120588473,14207200.0,,,,,,,,,,,,,,,
2019-03-28,103.48731231689452,103.593616490171,103.03758452655842,103.23382926709586,9143200.0,,,,,,,,,,,,,,,
2019-03-29,103.38917541503906,103.41370522360498,102.7350180735831,102.7677265645066,10841400.0,,,,,,,,,,,,,,,
2019-04-01,101.9206314086914,102.73192999468762,101.7731220064873,102.67456557451118,16501500.0,,,,,,,,,,,,,,,
2019-04-02,102.1091537475586,102.22388263501637,101.82233152891416,102.0108182738836,9725000.0,,,,,,,,,,,,,,,
2019-04-03,101.22402954101562,101.51085782084614,101.101110280804,101.29778734939389,10407000.0,,,,,,,,,,,,,,,
2019-04-04,101.51092529296876,101.52731245447208,101.15854192422084,101.28965797301368,7503400.0,,,,,,,,,,,,,,,
2019-04-05,101.64203643798828,101.75676531974264,101.2732659255286,101.30604649920916,6321800.0,,,,,,,,,,,,,,,
2019-04-08,101.28145599365234,101.57647490339748,101.22409155299384,101.47813943498583,4446400.0,,,,,,,,,,,,,,,
2019-04-09,101.60104370117188,101.89605629675177,101.4289441630574,101.79772084897638,7020300.0,,,,,,,,,,,,,,,
2019-04-10,101.84689331054688,102.04357046750036,101.69938387976823,101.83869660543304,7519900.0,,,,,,,,,,,,,,,
2019-04-11,101.24867248535156,101.6338301221076,101.13394361444472,101.56007852749087,8679300.0,,,,,,,,,,,,,,,
2019-04-12,100.52751159667967,100.84711434185613,100.49473102637256,100.70780160724168,7005500.0,,,,,,,,,,,,,,,
2019-04-15,100.78157043457033,100.78976088884866,100.5684998304852,100.61766756517594,3070000.0,,,,,,,,,,,,,,,
2019-04-16,100.15052795410156,100.4947145073684,100.0931635285571,100.39637906486558,8927300.0,,,,,,,,,,,,,,,
2019-04-17,100.19154357910156,100.44558523915858,100.06861797666062,100.08500513926668,6118500.0,,,,,,,,,,,,,,,
2019-04-18,100.7159652709961,100.87986181650771,100.61762359233764,100.64220744893916,27589400.0,,,,,,,,,,,,,,,
2019-04-22,100.23250579833984,100.44557640701856,100.17514135587888,100.36362809668222,6241200.0,,,,,,,,,,,,,,,
2019-04-23,100.44556427001952,100.55209643535878,100.2980548283358,100.4783448406442,6239700.0,,,,,,,,,,,,,,,
2019-04-24,101.26506042480467,101.28144758409428,100.87169982705416,100.88809323859832,7302000.0,,,,,,,,,,,,,,,
2019-04-25,101.1175308227539,101.30601750440648,100.87987642078036,101.19947910737328,5380900.0,,,,,,,,,,,,,,,
2019-04-26,101.46175384521484,101.63384718045944,101.32244108605336,101.60107285663194,5950700.0,,,,,,,,,,,,,,,
2019-04-29,100.8143539428711,101.08478901282376,100.67504118038242,100.9864535344815,10246000.0,,,,,,,,,,,,,,,
2019-04-30,101.33061981201172,101.4043714059198,100.74058205172926,100.75696921073512,7957400.0,,,,,,,,,,,,,,,
2019-05-01,101.74861907958984,102.20028392249844,101.50225188136471,101.57616454698348,14371900.0,,,,,,,,,,,,,,,
2019-05-02,101.26409912109376,101.67470694335478,101.0423736538392,101.56795116510304,6612800.0,,,,,,,,,,,,,,,
2019-05-03,101.55154418945312,101.73220639426928,101.31339086650298,101.55154418945312,6191700.0,,,,,,,,,,,,,,,
2019-05-06,101.83075714111328,102.14281688326729,101.77327228689072,102.08533202904472,4482500.0,,,,,,,,,,,,,,,
2019-05-07,102.61087799072266,102.76691094637891,102.15099929873864,102.26596897173464,8984900.0,,,,,,,,,,,,,,,
2019-05-08,102.1674346923828,102.89831606720476,102.07710047613492,102.77513247546877,6907600.0,,,,,,,,,,,,,,,
2019-05-09,102.58627319335938,102.8983391979577,102.0853310689686,102.74230619565854,9411900.0,,,,,,,,,,,,,,,
2019-05-10,102.4466323852539,103.02148072214662,102.31523489946302,102.56160205263244,6037800.0,,,,,,,,,,,,,,,
2019-05-13,103.25146484375,103.4157054968872,102.85727850468967,102.98046212723224,10501600.0,,,,,,,,,,,,,,,
2019-05-14,102.94761657714844,103.18576991883138,102.81621903744218,103.07080020427816,5690400.0,,,,,,,,,,,,,,,
2019-05-15,103.57994842529295,103.69491813809032,103.28431023084848,103.64564719414273,9566300.0,,,,,,,,,,,,,,,
2019-05-16,103.23497772216795,103.33352581667292,103.0871587130984,103.3170980015676,7666400.0,,,,,,,,,,,,,,,
2019-05-17,103.46493530273438,103.71951635887028,103.21857442098012,103.70308854086058,4747100.0,,,,,,,,,,,,,,,
2019-05-20,103.25146484375,103.78525009913557,103.18576607634338,103.57173850313303,6043100.0,,,,,,,,,,,,,,,
2019-05-21,103.0872039794922,103.24323696462974,102.89832788047369,103.14468882685152,4021800.0,,,,,,,,,,,,,,,
2019-05-22,103.6784896850586,103.74418844954008,103.24324633478196,103.28430336354862,5675300.0,,,,,,,,,,,,,,,
2019-05-23,104.8446044921875,105.18951357452526,104.19584335233596,104.20405726345211,9743700.0,,,,,,,,,,,,,,,
2019-05-24,104.93494415283205,104.93494415283205,104.6146705218776,104.7542756911903,4981900.0,,,,,,,,,,,,,,,
2019-05-28,105.69046020507812,105.85470084222304,105.18951811679382,105.3373434617544,8098600.0,,,,,,,,,,,,,,,
2019-05-29,106.01072692871094,106.67590961081626,105.93682052642292,106.48703351693914,13260600.0,,,,,,,,,,,,,,,
2019-05-30,106.92227172851562,106.9469071947728,105.84648126609854,106.20781814554525,13024800.0,,,,,,,,,,,,,,,
2019-05-31,108.26085662841795,108.31833520579308,107.42321318786956,107.49711958624728,18933600.0,,,,,,,,,,,,,,,
2019-06-03,108.98501586914062,109.10022151261118,108.25263444497632,108.54887932196824,17822400.0,,,,,,,,,,,,,,,
2019-06-04,107.74242401123048,108.42543336137254,107.42973016351309,108.12096400348588,14250000.0,,,,,,,,,,,,,,,
2019-06-05,107.13351440429688,107.75891482612988,107.07590529040988,107.4050733201718,8815200.0,,,,,,,,,,,,,,,
2019-06-06,107.4791030883789,108.28554257489702,107.24046731661906,107.77534795884092,9621100.0,,,,,,,,,,,,,,,
2019-06-07,108.40896606445312,108.68052486066004,108.1620932900404,108.4501010631295,11378500.0,,,,,,,,,,,,,,,
2019-06-10,107.38860321044922,107.55318093395942,107.24048702623269,107.53671939466577,8288700.0,,,,,,,,,,,,,,,
2019-06-11,107.45441436767578,107.60253052095604,107.24046462744668,107.32274719377811,5115100.0,,,,,,,,,,,,,,,
2019-06-12,107.53667449951172,107.59428358475074,107.22398072233052,107.29803878352054,5278700.0,,,,,,,,,,,,,,,
2019-06-13,107.90703582763672,108.00577995123425,107.62723988331784,107.635476931268,5560400.0,,,,,,,,,,,,,,,
2019-06-14,108.17853546142578,108.3842606438702,107.87405365300933,107.88229069644704,5838800.0,,,,,,,,,,,,,,,
2019-06-17,108.3678207397461,108.425417272961,107.90699824814212,108.1209479602522,6046400.0,,,,,,,,,,,,,,,
2019-06-18,108.91096496582033,109.33064000401656,108.5817969938754,109.23189589067022,10320700.0,,,,,,,,,,,,,,,
2019-06-19,109.06727600097656,109.21540468723477,108.27729819583554,108.50770943537424,11962500.0,,,,,,,,,,,,,,,
2019-06-20,109.35525512695312,109.86544945706753,109.108382447184,109.37171665399536,10721500.0,,,,,,,,,,,,,,,
2019-06-21,108.15384674072266,109.05904264853169,108.11271174566116,109.0425811166252,14495000.0,,,,,,,,,,,,,,,
2019-06-24,108.96034240722656,109.05908652545278,108.68878352562962,108.75461712327204,6378800.0,,,,,,,,,,,,,,,
2019-06-25,109.29769897460938,109.51987316761875,109.21540386547728,109.27300039669316,9604600.0,,,,,,,,,,,,,,,
2019-06-26,108.59822082519533,109.19893490026875,108.52416276589923,109.18247336826856,12766800.0,,,,,,,,,,,,,,,
2019-06-27,109.3635482788086,109.51990149271477,108.6147178405078,108.87803965618608,9724200.0,,,,,,,,,,,,,,,
2019-06-28,109.28949737548828,109.51168419702988,108.9932524655911,109.10023363086572,8149200.0,,,,,,,,,,,,,,,
2019-07-01,109.03385925292967,109.45435733950146,108.49791699789958,109.30595069051122,14131200.0,,,,,,,,,,,,,,,
2019-07-02,109.8748779296875,109.98206891886734,109.21527591317104,109.30597307760736,10494300.0,,,,,,,,,,,,,,,
2019-07-03,110.6581802368164,110.72413037531216,110.08100958560868,110.08926278874742,5380300.0,,,,,,,,,,,,,,,
2019-07-05,109.19052124023438,109.28947160066518,108.5638943359779,109.28121839832028,12180100.0,,,,,,,,,,,,,,,
2019-07-08,109.33892059326172,109.8418751818304,109.33892059326172,109.70170915958651,6490000.0,,,,,,,,,,,,,,,
2019-07-09,109.29769897460938,109.42138376488153,108.9678980294162,109.3966367419474,6215700.0,,,,,,,,,,,,,,,
2019-07-10,108.69580078125,109.19875537351489,108.43194997431156,109.12455205197551,9470000.0,,,,,,,,,,,,,,,
2019-07-11,107.24468994140624,108.34953720586044,106.98907968073172,108.26708065969414,14126800.0,,,,,,,,,,,,,,,
2019-07-12,107.3683624267578,107.55799738605388,106.92311720619873,107.12100536879194,6992000.0,,,,,,,,,,,,,,,
2019-07-15,107.98670196533205,108.05266465759944,107.55795075614245,107.55795075614245,6055500.0,,,,,,,,,,,,,,,
2019-07-16,107.66519927978516,107.68169310694668,107.1540038677124,107.32714501904498,6172700.0,,,,,,,,,,,,,,,
2019-07-17,108.8277359008789,108.85247034360032,108.0526898126746,108.06093043321506,9662200.0,,,,,,,,,,,,,,,
2019-07-18,108.83599090576172,109.09984177112877,108.2093639721676,108.39899891846156,5724900.0,,,,,,,,,,,,,,,
2019-07-19,108.58038330078124,108.778258850586,108.43196405732712,108.4979267676289,5804800.0,,,,,,,,,,,,,,,
2019-07-22,108.78654479980467,109.24003070645118,108.6216442649617,109.22353687863556,5204100.0,,,,,,,,,,,,,,,
2019-07-23,108.1928939819336,108.62164544205508,107.98676516587004,108.50621380830366,8108900.0,,,,,,,,,,,,,,,
2019-07-24,108.66278839111328,108.7534855127041,108.39895022536476,108.5061411639074,6389700.0,,,,,,,,,,,,,,,
2019-07-25,108.14341735839844,108.3495461597459,107.60747492623288,108.21762070741866,8893100.0,,,,,,,,,,,,,,,
2019-07-26,108.39901733398438,108.6546150400427,108.21762297850351,108.58865231249476,6188400.0,,,,,,,,,,,,,,,
2019-07-29,108.43194580078124,108.79473435580849,108.34124866202444,108.6875559780766,6231800.0,,,,,,,,,,,,,,,
2019-07-30,108.69580078125,108.91842332696696,108.36598727257692,108.83596680452396,5678500.0,,,,,,,,,,,,,,,
2019-07-31,109.56974792480467,109.93253637248782,108.5555984595776,108.58857350886936,15798700.0,,,,,,,,,,,,,,,
2019-08-01,111.74591064453124,111.85331501099664,110.09359783686092,110.20100220332633,26664800.0,,,,,,,,,,,,,,,
2019-08-02,112.7785873413086,112.7785873413086,111.8615533817389,112.07636207884616,15143100.0,,,,,,,,,,,,,,,
2019-08-05,114.7282943725586,114.74482102439345,113.72865254403158,114.1252039450754,18543000.0,,,,,,,,,,,,,,,
2019-08-06,115.6453628540039,115.6453628540039,114.08392784985396,114.17480555300112,12747400.0,,,,,,,,,,,,,,,
2019-08-07,115.68669891357422,118.18995221318676,115.48015977924216,117.64468587307456,32582000.0,,,,,,,,,,,,,,,
2019-08-08,115.93451690673828,116.01712497434472,113.99304452888586,114.95138887736384,14746000.0,,,,,,,,,,,,,,,
2019-08-09,115.70320892333984,116.94244355099543,115.55449421282498,116.21542186880392,10626000.0,,,,,,,,,,,,,,,
2019-08-12,118.11558532714844,118.49561022396692,116.90939139752976,117.08288979383153,14094300.0,,,,,,,,,,,,,,,
2019-08-13,117.71076965332033,118.8921799539671,117.27290773517667,118.80955926497325,15974900.0,,,,,,,,,,,,,,,
2019-08-14,120.36273956298828,120.39578027547648,119.55310974247904,119.92487763717172,15068900.0,,,,,,,,,,,,,,,
2019-08-15,121.70108795166016,122.76683668552651,120.27184101877984,120.57751482941588,23588700.0,,,,,,,,,,,,,,,
2019-08-16,120.72624969482422,121.04018058306367,119.6605007829044,120.66841269063828,17150500.0,,,,,,,,,,,,,,,
2019-08-19,118.9995574951172,119.51178301457432,118.56169562932278,118.61127560047984,13614700.0,,,,,,,,,,,,,,,
2019-08-20,120.23049926757812,120.30485029298598,119.66044952716732,120.02396023735056,7451500.0,,,,,,,,,,,,,,,
2019-08-21,119.42913818359376,120.44530677926596,119.20607248000708,119.56132620098909,9372000.0,,,,,,,,,,,,,,,
2019-08-22,118.63607788085938,119.5448424628688,118.53693052914824,118.96653543683595,13878800.0,,,,,,,,,,,,,,,
2019-08-23,120.58586120605467,120.84196781646396,118.4956727461153,118.57003644442229,16191800.0,,,,,,,,,,,,,,,
2019-08-26,120.09832763671876,120.85838985884448,120.03223362529776,120.5114057534921,12174500.0,,,,,,,,,,,,,,,
2019-08-27,121.9489288330078,122.03980652793284,121.01536820388206,121.13929920940404,11332300.0,,,,,,,,,,,,,,,
2019-08-28,122.10590362548828,123.01466799153546,121.99024224776792,122.91553326953078,10095900.0,,,,,,,,,,,,,,,
2019-08-29,121.64328002929688,121.72588811046816,120.72624586711088,121.6515370555699,8884900.0,,,,,,,,,,,,,,,
2019-08-30,121.67626953125,121.84149823020056,120.91620743116408,121.12274645638767,13550800.0,,,,,,,,,,,,,,,
2019-09-03,121.83356475830078,123.04187910770888,121.3038901198398,121.73424208153718,15660800.0,,,,,,,,,,,,,,,
2019-09-04,122.01566314697266,122.17291251982388,121.2294289111596,121.27081231903249,7962200.0,,,,,,,,,,,,,,,
2019-09-05,119.8058624267578,120.66659139459207,119.08583949724054,120.55072549066476,19382900.0,,,,,,,,,,,,,,,
2019-09-06,120.65837097167967,120.85700375282396,120.07076951534786,120.21973462987376,9466400.0,,,,,,,,,,,,,,,
2019-09-09,118.51480865478516,119.17690509768236,118.5065370270582,119.03621165568808,15862700.0,,,,,,,,,,,,,,,
2019-09-10,116.43753051757812,118.589328854879,116.41270299807243,118.2169034338503,13851400.0,,,,,,,,,,,,,,,
2019-09-11,116.23062133789062,116.81822278002784,116.18923793092988,116.19750956094492,10941700.0,,,,,,,,,,,,,,,
2019-09-12,115.46920776367188,117.3561748270718,115.08849812211764,117.10788702853138,19163300.0,,,,,,,,,,,,,,,
2019-09-13,113.0028305053711,114.79877068133676,113.0028305053711,114.44288877028096,18922200.0,,,,,,,,,,,,,,,
2019-09-16,114.44300079345705,114.68301705343384,113.59055537722249,114.11195868890944,10971600.0,,,,,,,,,,,,,,,
2019-09-17,115.06362915039062,115.53537706050194,114.22774024584577,114.50912708954156,9081200.0,,,,,,,,,,,,,,,
2019-09-18,115.55194091796876,116.41267011249514,115.47745838049234,115.80850029934729,10984600.0,,,,,,,,,,,,,,,
2019-09-19,115.89956665039062,116.68581349690776,115.8416399834299,116.49545235067583,13176200.0,,,,,,,,,,,,,,,
2019-09-20,117.43065643310548,117.5051389835356,116.23061348299956,116.50372879635198,11519800.0,,,,,,,,,,,,,,,
2019-09-23,117.4058074951172,118.48171266486948,117.2733856773299,117.72030615525206,15246700.0,,,,,,,,,,,,,,,
2019-09-24,118.82108306884766,119.05281502201862,117.86104347517124,117.86931510619722,12421600.0,,,,,,,,,,,,,,,
2019-09-25,117.0830307006836,118.80447635093792,116.80991545233933,118.56446024098132,14147100.0,,,,,,,,,,,,,,,
2019-09-26,117.836181640625,118.34102881197776,117.43891615506044,117.74514321207153,9636500.0,,,,,,,,,,,,,,,
2019-09-27,118.12580108642578,118.33270538934455,117.63750996236224,117.78648762725072,10386900.0,,,,,,,,,,,,,,,
2019-09-30,118.41548919677734,118.4237608238469,117.3892391604299,117.42235092558468,8006900.0,,,,,,,,,,,,,,,
2019-10-01,118.77201080322266,119.31091138518973,117.01439463251036,117.11387852125397,16613700.0,,,,,,,,,,,,,,,
2019-10-02,119.06218719482422,119.60937387564978,118.75543677551828,118.93783233579347,12891500.0,,,,,,,,,,,,,,,
2019-10-03,120.1482391357422,120.77003861469856,119.3191731638004,119.36891509803004,13470500.0,,,,,,,,,,,,,,,
2019-10-04,121.0353546142578,121.06851168931183,120.38038536441152,120.50475285958746,11516200.0,,,,,,,,,,,,,,,
2019-10-07,120.03213500976562,120.6539343053614,119.97410698712366,120.34718403437331,11013900.0,,,,,,,,,,,,,,,
2019-10-08,120.3555145263672,120.98560015742852,119.89952567798032,120.89441503829484,14529700.0,,,,,,,,,,,,,,,
2019-10-09,119.6756820678711,119.8912346735092,119.2196932381143,119.88294856771115,8608800.0,,,,,,,,,,,,,,,
2019-10-10,117.89314270019533,118.7056235625852,117.5034808002602,118.65588164353626,15054200.0,,,,,,,,,,,,,,,
2019-10-11,116.43405151367188,116.98123820590592,115.82883676952868,116.88174166606174,26294000.0,,,,,,,,,,,,,,,
2019-10-14,117.27964782714844,117.32109099466426,116.9645987905752,117.29622003393897,5936900.0,,,,,,,,,,,,,,,
2019-10-15,115.86196899414062,116.85684562534134,115.69615833069764,116.6247081664126,11832300.0,,,,,,,,,,,,,,,
2019-10-16,116.00294494628906,116.1190137120297,115.53038377525456,115.77080741480778,7729500.0,,,,,,,,,,,,,,,
2019-10-17,115.72101593017578,116.3842711578746,115.4888784980624,115.6712740019431,6219300.0,,,,,,,,,,,,,,,
2019-10-18,115.72101593017578,116.2599036867516,115.61323331864412,115.91169753858152,6456100.0,,,,,,,,,,,,,,,
2019-10-21,114.85051727294922,115.23189321680417,114.601794931352,114.88368699878556,8038000.0,,,,,,,,,,,,,,,
2019-10-22,115.52204895019533,115.67957350820924,114.9417053026777,115.55521867322074,6683300.0,,,,,,,,,,,,,,,
2019-10-23,115.6380844116211,116.3262104851893,115.53860057225091,116.09407309296618,5995400.0,,,,,,,,,,,,,,,
2019-10-24,115.4060287475586,116.26826480118142,115.26508899179387,115.8039770373971,6161700.0,,,,,,,,,,,,,,,
2019-10-25,114.84219360351562,115.69613033160532,114.66808422618313,115.67954547411183,5669800.0,,,,,,,,,,,,,,,
2019-10-28,113.7975616455078,114.06286876092508,113.5737229987315,114.06286876092508,11402100.0,,,,,,,,,,,,,,,
2019-10-29,113.87225341796876,114.19558874638096,113.7230149160994,114.09609219495242,5296600.0,,,,,,,,,,,,,,,
2019-10-30,115.53866577148438,115.61327869311656,114.2204535537974,114.2204535537974,10914100.0,,,,,,,,,,,,,,,
2019-10-31,117.0972671508789,117.46204550447634,116.42571317478324,116.46716899807916,15834100.0,,,,,,,,,,,,,,,
2019-11-01,116.73681640625,117.32648576341803,116.09731833462524,116.87800198808166,11425500.0,,,,,,,,,,,,,,,
2019-11-04,115.2004165649414,115.55753092563822,115.05091769648362,115.41634529424988,11124300.0,,,,,,,,,,,,,,,
2019-11-05,113.9048080444336,114.14566381629388,113.5559942424524,113.96295001440596,13493000.0,,,,,,,,,,,,,,,
2019-11-06,114.59410858154295,114.9512355381373,114.06258110060062,114.62733617744767,9351900.0,,,,,,,,,,,,,,,
2019-11-07,112.51783752441406,113.24869262883936,111.66241060565078,113.24039206542211,19209800.0,,,,,,,,,,,,,,,
2019-11-08,112.04444122314452,112.90816862257756,111.93647054598488,112.2437561069904,10222900.0,,,,,,,,,,,,,,,
2019-11-11,112.11920928955078,112.44310872059368,111.8202242245406,112.43480815612192,4577000.0,,,,,,,,,,,,,,,
2019-11-12,112.63409423828124,112.90816486706797,111.94476738514147,112.3517230471486,5772900.0,,,,,,,,,,,,,,,
2019-11-13,113.36493682861328,113.74697808911358,113.09086622985254,113.62239363188804,6672400.0,,,,,,,,,,,,,,,
2019-11-14,114.53595733642578,114.97612785315374,114.33662981706108,114.44460047412684,10213300.0,,,,,,,,,,,,,,,
2019-11-15,114.41146087646484,114.74367366423849,114.13739007878488,114.17891826133436,4657600.0,,,,,,,,,,,,,,,
2019-11-18,114.61901092529295,115.11732343070136,114.5525684130643,114.7851235421714,5943900.0,,,,,,,,,,,,,,,
2019-11-19,115.57413482666016,115.64057735443664,114.9180227852527,114.9180227852527,7893100.0,,,,,,,,,,,,,,,
2019-11-20,116.77011108398438,116.77011108398438,116.08078390187308,116.1970551932762,7905500.0,,,,,,,,,,,,,,,
2019-11-21,116.03923797607422,116.33822306146747,115.54092527621268,115.97279543791812,5980900.0,,,,,,,,,,,,,,,
2019-11-22,116.188720703125,116.5043195817611,116.0060068968218,116.3548333798501,4664800.0,,,,,,,,,,,,,,,
2019-11-25,116.52922058105467,116.7119343663978,116.42124988809287,116.52092001721785,4157300.0,,,,,,,,,,,,,,,
2019-11-26,117.21026611328124,117.35975232242777,117.05246666632527,117.10229540270744,4281100.0,,,,,,,,,,,,,,,
2019-11-27,116.86973571777344,117.0275351415956,116.62057939977092,116.77007825961913,4095700.0,,,,,,,,,,,,,,,
2019-11-29,116.6205596923828,116.83648837276688,116.08903221768662,116.78665965211016,6251100.0,,,,,,,,,,,,,,,
2019-12-02,115.06566619873048,115.36516522839752,114.7661671690634,114.92423786449908,17702200.0,,,,,,,,,,,,,,,
2019-12-03,117.47830963134766,117.94419422488484,116.41341423903008,116.50492819093223,13062400.0,,,,,,,,,,,,,,,
2019-12-04,116.30522918701172,116.88758472147744,115.81438757184765,116.75447125805712,8586300.0,,,,,,,,,,,,,,,
2019-12-05,115.7395477294922,116.00577475849693,115.30694784896464,115.35686224330216,7273800.0,,,,,,,,,,,,,,,
2019-12-06,115.09896087646484,115.73954585261306,114.69130550531332,114.83273385177736,7931100.0,,,,,,,,,,,,,,,
2019-12-09,115.34854888916016,115.73124711678118,115.2820048181352,115.63141831583874,4016900.0,,,,,,,,,,,,,,,
2019-12-10,115.3568344116211,115.93087519681303,115.14884935579217,115.78943418777703,4947600.0,,,,,,,,,,,,,,,
2019-12-11,116.26365661621094,116.58811282457312,115.8310441069275,115.88928602108555,6256700.0,,,,,,,,,,,,,,,
2019-12-12,114.35015106201172,115.8726027933396,113.65132450499478,115.79773123960142,14857000.0,,,,,,,,,,,,,,,
2019-12-13,115.67296600341795,116.14717803606938,114.16715619205944,114.90758250184793,11335100.0,,,,,,,,,,,,,,,
2019-12-16,114.63302612304688,115.19043718703304,114.33352716534648,115.14051011541704,9156600.0,,,,,,,,,,,,,,,
2019-12-17,114.4749526977539,115.0905801928076,114.15049659526964,114.98243662157776,6179700.0,,,,,,,,,,,,,,,
2019-12-18,113.534912109375,114.35021018073482,113.37684139571876,114.22542419332387,6244700.0,,,,,,,,,,,,,,,
2019-12-19,113.71656799316406,114.04154338492452,113.12493960574648,113.32492935248932,6591100.0,,,,,,,,,,,,,,,
2019-12-20,113.86653900146484,113.89987697983452,113.26658253794388,113.43324700036564,5455700.0,,,,,,,,,,,,,,,
2019-12-23,113.69988250732422,114.13318720504832,113.32491291195517,113.99986072656202,5175000.0,,,,,,,,,,,,,,,
2019-12-24,114.02484130859376,114.20816201123706,113.23323611883995,113.25823324059031,4667400.0,,,,,,,,,,,,,,,
2019-12-26,114.29988098144533,114.34154711063478,113.74991859146624,114.08323491026452,5290200.0,,,,,,,,,,,,,,,
2019-12-27,114.42488861083984,114.68320083207335,114.3998787595322,114.52487715719644,7300500.0,,,,,,,,,,,,,,,
2019-12-30,114.0082015991211,114.07485212366367,113.04160370198684,113.23325256815065,7979700.0,,,,,,,,,,,,,,,
2019-12-31,112.89161682128906,113.70823202824332,112.80829730191728,113.49991415774323,10707400.0,,,,,,,,,,,,,,,
2020-01-02,114.16647338867188,114.5997779380779,113.88316425489845,113.9831527221812,11034100.0,,,,,,,,,,,,,,,
2020-01-03,115.92472839355467,115.95806637419209,114.89147985865144,115.2164552389378,12366000.0,,,,,,,,,,,,,,,
2020-01-06,115.26642608642578,116.41634460531576,115.11643063344762,116.39967561838226,11369800.0,,,,,,,,,,,,,,,
2020-01-07,114.69976043701172,115.3830488337785,114.69143230340764,115.17473106130684,8381200.0,,,,,,,,,,,,,,,
2020-01-08,113.94157409667967,115.2498040225831,113.59160151685742,114.93315671548434,10621700.0,,,,,,,,,,,,,,,
2020-01-09,114.34149169921876,114.52481240703878,113.24990830292488,113.32489967029362,7411500.0,,,,,,,,,,,,,,,
2020-01-10,115.35811614990234,115.3831132793841,114.6831682244648,114.7164934922022,8776000.0,,,,,,,,,,,,,,,
2020-01-13,115.00807189941406,115.06639426026136,114.48310707825344,114.89141446301248,5966900.0,,,,,,,,,,,,,,,
2020-01-14,115.59973907470705,115.67474316474036,115.1081119946548,115.14143725655975,13920300.0,,,,,,,,,,,,,,,
2020-01-15,116.3663330078125,116.45799336022698,115.84138073008508,116.25801638383982,6290500.0,,,,,,,,,,,,,,,
2020-01-16,115.99974822998048,116.26638853768284,115.60810955000105,116.04140163935688,6798600.0,,,,,,,,,,,,,,,
2020-01-17,115.00807189941406,115.10806035498486,114.45810996436072,114.6414306093785,9693100.0,,,,,,,,,,,,,,,
2020-01-21,116.21634674072266,116.3663294684512,115.63305938614934,115.66638464296322,6794900.0,,,,,,,,,,,,,,,
2020-01-22,116.62470245361328,116.77468524333788,116.31638330576388,116.42471268593118,6317000.0,,,,,,,,,,,,,,,
2020-01-23,117.4412078857422,117.80784913234577,117.30788148430354,117.36621655294748,9747400.0,,,,,,,,,,,,,,,
2020-01-24,118.39120483398438,118.78284341841128,117.74125414381054,117.8412426454641,8585000.0,,,,,,,,,,,,,,,
2020-01-27,120.23274993896484,120.23274993896484,119.57447098931716,119.94944065505142,10935200.0,,,,,,,,,,,,,,,
2020-01-28,119.29109191894533,120.06602792713662,119.0077828007705,119.93270150162807,10612900.0,,,,,,,,,,,,,,,
2020-01-29,120.45771026611328,120.57436775228174,119.51610952543848,119.5244503767656,9566800.0,,,,,,,,,,,,,,,
2020-01-30,120.474365234375,121.38262789347093,120.2327094388326,120.7410054368542,14711800.0,,,,,,,,,,,,,,,
2020-01-31,121.57428741455078,121.64929150079593,120.8993396413286,120.96600287648428,14538100.0,,,,,,,,,,,,,,,
2020-02-03,121.47576141357422,121.65938665082626,120.29055207775004,120.9833177026859,15309000.0,,,,,,,,,,,,,,,
2020-02-04,119.83987426757812,120.30727945044607,119.4058497109853,120.18208618211932,11388300.0,,,,,,,,,,,,,,,
2020-02-05,118.52945709228516,119.1053715908122,118.4376444514209,118.7715143890345,10782600.0,,,,,,,,,,,,,,,
2020-02-06,119.06365203857422,119.25563205408751,118.52113082981502,118.67136276977752,6683100.0,,,,,,,,,,,,,,,
2020-02-07,120.5493621826172,120.8081162454788,120.08195685176015,120.37409155146584,11374800.0,,,,,,,,,,,,,,,
2020-02-10,120.88327026367188,121.2338243721092,120.75806418047306,121.10863102475447,6699300.0,,,,,,,,,,,,,,,
2020-02-11,120.2739486694336,120.79143137409318,120.14040063731456,120.6829220060163,7784100.0,,,,,,,,,,,,,,,
2020-02-12,119.66460418701172,119.81484886145196,119.34744362690452,119.66460418701172,5595500.0,,,,,,,,,,,,,,,
2020-02-13,120.12368774414062,120.35739040090075,119.58116644862731,119.72305643767174,7883400.0,,,,,,,,,,,,,,,
2020-02-14,120.6495361328125,121.09190282615826,120.56606543239826,120.82480677350532,7137400.0,,,,,,,,,,,,,,,
2020-02-18,121.47576141357422,121.90144388894616,120.95827905540904,121.30883285311766,6909200.0,,,,,,,,,,,,,,,
2020-02-19,121.46745300292967,121.54256896551377,121.00838978296652,121.12524108115385,5707700.0,,,,,,,,,,,,,,,
2020-02-20,122.41897583007812,122.64433648267962,121.85975792134238,121.92653191973682,9332900.0,,,,,,,,,,,,,,,
2020-02-21,123.5624542236328,124.26357486109085,123.23693893103524,123.36214495793485,13860300.0,,,,,,,,,,,,,,,
2020-02-24,125.40707397460938,125.99968538551394,125.19840995801268,125.8911760214146,15929300.0,,,,,,,,,,,,,,,
2020-02-25,126.07471466064452,126.6673129281189,125.3151751060424,125.37360710370352,20802900.0,,,,,,,,,,,,,,,
2020-02-26,125.40707397460938,126.63401941106515,124.84785593843117,125.15667460752518,22589500.0,,,,,,,,,,,,,,,
2020-02-27,126.7675323486328,127.76911680388696,125.89114117434642,127.45194351098552,30687900.0,,,,,,,,,,,,,,,
2020-02-28,129.6304168701172,130.1896348426101,128.67056759741908,128.91261222533657,44935200.0,,,,,,,,,,,,,,,
2020-03-02,128.67665100097656,130.81652307572142,128.52618446981663,129.81345963501522,28152400.0,,,,,,,,,,,,,,,
2020-03-03,130.67440795898438,133.4913472003659,127.35593067992396,128.5679660572321,38608000.0,,,,,,,,,,,,,,,
2020-03-04,129.28680419921875,131.52699082358708,128.88558150330186,130.74125400954685,23463700.0,,,,,,,,,,,,,,,
2020-03-05,132.50502014160156,132.75578918868908,131.07564550145332,131.34313588625162,17786200.0,,,,,,,,,,,,,,,
2020-03-06,139.40110778808594,141.54097998608464,137.17764165077864,139.8441276062039,76288300.0,,,,,,,,,,,,,,,
2020-03-09,143.17929077148438,150.20911391891684,142.38519949577758,149.70758862856417,41552800.0,,,,,,,,,,,,,,,
2020-03-10,135.8401641845703,144.55011624855192,135.43894148663924,141.80005014024485,37728300.0,,,,,,,,,,,,,,,
2020-03-11,130.8415985107422,139.61842592450756,130.08930411999117,138.2809995024573,29519300.0,,,,,,,,,,,,,,,
2020-03-12,131.65240478515625,139.05837549468473,130.11437340306622,136.67608878242947,24361800.0,,,,,,,,,,,,,,,
2020-03-13,128.67665100097656,132.23753067960882,127.21384642984228,129.56269058617775,19812900.0,,,,,,,,,,,,,,,
2020-03-16,137.01046752929688,138.88284933892356,131.91154330562887,134.0597825660635,30496700.0,,,,,,,,,,,,,,,
2020-03-17,127.87421417236328,138.44821093782792,127.64853346950882,136.66776442076795,18570900.0,,,,,,,,,,,,,,,
2020-03-18,120.66046142578124,128.84380092916155,116.19680894202357,127.75714376637949,47061000.0,,,,,,,,,,,,,,,
2020-03-19,123.9455337524414,128.26707534823578,121.41279286317165,122.83380062458266,21175300.0,,,,,,,,,,,,,,,
2020-03-20,133.26565551757812,133.26565551757812,127.14696025446815,128.1416692973521,20863100.0,,,,,,,,,,,,,,,
2020-03-23,138.75746154785156,139.33422653117296,130.87504078817545,131.6524108059435,19971800.0,,,,,,,,,,,,,,,
2020-03-24,136.17459106445312,138.29774212497966,134.08486993003322,134.78701317008336,11948600.0,,,,,,,,,,,,,,,
2020-03-25,135.86532592773438,139.32590418323497,135.0963099548062,136.74301149894671,10750600.0,,,,,,,,,,,,,,,
2020-03-26,136.53395080566406,138.4899257783957,135.63955722601918,137.08563997888768,10576200.0,,,,,,,,,,,,,,,
2020-03-27,140.1784210205078,140.63816199101998,137.57880871958184,138.35619122510954,12550000.0,,,,,,,,,,,,,,,
2020-03-30,139.0249786376953,142.19299037674298,138.70733693261624,140.6800342630071,13473200.0,,,,,,,,,,,,,,,
2020-03-31,137.896484375,139.52646389682127,137.55376713448717,138.50667922067825,11464800.0,,,,,,,,,,,,,,,
2020-04-01,139.82850646972656,141.43574198692414,139.2927655550177,141.03392672108927,11334700.0,,,,,,,,,,,,,,,
2020-04-02,140.71578979492188,141.65333287498842,140.01261971180548,141.32686606867478,5771200.0,,,,,,,,,,,,,,,
2020-04-03,141.05062866210938,142.58251536076264,140.74927369232404,141.0924860026759,6570800.0,,,,,,,,,,,,,,,
2020-04-06,140.682373046875,140.8581688536809,139.4016169945297,139.79505319602904,9434800.0,,,,,,,,,,,,,,,
2020-04-07,139.20907592773438,139.30952336653755,137.04100021975162,138.0873702841918,13811400.0,,,,,,,,,,,,,,,
2020-04-08,138.19618225097656,139.11699300469115,137.39257720507285,138.21292774824553,10147100.0,,,,,,,,,,,,,,,
2020-04-09,138.44735717773438,138.7821905900317,137.09963161766242,137.518179769572,14259100.0,,,,,,,,,,,,,,,
2020-04-13,137.18325805664062,138.71514483937057,137.18325805664062,137.91152728481458,8750300.0,,,,,,,,,,,,,,,
2020-04-14,137.14979553222656,137.90318954090512,136.84844048336922,137.14979553222656,9019100.0,,,,,,,,,,,,,,,
2020-04-15,140.7828369140625,141.13442856868005,139.57742908009052,139.62765280987168,10027800.0,,,,,,,,,,,,,,,
2020-04-16,142.38165283203125,142.574194104934,141.48596677128026,141.68686163264516,8265400.0,,,,,,,,,,,,,,,
2020-04-17,140.4730987548828,143.00949899291228,140.02107246733445,142.15567014164617,8612100.0,,,,,,,,,,,,,,,
2020-04-20,141.60316467285156,141.71197846889,140.59865201152368,141.00045452144053,6462600.0,,,,,,,,,,,,,,,
2020-04-21,143.38616943359375,144.1060725106105,142.95925506828564,143.92191036720587,7850700.0,,,,,,,,,,,,,,,
2020-04-22,141.92124938964844,142.63278609471465,141.2264709540154,142.28120730953984,6230200.0,,,,,,,,,,,,,,,
2020-04-23,142.6746368408203,143.0848056846575,141.97984566429676,142.1974860146375,5968600.0,,,,,,,,,,,,,,,
2020-04-24,143.009521484375,143.009521484375,141.94641843456915,141.979896664697,6211800.0,,,,,,,,,,,,,,,
2020-04-27,140.3474884033203,142.0970156035358,140.16332630086936,142.0216800451882,9039500.0,,,,,,,,,,,,,,,
2020-04-28,141.96311950683594,142.1807726598959,141.00883049754827,141.09254521381325,9905400.0,,,,,,,,,,,,,,,
2020-04-29,141.2264404296875,142.52392872320465,140.59861856905593,141.91285235531575,8619600.0,,,,,,,,,,,,,,,
2020-04-30,139.57740783691406,141.66176894404825,139.55229597584542,141.25160003121186,11606100.0,,,,,,,,,,,,,,,
2020-05-01,140.77264404296875,140.90675621314423,139.50699400974392,140.39546475528562,10209400.0,,,,,,,,,,,,,,,
2020-05-04,140.11044311523438,140.54628835048507,139.54047296120692,140.44571064844823,8300900.0,,,,,,,,,,,,,,,
2020-05-05,139.213623046875,139.36450243335975,138.52632056740524,138.77777768511964,7831800.0,,,,,,,,,,,,,,,
2020-05-06,136.96731567382812,137.16009394144638,135.827387708954,136.81643627204397,14721500.0,,,,,,,,,,,,,,,
2020-05-07,139.25555419921875,139.44833247428537,136.9086420879603,137.09304314746473,9164800.0,,,,,,,,,,,,,,,
2020-05-08,137.4451141357422,138.6353313298414,137.19365691678703,137.87259524485955,8129800.0,,,,,,,,,,,,,,,
2020-05-11,136.37220764160156,137.64624785148618,135.86930611981396,137.17686798196084,8713500.0,,,,,,,,,,,,,,,
2020-05-12,137.7719268798828,138.24130660238316,136.73258971995722,136.75773414868843,10057300.0,,,,,,,,,,,,,,,
2020-05-13,138.73587036132812,139.38126120970307,138.1575228094373,138.3754454971124,13305600.0,,,,,,,,,,,,,,,
2020-05-14,140.09375,140.9403092823905,140.01831668357423,140.2446294224949,10080000.0,,,,,,,,,,,,,,,
2020-05-15,139.7333221435547,141.2252850301589,139.41480890159136,141.0660284091772,7225600.0,,,,,,,,,,,,,,,
2020-05-18,136.6655731201172,138.3503142799062,136.13751438496516,138.2413465308388,10073100.0,,,,,,,,,,,,,,,
2020-05-19,137.17684936523438,137.21037101294732,136.18778809755574,136.22132253490918,8639100.0,,,,,,,,,,,,,,,
2020-05-20,137.58755493164062,138.04855753846388,136.52307311818805,136.7661402437998,10927300.0,,,,,,,,,,,,,,,
2020-05-21,137.93124389648438,138.60179213230728,137.70493114909482,138.18270108362344,8920000.0,,,,,,,,,,,,,,,
2020-05-22,138.76104736328125,138.87000233787109,137.97315415344065,138.0653546947974,4956700.0,,,,,,,,,,,,,,,
2020-05-26,136.90023803710938,137.28579451166553,136.60686928459265,137.21875122102583,8098900.0,,,,,,,,,,,,,,,
2020-05-27,136.64881896972656,137.38642326847108,136.28001682035432,136.44765067289356,8047400.0,,,,,,,,,,,,,,,
2020-05-28,136.14585876464844,136.26321649050394,135.5004680102762,135.7519250992087,10272600.0,,,,,,,,,,,,,,,
2020-05-29,137.11819458007812,137.5372855931278,136.07885705308627,136.38060309406774,14632700.0,,,,,,,,,,,,,,,
2020-06-01,136.19496154785156,136.3292460731931,135.68301300030453,136.04390106140025,13341400.0,,,,,,,,,,,,,,,
2020-06-02,135.6998291015625,136.03552767645905,135.33055298552844,135.68304033099375,11517100.0,,,,,,,,,,,,,,,
2020-06-03,133.89540100097656,134.55842291001474,133.39185318768628,134.4325263521333,12255700.0,,,,,,,,,,,,,,,
2020-06-04,131.95669555664062,133.45057562655992,131.92313082964233,133.37504538625626,14038600.0,,,,,,,,,,,,,,,
2020-06-05,131.0167236328125,131.05868914422967,128.54091213211188,129.7578351267536,17778500.0,,,,,,,,,,,,,,,
2020-06-08,131.52027893066406,131.6377746743169,130.12710596586942,130.14389473098427,10346700.0,,,,,,,,,,,,,,,
2020-06-09,133.01419067382812,133.9793335984229,132.8547293823034,133.48417376079874,9095300.0,,,,,,,,,,,,,,,
2020-06-10,134.9863739013672,135.0367273772557,133.4841063777143,133.64356758874268,13135500.0,,,,,,,,,,,,,,,
2020-06-11,137.53778076171875,137.83151375315376,136.48870692214274,137.00904344862775,17086400.0,,,,,,,,,,,,,,,
2020-06-12,136.2117156982422,137.35310826141773,136.00190098299723,136.30403468519293,9716100.0,,,,,,,,,,,,,,,
2020-06-15,136.28736877441406,137.8232154111787,136.07755387003778,137.54625820067176,7759800.0,,,,,,,,,,,,,,,
2020-06-16,134.19754028320312,135.31375655032343,133.19043180947983,133.78631147316025,13698900.0,,,,,,,,,,,,,,,
2020-06-17,134.75144958496094,134.9276996444183,133.72755237840315,134.50807006160213,7113900.0,,,,,,,,,,,,,,,
2020-06-18,136.1781768798828,136.36281490626607,135.63266358761803,135.99353885349956,7691400.0,,,,,,,,,,,,,,,
2020-06-19,136.28736877441406,136.37968784458306,135.0452681262104,135.12079841832536,8565500.0,,,,,,,,,,,,,,,
2020-06-22,136.30409240722656,137.15173960559108,136.01874734711328,136.9587135715238,9319700.0,,,,,,,,,,,,,,,
2020-06-23,135.37246704101562,136.01029921325053,135.22139377549362,135.52352750046276,9088600.0,,,,,,,,,,,,,,,
2020-06-24,136.8244171142578,136.8747706138857,135.55714041800235,135.5655283992476,11436500.0,,,,,,,,,,,,,,,
2020-06-25,137.21885681152344,137.93223213756156,137.13492578278587,137.81473638097518,10968000.0,,,,,,,,,,,,,,,
2020-06-26,138.6875762939453,138.74633058210702,137.7895628451546,137.8483171333163,12119300.0,,,,,,,,,,,,,,,
2020-06-29,138.2510986328125,138.7043055565232,137.9573657362555,138.351818397011,7274400.0,,,,,,,,,,,,,,,
2020-06-30,137.57972717285156,138.72111997030711,137.20206316910685,138.6707664772847,14841700.0,,,,,,,,,,,,,,,
2020-07-01,137.3126220703125,137.43025567388773,136.2455089957436,136.80007290735588,13181000.0,,,,,,,,,,,,,,,
2020-07-02,137.4554443359375,137.58148856574468,136.32112319427026,136.70762806170666,7599800.0,,,,,,,,,,,,,,,
2020-07-06,136.89244079589844,136.97647025672956,135.90935764543357,136.39670031184357,7972700.0,,,,,,,,,,,,,,,
2020-07-07,138.8166961669922,138.92591915234183,137.1277977735026,137.312652451607,12791900.0,,,,,,,,,,,,,,,
2020-07-08,138.2620391845703,138.5729251064295,137.65706297585837,138.06878681323315,7253900.0,,,,,,,,,,,,,,,
2020-07-09,140.4635467529297,140.6988139782531,138.30412697311775,138.3545395469582,13373100.0,,,,,,,,,,,,,,,
2020-07-10,139.75765991210938,141.3373213090478,139.6148200995705,141.11884986073412,8478000.0,,,,,,,,,,,,,,,
2020-07-13,140.21974182128906,140.28696279305015,138.83333331825915,139.06020249531667,8054000.0,,,,,,,,,,,,,,,
2020-07-14,140.42147827148438,141.2785301621439,140.30384470383285,141.10207340011797,11344600.0,,,,,,,,,,,,,,,
2020-07-15,139.7660675048828,140.27861643094644,139.33754803729332,139.4131668572629,7840300.0,,,,,,,,,,,,,,,
2020-07-16,140.42984008789062,140.9675951846352,140.35420846126172,140.65669650449885,9107400.0,,,,,,,,,,,,,,,
2020-07-17,140.13577270507812,140.65671943404064,139.87529934059688,140.54749652638088,8549900.0,,,,,,,,,,,,,,,
2020-07-20,140.48033142089844,140.84163001961983,140.15263692534413,140.7492027095353,6907200.0,,,,,,,,,,,,,,,
2020-07-21,140.56427001953125,140.92558123867929,140.3878261389764,140.5726806564767,8454400.0,,,,,,,,,,,,,,,
2020-07-22,140.98443603515625,141.54741040207233,140.90041938686653,141.379351463299,6592100.0,,,,,,,,,,,,,,,
2020-07-23,142.6313018798828,142.740537612939,141.56418928622085,141.93389839401527,10471800.0,,,,,,,,,,,,,,,
2020-07-24,142.62289428710938,142.77413191842567,141.89187393913022,142.00950748162998,7520700.0,,,,,,,,,,,,,,,
2020-07-27,142.0935516357422,143.09344326098218,141.99272653776703,143.0514285297939,6146400.0,,,,,,,,,,,,,,,
2020-07-28,143.07664489746094,143.12705745000483,142.3624328801646,142.45486016686064,8520700.0,,,,,,,,,,,,,,,
2020-07-29,142.8329315185547,143.1690236356097,141.98427776818824,142.8833440540037,6733700.0,,,,,,,,,,,,,,,
2020-07-30,143.77398681640625,143.90001814373232,143.47149880973242,143.72357428547582,9376100.0,,,,,,,,,,,,,,,
2020-07-31,143.68162536621094,144.068142982163,142.7909693890006,142.96741332805698,8886000.0,,,,,,,,,,,,,,,
2020-08-03,142.95814514160156,142.9917994368328,142.1337946033762,142.36091617245208,9066200.0,,,,,,,,,,,,,,,
2020-08-04,144.3209228515625,144.32933001125494,143.60591638159704,143.69844647964717,9878900.0,,,,,,,,,,,,,,,
2020-08-05,143.05911254882812,143.47128145027142,142.73946088211335,143.0506925563223,6954100.0,,,,,,,,,,,,,,,
2020-08-06,143.85824584960938,144.89289105687052,143.52176699354675,144.16107040238776,9481800.0,,,,,,,,,,,,,,,
2020-08-07,142.8993377685547,144.26204216448448,142.6469817749561,144.0769819582028,8176900.0,,,,,,,,,,,,,,,
2020-08-10,142.26004028320312,143.21057567103668,142.21799164527314,143.18534135413486,6408500.0,,,,,,,,,,,,,,,
2020-08-11,140.56922912597656,140.8888808119676,139.53458397836772,140.6196977426372,19234200.0,,,,,,,,,,,,,,,
2020-08-12,139.2906036376953,139.69437815014797,138.78590475015793,139.38313369238003,11744800.0,,,,,,,,,,,,,,,
2020-08-13,137.8017578125,139.28222616764018,137.25498452360847,139.05510456039738,12744700.0,,,,,,,,,,,,,,,
2020-08-14,137.263427734375,138.07937146789865,137.24661341487027,137.79337401201735,6398100.0,,,,,,,,,,,,,,,
2020-08-17,137.6083221435547,138.34015581777484,137.47373056722006,137.9279739285097,6901500.0,,,,,,,,,,,,,,,
2020-08-18,138.59251403808594,138.68504415245005,138.0289261907266,138.2560478960495,8140600.0,,,,,,,,,,,,,,,
2020-08-19,137.72608947753906,139.30750844452737,137.36438904826716,139.10562107575456,12497700.0,,,,,,,,,,,,,,,
2020-08-20,138.97109985351562,139.34120759641803,138.73555807477445,139.12250581624414,10319900.0,,,,,,,,,,,,,,,
2020-08-21,139.80377197265625,139.91312921288358,138.80276816387115,139.44207161706868,6836000.0,,,,,,,,,,,,,,,
2020-08-24,139.57667541503906,140.45150782334915,139.5177996226608,139.90474719467468,6490600.0,,,,,,,,,,,,,,,
2020-08-25,138.50839233398438,138.87009276464914,137.81021295406916,138.24762917041497,10518300.0,,,,,,,,,,,,,,,
2020-08-26,137.97840881347656,138.230764748542,137.34752539349105,137.99523596524253,8276600.0,,,,,,,,,,,,,,,
2020-08-27,135.63150024414062,138.6429180231068,135.5642044862731,138.5924365781911,19860100.0,,,,,,,,,,,,,,,
2020-08-28,135.53057861328125,136.3128807316222,135.12681681675218,136.07735194736722,8415400.0,,,,,,,,,,,,,,,
2020-08-31,136.43072509765625,137.32237213720134,135.90077860475682,135.93443292815303,11388100.0,,,,,,,,,,,,,,,
2020-09-01,137.99110412597656,138.1679566721285,135.73419424815265,136.22263006387465,10587000.0,,,,,,,,,,,,,,,
2020-09-02,139.3047332763672,139.4226306155626,137.67943332532704,137.69626662389337,15167700.0,,,,,,,,,,,,,,,
2020-09-03,139.70066833496094,140.83754672191196,139.32171315593013,139.58277088259894,16416600.0,,,,,,,,,,,,,,,
2020-09-04,137.04788208007812,138.69844536351607,136.8036578234411,138.45423395672947,13780300.0,,,,,,,,,,,,,,,
2020-09-08,137.89004516601562,139.1700704910167,137.89004516601562,138.42057707511796,13790400.0,,,,,,,,,,,,,,,
2020-09-09,137.51951599121094,138.31953508535625,137.0647596388474,138.05847744041083,9558900.0,,,,,,,,,,,,,,,
2020-09-10,138.21849060058594,138.40375981249866,136.38264464159295,136.8121382009612,8847700.0,,,,,,,,,,,,,,,
2020-09-11,138.51318359375,138.5889848652743,138.17633759752383,138.3700234028613,5458200.0,,,,,,,,,,,,,,,
2020-09-14,138.5048065185547,139.0185051619904,138.30269115315457,138.77428082256674,4274900.0,,,,,,,,,,,,,,,
2020-09-15,138.16793823242188,138.5047842707937,137.93213058573838,138.25214331708847,6928500.0,,,,,,,,,,,,,,,
2020-09-16,137.75535583496094,138.8585419078734,137.25007368941905,138.765907276186,8815200.0,,,,,,,,,,,,,,,
2020-09-17,138.1763153076172,138.91739179958932,137.94052057832587,138.86685334344205,7813900.0,,,,,,,,,,,,,,,
2020-09-18,137.7469024658203,138.3111267630477,137.55320374673298,138.2521716268415,7246300.0,,,,,,,,,,,,,,,
2020-09-21,138.44586181640625,139.28798996090958,138.22691312478344,138.85850923316096,11086900.0,,,,,,,,,,,,,,,
2020-09-22,138.33645629882812,138.85015521269798,137.99959717915686,138.47961660599034,10524100.0,,,,,,,,,,,,,,,
2020-09-23,138.5216827392578,138.5553622158727,137.6711249689058,138.36167631315763,6224800.0,,,,,,,,,,,,,,,
2020-09-24,139.05210876464844,139.05210876464844,138.63104495385446,138.91737811107865,8278100.0,,,,,,,,,,,,,,,
2020-09-25,139.05210876464844,139.30474962109437,138.70684620568167,139.04369211437773,5140300.0,,,,,,,,,,,,,,,
2020-09-28,138.65643310546875,138.86696520119514,138.4206381862439,138.84170237769672,4470100.0,,,,,,,,,,,,,,,
2020-09-29,138.8163299560547,139.1531887531761,138.58053522299429,138.78265050126714,10297600.0,,,,,,,,,,,,,,,
2020-09-30,137.48583984375,138.1090193129395,136.88793604142435,138.1090193129395,12971000.0,,,,,,,,,,,,,,,
2020-10-01,137.712646484375,138.0329909866618,136.65046983498806,136.99609047552548,11523900.0,,,,,,,,,,,,,,,
2020-10-02,137.19834899902344,137.97390801506904,136.71783247797788,137.92333003667866,8828800.0,,,,,,,,,,,,,,,
2020-10-05,134.5177001953125,135.68103303981036,134.47554756501563,135.68103303981036,14726000.0,,,,,,,,,,,,,,,
2020-10-06,135.2425537109375,136.0687033993168,133.76730294861625,134.31526094966364,22419400.0,,,,,,,,,,,,,,,
2020-10-07,134.25624084472656,135.23412440878909,133.9190458255435,134.50914354069658,9429200.0,,,,,,,,,,,,,,,
2020-10-08,134.98133850097656,135.09093276545832,134.5935651797245,134.85489347517188,8431500.0,,,,,,,,,,,,,,,
2020-10-09,134.9560089111328,135.1077557596409,133.87696880483892,134.4755050943981,8441500.0,,,,,,,,,,,,,,,
2020-10-12,135.3859100341797,135.45333876683935,134.97283508341658,135.24258860356272,3962000.0,,,,,,,,,,,,,,,
2020-10-13,136.35533142089844,136.42277300474845,135.87481495965463,135.90011680886937,7914300.0,,,,,,,,,,,,,,,
2020-10-14,136.667236328125,137.1983307569459,136.54079139896135,136.8442720921209,6954800.0,,,,,,,,,,,,,,,
2020-10-15,136.43124389648438,137.56930010099606,136.26264631219368,137.44284226539966,9458800.0,,,,,,,,,,,,,,,
2020-10-16,136.0518798828125,136.8358772078186,135.8074153442353,136.279493669191,8416300.0,,,,,,,,,,,,,,,
2020-10-19,135.53762817382812,135.70622571215725,134.92224137050135,135.3015890475338,9286600.0,,,,,,,,,,,,,,,
2020-10-20,134.2478790283203,134.8885550133495,133.99497621261852,134.7621100370844,11189000.0,,,,,,,,,,,,,,,
2020-10-21,133.7842254638672,134.34903446083138,133.50603365404814,133.8600924493165,10453700.0,,,,,,,,,,,,,,,
2020-10-22,132.3932647705078,133.72520744285384,132.3258231697747,133.43857742394565,12664900.0,,,,,,,,,,,,,,,
2020-10-23,133.2025146484375,133.3711250519762,132.14033856724978,132.19091654304427,8783800.0,,,,,,,,,,,,,,,
2020-10-26,134.4417266845703,134.89695419365398,134.04551538943625,134.2141257931963,7227300.0,,,,,,,,,,,,,,,
2020-10-27,135.34371948242188,135.47016439966868,134.7957614936327,135.07395317474126,6062300.0,,,,,,,,,,,,,,,
2020-10-28,135.47021484375,136.1109036314774,135.0487144784221,136.0434620294445,11765800.0,,,,,,,,,,,,,,,
2020-10-29,134.15513610839844,135.5798094049922,133.59032716098127,135.49550418644083,11932400.0,,,,,,,,,,,,,,,
2020-10-30,132.8315887451172,134.33212853586474,132.8315887451172,134.06236221416503,13095400.0,,,,,,,,,,,,,,,
2020-11-02,133.82666015625,134.34144350493222,133.61568358510135,133.9279247897652,10810500.0,,,,,,,,,,,,,,,
2020-11-03,133.05020141601562,133.3202445960741,132.52697102474596,133.21054559026044,16228700.0,,,,,,,,,,,,,,,
2020-11-04,135.93629455566406,136.85614842683236,135.48057839108353,136.40887955821017,21570800.0,,,,,,,,,,,,,,,
2020-11-05,136.1726837158203,136.49337214245617,135.5144380126091,136.40897638482,18537500.0,,,,,,,,,,,,,,,
2020-11-06,134.52703857421875,134.95742593459534,134.13040178295765,134.70425159679309,12408400.0,,,,,,,,,,,,,,,
2020-11-09,131.699951171875,131.77589961152168,130.49317192977088,131.6240027322283,23245000.0,,,,,,,,,,,,,,,
2020-11-10,130.94036865234375,131.488902027045,130.6196804706554,130.7715901429722,12561000.0,,,,,,,,,,,,,,,
2020-11-11,131.4130401611328,131.59870050678603,130.78011067649223,130.82230855086493,5888200.0,,,,,,,,,,,,,,,
2020-11-12,133.6493682861328,133.67468443203165,132.24849433079865,132.44258907501683,15999700.0,,,,,,,,,,,,,,,
2020-11-13,133.4720916748047,133.75901644294635,133.26111530817545,133.64087019271298,7344600.0,,,,,,,,,,,,,,,
2020-11-16,133.15147399902344,133.5734269557644,133.00801153896938,133.10927612795288,6310400.0,,,,,,,,,,,,,,,
2020-11-17,134.02069091796875,134.31606312714823,133.8350305939671,133.98694034859656,7444600.0,,,,,,,,,,,,,,,
2020-11-18,134.40887451171875,134.6620488160772,133.63248275480484,134.55233694622652,10333300.0,,,,,,,,,,,,,,,
2020-11-19,135.10086059570312,135.63252530801793,134.88988417043268,134.99959603220665,10637200.0,,,,,,,,,,,,,,,
2020-11-20,136.2992706298828,136.32458678291988,135.3540999112049,135.47224625103965,7246800.0,,,,,,,,,,,,,,,
2020-11-23,135.67477416992188,135.8604345241097,135.26125558523373,135.71697204623436,11300000.0,,,,,,,,,,,,,,,
2020-11-24,134.3245391845703,135.0418645566396,134.1895111112655,135.01654840251817,10891700.0,,,,,,,,,,,,,,,
2020-11-25,133.9109649658203,134.948978361966,133.86033267858988,134.3919974484703,9145800.0,,,,,,,,,,,,,,,
2020-11-27,135.21060180664062,135.2527996762501,134.67050255579213,134.69581870216143,4708200.0,,,,,,,,,,,,,,,
2020-11-30,135.04180908203125,135.47219640228002,134.8223853338028,135.05024350427828,13071600.0,,,,,,,,,,,,,,,
2020-12-01,133.05068969726562,134.0982045296077,132.357975157303,133.9376968732695,13662800.0,,,,,,,,,,,,,,,
2020-12-02,131.99472045898438,132.56915529516937,131.34424686733186,132.52692729671003,12114300.0,,,,,,,,,,,,,,,
2020-12-03,133.0591278076172,133.32101617361766,132.2735013799459,132.57761774648867,9626500.0,,,,,,,,,,,,,,,
2020-12-04,131.10775756835938,131.60616670724733,130.7445141624249,131.52169779173673,12734500.0,,,,,,,,,,,,,,,
2020-12-07,132.2904052734375,132.52693880182554,131.9355920907449,132.07921370236886,9316100.0,,,,,,,,,,,,,,,
2020-12-08,132.91552734375,133.5322160273201,132.79726057664672,133.10983287479252,7397200.0,,,,,,,,,,,,,,,
2020-12-09,132.4762420654297,132.8986251666865,131.7919706137019,132.24815158152043,7750100.0,,,,,,,,,,,,,,,
2020-12-10,133.6505126953125,133.71808267153642,132.484730808687,132.8310881648748,10025100.0,,,,,,,,,,,,,,,
2020-12-11,134.12353515625,134.64728608311964,133.7433929386798,134.02215444548435,8135900.0,,,,,,,,,,,,,,,
2020-12-14,133.7518310546875,134.05594739561135,132.7212152821183,133.0422305559015,7535900.0,,,,,,,,,,,,,,,
2020-12-15,133.30416870117188,133.8025778889933,132.89022843715415,133.28726976036512,6847500.0,,,,,,,,,,,,,,,
2020-12-16,132.9492950439453,133.38012112131526,132.1129719512894,132.27347957524327,9954200.0,,,,,,,,,,,,,,,
2020-12-17,132.5975799560547,134.00135842563313,132.2846814901221,133.72229309829078,9422700.0,,,,,,,,,,,,,,,
2020-12-18,132.2000732421875,133.0880056845917,132.07321837695454,132.86812907961055,6505000.0,,,,,,,,,,,,,,,
2020-12-21,132.72438049316406,133.05418252177367,132.3015567178411,132.93579238082555,8988200.0,,,,,,,,,,,,,,,
2020-12-22,133.40939331054688,133.46859485071246,132.8343589958261,133.24026632995614,7370800.0,,,,,,,,,,,,,,,
2020-12-23,132.48760986328125,132.50452642852272,131.46438347844767,132.4453249019569,9266600.0,,,,,,,,,,,,,,,
2020-12-24,133.01187133789062,133.13026145549605,132.63979732795576,132.6820693743073,3117100.0,,,,,,,,,,,,,,,
2020-12-28,133.07115173339844,133.14725694621265,132.00564004331153,132.24242041888638,7791100.0,,,,,,,,,,,,,,,
2020-12-29,132.9019775390625,133.01190295067943,132.22545689043432,132.25082528569652,9030900.0,,,,,,,,,,,,,,,
2020-12-30,133.1894073486328,133.21477572727238,132.4959705896853,132.61437356140289,9097300.0,,,,,,,,,,,,,,,
2020-12-31,133.384033203125,133.68001511523553,133.1472528348615,133.15571757173237,7742100.0,,,,,,,,,,,,,,,
2021-01-04,133.2233428955078,133.76455694764496,132.37769513257095,132.4876334708922,13152900.0,,,,,,,,,,,,,,,
2021-01-05,132.2339324951172,132.72440973096573,131.6335298278884,132.72440973096573,10458100.0,,,,,,,,,,,,,,,
2021-01-06,129.5193328857422,130.10283153920022,128.78361102098725,130.0774631545762,22827300.0,,,,,,,,,,,,,,,
2021-01-07,128.37777709960938,128.68221079208473,127.9126682772776,128.36086053237185,14651900.0,,,,,,,,,,,,,,,
2021-01-08,127.96337127685548,128.50458509889205,127.4052408937553,128.0986650546981,13622500.0,,,,,,,,,,,,,,,
2021-01-11,127.75200653076172,127.87039669474898,127.26152930751164,127.69280499698804,8370700.0,,,,,,,,,,,,,,,
2021-01-12,127.65050506591795,127.82809674285966,126.78794088452432,127.5151983504918,12186300.0,,,,,,,,,,,,,,,
2021-01-13,129.0881805419922,129.4433641080407,128.1748919262187,128.2509971602721,12533300.0,,,,,,,,,,,,,,,
2021-01-14,127.8788833618164,129.07970189610228,127.515248035367,129.0289650839381,14835500.0,,,,,,,,,,,,,,,
2021-01-15,128.38623046875,128.8428745152555,128.09024863431716,128.69911596536377,11624700.0,,,,,,,,,,,,,,,
2021-01-19,128.80064392089844,128.84292890131766,128.12412294488405,128.21714474038058,9575600.0,,,,,,,,,,,,,,,
2021-01-20,128.9274444580078,128.94434812019108,128.36084918589515,128.52998903619925,5368900.0,,,,,,,,,,,,,,,
2021-01-21,128.02261352539062,128.32704723431297,127.77738135321798,128.06489849398886,8162700.0,,,,,,,,,,,,,,,
2021-01-22,128.4369354248047,128.54686081596776,128.0479319305691,128.4115670342628,9507200.0,,,,,,,,,,,,,,,
2021-01-25,129.9506072998047,129.9675238572711,129.07959169179685,129.18106522949014,8712600.0,,,,,,,,,,,,,,,
2021-01-26,129.7054443359375,129.89148785645733,129.31644072842528,129.46866401955944,7690300.0,,,,,,,,,,,,,,,
2021-01-27,130.03518676757812,130.65250567329838,129.83222677368013,130.28888353406222,7895200.0,,,,,,,,,,,,,,,
2021-01-28,129.31640625,129.77306309808887,128.67371883455036,129.72231341220208,10667800.0,,,,,,,,,,,,,,,
2021-01-29,128.53848266601562,128.9528547883138,127.94653170813476,128.04800532846772,14965900.0,,,,,,,,,,,,,,,
2021-02-01,128.68748474121094,128.99227140602306,128.25570901544415,128.39963425736642,8165500.0,,,,,,,,,,,,,,,
2021-02-02,127.85775756835938,127.91701480766704,127.43444359024,127.62070277409391,9177500.0,,,,,,,,,,,,,,,
2021-02-03,126.72322845458984,127.49366276519132,126.6385734353509,127.35819923219276,9633100.0,,,,,,,,,,,,,,,
2021-02-04,126.3846206665039,126.5624182220141,125.9782428634316,126.2830294453652,8262600.0,,,,,,,,,,,,,,,
2021-02-05,125.3263168334961,126.630130928063,125.3178552058487,126.23221481387192,10258900.0,,,,,,,,,,,,,,,
2021-02-08,125.87657928466795,126.36762481916172,125.3347381635906,125.55486959680134,11574800.0,,,,,,,,,,,,,,,
2021-02-09,125.96976470947266,126.71480142587264,125.85971186256234,126.33382143899247,5218300.0,,,,,,,,,,,,,,,
2021-02-10,126.80792999267578,126.80792999267578,126.26608863562328,126.38461602877489,8079800.0,,,,,,,,,,,,,,,
2021-02-11,126.11370849609376,126.81639834513116,125.93591093768102,126.72326875139451,11962700.0,,,,,,,,,,,,,,,
2021-02-12,124.54737091064452,125.36860061166723,124.4796391610384,125.04687803066568,14088400.0,,,,,,,,,,,,,,,
2021-02-16,122.65101623535156,123.3198597097432,122.47323155781886,122.94734125593322,17789100.0,,,,,,,,,,,,,,,
2021-02-17,123.429931640625,123.9294521454543,122.74416479865748,123.56539526629132,11199100.0,,,,,,,,,,,,,,,
2021-02-18,122.93038940429688,123.26904837300592,122.18536551017446,122.43088195878462,10755300.0,,,,,,,,,,,,,,,
2021-02-19,121.2963409423828,122.1853025139505,120.94075889745814,121.9651710681552,12741700.0,,,,,,,,,,,,,,,
2021-02-22,120.37352752685548,121.69427767096111,119.98408599547048,121.0931662831526,13203900.0,,,,,,,,,,,,,,,
2021-02-23,120.0264663696289,120.64450125007546,119.49308654596555,119.81480934989192,12658500.0,,,,,,,,,,,,,,,
2021-02-24,119.23904418945312,119.52689451189087,117.81671583022164,117.97757716291147,17363100.0,,,,,,,,,,,,,,,
2021-02-25,117.29180145263672,118.46015186813162,115.6578161148055,118.1215059394299,52621700.0,,,,,,,,,,,,,,,
2021-02-26,121.1694107055664,121.321810482665,118.25700794654163,119.17984240250824,45423300.0,,,,,,,,,,,,,,,
2021-03-01,119.5689926147461,119.86567401224146,118.74677461671747,119.2299392468002,22048000.0,,,,,,,,,,,,,,,
2021-03-02,119.57752227783205,119.6283790087236,118.9163459740563,119.0095876253781,12482200.0,,,,,,,,,,,,,,,
2021-03-03,118.2805633544922,118.797628133842,117.61940025093756,118.14494977139483,19763700.0,,,,,,,,,,,,,,,
2021-03-04,117.5177230834961,118.6196662407144,116.94132960886346,118.35689786645185,22366600.0,,,,,,,,,,,,,,,
2021-03-05,117.7466049194336,118.11108678811614,116.96677151601,117.11934171199933,20598000.0,,,,,,,,,,,,,,,
2021-03-08,116.83112335205078,117.73809841786527,116.83112335205078,117.67876988618676,15236600.0,,,,,,,,,,,,,,,
2021-03-09,118.4500961303711,118.51790938503348,117.7974048715443,118.05170134301436,14463400.0,,,,,,,,,,,,,,,
2021-03-10,118.6875228881836,118.79770819032431,118.06025952418322,118.501039534942,12387600.0,,,,,,,,,,,,,,,
2021-03-11,117.83130645751952,118.14494438088492,117.3651113439156,117.96693296848532,14150700.0,,,,,,,,,,,,,,,
2021-03-12,115.3307647705078,115.66983108405104,114.98322664939754,115.61896143647652,20402700.0,,,,,,,,,,,,,,,
2021-03-15,116.0089340209961,116.2038891507798,115.62749557261478,115.69530886429234,11366500.0,,,,,,,,,,,,,,,
2021-03-16,115.54269409179688,116.22928569772417,115.0680141140723,116.1445288068787,15567900.0,,,,,,,,,,,,,,,
2021-03-17,114.67806243896484,114.88150220758509,113.71174617261696,114.55939247411708,27107500.0,,,,,,,,,,,,,,,
2021-03-18,113.51681518554688,113.98302333691731,112.89803687594184,112.9997503147649,21615100.0,,,,,,,,,,,,,,,
2021-03-19,114.22040557861328,114.28821887427264,113.41514371051186,113.65248377828776,18685000.0,,,,,,,,,,,,,,,
2021-03-22,115.5002899169922,115.6274446331434,114.7458851637674,115.01713821097762,17047500.0,,,,,,,,,,,,,,,
2021-03-23,116.54296112060548,116.58533311260274,115.40710459886894,115.78007125370212,16768400.0,,,,,,,,,,,,,,,
2021-03-24,117.17019653320312,117.21258145386297,116.0852098214326,116.17845147325951,13863000.0,,,,,,,,,,,,,,,
2021-03-25,116.24620819091795,117.53463413443534,116.20382329088378,117.30576602149512,20782000.0,,,,,,,,,,,,,,,
2021-03-26,115.83936309814452,116.33099957483635,115.46639660313294,115.63592330066786,8433300.0,,,,,,,,,,,,,,,
2021-03-29,114.85610961914062,116.0004376561288,114.40685797417432,115.98348110328288,13968100.0,,,,,,,,,,,,,,,
2021-03-30,115.45797729492188,115.71226098982028,114.4407907790729,114.68661559622647,15020800.0,,,,,,,,,,,,,,,
2021-03-31,114.81373596191406,115.78005262392072,114.41534100236152,115.56814096177835,19271300.0,,,,,,,,,,,,,,,
2021-04-01,116.71929931640624,116.81266848721204,115.6922513892933,115.90445287278366,14885900.0,,,,,,,,,,,,,,,
2021-04-05,116.21002197265624,116.26094825573264,115.38667919158664,115.9044513224474,8243000.0,,,,,,,,,,,,,,,
2021-04-06,116.99943542480467,117.11826776653322,116.29492477321628,116.42225346548148,9282400.0,,,,,,,,,,,,,,,
2021-04-07,116.18456268310548,117.22010697915952,116.18456268310548,116.66837534012198,11052700.0,,,,,,,,,,,,,,,
2021-04-08,117.14368438720705,117.19462361493326,116.59196579511908,116.61742893310785,7847900.0,,,,,,,,,,,,,,,
2021-04-09,116.71929931640624,117.2964940864104,116.36280237835253,116.71081591969688,8717800.0,,,,,,,,,,,,,,,
2021-04-12,116.66835021972656,116.73625623537544,116.37127597197934,116.67684656652528,7659000.0,,,,,,,,,,,,,,,
2021-04-13,117.54261779785156,117.56808093446396,116.45614746322916,116.54103321976916,13232800.0,,,,,,,,,,,,,,,
2021-04-14,117.1691436767578,117.3389151934383,116.77021687745392,117.16066028162312,7293200.0,,,,,,,,,,,,,,,
2021-04-15,119.1299285888672,119.664667567548,118.3744917586418,118.39995490278127,23896700.0,,,,,,,,,,,,,,,
2021-04-16,118.20476531982422,118.60370533263972,117.9246576756076,118.06896614982324,15238400.0,,,,,,,,,,,,,,,
2021-04-19,117.8652114868164,118.2471716282528,117.60208367719918,117.7633589029008,13886800.0,,,,,,,,,,,,,,,
2021-04-20,118.40843963623048,118.62912453851315,117.50021097916895,117.51719072603748,11476500.0,,,,,,,,,,,,,,,
2021-04-21,118.6461181640625,118.75646710398796,118.04347307313157,118.4424000330663,11902200.0,,,,,,,,,,,,,,,
2021-04-22,119.1638412475586,119.1638412475586,118.15376031139186,118.83280751611932,14156400.0,,,,,,,,,,,,,,,
2021-04-23,118.8837432861328,119.23175678721968,118.3999306946516,119.1553673704199,12302200.0,,,,,,,,,,,,,,,
2021-04-26,118.71398162841795,119.26570022665254,118.7054982329101,118.96012961563446,9103500.0,,,,,,,,,,,,,,,
2021-04-27,117.678466796875,118.68006464136222,117.58509761604782,118.48482993033588,14137300.0,,,,,,,,,,,,,,,
2021-04-28,117.75484466552734,117.89065672461952,117.10127341567906,117.68693863598126,15263700.0,,,,,,,,,,,,,,,
2021-04-29,117.40686798095705,117.44081452676738,116.39678663236576,116.66839785410896,17178200.0,,,,,,,,,,,,,,,
2021-04-30,117.678466796875,117.7548562307103,117.11825171191192,117.56811786905594,15692000.0,,,,,,,,,,,,,,,
2021-05-03,117.74899291992188,118.7095411161016,117.54497614080216,117.9019957762062,16447700.0,,,,,,,,,,,,,,,
2021-05-04,118.54804229736328,119.14307502239748,118.29302456642274,118.57354277338328,18639700.0,,,,,,,,,,,,,,,
2021-05-05,118.7435531616211,118.87956435086645,118.08901066277626,118.1825167340398,11127900.0,,,,,,,,,,,,,,,
2021-05-06,118.93907928466795,119.16859658019176,118.3270418104331,118.36954693489942,21907600.0,,,,,,,,,,,,,,,
2021-05-07,118.35250854492188,119.5170863636751,118.08049917323314,119.09206118168584,18346900.0,,,,,,,,,,,,,,,
2021-05-10,117.15399932861328,118.3695656620578,117.0434885816656,118.11454784565665,15146200.0,,,,,,,,,,,,,,,
2021-05-11,116.49092864990234,116.86495298964832,116.26142432657508,116.65244033940564,15158600.0,,,,,,,,,,,,,,,
2021-05-12,115.26688385009766,116.28694212906198,115.0628670060069,116.1764313838364,20859400.0,,,,,,,,,,,,,,,
2021-05-13,115.44536590576172,115.92139214992903,115.29236302902608,115.54736782358547,13073900.0,,,,,,,,,,,,,,,
2021-05-14,116.52497100830078,116.52497100830078,115.79392676515988,116.05744045092928,17566700.0,,,,,,,,,,,,,,,
2021-05-17,116.27841186523438,116.60143523275543,116.0914126727532,116.31242115167994,6113800.0,,,,,,,,,,,,,,,
2021-05-18,115.98092651367188,116.09143726191355,115.66641188651649,115.94691722002284,11423100.0,,,,,,,,,,,,,,,
2021-05-19,115.7003936767578,116.71195601846377,115.28386419171903,116.0659092277307,14296000.0,,,,,,,,,,,,,,,
2021-05-20,116.6524429321289,116.87346439456914,116.17641666032397,116.25291810313338,13310500.0,,,,,,,,,,,,,,,
2021-05-21,117.02643585205078,117.05193632613894,116.50790459435862,117.01794001760126,10171600.0,,,,,,,,,,,,,,,
2021-05-24,117.45996856689452,117.79999653979456,117.2134596359403,117.29846987185051,6868700.0,,,,,,,,,,,,,,,
2021-05-25,118.54804229736328,118.5820386084764,117.83399005658164,117.84249886241535,12346900.0,,,,,,,,,,,,,,,
2021-05-26,118.34402465820312,118.93056154388056,118.05501061825036,118.65853917399056,9793700.0,,,,,,,,,,,,,,,
2021-05-27,117.86800384521484,117.89350432220986,117.2984715744241,117.73199265408064,10695200.0,,,,,,,,,,,,,,,
2021-05-28,117.68103790283205,118.4120821287672,117.596027632312,117.80004449911236,10258000.0,,,,,,,,,,,,,,,
2021-06-01,117.6545867919922,117.69714010101964,116.83735802597802,117.3225904472325,11778500.0,,,,,,,,,,,,,,,
2021-06-02,117.92704010009766,118.14836676510612,117.74827975243367,117.94406922491872,7347900.0,,,,,,,,,,,,,,,
2021-06-03,117.48433685302734,117.90997391385342,117.34814286551632,117.90997391385342,10994000.0,,,,,,,,,,,,,,,
2021-06-04,119.09323120117188,119.09323120117188,117.91848187651752,117.91848187651752,15773700.0,,,,,,,,,,,,,,,
2021-06-07,118.7271957397461,118.9315061930056,118.59950982484108,118.8293444716701,7799800.0,,,,,,,,,,,,,,,
2021-06-08,119.56146240234376,119.74023570508383,119.35716490139949,119.74023570508383,11230900.0,,,,,,,,,,,,,,,
2021-06-09,120.61700439453124,121.00858312558216,120.24244178958918,120.67658681473064,12768300.0,,,,,,,,,,,,,,,
2021-06-10,121.34060668945312,121.35763580879592,119.75723631528902,119.88493522624178,19698300.0,,,,,,,,,,,,,,,
2021-06-11,121.14482879638672,121.22144035659404,120.74472888497516,121.14482879638672,8646700.0,,,,,,,,,,,,,,,
2021-06-14,120.21693420410156,120.96605959839344,120.03816092067738,120.96605959839344,9401300.0,,,,,,,,,,,,,,,
2021-06-15,120.072265625,120.10631088818226,119.58703294608488,119.85944700921284,18207300.0,,,,,,,,,,,,,,,
2021-06-16,119.97005462646484,120.60000214688384,119.35714921476988,120.37015449911564,19676300.0,,,,,,,,,,,,,,,
2021-06-17,121.76627349853516,123.37518145011506,120.57449464159276,120.76177603188589,35225800.0,,,,,,,,,,,,,,,
2021-06-18,124.05618286132812,124.32007577934736,122.6856309092232,122.82183789575348,26616900.0,,,,,,,,,,,,,,,
2021-06-21,121.97903442382812,123.00057352054776,121.74919981753447,122.91544093268472,16485000.0,,,,,,,,,,,,,,,
2021-06-22,122.27699279785156,122.31103804138544,120.98305272359532,121.02561902007012,14530200.0,,,,,,,,,,,,,,,
2021-06-23,121.96202087402344,122.1578102429531,121.4853095465028,121.82581392632912,12040900.0,,,,,,,,,,,,,,,
2021-06-24,122.1578369140625,122.49834136823225,122.01312187156974,122.08973342534608,8788400.0,,,,,,,,,,,,,,,
2021-06-25,120.88948059082033,122.07275156283676,120.34466545959152,121.95357365879975,15562200.0,,,,,,,,,,,,,,,
2021-06-28,122.13235473632812,122.41327688277744,121.47686972794634,121.49389885514822,11460700.0,,,,,,,,,,,,,,,
2021-06-29,122.33663177490234,122.34513984146304,121.76626657997072,121.8173539475787,11217900.0,,,,,,,,,,,,,,,
2021-06-30,122.8814468383789,123.37517448738032,122.64309108044212,122.79631421508094,15708900.0,,,,,,,,,,,,,,,
2021-07-01,122.88825988769533,123.00759318586928,122.34273438084942,122.72630476738334,10810000.0,,,,,,,,,,,,,,,
2021-07-02,123.62982177734376,123.62982177734376,122.8371105660694,122.93939252717496,9650200.0,,,,,,,,,,,,,,,
2021-07-06,125.0788803100586,125.29197639092914,124.20944465832808,124.20944465832808,20037200.0,,,,,,,,,,,,,,,
2021-07-07,126.18693542480467,126.63017879501226,125.4879872317361,125.78632686687271,20964400.0,,,,,,,,,,,,,,,
2021-07-08,126.68128967285156,127.3802507062664,126.29771952330864,126.90291780849334,17487800.0,,,,,,,,,,,,,,,
2021-07-09,124.89984893798828,125.291951371286,124.86575929465153,125.18965642857572,14483600.0,,,,,,,,,,,,,,,
2021-07-12,124.73790740966795,125.4965288681809,124.59300364864318,125.37719559402215,10610400.0,,,,,,,,,,,,,,,
2021-07-13,123.78326416015624,125.69260990695273,123.28887964519056,125.14708440877573,23340200.0,,,,,,,,,,,,,,,
2021-07-14,125.18966674804688,125.23228856049369,124.2861415521196,124.45661579555568,16038600.0,,,,,,,,,,,,,,,
2021-07-15,126.57058715820312,126.66434997943622,125.32609998605068,126.11029221529292,18462400.0,,,,,,,,,,,,,,,
2021-07-16,126.33189392089844,126.44269504531005,125.57327234752655,125.59031067044934,12787900.0,,,,,,,,,,,,,,,
2021-07-19,129.10214233398438,129.519802350995,128.3861295787386,128.66741798145063,40203900.0,,,,,,,,,,,,,,,
2021-07-20,127.857666015625,130.1676335711032,127.65308906771244,130.0141976085802,25674800.0,,,,,,,,,,,,,,,
2021-07-21,126.23812103271484,126.57906955287524,125.01920471075432,126.30630033166506,19988900.0,,,,,,,,,,,,,,,
2021-07-22,127.43148040771484,127.69571751684111,126.20404466925918,126.24666649474682,18136900.0,,,,,,,,,,,,,,,
2021-07-23,126.57904052734376,126.71542510667484,126.05908569919968,126.10170750603432,12639300.0,,,,,,,,,,,,,,,
2021-07-26,126.2040023803711,127.05638657908368,126.05057946765116,127.00524560817703,10737700.0,,,,,,,,,,,,,,,
2021-07-27,127.55075073242188,127.59337253686344,126.99670629372744,127.28651375377224,13036500.0,,,,,,,,,,,,,,,
2021-07-28,127.55928802490234,127.57633935037276,126.38300669445374,126.72395516575904,14346700.0,,,,,,,,,,,,,,,
2021-07-29,126.85182189941406,127.19277037421924,126.6046231997823,126.81771924812318,11532000.0,,,,,,,,,,,,,,,
2021-07-30,127.44852447509766,127.61899876097677,127.05642191185684,127.11609506540938,14342100.0,,,,,,,,,,,,,,,
2021-08-02,128.58523559570312,129.06315036891533,127.31363069953422,127.54405854454755,21232700.0,,,,,,,,,,,,,,,
2021-08-03,128.653564453125,129.06320399720573,128.34633153951287,128.653564453125,13361900.0,,,,,,,,,,,,,,,
2021-08-04,128.91810607910156,129.56671604315238,127.77452212023924,129.2936143694037,18267900.0,,,,,,,,,,,,,,,
2021-08-05,128.260986328125,128.79864719226,128.01349929259686,128.66209633435165,15345400.0,,,,,,,,,,,,,,,
2021-08-06,126.11886596679688,126.95521696713838,126.04206101233966,126.57972173794651,21144300.0,,,,,,,,,,,,,,,
2021-08-09,125.66658782958984,126.78457033046298,125.64951571643412,126.43466363290834,12942400.0,,,,,,,,,,,,,,,
2021-08-10,125.08625793457033,125.93968122503844,125.0777153674538,125.87140579913626,13716900.0,,,,,,,,,,,,,,,
2021-08-11,125.00940704345705,125.64947434286483,124.35228065871752,124.94967420039096,17227600.0,,,,,,,,,,,,,,,
2021-08-12,124.80462646484376,124.97530851819366,124.11334266213682,124.67660515817686,14709400.0,,,,,,,,,,,,,,,
2021-08-13,126.7760009765625,126.7845305193586,125.29104013126562,125.3081122390606,18653800.0,,,,,,,,,,,,,,,
2021-08-16,127.08325958251952,128.0305599131417,126.99791204843612,127.32221705130662,19170900.0,,,,,,,,,,,,,,,
2021-08-17,127.03202056884766,127.56113866928207,126.878397655114,127.0576222174363,14126900.0,,,,,,,,,,,,,,,
2021-08-18,127.45877075195312,127.56117737738276,126.6906819946139,126.912580379319,13144000.0,,,,,,,,,,,,,,,
2021-08-19,128.39755249023438,128.40609505875096,127.851362015705,128.2780737308751,15474300.0,,,,,,,,,,,,,,,
2021-08-20,128.4828643798828,128.70474972218886,128.10735609120758,128.51699557785125,12388400.0,,,,,,,,,,,,,,,
2021-08-23,128.39755249023438,128.440226266193,127.94523911393075,128.18419663264933,10615000.0,,,,,,,,,,,,,,,
2021-08-24,127.39897918701172,128.0731906218662,127.39897918701172,127.80861856403912,13835900.0,,,,,,,,,,,,,,,
2021-08-25,126.34078216552734,127.47583674022091,125.94821473199806,127.3392989063274,16743800.0,,,,,,,,,,,,,,,
2021-08-26,126.69068145751952,126.79310110472063,125.8884615025066,126.28104193533198,16657400.0,,,,,,,,,,,,,,,
2021-08-27,127.55265808105467,127.5782597394691,126.58828554008964,126.79311182961162,15384700.0,,,,,,,,,,,,,,,
2021-08-30,127.88544464111328,127.92810537431352,127.10028400388028,127.15150032368386,10596300.0,,,,,,,,,,,,,,,
2021-08-31,127.01499938964844,128.0903081281271,126.73336812005016,127.73187188196756,15262400.0,,,,,,,,,,,,,,,
2021-09-01,127.22772216796876,127.6549762571941,126.88592411209252,127.55243944818322,10807100.0,,,,,,,,,,,,,,,
2021-09-02,127.78319549560548,127.7917489254246,127.1081395169084,127.52685337633125,9765900.0,,,,,,,,,,,,,,,
2021-09-03,126.62101745605467,126.90300672367418,126.41594383506612,126.69793310268562,12928000.0,,,,,,,,,,,,,,,
2021-09-07,125.55290222167967,126.05707204404568,125.32219436130926,125.83489153422808,15547800.0,,,,,,,,,,,,,,,
2021-09-08,126.40740966796876,126.6295901762384,125.94598091168032,126.17670180920564,14533700.0,,,,,,,,,,,,,,,
2021-09-09,127.93697357177734,128.08223840660423,126.3390473499207,126.61248320407697,20324600.0,,,,,,,,,,,,,,,
2021-09-10,126.80902862548828,127.4670036783468,126.60395497486586,127.23628278263448,14894600.0,,,,,,,,,,,,,,,
2021-09-13,127.57810974121094,127.74046842724808,127.27902657864108,127.35592920715432,15036100.0,,,,,,,,,,,,,,,
2021-09-14,129.124755859375,129.51783543307533,127.81735914146172,127.94553017703652,19918400.0,,,,,,,,,,,,,,,
2021-09-15,128.67184448242188,129.2443634035915,128.11640633710073,129.2101888131343,11940300.0,,,,,,,,,,,,,,,
2021-09-16,128.08229064941406,128.56081336844022,127.7490328244661,127.89429771854432,13328900.0,,,,,,,,,,,,,,,
2021-09-17,127.46702575683594,127.62938445087548,127.06540573645316,127.47556614750376,13782900.0,,,,,,,,,,,,,,,
2021-09-20,129.04783630371094,129.3469063603942,128.37276750156946,128.6633102086834,14660400.0,,,,,,,,,,,,,,,
2021-09-21,128.93673706054688,128.99655889096385,128.3471243379105,128.78293184877734,10035800.0,,,,,,,,,,,,,,,
2021-09-22,129.705810546875,129.705810546875,128.5522321524413,128.8513022374743,22277800.0,,,,,,,,,,,,,,,
2021-09-23,126.7748794555664,128.56079906131336,126.75778563499888,128.53516484984445,23853300.0,,,,,,,,,,,,,,,
2021-09-24,125.53577423095705,126.33901384241555,125.39050943465712,126.33046041755487,20203900.0,,,,,,,,,,,,,,,
2021-09-27,125.07435607910156,125.50161016208136,124.65565542258769,124.80946063385566,13464300.0,,,,,,,,,,,,,,,
2021-09-28,123.12608337402344,123.96351079769508,122.7415572918838,123.3311700359194,26613500.0,,,,,,,,,,,,,,,
2021-09-29,123.33975982666016,124.27117100816425,122.7843344898498,123.73283949304876,23569400.0,,,,,,,,,,,,,,,
2021-09-30,123.32263946533205,123.4849850836516,122.75010745180606,123.13464660331844,22567600.0,,,,,,,,,,,,,,,
2021-10-01,124.3604965209961,124.403265743511,123.3765563521072,123.93269985330132,26151800.0,,,,,,,,,,,,,,,
2021-10-04,124.04386138916016,124.45455540218288,123.29094847590969,123.7786296653198,28027600.0,,,,,,,,,,,,,,,
2021-10-05,122.84605407714844,123.80431413410297,122.7433870868502,123.7187626606258,22659200.0,,,,,,,,,,,,,,,
2021-10-06,123.5391082763672,123.82145561420496,123.23109418557296,123.40221022372155,18696500.0,,,,,,,,,,,,,,,
2021-10-07,122.24718475341795,122.64075039222132,121.99905536540312,122.51241660898518,14856000.0,,,,,,,,,,,,,,,
2021-10-08,121.3915786743164,121.79370856011062,121.0921158043616,121.71669524291369,17257800.0,,,,,,,,,,,,,,,
2021-10-11,121.08356475830078,121.40868132739968,121.02366696209046,121.15201378740514,7213400.0,,,,,,,,,,,,,,,
2021-10-12,123.1540756225586,123.21396035211748,121.90490392463371,122.03325072565688,17968700.0,,,,,,,,,,,,,,,
2021-10-13,124.35192108154295,124.51448588954064,123.70167490486938,123.72734165820404,23584600.0,,,,,,,,,,,,,,,
2021-10-14,124.81397247314452,124.8824215134848,124.0182638025936,124.37761147289032,12946400.0,,,,,,,,,,,,,,,
2021-10-15,124.08670043945312,124.1808162285984,123.60757026028382,124.06103368380606,11811500.0,,,,,,,,,,,,,,,
2021-10-18,124.6685028076172,124.9166191149442,123.65034471365144,124.061025833335,12115900.0,,,,,,,,,,,,,,,
2021-10-19,122.94872283935548,123.82998266628684,122.90594057434326,123.7700979395212,12156300.0,,,,,,,,,,,,,,,
2021-10-20,122.11881256103516,122.9316234818552,121.93058101448952,122.5637246760808,12782500.0,,,,,,,,,,,,,,,
2021-10-21,121.973388671875,122.4781856266234,121.69104129329062,122.34985184332083,13660000.0,,,,,,,,,,,,,,,
2021-10-22,123.31668090820312,123.54768172635174,122.52953654691484,122.73487060749136,13740000.0,,,,,,,,,,,,,,,
2021-10-25,123.12843322753906,123.46211408769564,122.88886815128907,122.92308613847445,8137900.0,,,,,,,,,,,,,,,
2021-10-26,124.14656829833984,124.14656829833984,122.98296112014069,123.73587419640008,13671000.0,,,,,,,,,,,,,,,
2021-10-27,126.40536499023438,126.78181509407791,124.85673007544236,125.25885999042724,22092300.0,,,,,,,,,,,,,,,
2021-10-28,125.97755432128906,126.91014782674772,125.6353091894807,126.44812016263565,17497600.0,,,,,,,,,,,,,,,
2021-10-29,126.3625259399414,126.62775766782808,125.19036776625676,125.31870148771404,19087300.0,,,,,,,,,,,,,,,
2021-11-01,125.4527587890625,125.7268907661828,124.81880816704148,124.90448176286648,18035500.0,,,,,,,,,,,,,,,
2021-11-02,126.00961303710938,126.42083065997085,125.50417274829375,125.50417274829375,9836700.0,,,,,,,,,,,,,,,
2021-11-03,124.70745086669922,126.77204862224512,124.67317619884832,126.63498916670856,20639400.0,,,,,,,,,,,,,,,
2021-11-04,126.01817321777344,126.24090626630276,124.94731862915182,124.96444289076186,15922400.0,,,,,,,,,,,,,,,
2021-11-05,127.90288543701172,128.1427558392815,126.90056702639356,127.23467316326628,21513000.0,,,,,,,,,,,,,,,
2021-11-08,127.6630401611328,127.88577327223368,127.22612300018233,127.61164121795254,12083800.0,,,,,,,,,,,,,,,
2021-11-09,129.324951171875,130.01886273822134,129.05080616830676,129.1878786700909,23430200.0,,,,,,,,,,,,,,,
2021-11-10,126.96046447753906,129.29920626382335,125.95814656913151,129.21354577562226,28170600.0,,,,,,,,,,,,,,,
2021-11-11,126.77206420898438,127.35461598647387,126.69496580477406,127.22610557416604,5552500.0,,,,,,,,,,,,,,,
2021-11-12,126.2151870727539,127.22606737185954,125.72687118213436,126.7891634739,12712000.0,,,,,,,,,,,,,,,
2021-11-15,124.6303253173828,125.89822644548586,124.40759228934245,125.8382523195014,15232700.0,,,,,,,,,,,,,,,
2021-11-16,124.31334686279295,125.4013385999276,124.09061385214744,124.81022487603592,12998700.0,,,,,,,,,,,,,,,
2021-11-17,125.2985382080078,125.32423767016488,123.75651819076585,123.85075390932656,14239900.0,,,,,,,,,,,,,,,
2021-11-18,125.7697296142578,125.84682800858384,125.0329811228014,125.06725579047227,11054600.0,,,,,,,,,,,,,,,
2021-11-19,127.09764099121094,127.30324986072154,126.42942850525236,126.42942850525236,14022100.0,,,,,,,,,,,,,,,
2021-11-22,125.60696411132812,126.48078517469672,125.1871974503427,126.27517637391696,15266000.0,,,,,,,,,,,,,,,
2021-11-23,123.7908172607422,125.17007879254642,123.79081726074216,125.0158689009625,15318500.0,,,,,,,,,,,,,,,
2021-11-24,125.77825927734376,125.77825927734376,124.03918000148472,124.16769035078808,13769700.0,,,,,,,,,,,,,,,
2021-11-26,128.9565887451172,129.08508606379166,127.36315663377805,127.5002291550009,20064800.0,,,,,,,,,,,,,,,
2021-11-29,127.91998291015624,128.19411482505947,126.93478906959018,127.05472423335142,23234200.0,,,,,,,,,,,,,,,
2021-11-30,129.8646697998047,130.27588735865226,128.71671685992052,129.21359493956177,31481100.0,,,,,,,,,,,,,,,
2021-12-01,130.66580200195312,130.72584902430413,128.4786009918761,129.07901886401535,30826500.0,,,,,,,,,,,,,,,
2021-12-02,130.82879638671875,131.22335565497215,129.31061943517702,131.17188115992985,17754200.0,,,,,,,,,,,,,,,
2021-12-03,132.38983154296875,133.05027023282273,129.81665707634423,130.09969475037184,34427100.0,,,,,,,,,,,,,,,
2021-12-06,130.57142639160156,132.38981164106116,130.3141063660531,132.13249161551272,30924200.0,,,,,,,,,,,,,,,
2021-12-07,129.51644897460938,130.82876691388103,129.39636802225257,130.13401189754217,22115900.0,,,,,,,,,,,,,,,
2021-12-08,127.2777862548828,129.07042799800345,127.25205555716086,129.0618554613769,33633900.0,,,,,,,,,,,,,,,
2021-12-09,127.98969268798828,128.5214778633517,127.35497163931728,128.09261547345434,17544900.0,,,,,,,,,,,,,,,
2021-12-10,127.6808853149414,128.86454945879464,127.63799646709305,128.5900713028361,14298700.0,,,,,,,,,,,,,,,
2021-12-13,129.5679473876953,129.7823786558698,128.92465358317185,128.9932731595292,17860500.0,,,,,,,,,,,,,,,
2021-12-14,129.2591094970703,129.45638251320742,128.0668726892014,128.9760587759135,14015500.0,,,,,,,,,,,,,,,
2021-12-15,128.01547241210938,129.33636332022172,127.9125495872256,128.32425397460722,25383900.0,,,,,,,,,,,,,,,
2021-12-16,128.06520080566406,128.70063698956636,127.71313428069438,127.73031177285053,18677900.0,,,,,,,,,,,,,,,
2021-12-17,129.5164337158203,129.64523219301955,128.94111201334414,129.0956701859832,18093500.0,,,,,,,,,,,,,,,
2021-12-20,128.54611206054688,129.6795911044939,128.46025077401865,129.44774073594252,17147300.0,,,,,,,,,,,,,,,
2021-12-21,128.05665588378906,128.11675746994786,126.76002345163867,127.20654665955352,16598200.0,,,,,,,,,,,,,,,
2021-12-22,128.64913940429688,128.68348129183798,127.96218373016764,128.57184722779746,12253900.0,,,,,,,,,,,,,,,
2021-12-23,127.53284454345705,128.46023278520437,127.11208105983572,128.4516374859407,11642500.0,,,,,,,,,,,,,,,
2021-12-27,127.84200286865234,127.95362386101046,127.3611376943898,127.48135398795544,7821800.0,,,,,,,,,,,,,,,
2021-12-28,127.33534240722656,128.61479731484533,127.09490986255328,128.4602391515229,9174600.0,,,,,,,,,,,,,,,
2021-12-29,125.94427490234376,126.49383691279914,125.7210198396122,126.15036556973646,11771200.0,,,,,,,,,,,,,,,
2021-12-30,127.00045776367188,127.06057245325609,125.75535780571263,126.44231357297714,10355000.0,,,,,,,,,,,,,,,
2021-12-31,127.24944305419922,127.97074047239998,126.59682939741916,126.9231362258092,13402300.0,,,,,,,,,,,,,,,
2022-01-03,123.90912628173828,126.17607022378608,123.89194879130088,125.72096499659138,33860400.0,,,,,,,,,,,,,,,
2022-01-04,123.3939208984375,123.76316492203468,122.56958469672033,123.31664183626172,21996400.0,,,,,,,,,,,,,,,
2022-01-05,122.72415924072266,123.78894117153789,122.54384140485384,123.77176367678246,20911700.0,,,,,,,,,,,,,,,
2022-01-06,123.0418701171875,123.17068167322329,122.18317882063975,122.44078883012196,18996400.0,,,,,,,,,,,,,,,
2022-01-07,122.1574478149414,122.9989749170298,121.55636638673002,122.90451832812568,18756800.0,,,,,,,,,,,,,,,
2022-01-10,122.45793914794922,122.629674748628,121.38457526547388,121.63358992107013,13775800.0,,,,,,,,,,,,,,,
2022-01-11,123.27376556396484,123.33388026597284,122.53529025448962,122.68986155780006,24388700.0,,,,,,,,,,,,,,,
2022-01-12,122.80145263671876,123.66014403839452,122.79287043963474,123.56568746010656,14440600.0,,,,,,,,,,,,,,,
2022-01-13,123.89199829101562,124.01221456693617,122.81863400508529,123.12776344353688,15166000.0,,,,,,,,,,,,,,,
2022-01-14,122.0201187133789,123.1879401686748,121.75391323023372,123.15358515677312,22997500.0,,,,,,,,,,,,,,,
2022-01-18,120.30267333984376,121.34168262194692,120.23397645384324,121.04114848610996,21171700.0,,,,,,,,,,,,,,,
2022-01-19,121.13558959960938,121.68515151485246,120.48297581722788,120.67188895396043,17930500.0,,,,,,,,,,,,,,,
2022-01-20,121.88265228271484,121.92558947072136,121.1527593943746,121.39319192410288,13959000.0,,,,,,,,,,,,,,,
2022-01-21,123.33382415771484,123.73741007944064,122.5094748211335,123.13631574319324,28916600.0,,,,,,,,,,,,,,,
2022-01-24,122.32056427001952,123.9692498751735,122.3033867765295,123.90914830184111,25001600.0,,,,,,,,,,,,,,,
2022-01-25,122.12310028076172,123.40255527090883,121.7624514404889,122.88733515475236,15599000.0,,,,,,,,,,,,,,,
2022-01-26,120.64613342285156,122.42363078814677,120.63755122637308,122.15742546623387,23655500.0,,,,,,,,,,,,,,,
2022-01-27,122.86157989501952,123.11059466184416,122.21756127786809,122.28625816934198,21501800.0,,,,,,,,,,,,,,,
2022-01-28,122.9045181274414,123.18788789369104,121.80539405976602,122.01147163333488,12826500.0,,,,,,,,,,,,,,,
2022-01-31,122.26907348632812,122.7499385957976,121.89984245676816,122.08874251898128,13998400.0,,,,,,,,,,,,,,,
2022-02-01,121.86322021484376,122.41354752140816,121.29569148971352,122.34475496798284,20806100.0,,,,,,,,,,,,,,,
2022-02-02,122.27595520019533,123.4540095669453,122.04378198618804,122.06098340373896,18404600.0,,,,,,,,,,,,,,,
2022-02-03,121.32144927978516,121.656804672786,120.53894898917191,120.76252799839504,17234100.0,,,,,,,,,,,,,,,
2022-02-04,119.53289031982422,120.504566854287,119.33511997840748,120.25520539083412,23609800.0,,,,,,,,,,,,,,,
2022-02-07,119.61029052734376,119.79085945507954,119.13735003902543,119.44690989312154,12962400.0,,,,,,,,,,,,,,,
2022-02-08,118.81063079833984,119.16318775260194,118.50967810537706,118.84503363920606,16269200.0,,,,,,,,,,,,,,,
2022-02-09,119.0342025756836,119.84249880447884,118.82783800379715,119.2835772611664,14349100.0,,,,,,,,,,,,,,,
2022-02-10,117.14241027832033,118.51823481993377,116.80705485041688,118.37205559452306,30896200.0,,,,,,,,,,,,,,,
2022-02-11,118.8794174194336,119.102983390536,116.394343685011,117.6927687647882,43210300.0,,,,,,,,,,,,,,,
2022-02-14,117.40037536621094,118.4408444475392,116.91884072788324,117.91631283346764,23157400.0,,,,,,,,,,,,,,,
2022-02-15,116.06757354736328,116.807077083089,116.03318383165318,116.60071254715292,18198500.0,,,,,,,,,,,,,,,
2022-02-16,116.75545501708984,117.0048295930628,115.66339486067574,116.90163423159656,16473700.0,,,,,,,,,,,,,,,
2022-02-17,117.62391662597656,118.29464044121204,116.85861785308896,117.33155824550984,24508200.0,,,,,,,,,,,,,,,
2022-02-18,118.86219787597656,118.98258155295872,117.94212544207798,118.25168534300876,17522600.0,,,,,,,,,,,,,,,
2022-02-22,119.17173767089844,119.2405302062586,118.20866841752502,118.39784460955688,19534000.0,,,,,,,,,,,,,,,
2022-02-23,117.52936553955078,118.53544501864884,117.43479055213146,118.38925266156976,17757800.0,,,,,,,,,,,,,,,
2022-02-24,117.60679626464844,119.84249549703692,117.15965116983487,119.61033536007189,28150400.0,,,,,,,,,,,,,,,
2022-02-25,117.69274139404295,118.07109381164068,117.09941720470437,117.68414724667416,15025400.0,,,,,,,,,,,,,,,
2022-02-28,120.2724380493164,120.41861732261832,118.93962316896382,119.03419818035958,25817700.0,,,,,,,,,,,,,,,
2022-03-01,121.66297912597656,122.54983487458878,120.54364267350824,120.85361256591156,35664400.0,,,,,,,,,,,,,,,
2022-03-02,117.50421905517578,120.90526912128448,117.45255959738496,120.40587246561628,30397400.0,,,,,,,,,,,,,,,
2022-03-03,118.70103454589844,119.42429316972652,117.97777592207034,118.38245915787694,20649100.0,,,,,,,,,,,,,,,
2022-03-04,120.75030517578124,121.24970189111994,119.94954406970204,120.853624103708,25853100.0,,,,,,,,,,,,,,,
2022-03-07,119.82894134521484,121.09465013569132,119.48453633126864,119.78588743391929,23710900.0,,,,,,,,,,,,,,,
2022-03-08,118.62355041503906,119.03683919793065,118.17581323628195,118.39967525655376,28331300.0,,,,,,,,,,,,,,,
2022-03-09,117.46115112304688,118.25329337056093,117.21145939408989,118.02082583821864,18819200.0,,,,,,,,,,,,,,,
2022-03-10,115.7735366821289,116.3848576524112,115.1363728502832,116.09211202894612,26868900.0,,,,,,,,,,,,,,,
2022-03-11,116.16104125976562,116.62598960079131,115.5583255813188,115.66164451527642,15583800.0,,,,,,,,,,,,,,,
2022-03-14,113.44876861572266,114.42173209348132,113.41433336030504,114.25813506926922,24385000.0,,,,,,,,,,,,,,,
2022-03-15,113.25071716308594,114.64557469007514,112.957971557853,114.39588300048476,17518800.0,,,,,,,,,,,,,,,
2022-03-16,114.36148071289062,114.62839667331232,112.2089156924391,113.5090602350347,25857700.0,,,,,,,,,,,,,,,
2022-03-17,113.5090789794922,114.80922373678874,112.85470383497103,114.3614995981136,19330600.0,,,,,,,,,,,,,,,
2022-03-18,114.89529418945312,114.98138889352175,114.1462058868166,114.1462058868166,55891700.0,,,,,,,,,,,,,,,
2022-03-21,112.23475646972656,113.37130408053235,111.71813555867767,113.03550442981523,26122000.0,,,,,,,,,,,,,,,
2022-03-22,110.79682159423828,111.3651019187991,110.50407590154248,111.03792096622736,21830900.0,,,,,,,,,,,,,,,
2022-03-23,113.22489166259766,113.31099949709314,110.95178409695303,111.39090252117371,21266100.0,,,,,,,,,,,,,,,
2022-03-24,112.33807373046876,112.94939488998683,111.5889852449522,111.6320260383883,17141600.0,,,,,,,,,,,,,,,
2022-03-25,110.7795867919922,111.52006953366696,109.909948861587,111.50284533831316,25684500.0,,,,,,,,,,,,,,,
2022-03-28,111.72672271728516,112.415546106007,111.10678298125684,111.40814731951431,17657800.0,,,,,,,,,,,,,,,
2022-03-29,112.57054138183594,113.26797032368825,111.70951540163034,112.41554987352777,19319700.0,,,,,,,,,,,,,,,
2022-03-30,113.44876861572266,113.66402509216748,111.92476222200644,111.9936458710543,16310200.0,,,,,,,,,,,,,,,
2022-03-31,113.72427368164062,114.23227568096875,113.36264447170149,113.63816585813686,19901000.0,,,,,,,,,,,,,,,
2022-04-01,114.1572036743164,114.65736521470764,111.85474474139704,112.11343764303318,23489700.0,,,,,,,,,,,,,,,
2022-04-04,113.36386108398438,113.8122709371757,112.7171024389917,113.76915106250851,13609900.0,,,,,,,,,,,,,,,
2022-04-05,110.80268096923828,112.77744464467894,110.63020149365124,112.76019406545292,25196900.0,,,,,,,,,,,,,,,
2022-04-06,109.90585327148438,110.6388516891367,109.00039508718288,109.02626438113872,22952000.0,,,,,,,,,,,,,,,
2022-04-07,109.07797241210938,109.23319471153007,108.14664519475262,108.75028381518456,23458800.0,,,,,,,,,,,,,,,
2022-04-08,107.89659118652344,108.5088552472533,107.1549740810379,108.181159989983,26859200.0,,,,,,,,,,,,,,,
2022-04-11,106.18914794921876,107.09461270448018,105.68898634004256,106.86177590264984,30020700.0,,,,,,,,,,,,,,,
2022-04-12,106.0425262451172,107.06871851861398,105.78382020971148,106.9738600775764,23124200.0,,,,,,,,,,,,,,,
2022-04-13,106.25812530517578,107.189459250616,105.97354994754096,106.11152827094035,17189500.0,,,,,,,,,,,,,,,
2022-04-14,104.12812042236328,106.00803209356935,103.80905052130574,105.94766822895498,34274500.0,,,,,,,,,,,,,,,
2022-04-18,103.61070251464844,104.41268323653252,103.2140247976861,104.23159166438673,18784300.0,,,,,,,,,,,,,,,
2022-04-19,102.8346176147461,103.23992072425948,102.33445605070114,102.74838445039975,26012300.0,,,,,,,,,,,,,,,
2022-04-20,104.90425872802734,105.18020883372124,103.4123991515397,103.6711052540144,31423200.0,,,,,,,,,,,,,,,
2022-04-21,104.12812042236328,104.26609872957772,102.76561424487578,104.1971095759705,23323200.0,,,,,,,,,,,,,,,
2022-04-22,103.47277069091795,104.7231748398782,103.31754833377704,103.5417598672406,19773400.0,,,,,,,,,,,,,,,
2022-04-25,104.5075912475586,105.36993623594232,104.45584607441988,104.6714323215158,25418900.0,,,,,,,,,,,,,,,
2022-04-26,105.55963897705078,106.09428858721256,104.99911349421764,105.5855082705529,26931300.0,,,,,,,,,,,,,,,
2022-04-27,104.20574951171876,105.48202279674835,104.14538563480872,105.36992033367804,14560500.0,,,,,,,,,,,,,,,
2022-04-28,104.36097717285156,104.40409704963078,103.49001355860288,103.81770225294866,16892500.0,,,,,,,,,,,,,,,
2022-04-29,103.00706481933594,104.31783235905294,102.71387079915851,102.8863370958314,26153400.0,,,,,,,,,,,,,,,
2022-05-02,101.22159576416016,102.16314866065308,101.00564253941928,101.80898879907012,29233900.0,,,,,,,,,,,,,,,
2022-05-03,101.90399169921876,103.061497626831,101.8348850971728,102.82827108288632,21256700.0,,,,,,,,,,,,,,,
2022-05-04,102.46548461914062,102.76781780440784,101.36843858783932,101.90400493771917,25575700.0,,,,,,,,,,,,,,,
2022-05-05,99.6581039428711,100.60829688437389,98.4919511701855,100.50463695625052,48384500.0,,,,,,,,,,,,,,,
2022-05-06,98.1895980834961,99.37302397623026,97.87862495241804,98.59559114853514,32790500.0,,,,,,,,,,,,,,,
2022-05-09,99.05341339111328,99.087966694375,97.28260108393884,97.48991431314045,26773000.0,,,,,,,,,,,,,,,
2022-05-10,99.95179748535156,101.03156369263914,99.7531241938178,100.10728408281577,33640800.0,,,,,,,,,,,,,,,
2022-05-11,101.8780746459961,101.8780746459961,98.85473011589796,99.11386997854268,34173600.0,,,,,,,,,,,,,,,
2022-05-12,101.6880340576172,102.69869335440062,101.6362074035364,101.94717391838914,26405700.0,,,,,,,,,,,,,,,
2022-05-13,100.1850128173828,101.19567222555132,100.11590621074684,101.0488256292264,20782700.0,,,,,,,,,,,,,,,
2022-05-16,100.08135986328124,101.01427934660056,100.07271988925906,100.38369305036552,11050600.0,,,,,,,,,,,,,,,
2022-05-17,98.87203216552734,99.64082518478708,98.78565218624298,99.08798540892325,15040800.0,,,,,,,,,,,,,,,
2022-05-18,100.97972106933594,101.06610103419736,99.00158889927532,99.09660883773358,21337300.0,,,,,,,,,,,,,,,
2022-05-19,101.22159576416016,102.55186841940832,100.93653592581352,102.48276180580255,21937500.0,,,,,,,,,,,,,,,
2022-05-20,102.37045288085938,102.81099264704324,101.11792041426337,101.14383374281908,22780900.0,,,,,,,,,,,,,,,
2022-05-23,100.6860122680664,102.14585792792028,100.6687389127878,101.6793982509782,15925200.0,,,,,,,,,,,,,,,
2022-05-24,102.67279052734376,103.3465634607704,101.80897772236212,101.84353102540564,23388200.0,,,,,,,,,,,,,,,
2022-05-25,103.07879638671876,103.32930292208216,102.43957008667306,103.32066294765734,14410800.0,,,,,,,,,,,,,,,
2022-05-26,102.6123275756836,102.87146747225314,101.7571547133769,102.81100083735002,14912900.0,,,,,,,,,,,,,,,
2022-05-27,102.86280822753906,103.43292112895136,102.56910851015851,103.1046747063423,11190400.0,,,,,,,,,,,,,,,
2022-05-31,100.6860122680664,101.26477182060852,100.1418126068181,101.22157854685956,28393700.0,,,,,,,,,,,,,,,
2022-06-01,100.57093811035156,101.54012550005616,100.11230384885292,101.27186921927635,15544800.0,,,,,,,,,,,,,,,
2022-06-02,100.62283325195312,100.99493378050676,99.91324696518718,100.92570423982411,9832000.0,,,,,,,,,,,,,,,
2022-06-03,100.40650939941406,100.43246883014,99.40270733281568,99.59307869217037,15330400.0,,,,,,,,,,,,,,,
2022-06-06,98.55464935302734,99.95651785329925,98.4854198118082,99.64499151990547,20815400.0,,,,,,,,,,,,,,,
2022-06-07,99.61906433105467,100.19019172570908,99.15177467974044,99.17773411557546,14278700.0,,,,,,,,,,,,,,,
2022-06-08,98.73638153076172,99.6276905036706,98.71907744482355,99.23828585017804,11476100.0,,,,,,,,,,,,,,,
2022-06-09,99.06525421142578,99.26428098071368,98.37297168724376,98.5114242308229,15527300.0,,,,,,,,,,,,,,,
2022-06-10,98.45085906982422,99.17775644735283,97.7585830839974,98.96141896388896,21917100.0,,,,,,,,,,,,,,,
2022-06-13,95.36151885986328,96.63358376924748,94.5307840746129,96.4778205843822,36968300.0,,,,,,,,,,,,,,,
2022-06-14,94.1587142944336,96.03652847114208,93.968336272658,95.6471170805751,21865900.0,,,,,,,,,,,,,,,
2022-06-15,95.91535949707033,96.04516327508492,94.34907862141864,95.26634720909163,25202800.0,,,,,,,,,,,,,,,
2022-06-16,96.67684936523438,96.67684936523438,93.5615924157636,93.84715273957951,26067300.0,,,,,,,,,,,,,,,
2022-06-17,96.98839569091795,97.637407964114,96.01920165285796,96.92782147617012,21614300.0,,,,,,,,,,,,,,,
2022-06-21,95.34422302246094,96.0711135466583,95.02404128084424,95.26633812224335,17663800.0,,,,,,,,,,,,,,,
2022-06-22,97.96621704101562,98.05275067142584,97.24797536463444,97.51623820162678,23703800.0,,,,,,,,,,,,,,,
2022-06-23,98.77098083496094,99.6622896682707,98.20850239971833,98.56329882576546,20669200.0,,,,,,,,,,,,,,,
2022-06-24,97.40373229980467,98.79694544705598,97.35181344530342,98.18254812778558,18161300.0,,,,,,,,,,,,,,,
2022-06-27,96.5730209350586,97.10954010212065,96.19227157329604,96.2441904403332,12053000.0,,,,,,,,,,,,,,,
2022-06-28,97.02303314208984,97.07495202340706,95.94134576734253,96.30479114075465,13706600.0,,,,,,,,,,,,,,,
2022-06-29,98.537353515625,98.56331294523169,97.06625535101378,97.2479779603536,12925400.0,,,,,,,,,,,,,,,
2022-06-30,99.40269470214844,100.18150393333995,99.29885039034644,99.39403935897516,25802100.0,,,,,,,,,,,,,,,
2022-07-01,100.42324829101562,101.95794707213524,99.90301175242422,100.49261492687222,21858800.0,,,,,,,,,,,,,,,
2022-07-05,101.21227264404295,102.0966740435561,100.7267128381768,101.35099929202896,16689700.0,,,,,,,,,,,,,,,
2022-07-06,99.5127944946289,101.9145621514837,99.5127944946289,101.7845014086478,20205400.0,,,,,,,,,,,,,,,
2022-07-07,98.63711547851562,99.85967120013557,98.4203496697378,99.79897703828443,13088000.0,,,,,,,,,,,,,,,
2022-07-08,97.5445785522461,98.4116414727105,97.15440288410316,98.4116414727105,15320000.0,,,,,,,,,,,,,,,
2022-07-11,99.22669219970705,99.53016292778364,98.5850608144414,98.66309992461294,13639900.0,,,,,,,,,,,,,,,
2022-07-12,99.81629943847656,100.7787399410506,99.6862386595838,100.15445349449811,18547300.0,,,,,,,,,,,,,,,
2022-07-13,100.96080780029295,101.1428902183722,98.36828492509754,98.6457447929085,20594800.0,,,,,,,,,,,,,,,
2022-07-14,100.13711547851562,100.71805278253024,99.25271402796818,99.78162304771544,15665000.0,,,,,,,,,,,,,,,
2022-07-15,100.7007293701172,101.29033266840348,100.23251440249268,100.44060773860318,16022600.0,,,,,,,,,,,,,,,
2022-07-18,99.65157318115234,99.9897272977012,99.00127578545576,99.92903313870951,15838300.0,,,,,,,,,,,,,,,
2022-07-19,99.1139678955078,99.84230424424166,98.55038224627005,99.6342109796744,9276800.0,,,,,,,,,,,,,,,
2022-07-20,99.37410736083984,100.1891488322149,98.88855411755264,100.128454676804,9117300.0,,,,,,,,,,,,,,,
2022-07-21,101.09087371826172,101.20359614388964,99.72091918243072,99.87699078969828,14754900.0,,,,,,,,,,,,,,,
2022-07-22,102.7903289794922,103.414608829417,102.28743081426153,102.5648907303946,17715300.0,,,,,,,,,,,,,,,
2022-07-25,101.78453826904295,101.91459905897923,100.98684179301144,101.19493508780955,24868100.0,,,,,,,,,,,,,,,
2022-07-26,101.8625717163086,103.38859794673178,101.79320508351675,103.05911636371988,13536000.0,,,,,,,,,,,,,,,
2022-07-27,101.29031372070312,102.73830754785055,101.1949362480008,102.32212095348282,15725600.0,,,,,,,,,,,,,,,
2022-07-28,102.0966567993164,103.11111880789932,101.72381948652549,102.35677831620868,16637900.0,,,,,,,,,,,,,,,
2022-07-29,101.81919860839844,103.44927451090672,101.73249363973105,102.05330268531692,16655900.0,,,,,,,,,,,,,,,
2022-08-01,104.27140808105467,104.32352429122032,102.56887673469656,102.7165437482915,17974600.0,,,,,,,,,,,,,,,
2022-08-02,102.0650405883789,104.83599998122278,101.8826272685472,104.36693431857546,17896300.0,,,,,,,,,,,,,,,
2022-08-03,103.67198944091795,103.79359828407614,101.04870444641102,101.77835750536008,16731200.0,,,,,,,,,,,,,,,
2022-08-04,103.63727569580078,103.84575374435104,102.96842684813296,103.35062997662143,11003000.0,,,,,,,,,,,,,,,
2022-08-05,101.1703643798828,101.72629269425572,100.66655227398604,101.69154634620888,19492300.0,,,,,,,,,,,,,,,
2022-08-08,102.80339813232422,102.95975337757564,102.1171727018979,102.18666539471808,17476300.0,,,,,,,,,,,,,,,
2022-08-09,102.40379333496094,102.81205449469668,102.0302785108608,102.2648146196045,8223200.0,,,,,,,,,,,,,,,
2022-08-10,101.73495483398438,103.28981871738092,101.39618631143732,102.26482490816034,14665300.0,,,,,,,,,,,,,,,
2022-08-11,99.3635711669922,101.6828346908256,99.10297693023456,101.5177978595867,20663800.0,,,,,,,,,,,,,,,
2022-08-12,100.3712158203125,100.38858568032022,99.398337980178,99.98032438466387,12178400.0,,,,,,,,,,,,,,,
2022-08-15,100.2843246459961,101.4135574873076,100.2843246459961,101.04873086246047,9031800.0,,,,,,,,,,,,,,,
2022-08-16,100.70126342773438,100.77943771312728,99.23326221495454,100.11058897175072,11066000.0,,,,,,,,,,,,,,,
2022-08-17,99.65020751953124,99.98028775625563,99.29406256156211,99.94554142178166,14131300.0,,,,,,,,,,,,,,,
2022-08-18,99.79785919189452,100.44933795237456,99.53726503682864,99.86735185020338,10738200.0,,,,,,,,,,,,,,,
2022-08-19,98.19091033935548,98.4514979488823,97.93031610264188,98.3559537977532,16330900.0,,,,,,,,,,,,,,,
2022-08-22,97.86083984375,98.1214274793567,97.4004557625221,98.03456493415446,10457200.0,,,,,,,,,,,,,,,
2022-08-23,97.3222427368164,98.57308409703568,97.06164857770914,97.45253981637003,17813200.0,,,,,,,,,,,,,,,
2022-08-24,96.60999298095705,97.17460943630267,96.29728253267903,96.844522503572,13971600.0,,,,,,,,,,,,,,,
2022-08-25,97.95637512207033,98.234339217825,96.41019942523567,96.696851762879,21429700.0,,,,,,,,,,,,,,,
2022-08-26,98.6947250366211,99.0161170932395,97.29621629074606,97.54812229256316,18764400.0,,,,,,,,,,,,,,,
2022-08-29,97.87820434570312,98.1648566936526,97.400450432454,98.10405225261972,14278300.0,,,,,,,,,,,,,,,
2022-08-30,98.12142944335938,98.5991833923155,97.4699504005215,97.82609545832288,14346600.0,,,,,,,,,,,,,,,
2022-08-31,97.18329620361328,98.45150792122642,96.922708567691,97.88689806313444,13623500.0,,,,,,,,,,,,,,,
2022-09-01,95.40403747558594,95.96984742811784,94.82952755664893,95.6390693924387,22490400.0,,,,,,,,,,,,,,,
2022-09-02,95.94373321533205,96.23969145862264,95.29087711739558,95.4736760278743,13024400.0,,,,,,,,,,,,,,,
2022-09-06,93.56732177734376,94.85562722977534,93.5063888152068,94.7946942676384,24648500.0,,,,,,,,,,,,,,,
2022-09-07,95.04713439941406,95.2995728587764,94.1940662732518,94.289819021327,17050100.0,,,,,,,,,,,,,,,
2022-09-08,94.07221221923828,95.33439803414969,94.05480564520732,94.74247489916048,14671400.0,,,,,,,,,,,,,,,
2022-09-09,94.28112030029295,94.70765771964628,93.68919719050037,94.29853351477844,12529800.0,,,,,,,,,,,,,,,
2022-09-12,93.50640106201172,94.78600007567518,93.07116366368786,94.559674769012,14806900.0,,,,,,,,,,,,,,,
2022-09-13,93.72401428222656,93.78494724878205,92.47923513014015,92.75778678313596,22158900.0,,,,,,,,,,,,,,,
2022-09-14,94.04608154296876,94.19406063888977,93.24524646260195,93.43674530610268,13077800.0,,,,,,,,,,,,,,,
2022-09-15,93.98516082763672,94.17666633728096,93.64567620279298,93.88070146568658,10260200.0,,,,,,,,,,,,,,,
2022-09-16,93.20171356201172,94.05478157754426,92.94056853000129,93.16689378166406,18903800.0,,,,,,,,,,,,,,,
2022-09-19,93.41934204101562,93.85457937938062,92.9666981312417,93.10597062609725,11084400.0,,,,,,,,,,,,,,,
2022-09-20,92.48793029785156,93.00150714655572,91.74802818370765,92.00046662569922,20133800.0,,,,,,,,,,,,,,,
2022-09-21,94.0373992919922,94.04610590024087,92.2442231821436,92.87966611917706,23132900.0,,,,,,,,,,,,,,,
2022-09-22,91.63487243652344,92.23550212888998,91.16482192384854,92.08752301781844,29030600.0,,,,,,,,,,,,,,,
2022-09-23,92.00917053222656,92.64461996738682,91.01682993357775,91.69579911779066,23042200.0,,,,,,,,,,,,,,,
2022-09-26,90.2508316040039,91.75675599811468,89.8504139748706,91.7132295996714,25104600.0,,,,,,,,,,,,,,,
2022-09-27,87.87445068359375,89.64152055422873,87.83093091727697,89.40648857956812,34609500.0,,,,,,,,,,,,,,,
2022-09-28,90.81664276123048,90.92109549294187,89.2062656157844,89.772068955744,39283100.0,,,,,,,,,,,,,,,
2022-09-29,90.34657287597656,90.729583881733,89.48480475421972,89.57185089883842,19127100.0,,,,,,,,,,,,,,,
2022-09-30,89.18013000488281,91.27797721133749,88.98863115024592,90.7643936869527,26485700.0,,,,,,,,,,,,,,,
2022-10-03,90.59718322753906,91.33885197592625,90.00384689741905,90.6146313591376,27192200.0,,,,,,,,,,,,,,,
2022-10-04,90.34413146972656,91.31266575779262,90.1347206298084,90.87638929135026,13788700.0,,,,,,,,,,,,,,,
2022-10-05,89.48030853271484,89.73334303240651,88.63393109807139,89.63736833148427,20522100.0,,,,,,,,,,,,,,,
2022-10-06,88.98294830322266,89.733337678067,88.59029550120312,89.51519945151739,13965700.0,,,,,,,,,,,,,,,
2022-10-07,88.1191177368164,88.66883033823869,87.66539314643738,87.96205794456012,14814800.0,,,,,,,,,,,,,,,
2022-10-10,86.74921417236328,87.70030036576739,86.20823559463969,87.69157297214419,15652600.0,,,,,,,,,,,,,,,
2022-10-11,87.13311767578125,88.04057332971372,86.37399439085382,87.02840894981048,33246700.0,,,,,,,,,,,,,,,
2022-10-12,87.56068420410156,87.7264713891833,86.54852627841163,86.62705284583951,21447600.0,,,,,,,,,,,,,,,
2022-10-13,86.72303771972656,87.5868632817486,85.8068544535769,85.82430924063635,30292500.0,,,,,,,,,,,,,,,
2022-10-14,86.00753784179688,87.42107591587465,85.72832118412042,87.42107591587465,18728200.0,,,,,,,,,,,,,,,
2022-10-17,85.58871459960938,86.95862910474376,85.4578369843869,86.63578212074354,18969900.0,,,,,,,,,,,,,,,
2022-10-18,85.78941345214844,85.91157034351212,84.52421422428827,85.46656643522938,16931500.0,,,,,,,,,,,,,,,
2022-10-19,84.2275390625,85.00411069106292,84.04430373343976,84.80342723130451,25431600.0,,,,,,,,,,,,,,,
2022-10-20,82.78780364990234,84.05300914884668,82.66564679580416,83.70398671268792,25434900.0,,,,,,,,,,,,,,,
2022-10-21,81.2957534790039,81.95889555826501,80.50173378815545,81.16486921036612,46280300.0,,,,,,,,,,,,,,,
2022-10-24,80.62389373779297,81.62733095954229,80.14398695350613,80.99036437831164,31332600.0,,,,,,,,,,,,,,,
2022-10-25,82.97103881835938,83.0932023293409,82.40388484955213,82.52604170348438,31213100.0,,,,,,,,,,,,,,,
2022-10-26,84.16644287109375,84.36713294558315,83.56437930467513,83.56437930467513,24843900.0,,,,,,,,,,,,,,,
2022-10-27,85.0477294921875,85.4229274933996,83.95703840227446,84.62018044891562,20270000.0,,,,,,,,,,,,,,,
2022-10-28,84.4631118774414,85.18732562643237,84.12281682535968,84.51546291405417,22244100.0,,,,,,,,,,,,,,,
2022-10-31,83.86103057861328,84.3060342667828,82.91867217674182,84.07916872772901,23956700.0,,,,,,,,,,,,,,,
2022-11-01,84.64480590820312,85.21336284637265,84.15497552378065,85.17837400842268,17585100.0,,,,,,,,,,,,,,,
2022-11-02,84.27739715576172,85.39701279862722,83.936264473121,84.7672340045921,25010500.0,,,,,,,,,,,,,,,
2022-11-03,83.82258605957031,84.30366753450018,83.17530261023202,83.24528028152882,29097500.0,,,,,,,,,,,,,,,
2022-11-04,82.41431427001953,83.67388561599796,82.41431427001953,83.18404860731867,23561400.0,,,,,,,,,,,,,,,
2022-11-07,81.59207153320312,82.97410009354888,81.55708270811938,82.92162019264129,14522800.0,,,,,,,,,,,,,,,
2022-11-08,82.48426818847656,83.06156710686474,82.02067127075304,82.04691789410168,20360600.0,,,,,,,,,,,,,,,
2022-11-09,82.75542449951172,83.11404827619015,81.95070154719505,82.06441022303241,15637500.0,,,,,,,,,,,,,,,
2022-11-10,85.93936157226562,86.09680799780882,84.53109261975091,84.60981916924156,45380900.0,,,,,,,,,,,,,,,
2022-11-11,85.62444305419922,86.04430228760249,85.31829917225731,85.34453912307575,15943100.0,,,,,,,,,,,,,,,
2022-11-14,85.41450500488281,85.71189997109491,84.92466818783464,85.64192900303249,13741100.0,,,,,,,,,,,,,,,
2022-11-15,86.79654693603516,86.85777571353971,85.81687982252595,85.93933737753507,26608200.0,,,,,,,,,,,,,,,
2022-11-16,88.69464874267578,88.73837977185255,87.242642435903,87.48755755428961,28507700.0,,,,,,,,,,,,,,,
2022-11-17,87.75872039794922,87.96864669156298,87.27763235692126,87.64500503910449,24528900.0,,,,,,,,,,,,,,,
2022-11-18,87.1551742553711,88.24855009325304,87.07645439829312,87.99488609805205,14941300.0,,,,,,,,,,,,,,,
2022-11-21,87.52252960205078,88.18730384839135,87.29511227768403,88.07359518620797,15534000.0,,,,,,,,,,,,,,,
2022-11-22,88.7646255493164,88.8870831073396,87.93365592166022,88.03862240286713,18103100.0,,,,,,,,,,,,,,,
2022-11-23,90.31285858154295,90.31285858154295,89.28946023604541,89.34194014911579,23234600.0,,,,,,,,,,,,,,,
2022-11-25,90.0067138671875,90.03295382349944,89.5956034224669,89.75304983377612,9486100.0,,,,,,,,,,,,,,,
2022-11-28,90.26036071777344,90.80267084081446,89.82301039999908,90.6277333830792,14563200.0,,,,,,,,,,,,,,,
2022-11-29,89.20196533203125,90.0591681368548,89.14073656025813,89.350662824418,16576400.0,,,,,,,,,,,,,,,
2022-11-30,89.85801696777344,89.85801696777344,88.66842333467925,88.88709853674159,21581700.0,,,,,,,,,,,,,,,
2022-12-01,92.72859954833984,92.7724346977908,90.39635286340564,90.440194702182,53156800.0,,,,,,,,,,,,,,,
2022-12-02,93.89472198486328,93.9034916910238,91.720303109862,92.3252857377472,24479500.0,,,,,,,,,,,,,,,
2022-12-05,92.57953643798828,92.93025106176624,91.97456056852953,92.79873224168388,20159700.0,,,,,,,,,,,,,,,
2022-12-06,93.77196502685548,94.15775179379897,93.10561457945798,93.37741524380893,21754500.0,,,,,,,,,,,,,,,
2022-12-07,95.98146057128906,96.16558424555195,94.8679421311383,95.0170003630584,30546700.0,,,,,,,,,,,,,,,
2022-12-08,95.71842193603516,95.96392016584036,95.10467636152217,95.30633275486568,13377300.0,,,,,,,,,,,,,,,
2022-12-09,93.2283706665039,94.84164874098784,93.17575911932671,94.63999232634023,25872200.0,,,,,,,,,,,,,,,
2022-12-12,93.52647399902344,94.789044105019,93.16699632065436,94.56984827769064,16897100.0,,,,,,,,,,,,,,,
2022-12-13,94.4295654296875,95.63953075064713,94.21913929577867,95.6044586134413,23854700.0,,,,,,,,,,,,,,,
2022-12-14,94.83287811279295,94.97315995224608,93.71935965592178,94.39448649434846,19517500.0,,,,,,,,,,,,,,,
2022-12-15,95.2029037475586,95.90602979767702,95.06228256083908,95.26442677403092,20246200.0,,,,,,,,,,,,,,,
2022-12-16,94.13941955566406,94.77223158638132,93.43629358697686,93.69117658298832,20838300.0,,,,,,,,,,,,,,,
2022-12-19,92.55738830566406,93.02320640417476,92.26735504985012,93.0144221911695,26126800.0,,,,,,,,,,,,,,,
2022-12-20,90.91384887695312,91.23903912613405,90.61501797430655,90.86111006736454,28869000.0,,,,,,,,,,,,,,,
2022-12-21,91.14236450195312,91.7576014763558,90.49197725976244,91.66092147617118,15894100.0,,,,,,,,,,,,,,,
2022-12-22,91.12478637695312,91.51150636499771,90.86111243864876,91.11599545754116,11322500.0,,,,,,,,,,,,,,,
2022-12-23,89.78885650634766,90.36013887331455,89.6658037489857,90.1579946619128,15408900.0,,,,,,,,,,,,,,,
2022-12-27,88.01348114013672,88.83086245448463,87.89922598853188,88.3210963217713,26475700.0,,,,,,,,,,,,,,,
2022-12-28,87.49490356445312,88.57595182428861,87.3191187257156,88.46169670823868,17302900.0,,,,,,,,,,,,,,,
2022-12-29,88.48809051513672,88.76054871876373,87.70586617752338,87.76738921400393,16593000.0,,,,,,,,,,,,,,,
2022-12-30,87.5036849975586,88.37380483428014,87.33669778794503,87.77614981256998,20810200.0,,,,,,,,,,,,,,,
2023-01-03,89.17359924316406,89.94703235098466,88.62867634791215,89.82398632713833,25313200.0,,,,,,,,,,,,,,,
2023-01-04,90.39530181884766,90.94901579428844,89.83280362877032,90.72049880909849,21678200.0,,,,,,,,,,,,,,,
2023-01-05,90.7732391357422,90.78203005668183,89.45488262612818,89.53398750356916,14771100.0,,,,,,,,,,,,,,,
2023-01-06,92.44313049316406,92.5486013957086,90.21071334726588,90.2634454457852,27473700.0,,,,,,,,,,,,,,,
2023-01-09,92.93531036376952,93.1023042754274,91.64332036527178,91.7663730986814,21472200.0,,,,,,,,,,,,,,,
2023-01-10,91.39724731445312,92.1267394212203,90.96658612723812,91.87185639456042,20545200.0,,,,,,,,,,,,,,,
2023-01-11,92.88258361816406,92.9177405860912,92.02125466771356,92.2585625248454,18794000.0,,,,,,,,,,,,,,,
2023-01-12,94.710693359375,94.75463453442096,91.89819664173388,93.00561751767091,32029600.0,,,,,,,,,,,,,,,
2023-01-13,93.822998046875,94.74584989019384,93.49780116659484,94.13061309281292,17750800.0,,,,,,,,,,,,,,,
2023-01-17,93.21656036376952,93.74390815232756,92.8562131941276,92.87378832451024,13911700.0,,,,,,,,,,,,,,,
2023-01-18,95.475341796875,95.59838782390248,94.14820154743504,95.32592972198528,35497200.0,,,,,,,,,,,,,,,
2023-01-19,94.87771606445312,95.24686096493346,94.42947970148954,95.00955304994557,17194700.0,,,,,,,,,,,,,,,
2023-01-20,93.339599609375,94.25366054947104,93.26050147014328,94.0075685089654,22754100.0,,,,,,,,,,,,,,,
2023-01-23,92.900146484375,93.33959846718756,92.71557745625434,92.78589138282555,12961500.0,,,,,,,,,,,,,,,
2023-01-24,94.23609161376952,94.43823578653944,92.6276956219652,93.26929851731258,16417200.0,,,,,,,,,,,,,,,
2023-01-25,94.46463012695312,94.84255921621832,93.72634708269932,94.36795012466384,11906500.0,,,,,,,,,,,,,,,
2023-01-26,94.0251922607422,94.614056578116,93.594524292357,94.16581347279036,15549400.0,,,,,,,,,,,,,,,
2023-01-27,93.78784942626952,94.0075754365566,93.26050834268172,93.33082227529492,11845500.0,,,,,,,,,,,,,,,
2023-01-30,93.445068359375,94.18335116948047,93.33081325904544,93.5681143768084,11459700.0,,,,,,,,,,,,,,,
2023-01-31,94.19215393066406,94.28883392133056,93.04958258584264,94.02516670583624,13705300.0,,,,,,,,,,,,,,,
2023-02-01,95.32444763183594,95.6857218529446,93.77359506210271,94.76931599916604,25305800.0,,,,,,,,,,,,,,,
2023-02-02,95.44783020019533,96.35542943274436,95.2451592121975,95.97652806429828,19548400.0,,,,,,,,,,,,,,,
2023-02-03,94.02032470703124,94.38160566809158,93.4740065823642,94.08200600248584,20619500.0,,,,,,,,,,,,,,,
2023-02-06,93.3241958618164,93.67665651188052,93.12152493754915,93.18320622358598,15182400.0,,,,,,,,,,,,,,,
2023-02-07,92.57520294189452,93.60617121470544,92.52233518735515,92.81312128283405,18290300.0,,,,,,,,,,,,,,,
2023-02-08,93.01579284667967,93.03341991475766,91.98483121509,92.55758991800316,13530700.0,,,,,,,,,,,,,,,
2023-02-09,92.13462829589844,93.94983312293148,91.98483183001784,93.81765700248997,20469900.0,,,,,,,,,,,,,,,
2023-02-10,91.10366821289062,92.02889434902158,90.86575657023926,91.99364693478492,16598300.0,,,,,,,,,,,,,,,
2023-02-13,91.87029266357422,92.01127561052752,91.27110001281837,91.38564907739028,13134300.0,,,,,,,,,,,,,,,
2023-02-14,91.65880584716795,92.37255426725086,90.88338285158902,91.81741586021336,15440300.0,,,,,,,,,,,,,,,
2023-02-15,90.80410766601562,91.59715123957164,90.31946395083426,91.2446904169953,15246900.0,,,,,,,,,,,,,,,
2023-02-16,89.51756286621094,90.07270120400172,89.2884647714227,89.94052508915837,19267300.0,,,,,,,,,,,,,,,
2023-02-17,90.21370697021484,90.21370697021484,88.97126731074069,89.08581638713646,19560900.0,,,,,,,,,,,,,,,
2023-02-21,88.46017456054688,89.17391622667351,88.36324584999177,89.00649940887952,22728000.0,,,,,,,,,,,,,,,
2023-02-22,89.27085876464844,89.60570589761586,88.9536387032888,88.98888612374633,15165400.0,,,,,,,,,,,,,,,
2023-02-23,90.14321899414062,90.39875103244832,89.41185013206497,89.47353143833892,15829100.0,,,,,,,,,,,,,,,
2023-02-24,88.97127532958984,89.70264425642006,88.60999427317054,89.3854241609939,21403600.0,,,,,,,,,,,,,,,
2023-02-27,89.21797943115234,89.61450109507682,88.91838648023291,89.25322684704119,14209200.0,,,,,,,,,,,,,,,
2023-02-28,89.62329864501953,89.6321121781091,88.36323232344974,88.61877100099953,14955700.0,,,,,,,,,,,,,,,
2023-03-01,88.66046905517578,89.24346752318216,88.2982979283229,89.05796770430189,19000000.0,,,,,,,,,,,,,,,
2023-03-02,87.87430572509766,88.02447129170915,87.34429850758602,87.50329932497516,23763600.0,,,,,,,,,,,,,,,
2023-03-03,90.00314331054688,90.01197856136595,88.83713955733445,89.15514119360346,30877300.0,,,,,,,,,,,,,,,
2023-03-06,89.3053207397461,90.40065613650069,89.20815318349209,90.29466006736745,16631900.0,,,,,,,,,,,,,,,
2023-03-07,89.85298156738281,90.42715158726756,89.11097547140136,89.6233122115645,23096500.0,,,,,,,,,,,,,,,
2023-03-08,89.94131469726562,90.9571529358378,89.58797877872024,90.45365144219032,20252400.0,,,,,,,,,,,,,,,
2023-03-09,90.16214752197266,90.55964621260809,89.50848046251723,89.70281555192014,21550400.0,,,,,,,,,,,,,,,
2023-03-10,93.27149963378906,93.35983867698388,91.86699780605224,91.89349682328157,43921500.0,,,,,,,,,,,,,,,
2023-03-13,93.48350524902344,96.37201269546937,92.78566859159496,95.5770084819861,51502500.0,,,,,,,,,,,,,,,
2023-03-14,91.94646453857422,93.28913937624674,91.64613345657834,92.87397027169432,38417800.0,,,,,,,,,,,,,,,
2023-03-15,93.72199249267578,95.1441646631436,93.05949017994811,94.32266152578842,45164100.0,,,,,,,,,,,,,,,
2023-03-16,92.98883056640624,95.4268411980496,92.78566694504087,94.85267112409396,43089300.0,,,,,,,,,,,,,,,
2023-03-17,94.3844985961914,95.1618389875118,94.03999791888252,94.20783400143075,38129000.0,,,,,,,,,,,,,,,
2023-03-20,93.5541534423828,94.4816525403053,93.38631738400198,94.41098401684798,24242800.0,,,,,,,,,,,,,,,
2023-03-21,92.75032806396484,93.12132775878337,92.3439941021176,92.82099659802238,18934900.0,,,,,,,,,,,,,,,
2023-03-22,93.9870147705078,94.0311775565297,92.25567585828318,92.4500109868849,26388500.0,,,,,,,,,,,,,,,
2023-03-23,93.9870147705078,94.1195166072202,92.59134133720764,93.0683439057782,25475100.0,,,,,,,,,,,,,,,
2023-03-24,94.3844985961914,94.89683535604853,93.86333332412188,94.59649745776863,23652700.0,,,,,,,,,,,,,,,
2023-03-27,92.16732788085938,93.42167084234924,92.1584993681041,92.79450273126568,22224500.0,,,,,,,,,,,,,,,
2023-03-28,92.33515167236328,92.46765347858982,91.88464822692178,92.07898331081113,17794300.0,,,,,,,,,,,,,,,
2023-03-29,92.14967346191406,92.26450479328346,91.51367003424856,91.60200234601912,16804400.0,,,,,,,,,,,,,,,
2023-03-30,92.57364654541016,92.79448061947905,92.10547264735436,92.27330870022948,14315800.0,,,,,,,,,,,,,,,
2023-03-31,93.96051025390624,94.128339613888,92.82100530776344,93.0595032084338,25396700.0,,,,,,,,,,,,,,,
2023-04-03,94.40238189697266,94.84516981089506,93.60536230063089,93.76476621989924,18234800.0,,,,,,,,,,,,,,,
2023-04-04,94.87177276611328,95.46511393554982,93.64968008245133,93.67624628655548,18052400.0,,,,,,,,,,,,,,,
2023-04-05,95.86360931396484,95.96988087438002,95.11972866028626,95.43852982871336,23047700.0,,,,,,,,,,,,,,,
2023-04-06,96.11156463623048,96.41266399719844,95.9875845335992,96.01415073324748,16447300.0,,,,,,,,,,,,,,,
2023-04-10,94.5617904663086,95.42965779309304,94.36696269357692,95.32338625621912,19134400.0,,,,,,,,,,,,,,,
2023-04-11,94.75662231445312,94.83632090323056,94.32269201060171,94.80090381249036,13971200.0,,,,,,,,,,,,,,,
2023-04-12,94.6592025756836,94.90716273399354,93.76476907057338,94.8008979555222,20563000.0,,,,,,,,,,,,,,,
2023-04-13,93.91533660888672,95.10200519451848,93.76478355544874,94.80091260045978,22079400.0,,,,,,,,,,,,,,,
2023-04-14,93.05632019042967,93.47254195785943,92.78178705823092,93.33084656622032,19801900.0,,,,,,,,,,,,,,,
2023-04-17,91.9493637084961,92.6223966478504,91.84309214924636,92.47185033955344,19528800.0,,,,,,,,,,,,,,,
2023-04-18,92.27701568603516,92.62238978248556,91.92279069427686,91.93164158958476,15922600.0,,,,,,,,,,,,,,,
2023-04-19,92.18844604492188,92.31242612530713,91.6393933336179,92.0201912252034,16093900.0,,,,,,,,,,,,,,,
2023-04-20,92.97661590576172,93.2334337387356,92.764079572283,92.834927268912,16450100.0,,,,,,,,,,,,,,,
2023-04-21,92.4541244506836,93.3928327338952,92.3389952606542,93.25114410454624,15244700.0,,,,,,,,,,,,,,,
2023-04-24,93.3485870361328,93.41942799464368,92.84380213462926,92.95007370701052,17034300.0,,,,,,,,,,,,,,,
2023-04-25,94.72119903564452,94.87174531962168,94.119007143328,94.16328864163091,21899900.0,,,,,,,,,,,,,,,
2023-04-26,93.7116241455078,94.9691400695229,93.57878643378078,94.57063369074844,19610400.0,,,,,,,,,,,,,,,
2023-04-27,92.78177642822266,93.2245643417525,92.64008780922497,93.1625743041146,20247600.0,,,,,,,,,,,,,,,
2023-04-28,94.2784194946289,94.54409499534772,93.74707524959992,94.05702549616612,26954100.0,,,,,,,,,,,,,,,
2023-05-01,91.55995178222656,93.59303991362364,91.30248576312798,93.4598669005091,32487300.0,,,,,,,,,,,,,,,
2023-05-02,93.84163665771484,93.84163665771484,92.23470062981622,92.33236039903828,30057800.0,,,,,,,,,,,,,,,
2023-05-03,94.36541748046876,94.64063668060662,93.4687266118959,94.10795151727618,23656200.0,,,,,,,,,,,,,,,
2023-05-04,93.43324279785156,94.50749346812484,93.35334304623872,93.41548955531366,25110500.0,,,,,,,,,,,,,,,
2023-05-05,93.12252044677734,93.13140045574916,92.430028763145,92.6431015642329,15096500.0,,,,,,,,,,,,,,,
2023-05-08,91.81739807128906,92.21691702478272,91.7286183394436,91.90617780313453,20587000.0,,,,,,,,,,,,,,,
2023-05-09,91.4889144897461,92.01271966109992,91.44452123607292,91.8884266789665,19182500.0,,,,,,,,,,,,,,,
2023-05-10,92.3767547607422,92.54543427674652,92.012748930518,92.03938218181018,22886800.0,,,,,,,,,,,,,,,
2023-05-11,93.35333251953124,93.68181827040314,92.97157350012986,93.48650553066396,19147200.0,,,,,,,,,,,,,,,
2023-05-12,92.57205963134766,93.44211748228948,92.55430638982116,93.26455797318026,14198500.0,,,,,,,,,,,,,,,
2023-05-15,91.61319732666016,91.86178326339868,91.55105084247552,91.79075677477088,20085300.0,,,,,,,,,,,,,,,
2023-05-16,91.33799743652344,91.35575745047691,90.65438591544913,90.91185193008926,29251700.0,,,,,,,,,,,,,,,
2023-05-17,91.0716552734375,91.58658728623637,90.86745576027228,91.5155607796171,21340900.0,,,,,,,,,,,,,,,
2023-05-18,90.39691162109376,90.78755061076257,90.33476512487007,90.73427734724224,25536600.0,,,,,,,,,,,,,,,
2023-05-19,89.75767517089844,90.43241331038936,89.60674895271707,89.89972815751094,29038000.0,,,,,,,,,,,,,,,
2023-05-22,89.43806457519531,90.29924219734082,89.37591808563117,89.89085001256798,20131100.0,,,,,,,,,,,,,,,
2023-05-23,89.69552612304688,89.89084558733576,89.02966800758513,89.16284098536929,21749500.0,,,,,,,,,,,,,,,
2023-05-24,89.25162506103516,89.98850970367698,89.25162506103516,89.91748320893718,18473400.0,,,,,,,,,,,,,,,
2023-05-25,89.02967071533203,89.49133614923032,88.80771800342765,89.40254964570119,22492800.0,,,,,,,,,,,,,,,
2023-05-26,89.74881744384766,89.81984395478452,88.78110663281124,88.88764639921654,17030300.0,,,,,,,,,,,,,,,
2023-05-30,90.64549255371094,90.7697855392306,89.8908546349245,90.02402762611261,23125200.0,,,,,,,,,,,,,,,
2023-05-31,91.43566131591795,91.60434758877912,90.44131724042728,90.54785023510928,23787000.0,,,,,,,,,,,,,,,
2023-06-01,91.79438018798828,92.2483622322802,91.35819177317371,91.93680392988529,21040400.0,,,,,,,,,,,,,,,
2023-06-02,90.78850555419922,91.74989151646018,90.74400109517396,91.6875798406542,19136500.0,,,,,,,,,,,,,,,
2023-06-05,90.61936950683594,91.18907814569732,90.09416532295462,90.21878866323914,14433200.0,,,,,,,,,,,,,,,
2023-06-06,91.15348052978516,91.215792206779,90.25440622619097,90.65498032237092,14332100.0,,,,,,,,,,,,,,,
2023-06-07,89.8004150390625,91.18018229867104,89.71139933006333,90.9487360221026,25251100.0,,,,,,,,,,,,,,,
2023-06-08,90.8508071899414,90.92202246626766,89.72919714938445,89.79150881830428,23845100.0,,,,,,,,,,,,,,,
2023-06-09,90.7261734008789,91.03773170958804,90.20987289418278,90.44131911985032,22147400.0,,,,,,,,,,,,,,,
2023-06-12,90.99321746826172,91.0644327287204,90.01403140706859,91.01101788764586,19010300.0,,,,,,,,,,,,,,,
2023-06-13,90.09416198730467,91.09115546413072,89.88052295350712,90.8953168533736,25910800.0,,,,,,,,,,,,,,,
2023-06-14,90.81519317626952,91.05554301913168,90.31669985990666,90.46802721787938,29094200.0,,,,,,,,,,,,,,,
2023-06-15,91.68756103515624,92.24836600238676,91.3314914786691,91.71426506338696,25732000.0,,,,,,,,,,,,,,,
2023-06-16,91.33148956298828,91.53623176089904,90.82409266286186,91.1890658182579,16759100.0,,,,,,,,,,,,,,,
2023-06-20,91.9635238647461,92.27508901249678,91.78549245871382,91.78549245871382,17162900.0,,,,,,,,,,,,,,,
2023-06-21,92.18606567382812,92.26618455983292,91.10005644917308,91.51843772012668,19720100.0,,,,,,,,,,,,,,,
2023-06-22,91.0733642578125,91.91012690850452,90.97544493522244,91.5095528007914,23630700.0,,,,,,,,,,,,,,,
2023-06-23,91.98133850097656,92.53323997907988,91.6697801195532,92.42642384342804,22901900.0,,,,,,,,,,,,,,,
2023-06-26,92.0792465209961,92.39970847155575,91.82999984644135,92.23947749627592,12894900.0,,,,,,,,,,,,,,,
2023-06-27,91.8389129638672,92.5332450495038,91.47394649461933,92.21278304206172,18105700.0,,,,,,,,,,,,,,,
2023-06-28,92.2305908203125,92.4353262870832,91.5362587304574,92.05255938908024,23826800.0,,,,,,,,,,,,,,,
2023-06-29,90.56595611572266,91.10005712434968,90.30780582340265,90.9487297503402,41091600.0,,,,,,,,,,,,,,,
2023-06-30,91.6341552734375,91.74097138903524,90.68167309107244,90.85080087125624,32024900.0,,,,,,,,,,,,,,,
2023-07-03,91.11469268798828,92.16793880132364,91.09683725004714,91.793049512957,16011800.0,,,,,,,,,,,,,,,
2023-07-05,90.24889373779295,91.04329053195993,89.91863621274697,90.94510604640178,28170300.0,,,,,,,,,,,,,,,
2023-07-06,88.97245788574219,89.59726174616505,88.78501672761533,89.43659692350612,41375700.0,,,,,,,,,,,,,,,
2023-07-07,88.43695068359375,88.90108993095582,88.35661483106018,88.52620744541095,28996500.0,,,,,,,,,,,,,,,
2023-07-10,88.55297088623047,88.83859656832773,88.23164114263936,88.24056886047617,24665200.0,,,,,,,,,,,,,,,
2023-07-11,89.0081787109375,89.23132396169302,88.62436860724391,88.87429019851368,20485500.0,,,,,,,,,,,,,,,
2023-07-12,89.99897003173828,90.25781941418154,89.05282926594626,89.34738271595286,31928000.0,,,,,,,,,,,,,,,
2023-07-13,90.945068359375,91.0164764665271,90.17744823211969,90.42736979730012,32441500.0,,,,,,,,,,,,,,,
2023-07-14,90.40953063964844,90.98970965375248,90.36489886554328,90.79334074345394,18569000.0,,,,,,,,,,,,,,,
2023-07-17,90.45415496826172,90.58804347978372,90.07927258388214,90.35597732365498,18822000.0,,,,,,,,,,,,,,,
2023-07-18,90.86475372314452,91.10574761059884,90.65945708506248,90.86475372314452,15407400.0,,,,,,,,,,,,,,,
2023-07-19,91.8912124633789,91.91799561401574,90.80226934899244,91.04326322590228,27192500.0,,,,,,,,,,,,,,,
2023-07-20,90.77550506591795,91.31998014120596,90.400622597316,91.23965110215728,56951200.0,,,,,,,,,,,,,,,
2023-07-21,90.80226135253906,91.3556571729504,90.712997811316,91.18607142630115,20657500.0,,,,,,,,,,,,,,,
2023-07-24,90.4720230102539,91.17716291334514,90.4184703221228,91.03434666519088,17546700.0,,,,,,,,,,,,,,,
2023-07-25,90.30243682861328,90.59699025395167,89.97218614855569,89.99896249452209,17160600.0,,,,,,,,,,,,,,,
2023-07-26,90.3917007446289,90.76659004741376,90.0882263865009,90.75766232809984,19310700.0,,,,,,,,,,,,,,,
2023-07-27,88.63330078125,90.0882054377937,88.28519471735395,89.89183651767738,44794400.0,,,,,,,,,,,,,,,
2023-07-28,89.0885009765625,89.13313274727005,88.49940110036496,88.72254633419854,27434000.0,,,,,,,,,,,,,,,
2023-07-31,89.30274963378906,89.552671274195,88.91893945463593,88.94571580041458,28663800.0,,,,,,,,,,,,,,,
2023-08-01,87.83931732177734,88.53744816252895,87.6245094081508,88.46584324844662,34943400.0,,,,,,,,,,,,,,,
2023-08-02,86.8995590209961,87.03381658555494,86.29093747509295,86.85481105189207,38121300.0,,,,,,,,,,,,,,,
2023-08-03,84.89463806152344,85.31530842696316,84.61717753479552,85.19895555447553,59394800.0,,,,,,,,,,,,,,,
2023-08-04,86.39832305908203,86.53258060032444,85.14526405518991,85.16316870262074,42071800.0,,,,,,,,,,,,,,,
2023-08-07,85.54804992675781,86.10297116784811,85.47644498319026,86.02242072780207,35862900.0,,,,,,,,,,,,,,,
2023-08-08,86.54153442382812,87.15016270320216,86.31777412742035,86.69368978651605,24010500.0,,,,,,,,,,,,,,,
2023-08-09,86.98905181884766,87.0785545683961,86.675781952495,86.7115844180388,20151100.0,,,,,,,,,,,,,,,
2023-08-10,85.5569839477539,87.1412106757381,85.5569839477539,86.85479776850681,37253200.0,,,,,,,,,,,,,,,
2023-08-11,85.3600845336914,85.80760514853563,85.20792233489114,85.29743192075811,26753500.0,,,,,,,,,,,,,,,
2023-08-14,85.1721420288086,85.86132089515064,84.93942935517896,85.2168900011756,19072000.0,,,,,,,,,,,,,,,
2023-08-15,84.65298461914062,85.2079057029123,84.63507997401302,84.84989474381625,24125000.0,,,,,,,,,,,,,,,
2023-08-16,83.99066162109375,84.84095484501364,83.88326104908617,84.38448192811443,23076700.0,,,,,,,,,,,,,,,
2023-08-17,83.63263702392578,83.78479236196797,83.2567145970987,83.68633730120627,32244900.0,,,,,,,,,,,,,,,
2023-08-18,83.92800903320312,84.30393152119514,83.50734541169267,83.62369830760548,24181700.0,,,,,,,,,,,,,,,
2023-08-21,82.80918884277344,83.02400359556034,82.54963296657564,82.9345008628762,29254100.0,,,,,,,,,,,,,,,
2023-08-22,83.44468688964844,83.48943484861877,82.75550140101126,82.91660907627251,21308700.0,,,,,,,,,,,,,,,
2023-08-23,85.51225280761719,85.52120513327932,84.33975080495472,84.40240342734225,38294700.0,,,,,,,,,,,,,,,
2023-08-24,84.9483642578125,85.52119008416254,84.9304596096389,85.14526758736454,22300800.0,,,,,,,,,,,,,,,
2023-08-25,85.2258071899414,85.48536990570271,84.59032888388626,84.72458640288295,23865200.0,,,,,,,,,,,,,,,
2023-08-28,85.31531524658203,85.61963276385954,84.93044731005611,85.6106804410692,16037300.0,,,,,,,,,,,,,,,
2023-08-29,86.20142364501953,86.38043599851187,84.9752214595565,85.00207160542458,28478100.0,,,,,,,,,,,,,,,
2023-08-30,86.11189270019531,86.28195267320066,85.81652753506629,86.06714474793446,17550100.0,,,,,,,,,,,,,,,
2023-08-31,86.49676513671875,86.86373523906404,86.30880733867158,86.40726239888026,26959700.0,,,,,,,,,,,,,,,
2023-09-01,85.14930725097656,86.02010254147947,84.94283411248749,86.0021510356087,32469700.0,,,,,,,,,,,,,,,
2023-09-05,83.9552993774414,84.64655196017084,83.92836870392524,84.63757278596441,29435900.0,,,,,,,,,,,,,,,
2023-09-06,84.16179656982422,84.4849784165807,83.90145525720902,84.46702006448061,23636300.0,,,,,,,,,,,,,,,
2023-09-07,84.39521026611328,84.44907162615915,84.0989590876514,84.38623108973738,18091500.0,,,,,,,,,,,,,,,
2023-09-08,84.71839141845703,85.19418502584254,84.53884213795938,84.72736374565338,17052100.0,,,,,,,,,,,,,,,
2023-09-11,84.10794830322266,84.36828965636026,83.98226721537769,84.11692063156472,17061500.0,,,,,,,,,,,,,,,
2023-09-12,84.59272766113281,84.6016999901656,84.00920436601294,84.28749724636448,20034300.0,,,,,,,,,,,,,,,
2023-09-13,84.57474517822266,84.86201715476307,84.22463267084852,84.31440387931038,23332300.0,,,,,,,,,,,,,,,
2023-09-14,83.96427917480469,84.5747328924131,83.84757730566749,84.33234997986561,27800600.0,,,,,,,,,,,,,,,
2023-09-15,83.45262908935547,83.91945056205287,83.45262908935547,83.90149220204506,25642900.0,,,,,,,,,,,,,,,
2023-09-18,83.92842864990234,83.9643385232736,83.32695368142677,83.35388437417821,17963400.0,,,,,,,,,,,,,,,
2023-09-19,83.30894470214844,83.87450940712189,83.30894470214844,83.56030679324775,24941800.0,,,,,,,,,,,,,,,
2023-09-20,83.56929016113281,84.02713222990614,83.52440798127924,83.7488394278597,29451200.0,,,,,,,,,,,,,,,
2023-09-21,81.42373657226562,82.02521813192924,81.41476424460123,81.95339841598357,59958700.0,,,,,,,,,,,,,,,
2023-09-22,82.07908630371094,82.24067725344192,81.39681264383506,81.52249373261408,29524500.0,,,,,,,,,,,,,,,
2023-09-25,80.05919647216797,80.83124129830287,80.03226579087806,80.49010792012203,45587900.0,,,,,,,,,,,,,,,
2023-09-26,79.7809066772461,80.45420113160276,79.63726723941276,80.28363101145202,38104100.0,,,,,,,,,,,,,,,
2023-09-27,79.36795806884766,80.45420569492855,79.08067917688666,80.3823859719383,47111200.0,,,,,,,,,,,,,,,
2023-09-28,79.61033630371094,79.65522534016733,78.19192768059548,78.65874900296264,60238000.0,,,,,,,,,,,,,,,
2023-09-29,79.6192855834961,80.33746195338301,79.11655459056219,80.1399612257057,49010100.0,,,,,,,,,,,,,,,
2023-10-02,78.28646850585938,79.18703756407895,78.0883422137236,79.08797441801106,44704300.0,,,,,,,,,,,,,,,
2023-10-03,76.60240173339844,78.03431010578905,76.44930664281229,77.72811305382011,71362600.0,,,,,,,,,,,,,,,
2023-10-04,77.68307495117188,77.72809927352847,76.88156918279307,77.2417912448275,56281600.0,,,,,,,,,,,,,,,
2023-10-05,77.29583740234375,77.6200427856461,77.12472709704637,77.54799561806868,35758800.0,,,,,,,,,,,,,,,
2023-10-06,76.35924530029297,77.16975876347469,75.70182691604666,75.82790602467536,62787900.0,,,,,,,,,,,,,,,
2023-10-09,78.15137481689453,78.16939004410156,76.50333193805,76.99864762430252,29424900.0,,,,,,,,,,,,,,,
2023-10-10,78.04331970214844,78.50260498557083,77.01666463071825,77.31385407584813,54743900.0,,,,,,,,,,,,,,,
2023-10-11,79.67333984375,79.67333984375,78.88984234700526,79.11498459506794,58517700.0,,,,,,,,,,,,,,,
2023-10-12,77.51197052001953,79.42117919874698,77.38589141462013,79.29510009334757,66986700.0,,,,,,,,,,,,,,,
2023-10-13,78.89886474609375,79.0969910608444,78.50261211659245,78.88985713066033,44183800.0,,,,,,,,,,,,,,,
2023-10-16,77.6290512084961,77.78215317244384,77.35888460954672,77.62005046475551,38309800.0,,,,,,,,,,,,,,,
2023-10-17,76.77351379394531,77.11572756962796,76.09808698637394,76.44930837664731,52949100.0,,,,,,,,,,,,,,,
2023-10-18,76.09808349609375,76.29620978322167,75.51271224888758,75.9900127383522,63724600.0,,,,,,,,,,,,,,,
2023-10-19,74.54011535644531,76.1611427886268,74.51309937770867,75.53974779449086,87696900.0,,,,,,,,,,,,,,,
2023-10-20,74.9633560180664,75.23352944613681,74.54008752046077,74.73821378493965,52188800.0,,,,,,,,,,,,,,,
2023-10-23,75.86395263671875,76.42230805212843,74.22491685623032,74.57613831842083,70890400.0,,,,,,,,,,,,,,,
2023-10-24,76.86356353759766,76.86356353759766,75.72884466252908,76.04404931228989,46267700.0,,,,,,,,,,,,,,,
2023-10-25,75.1524887084961,75.76487597183169,74.86430687109093,75.66581282108645,60737200.0,,,,,,,,,,,,,,,
2023-10-26,76.30521392822266,76.38626183974665,75.10745551652951,75.17950268508162,49704100.0,,,,,,,,,,,,,,,
2023-10-27,75.98101043701172,76.52135047304701,75.41364755899778,75.8189077391215,32362300.0,,,,,,,,,,,,,,,
2023-10-30,75.6387939453125,76.09808609289149,74.96336714567146,75.47669123856677,45026900.0,,,,,,,,,,,,,,,
2023-10-31,75.26956176757812,76.34123424955375,75.24254579579336,75.98101213136161,37269200.0,,,,,,,,,,,,,,,
2023-11-01,76.90155792236328,76.91963500514746,75.92560228362885,75.94367936641301,72308500.0,,,,,,,,,,,,,,,
2023-11-02,78.65467834472656,78.8986638558843,77.91367637366997,78.32935973359065,69739400.0,,,,,,,,,,,,,,,
2023-11-03,79.18783569335938,80.47103995408035,79.14265676587323,80.25415628234843,77692300.0,,,,,,,,,,,,,,,
2023-11-06,78.41971588134766,78.79925192124946,78.25705659362008,78.68177845015252,41341900.0,,,,,,,,,,,,,,,
2023-11-07,79.57640075683594,79.97401387950303,79.15167890205745,79.16975598639011,37834200.0,,,,,,,,,,,,,,,
2023-11-08,80.93189239501953,80.98611675354783,79.92882794209115,79.9559435685491,53893400.0,,,,,,,,,,,,,,,
2023-11-09,79.07035064697266,80.45295110375487,78.38356624235333,80.37162490953824,88975100.0,,,,,,,,,,,,,,,
2023-11-10,79.51314544677734,79.91075857292651,79.31433888370276,79.7300290943429,36516400.0,,,,,,,,,,,,,,,
2023-11-13,79.33241271972656,79.46796327030765,78.5281548525028,78.81732614302834,25661500.0,,,,,,,,,,,,,,,
2023-11-14,81.13069915771484,81.46505627431793,80.68790711256084,81.32950571924167,65666800.0,,,,,,,,,,,,,,,
2023-11-15,79.99209594726562,80.55236844018198,79.80232789992024,80.43489495212683,56205300.0,,,,,,,,,,,,,,,
2023-11-16,80.98611450195312,81.29335598272517,80.651757395477,80.69694321059639,49473900.0,,,,,,,,,,,,,,,
2023-11-17,81.36566925048828,81.7180966274693,81.00420332952625,81.47411109509359,44091400.0,,,,,,,,,,,,,,,
2023-11-20,81.8626708984375,81.92593380576365,80.97708671730811,80.98612526041018,40477800.0,,,,,,,,,,,,,,,
2023-11-21,81.8265380859375,82.05245342367405,81.23011828500627,81.7813522606346,27721000.0,,,,,,,,,,,,,,,
2023-11-22,82.1156997680664,82.52234457032807,81.6729007943107,82.34161507918692,31197500.0,,,,,,,,,,,,,,,
2023-11-24,81.14877319335938,81.5644564907587,81.13973465152382,81.41986739893945,20199600.0,,,,,,,,,,,,,,,
2023-11-27,82.5042724609375,82.54041284281503,81.51927814226902,81.60061123746344,39804400.0,,,,,,,,,,,,,,,
2023-11-28,82.66690826416016,82.71208717586185,82.04337999095691,82.15182178893583,44989300.0,,,,,,,,,,,,,,,
2023-11-29,83.70613861083984,83.76939462219049,82.9380279317568,83.23623779714764,61647800.0,,,,,,,,,,,,,,,
2023-11-30,82.7392349243164,83.39891077463756,82.3777758826827,83.10973940469702,60520900.0,,,,,,,,,,,,,,,
2023-12-01,84.29755401611328,84.36101033605212,82.61142103920089,82.7745954213608,64172200.0,,,,,,,,,,,,,,,
2023-12-04,83.96212005615234,84.15248895940555,83.48165730083548,83.84426769969696,33766300.0,,,,,,,,,,,,,,,
2023-12-05,85.76612091064453,85.77518807500108,84.82333638794218,84.87772554164157,73588600.0,,,,,,,,,,,,,,,
2023-12-06,86.90831756591797,87.07149189820134,86.00179503461433,86.19216393624193,61606100.0,,,,,,,,,,,,,,,
2023-12-07,86.40973663330078,87.09869576719372,86.174038813455,86.28282401866508,47970200.0,,,,,,,,,,,,,,,
2023-12-08,85.70263671875,85.86581104299745,85.13153004199279,85.59385153051247,44809200.0,,,,,,,,,,,,,,,
2023-12-11,85.5213394165039,85.61199721017023,84.78705831809334,85.22219221254836,33909700.0,,,,,,,,,,,,,,,
2023-12-12,85.77517700195312,85.8476935587842,85.12247957693995,85.34911024305735,36996900.0,,,,,,,,,,,,,,,
2023-12-13,87.78764343261719,87.91456295689024,86.13777261168877,86.27375238209541,70828500.0,,,,,,,,,,,,,,,
2023-12-14,90.07127380371094,90.07127380371094,88.59797302017593,88.81624442859012,87798600.0,,,,,,,,,,,,,,,
2023-12-15,90.17127990722656,90.3531657420526,89.65289764562253,89.7529369363268,59941300.0,,,,,,,,,,,,,,,
2023-12-18,89.45283508300781,89.58015657788614,89.1436207822311,89.58015657788614,34746000.0,,,,,,,,,,,,,,,
2023-12-19,89.93486022949219,90.27135679642277,89.72569212617262,89.9075780367551,30018400.0,,,,,,,,,,,,,,,
2023-12-20,90.54415893554688,90.6623909871783,89.6529085228675,90.13491228828605,51229400.0,,,,,,,,,,,,,,,
2023-12-21,89.97124481201172,90.79883478052264,89.80754470614646,90.70789181915376,65231200.0,,,,,,,,,,,,,,,
2023-12-22,89.56197357177734,90.38046693920288,89.34370219786265,90.38046693920288,29244200.0,,,,,,,,,,,,,,,
2023-12-26,89.81660461425781,89.91664391269408,89.56196165042016,89.61652601738525,24019700.0,,,,,,,,,,,,,,,
2023-12-27,91.40814971923828,91.42633553263444,90.48961002644062,90.74425304499796,45082800.0,,,,,,,,,,,,,,,
2023-12-28,90.74424743652344,91.4627084450494,90.54416880902237,91.02617262700144,36213000.0,,,,,,,,,,,,,,,
2023-12-29,,,,,,89.9257583618164,90.78063735406369,89.85300816512697,90.15311920541389,41616200.0,,,,,,,,,,
2024-01-02,,,,,,89.40736389160156,89.71657820532927,89.1254387037774,89.33461370469627,47797400.0,,,,,,,,,,
2024-01-03,,,,,,89.78025817871094,89.8984833289345,88.35243224476783,88.56160035197128,58159500.0,,,,,,,,,,
2024-01-04,,,,,,88.41608428955078,88.79804883430145,88.27966639828206,88.59797018557428,52604500.0,,,,,,,,,,
2024-01-05,,,,,,87.5702896118164,88.83441514878203,87.4975324880411,87.76127185785064,45894800.0,,,,,,,,,,
2024-01-08,,,,,,88.43425750732422,88.56157900410564,87.38839640790431,87.51572484318693,39485800.0,,,,,,,,,,
2024-01-09,,,,,,87.87039184570312,88.37058137067304,87.8431027252866,87.88857765414748,34374000.0,,,,,,,,,,
2024-01-10,,,,,,87.461181640625,88.2614963787525,87.41571362773357,88.14326428052725,48227800.0,,,,,,,,,,
2024-01-11,,,,,,87.9522476196289,88.06138329724585,87.04280445498979,87.4611474781037,78858900.0,,,,,,,,,,
2024-01-12,,,,,,87.7794418334961,88.46152413420918,87.55208106659173,88.01589897385662,38883900.0,,,,,,,,,,
2024-01-16,,,,,,86.23341369628906,87.11557481018922,85.951488492734,86.96097111394946,61716700.0,,,,,,,,,,
2024-01-17,,,,,,86.09698486328125,86.39710278028456,85.63317383354982,86.03332411772001,55506800.0,,,,,,,,,,
2024-01-18,,,,,,85.29669952392578,86.01516066112156,85.0420564755025,85.906024952439,77339100.0,,,,,,,,,,
2024-01-19,,,,,,85.56951141357422,85.6422685382632,84.81467879505537,85.22392547905355,47030900.0,,,,,,,,,,
2024-01-22,,,,,,86.07881164550781,86.46987255073788,85.84235443947287,86.23341534470293,35756400.0,,,,,,,,,,
2024-01-23,,,,,,85.39673614501953,85.47858272005655,84.96929663937522,85.38763976829237,35786700.0,,,,,,,,,,
2024-01-24,,,,,,84.89653015136719,85.97876989211076,84.6691693277489,85.95148770343684,54574900.0,,,,,,,,,,
2024-01-25,,,,,,85.4512710571289,85.68772820096613,85.0965888106231,85.48764961298849,57019400.0,,,,,,,,,,
2024-01-26,,,,,,85.28758239746094,85.55132175873547,85.02384303618642,85.42400026549963,29276900.0,,,,,,,,,,
2024-01-29,,,,,,86.2697982788086,86.55172350202947,85.59681213055444,85.76960165196293,38243600.0,,,,,,,,,,
2024-01-30,,,,,,87.05189514160156,87.16102387358752,86.16063784554807,86.83363073912938,40151400.0,,,,,,,,,,
2024-01-31,,,,,,87.90679931640625,88.1341601584969,87.30656336280587,87.506642014006,80646700.0,,,,,,,,,,
2024-02-01,,,,,,89.63115692138672,90.02347599373545,88.67317334529699,88.88301438351535,84291200.0,,,,,,,,,,
2024-02-02,,,,,,87.65132904052734,88.15313500093181,87.3046311702282,87.83380013840559,63823300.0,,,,,,,,,,
2024-02-05,,,,,,85.8813247680664,86.53823181654042,85.78096358228144,86.3375094449705,53827400.0,,,,,,,,,,
2024-02-06,,,,,,86.72071075439453,86.81194629854717,85.95431686969563,85.98168683685883,33411500.0,,,,,,,,,,
2024-02-07,,,,,,86.30101776123047,86.88494057818923,86.23715218199177,86.28277343608774,40120200.0,,,,,,,,,,
2024-02-08,,,,,,85.7992172241211,86.03643521165824,85.45251936604829,85.78096593848119,50087700.0,,,,,,,,,,
2024-02-09,,,,,,85.62586975097656,85.77185220120788,85.45252429235983,85.54375984334122,27951300.0,,,,,,,,,,
2024-02-12,,,,,,85.72620391845703,85.89043064277843,85.30651494759664,85.67146399729128,27890300.0,,,,,,,,,,
2024-02-13,,,,,,84.2573013305664,84.9050826818742,84.23905700779126,84.72261161082207,49768500.0,,,,,,,,,,
2024-02-14,,,,,,84.6861343383789,84.89598238026208,84.14783968966061,84.21170527443782,44191600.0,,,,,,,,,,
2024-02-15,,,,,,85.12405395507812,85.50724737013624,84.85034039527949,85.3612649486903,49598500.0,,,,,,,,,,
2024-02-16,,,,,,84.63138580322266,84.71349570638667,84.24818537264606,84.37592349005557,33116800.0,,,,,,,,,,
2024-02-20,,,,,,84.70436096191406,85.02369577988584,84.59488110279251,84.65874667422183,24469300.0,,,,,,,,,,
2024-02-21,,,,,,84.10221862792969,84.75912576478669,83.94711748751253,84.69526017986041,36343100.0,,,,,,,,,,
2024-02-22,,,,,,84.5127944946289,84.63140699889546,84.18434087806077,84.2390877880406,45190700.0,,,,,,,,,,
2024-02-23,,,,,,85.64411163330078,85.76271714047017,84.62225547636818,84.62225547636818,38406700.0,,,,,,,,,,
2024-02-26,,,,,,85.38862609863281,85.79007075534675,85.02368400433751,85.76270079435703,27855000.0,,,,,,,,,,
2024-02-27,,,,,,84.78648376464844,85.27916404773141,84.71349254623044,85.06931603498607,30242000.0,,,,,,,,,,
2024-02-28,,,,,,85.32476806640625,85.39775927603688,84.75910359383113,84.92333033508758,34574200.0,,,,,,,,,,
2024-02-29,,,,,,85.92695617675781,86.03644301805355,85.56200699993195,85.5985026136972,51038600.0,,,,,,,,,,
2024-03-01,,,,,,86.4623794555664,86.49898974764012,85.12613521702193,85.51968712844045,45832800.0,,,,,,,,,,
2024-03-04,,,,,,86.11456298828125,86.17863621992882,85.73931981091543,85.757621460888,23864200.0,,,,,,,,,,
2024-03-05,,,,,,87.34099578857422,87.5698048515242,86.91998795067006,87.15795133129362,37721900.0,,,,,,,,,,
2024-03-06,,,,,,87.85352325439453,88.01826605414958,87.3226915509156,87.39590514204141,40571600.0,,,,,,,,,,
2024-03-07,,,,,,87.77113342285156,88.22875142090324,87.38673598033532,88.19214114313553,39075000.0,,,,,,,,,,
2024-03-08,,,,,,87.61556243896484,87.90843773677283,87.38675339434305,87.67962869215103,25023200.0,,,,,,,,,,
2024-03-11,,,,,,87.5698013305664,87.87183095736417,87.28608033837963,87.82606635353487,17787900.0,,,,,,,,,,
2024-03-12,,,,,,86.83760833740234,87.13963795992872,86.66371820724619,86.98404948142655,29566000.0,,,,,,,,,,
2024-03-13,,,,,,86.41659545898438,86.70947074717431,86.22439670573763,86.48981602670627,38270100.0,,,,,,,,,,
2024-03-14,,,,,,85.08950805664062,85.80339115380866,84.988831519071,85.78508950274957,58365600.0,,,,,,,,,,
2024-03-15,,,,,,85.06204223632812,85.29085125290297,84.92475542984381,85.17186609535794,34997700.0,,,,,,,,,,
2024-03-18,,,,,,84.8057861328125,85.1078087594585,84.65934499517996,84.8698523848523,29519500.0,,,,,,,,,,
2024-03-19,,,,,,85.04374694824219,85.36407822516824,84.83324653027569,84.97968069285697,26953100.0,,,,,,,,,,
2024-03-20,,,,,,85.01628112792969,85.83999501793336,84.46714086215967,85.20847987181432,43460100.0,,,,,,,,,,
2024-03-21,,,,,,85.1993408203125,85.51052478237692,84.8698621879775,85.36408362782929,34276600.0,,,,,,,,,,
2024-03-22,,,,,,86.01390075683594,86.22440117156678,85.83084932805039,86.20609952003724,30262300.0,,,,,,,,,,
2024-03-25,,,,,,85.58372497558594,85.80337967239213,85.3915262430434,85.76676939247494,24011800.0,,,,,,,,,,
2024-03-26,,,,,,85.82169342041016,85.91322262445564,85.37322964791845,85.58373704144601,34423000.0,,,,,,,,,,
2024-03-27,,,,,,86.67288208007812,86.67288208007812,85.97730746133237,86.02306509054755,50157800.0,,,,,,,,,,
2024-03-28,,,,,,86.59964752197266,86.96573639790792,86.3250738823235,86.48066235286575,34540400.0,,,,,,,,,,
2024-04-01,,,,,,84.9853286743164,85.67402661493227,84.90268127842768,85.66484201410069,48945400.0,,,,,,,,,,
2024-04-02,,,,,,84.51702117919922,84.66393977927572,83.87423216219392,84.08543596918958,43086300.0,,,,,,,,,,
2024-04-03,,,,,,84.4986572265625,84.5262110337252,83.6079469573384,83.80078157268375,45494400.0,,,,,,,,,,
2024-04-04,,,,,,85.10472106933594,85.1781838821815,84.51703257817034,85.0588050598576,47957400.0,,,,,,,,,,
2024-04-05,,,,,,83.92013549804688,84.64556480450713,83.91095089761644,84.19561746458024,42495900.0,,,,,,,,,,
2024-04-08,,,,,,83.91095733642578,84.1037919254771,83.68139134863165,83.77322334838767,37879800.0,,,,,,,,,,
2024-04-09,,,,,,84.69149017333984,84.81086196895609,84.33336077489471,84.36091457923527,32522000.0,,,,,,,,,,
2024-04-10,,,,,,82.84577941894531,83.83750622294676,82.68967621992611,83.74567421806641,74368900.0,,,,,,,,,,
2024-04-11,,,,,,82.46927642822266,83.04778715357811,82.19380146901293,82.99268655709825,65751200.0,,,,,,,,,,
2024-04-12,,,,,,82.91006469726562,83.51611534758648,82.90088009483378,83.23145572439024,47900100.0,,,,,,,,,,
2024-04-15,,,,,,81.62449645996094,81.96425670392465,81.28473621599723,81.92752529870161,55993100.0,,,,,,,,,,
2024-04-16,,,,,,81.08270263671875,81.33981539975076,80.61438610074052,80.85313666889769,45103200.0,,,,,,,,,,
2024-04-17,,,,,,81.98262023925781,82.07444525091178,81.2296439344164,81.60613558973677,57947000.0,,,,,,,,,,
2024-04-18,,,,,,81.56939697265625,81.97342838937459,81.3490085572113,81.94588158889364,43839500.0,,,,,,,,,,
2024-04-19,,,,,,81.86323547363281,82.08361686789708,81.64285407936856,82.08361686789708,44826800.0,,,,,,,,,,
2024-04-22,,,,,,81.72550201416016,81.83569622435672,81.40411099166874,81.43165779276816,24969000.0,,,,,,,,,,
2024-04-23,,,,,,81.7530517578125,82.22136841075556,81.31228891275948,81.47757673110414,27222700.0,,,,,,,,,,
2024-04-24,,,,,,81.17452239990234,81.38571915346276,80.34808356776028,81.32144096684043,48986800.0,,,,,,,,,,
2024-04-25,,,,,,80.6052017211914,80.7153959081344,80.20116337486446,80.31135756180745,49282600.0,,,,,,,,,,
2024-04-26,,,,,,81.02761840820312,81.36737863129744,80.85315300135905,81.03680301039454,31589800.0,,,,,,,,,,
2024-04-29,,,,,,81.7071304321289,81.74385482551149,81.24799845106811,81.41328624448192,39228600.0,,,,,,,,,,
2024-04-30,,,,,,81.00926208496094,81.47757874950535,80.89906786806834,81.19291210731598,41054700.0,,,,,,,,,,
2024-05-01,,,,,,81.60637664794922,82.20534086209705,81.31150293133946,81.64323674131843,59679500.0,,,,,,,,,,
2024-05-02,,,,,,81.95654296875,82.02104637373293,81.1179916736281,81.28385857649046,58925400.0,,,,,,,,,,
2024-05-03,,,,,,82.78585052490234,83.04387111306843,82.26060663066305,82.86878747154128,50066100.0,,,,,,,,,,
2024-05-06,,,,,,83.10836791992188,83.1636545264074,82.62919389590861,82.81349430142971,23868200.0,,,,,,,,,,
2024-05-07,,,,,,83.61520385742188,84.07594446699824,83.49541382985578,83.76264422705133,30525800.0,,,,,,,,,,
2024-05-08,,,,,,83.10836791992188,83.35716467944835,83.08072461667912,83.21894113289292,31171700.0,,,,,,,,,,
2024-05-09,,,,,,83.51383972167969,83.64284652894617,82.76744218958886,82.81351906233134,39606700.0,,,,,,,,,,
2024-05-10,,,,,,83.04387664794922,83.2834566645582,82.8964363020274,83.19130996352838,21913800.0,,,,,,,,,,
2024-05-13,,,,,,83.25584411621094,83.49543125167818,83.21898401611249,83.44014461670315,23157500.0,,,,,,,,,,
2024-05-14,,,,,,83.72576904296875,83.78105565644243,83.32031512991513,83.53225886546839,25746400.0,,,,,,,,,,
2024-05-15,,,,,,84.868408203125,85.01584855420936,84.4353109597433,84.65647148636984,65142900.0,,,,,,,,,,
2024-05-16,,,,,,84.78548431396484,85.16328793741292,84.7209809133594,85.1356446272025,37902400.0,,,,,,,,,,
2024-05-17,,,,,,84.21415710449219,84.59196772977825,84.168080237389,84.44452737932237,24755000.0,,,,,,,,,,
2024-05-20,,,,,,83.9653549194336,84.14964831534867,83.86399144257759,83.9284948341821,17922800.0,,,,,,,,,,
2024-05-21,,,,,,84.39847564697266,84.56434257546101,84.25104228295243,84.52748950721467,15334400.0,,,,,,,,,,
2024-05-22,,,,,,84.49981689453125,84.57353707228833,84.0943699775535,84.10357972701581,38073700.0,,,,,,,,,,
2024-05-23,,,,,,83.95613861083984,84.59196278189071,83.68890826402632,84.59196278189071,51294700.0,,,,,,,,,,
2024-05-24,,,,,,84.20494079589844,84.28787775107939,83.76263380274301,83.82713719884246,19164400.0,,,,,,,,,,
2024-05-28,,,,,,82.99779510498047,84.18650646320121,82.96093502057724,84.15886315748435,45973700.0,,,,,,,,,,
2024-05-29,,,,,,81.99340057373047,82.38042099188472,81.71695340056678,82.32512733904578,45508400.0,,,,,,,,,,
2024-05-30,,,,,,82.78585052490234,82.905647555565,82.41726374534943,82.56469705110216,29548600.0,,,,,,,,,,
2024-05-31,,,,,,83.34796905517578,83.54148628767273,83.1636756332229,83.37561939577778,41308800.0,,,,,,,,,,
2024-06-03,,,,,,84.69607543945312,84.76079923347422,83.78069405133651,83.80843181243633,42272100.0,,,,,,,,,,
2024-06-04,,,,,,85.68544006347656,85.80564644973202,85.05669153057964,85.25086293795532,42581500.0,,,,,,,,,,
2024-06-05,,,,,,86.3141860961914,86.3141860961914,85.42654237917178,85.99056709327256,43153900.0,,,,,,,,,,
2024-06-06,,,,,,86.18474578857422,86.38816548029948,85.86112675826848,85.91660229078782,22891900.0,,,,,,,,,,
2024-06-07,,,,,,84.6036148071289,84.90874429128407,84.51115325099948,84.90874429128407,35240500.0,,,,,,,,,,
2024-06-10,,,,,,84.03960418701172,84.19678956413372,83.81769500434737,84.14131403205907,20586500.0,,,,,,,,,,
2024-06-11,,,,,,84.90875244140625,84.9457384782811,84.06733597482518,84.16904581263972,30329200.0,,,,,,,,,,
2024-06-12,,,,,,85.5467300415039,86.51759397222814,85.51899228137422,86.00904485530322,42554600.0,,,,,,,,,,
2024-06-13,,,,,,86.80423736572266,86.9059472013712,85.94433142619906,86.19398540619643,33093800.0,,,,,,,,,,
2024-06-14,,,,,,87.53469848632812,87.69188385391735,87.13710740371904,87.30354104421507,28776700.0,,,,,,,,,,
2024-06-17,,,,,,86.6655502319336,86.73951525117978,86.24946260864333,86.47137177511235,31040200.0,,,,,,,,,,
2024-06-18,,,,,,87.46073913574219,87.46998740999445,86.66556390920586,86.81350102541042,26881000.0,,,,,,,,,,
2024-06-20,,,,,,86.87821197509766,86.91519801226501,86.30493898055164,86.36966983636846,30246300.0,,,,,,,,,,
2024-06-21,,,,,,86.87821197509766,87.35902340390793,86.53609642207363,87.13710718090383,22596400.0,,,,,,,,,,
2024-06-24,,,,,,87.22956085205078,87.22956085205078,86.67478445348034,86.96142445199403,56939100.0,,,,,,,,,,
2024-06-25,,,,,,87.37753295898438,87.42376727965123,86.9522040154435,86.97994178609686,22890200.0,,,,,,,,,,
2024-06-26,,,,,,86.12928009033203,86.42516138816195,86.09229404630746,86.24947944263691,38489100.0,,,,,,,,,,
2024-06-27,,,,,,86.47136688232422,86.64704878361945,86.3789053227243,86.47136688232422,23140800.0,,,,,,,,,,
2024-06-28,,,,,,84.86251831054688,86.70252955916528,84.86251831054688,86.66555057657774,55119600.0,,,,,,,,,,
2024-07-01,,,,,,83.39788055419922,84.48313651647268,83.3143955157461,83.87093649049127,49735400.0,,,,,,,,,,
2024-07-02,,,,,,84.04717254638672,84.2326838354766,83.55556126117666,84.11210220524839,34204700.0,,,,,,,,,,
2024-07-03,,,,,,85.15098571777344,85.23446367668,84.49240435021137,84.56661169821868,35563300.0,,,,,,,,,,
2024-07-05,,,,,,85.85591888427734,86.01361123969127,85.2437260650971,85.58692260363115,34895500.0,,,,,,,,,,
2024-07-08,,,,,,86.04146575927734,86.12494373088954,85.54057669919422,85.83739905959867,16095700.0,,,,,,,,,,
2024-07-09,,,,,,85.66116333007812,85.96726339739021,85.21593330199116,85.77247437550172,30289800.0,,,,,,,,,,
2024-07-10,,,,,,85.9301528930664,85.96725657192837,85.57767855908233,85.7539121876728,23572500.0,,,,,,,,,,
2024-07-11,,,,,,86.76495361328125,87.32149455048061,86.70002395522135,86.89481292940104,49761800.0,,,,,,,,,,
2024-07-12,,,,,,87.135986328125,87.135986328125,86.5794382945507,86.75567897696938,27796500.0,,,,,,,,,,
2024-07-15,,,,,,86.13421630859375,86.54234968373149,86.06000895369546,86.26407564126433,37918900.0,,,,,,,,,,
2024-07-16,,,,,,87.34932708740234,87.3864307629055,86.62582310709702,86.75568243295682,36383700.0,,,,,,,,,,
2024-07-17,,,,,,87.36788177490234,87.56267076215669,86.90409644997229,87.11743373643074,29036800.0,,,,,,,,,,
2024-07-18,,,,,,86.70002746582031,87.32149808624374,86.6165424296189,86.89481644788725,34553100.0,,,,,,,,,,
2024-07-19,,,,,,86.18985748291016,86.41247951970051,86.09710183931517,86.30116850130533,32164700.0,,,,,,,,,,
2024-07-22,,,,,,85.93940734863281,86.74638914610655,85.6147590923617,86.6350852164143,36160400.0,,,,,,,,,,
2024-07-23,,,,,,85.81883239746094,86.29189540480584,85.79100641058224,86.08782873195892,23498000.0,,,,,,,,,,
2024-07-24,,,,,,84.89126586914062,86.12493657704991,84.84489158103139,85.88376621775274,50757100.0,,,,,,,,,,
2024-07-25,,,,,,85.58694458007812,86.13421496793129,85.2993999303264,85.36432959565107,44999100.0,,,,,,,,,,
2024-07-26,,,,,,86.25479888916016,86.40321360056807,85.99508022099926,86.21769521130817,34423800.0,,,,,,,,,,
2024-07-29,,,,,,86.71859741210938,86.90411582953335,86.46815639459203,86.88556044938895,25801300.0,,,,,,,,,,
2024-07-30,,,,,,87.0525131225586,87.23803151789552,86.5423534581892,86.95975746329172,28169800.0,,,,,,,,,,
2024-07-31,,,,,,87.94295501708984,87.97078099922471,87.41424012612381,87.68323641476283,47445300.0,,,,,,,,,,
2024-08-01,,,,,,88.70145416259766,89.25985742827345,88.5246330888333,88.543243217506,77254200.0,,,,,,,,,,
2024-08-02,,,,,,91.4655532836914,91.54931664111626,90.1719323555543,90.27430584774312,91912900.0,,,,,,,,,,
2024-08-05,,,,,,91.94947052001952,93.01042534829423,91.11187273443625,92.77775969120958,90686300.0,,,,,,,,,,
2024-08-06,,,,,,89.8927230834961,91.586536320983,89.8927230834961,91.34456198699998,61316900.0,,,,,,,,,,
2024-08-07,,,,,,89.2598648071289,89.76241642715365,88.87828968406625,89.29708506755121,51337100.0,,,,,,,,,,
2024-08-08,,,,,,88.71076965332031,88.78522437456725,88.26404842623172,88.524639950596,37815800.0,,,,,,,,,,
2024-08-09,,,,,,89.58557891845703,89.8461632960085,89.42736088889357,89.81824455561252,32141800.0,,,,,,,,,,
2024-08-12,,,,,,89.91134643554688,90.10678479923472,89.23195937096035,89.37156023085015,24261400.0,,,,,,,,,,
2024-08-13,,,,,,90.53485107421876,90.60930578177516,90.25565657146976,90.55346830130372,30366900.0,,,,,,,,,,
2024-08-14,,,,,,91.10257720947266,91.35386013144765,90.7489279160336,90.786155278563,31334100.0,,,,,,,,,,
2024-08-15,,,,,,90.36734771728516,90.36734771728516,89.53905847344993,89.72519527567823,38723700.0,,,,,,,,,,
2024-08-16,,,,,,90.68377685546876,90.77684170651426,90.2835916056193,90.68377685546876,28541000.0,,,,,,,,,,
2024-08-19,,,,,,91.10257720947266,91.35386013144765,90.65586305990684,90.66516457524416,25322100.0,,,,,,,,,,
2024-08-20,,,,,,91.82848358154295,92.00531176026912,91.31662337530344,91.50275306841006,25239300.0,,,,,,,,,,
2024-08-21,,,,,,91.88434600830078,92.32175158205892,91.40039735164108,91.82850140921296,29230000.0,,,,,,,,,,
2024-08-22,,,,,,90.97228240966795,91.48414975443208,90.67447061827608,91.4190036469524,33453800.0,,,,,,,,,,
2024-08-23,,,,,,91.5679168701172,91.82850133099166,91.16773156223312,91.38178714103373,32005100.0,,,,,,,,,,
2024-08-26,,,,,,91.33523559570312,91.85640442864866,91.2793981065712,91.8471029140552,23198700.0,,,,,,,,,,
2024-08-27,,,,,,91.17703247070312,91.2794059431626,90.6558635930138,90.73031121811697,21507700.0,,,,,,,,,,
2024-08-28,,,,,,91.06535339355467,91.39108395288088,90.95367840201068,91.2142628494716,18501400.0,,,,,,,,,,
2024-08-29,,,,,,90.76753997802734,90.86991345206262,90.39527344520758,90.61863762513556,24988200.0,,,,,,,,,,
2024-08-30,,,,,,89.79965209960938,91.19564630762656,89.78104196767572,90.90714311009567,42896200.0,,,,,,,,,,
2024-09-03,,,,,,91.26834869384766,91.55779079381672,90.96022877378311,91.09094502044664,48947900.0,,,,,,,,,,
2024-09-04,,,,,,92.44480895996094,92.46347965795336,91.32437474586943,91.38973287409549,40885200.0,,,,,,,,,,
2024-09-05,,,,,,92.9676742553711,93.07038090338152,92.23005702125144,92.75292204857608,47450900.0,,,,,,,,,,
2024-09-06,,,,,,92.95833587646484,94.0974407983696,92.6128745343638,92.94900408913904,57406400.0,,,,,,,,,,
2024-09-09,,,,,,93.35980987548828,93.46251650903176,92.58485135443377,92.80893531693744,26961400.0,,,,,,,,,,
2024-09-10,,,,,,94.01338958740234,94.21880283569084,93.20107550285236,93.2477629223725,31703400.0,,,,,,,,,,
2024-09-11,,,,,,93.9386978149414,94.52692086686518,93.69593604217108,93.8266522759319,39497100.0,,,,,,,,,,
2024-09-12,,,,,,93.49986267089844,93.88267959056536,93.07970436133768,93.70527593281722,41618700.0,,,,,,,,,,
2024-09-13,,,,,,93.7519760131836,93.93871148186663,93.38782973929906,93.7986563186036,25722100.0,,,,,,,,,,
2024-09-16,,,,,,94.61095428466795,94.6483027966774,93.75195987895202,93.95736600975344,30866300.0,,,,,,,,,,
2024-09-17,,,,,,94.15345764160156,94.90041377192948,94.06008990618598,94.7416879093728,31699400.0,,,,,,,,,,
2024-09-18,,,,,,92.98633575439452,94.05075064879256,92.93965545214527,93.59323667164308,48897000.0,,,,,,,,,,
2024-09-19,,,,,,92.67823791503906,92.72491822481872,92.2207238640842,92.36077904042747,39979800.0,,,,,,,,,,
2024-09-20,,,,,,92.32340240478516,92.6688707847652,92.17401548607758,92.42610902792786,37067600.0,,,,,,,,,,
2024-09-23,,,,,,92.12733459472656,92.5194832980573,91.5204337213811,91.96860875625944,35703900.0,,,,,,,,,,
2024-09-24,,,,,,92.10865783691406,92.33274177785287,91.361701869118,91.50175700351726,31005400.0,,,,,,,,,,
2024-09-25,,,,,,91.34305572509766,91.800562638496,91.30570720431996,91.74454341908044,36738200.0,,,,,,,,,,
2024-09-26,,,,,,91.55780029296876,91.73520398477544,90.9602382109379,91.5671392039854,33332300.0,,,,,,,,,,
2024-09-27,,,,,,92.0339584350586,92.21136207560929,91.69782897059405,92.00594883360318,28317600.0,,,,,,,,,,
2024-09-30,,,,,,91.59514617919922,92.16469863530136,91.38973288375232,92.09934050706842,34175500.0,,,,,,,,,,
2024-10-01,,,,,,92.25645446777344,93.04329363359192,92.16278501021736,92.54683907667528,45254200.0,,,,,,,,,,
2024-10-02,,,,,,91.47898864746094,91.54455798033035,90.91695762684152,91.19797313715122,35810800.0,,,,,,,,,,
2024-10-03,,,,,,90.61721801757812,91.33848788084934,90.61721801757812,91.17924193467816,39677800.0,,,,,,,,,,
2024-10-04,,,,,,89.50253295898438,89.88657986907432,89.36202520299193,89.399494414358,56954100.0,,,,,,,,,,
2024-10-07,,,,,,88.82810974121094,89.24025681167679,88.7625404018285,88.96861751032243,42606600.0,,,,,,,,,,
2024-10-08,,,,,,88.97797393798828,89.01544315052992,88.36911174059934,88.41595004290677,33709600.0,,,,,,,,,,
2024-10-09,,,,,,88.47213745117188,88.9030297596176,88.26606753187589,88.67821451698839,35807700.0,,,,,,,,,,
2024-10-10,,,,,,88.12557220458984,88.13493414779433,87.49797897685626,87.9382261426773,53667400.0,,,,,,,,,,
2024-10-11,,,,,,87.76960754394531,88.11619235627593,87.50733023581215,87.563537620784,27406400.0,,,,,,,,,,
2024-10-14,,,,,,87.8351821899414,87.84455127909085,87.0951885171205,87.15138875897497,28795300.0,,,,,,,,,,
2024-10-15,,,,,,88.90303802490234,88.98733838883528,88.39721440174117,88.4815147656741,46429100.0,,,,,,,,,,
2024-10-16,,,,,,89.27771759033203,89.56810219146206,89.11847880209639,89.35265601297986,32281500.0,,,,,,,,,,
2024-10-17,,,,,,87.86328887939453,88.46278194363556,87.74151216081613,88.32227419340259,43427200.0,,,,,,,,,,
2024-10-18,,,,,,87.92887115478516,88.31291810567191,87.91950206431804,88.09747905058283,25258600.0,,,,,,,,,,
2024-10-21,,,,,,86.39263916015625,87.19820199849374,86.39263916015625,87.13263268095977,49504700.0,,,,,,,,,,
2024-10-22,,,,,,86.4769515991211,86.88910573641272,86.2615054419403,86.78606720208981,32096900.0,,,,,,,,,,
2024-10-23,,,,,,86.2427749633789,86.52379044906192,85.85872808923416,86.02732880481918,33354200.0,,,,,,,,,,
2024-10-24,,,,,,86.79542541503906,87.11390292011647,86.13972508364249,86.39264041675193,32507400.0,,,,,,,,,,
2024-10-25,,,,,,86.30836486816406,87.15140437969012,86.19595721778646,87.10456607206886,28667100.0,,,,,,,,,,
2024-10-28,,,,,,86.07417297363281,86.44885793126593,85.63391868440299,86.43011975279765,33156500.0,,,,,,,,,,
2024-10-29,,,,,,86.20530700683594,86.233407126508,85.22176708571011,85.3997368924734,46545200.0,,,,,,,,,,
2024-10-30,,,,,,86.45823669433594,87.38557652968433,86.32709801646938,86.96405322523728,41951100.0,,,,,,,,,,
2024-10-31,,,,,,86.5987319946289,87.05772448547957,86.05544628250361,86.36455477761095,52173800.0,,,,,,,,,,
2024-11-01,,,,,,85.37785339355469,86.956836501644,85.34026487464422,86.71247527550304,80402000.0,,,,,,,,,,
2024-11-04,,,,,,86.70307159423828,87.00382992974482,86.12034918203746,86.73126656777885,49747600.0,,,,,,,,,,
2024-11-05,,,,,,87.16360473632812,87.31398748683188,86.09215273624358,86.49629741491717,46986000.0,,,,,,,,,,
2024-11-06,,,,,,84.77632141113281,85.26505811655207,84.16541128532369,84.24999619358282,98895700.0,,,,,,,,,,
2024-11-07,,,,,,85.83839416503906,86.11095753300337,85.19928179169213,85.29326742911046,56221400.0,,,,,,,,,,
2024-11-08,,,,,,86.92862701416016,87.03201335051476,86.31770970951293,86.46809244262631,56756200.0,,,,,,,,,,
2024-11-11,,,,,,86.50567626953125,86.75004459202596,86.11093240517684,86.70304820170846,22369200.0,,,,,,,,,,
2024-11-12,,,,,,85.20866394042969,86.32710497210526,85.06768192969865,85.87597114253747,57908400.0,,,,,,,,,,
2024-11-13,,,,,,84.40037536621094,86.03574805939348,84.32518400383306,86.01694663347752,49009100.0,,,,,,,,,,
2024-11-14,,,,,,84.88909912109375,85.55640628297739,84.84210273013528,85.11466602228086,53328300.0,,,,,,,,,,
2024-11-15,,,,,,84.66355895996094,85.19928500113507,84.1278329187868,84.51317619791112,73722400.0,,,,,,,,,,
2024-11-18,,,,,,84.81392669677734,85.1428799949911,84.04323303925761,84.268807161442,36010600.0,,,,,,,,,,
2024-11-19,,,,,,85.24626159667969,85.59401630437412,85.17107739744723,85.35904865149392,29585100.0,,,,,,,,,,
2024-11-20,,,,,,84.97370147705078,85.36844539457397,84.6917374384523,84.72933312164164,27755400.0,,,,,,,,,,
2024-11-21,,,,,,84.90789794921875,85.38723391437617,84.58834541954239,85.01128427838296,28365700.0,,,,,,,,,,
2024-11-22,,,,,,84.95488739013672,85.24624492813186,84.72932049525798,85.06767442289724,21547500.0,,,,,,,,,,
2024-11-25,,,,,,87.15420532226562,87.20119455065,86.45869590399704,86.65606787275637,56858000.0,,,,,,,,,,
2024-11-26,,,,,,86.81586456298828,86.88165522927183,86.28953206207515,86.61849256413767,31122200.0,,,,,,,,,,
2024-11-27,,,,,,87.41735076904297,87.76509823919827,87.09779109386417,87.44554573466179,39442200.0,,,,,,,,,,
2024-11-29,,,,,,88.31963348388672,88.33842773911276,87.82150325800251,88.14105579134598,31905700.0,,,,,,,,,,
2024-12-02,,,,,,88.5318374633789,88.79591337360954,87.71130971756611,87.9659522894231,39406000.0,,,,,,,,,,
2024-12-03,,,,,,87.76790618896484,88.68274584483576,87.70188720325919,88.58843403604625,32768900.0,,,,,,,,,,
2024-12-04,,,,,,88.7110366821289,88.83364850678743,87.2774785122408,87.34349749646861,35851100.0,,,,,,,,,,
2024-12-05,,,,,,88.8902359008789,89.0222738719328,88.33379119365607,88.39037683967067,23695800.0,,,,,,,,,,
2024-12-06,,,,,,89.02226257324219,89.45610259386058,88.6733010108729,89.33349797788,31761500.0,,,,,,,,,,
2024-12-09,,,,,,88.20175170898438,88.69218465780347,88.1545993994446,88.64502515273348,30509600.0,,,,,,,,,,
2024-12-10,,,,,,87.78678131103516,87.9942716276456,87.62645050111999,87.73018846389473,28706500.0,,,,,,,,,,
2024-12-11,,,,,,86.95679473876953,87.98481268220687,86.8719162860556,87.77732242597942,38748400.0,,,,,,,,,,
2024-12-12,,,,,,85.90048217773438,86.53237902241558,85.82502987509338,86.42863390516611,45368400.0,,,,,,,,,,
2024-12-13,,,,,,85.02339172363281,85.68358155977673,84.95737274001843,85.63642925464048,39486000.0,,,,,,,,,,
2024-12-16,,,,,,85.27803802490234,85.46666884023361,84.92908360871678,85.40064985375012,23482300.0,,,,,,,,,,
2024-12-17,,,,,,85.48551940917969,85.81561430717323,85.31575529085026,85.3723409317837,23839900.0,,,,,,,,,,
2024-12-18,,,,,,84.41658020019531,85.56220582335753,84.3976401799936,85.18348487783666,61328400.0,,,,,,,,,,
2024-12-19,,,,,,83.13839721679688,83.68754223396326,82.85436192148762,83.38456691819927,99083300.0,,,,,,,,,,
2024-12-20,,,,,,83.61180114746094,84.17988621598475,83.59286834947761,83.8200980427861,45542400.0,,,,,,,,,,
2024-12-23,,,,,,82.84489440917969,83.53606070659123,82.78808879310532,83.46978508000394,32764600.0,,,,,,,,,,
2024-12-24,,,,,,83.19523620605469,83.2141690089594,82.35258561847488,82.40939125069262,22377600.0,,,,,,,,,,
2024-12-26,,,,,,83.14786529541016,83.28041654150876,82.56084747447267,82.57031748448003,19981800.0,,,,,,,,,,
2024-12-27,,,,,,82.4661865234375,83.11001009387398,82.42831369888209,82.82597474496248,27262300.0,,,,,,,,,,
2024-12-30,,,,,,83.12895202636719,83.35618175541364,83.00586353786062,83.15735483956014,48519600.0,,,,,,,,,,
2024-12-31,,,,,,82.68395233154297,83.58340842608797,82.61767669535021,83.44138714181703,31917300.0,,,,,,,,,,
2025-01-02,,,,,,82.91117095947266,83.43191319096108,82.57032281222598,83.12893786268644,27841300.0,,,,,,,,,,
2025-01-03,,,,,,82.64606475830078,83.20467256030615,82.54191631665549,83.05318851468655,21962200.0,,,,,,,,,,
2025-01-06,,,,,,82.27682495117188,82.58927031838131,82.05905802822227,82.41884622931273,30231500.0,,,,,,,,,,
2025-01-07,,,,,,81.34895324707031,82.15373080299385,81.22587200037671,81.99277673650948,41757200.0,,,,,,,,,,
2025-01-08,,,,,,81.45310974121094,81.61406382359365,80.79981617641907,80.92290465877261,44590800.0,,,,,,,,,,
2025-01-10,,,,,,80.91344451904297,81.2826955641499,80.62940914315483,80.74302040410873,47115800.0,,,,,,,,,,
2025-01-13,,,,,,80.88501739501953,81.10278428557355,80.51576646088544,80.97969582519472,33258900.0,,,,,,,,,,
2025-01-14,,,,,,80.75247192382812,80.81874755204119,80.37375095253846,80.69566630636027,33412900.0,,,,,,,,,,
2025-01-15,,,,,,82.14427185058594,82.35256875740852,81.80342368005844,82.08745900649662,54120700.0,,,,,,,,,,
2025-01-16,,,,,,82.40938568115234,82.75023389843011,81.6898164198434,82.03066463712116,34651100.0,,,,,,,,,,
2025-01-17,,,,,,82.55138397216797,82.82595647199174,82.40936271729345,82.77861364586654,29875600.0,,,,,,,,,,
2025-01-21,,,,,,83.28990936279297,83.4792662737942,82.96799394588712,83.21416370899122,30548600.0,,,,,,,,,,
2025-01-22,,,,,,82.85436248779297,83.29935906600376,82.67446840974996,83.1952106232948,25278400.0,,,,,,,,,,
2025-01-23,,,,,,82.21056365966797,82.36204775220997,81.92652105383435,82.03066952773978,31949000.0,,,,,,,,,,
2025-01-24,,,,,,82.57979583740234,82.63660145618326,81.9927779571593,82.10639641822301,21110400.0,,,,,,,,,,
2025-01-27,,,,,,83.55500793457031,83.72543203572825,83.17628690716349,83.46979949574273,42864200.0,,,,,,,,,,
2025-01-28,,,,,,83.49817657470703,83.50763936043627,82.99637443803613,83.16679126316913,25519100.0,,,,,,,,,,
2025-01-29,,,,,,83.32775115966797,83.90529891370552,82.96796304984103,83.72540485879206,25342800.0,,,,,,,,,,
2025-01-30,,,,,,83.64022064208984,83.99053887443311,83.47926654486584,83.70650350700895,25094900.0,,,,,,,,,,
2025-01-31,,,,,,83.09104919433594,83.94316939991316,82.77860391504092,83.67805971767784,48790100.0,,,,,,,,,,
2025-02-03,,,,,,83.7676010131836,84.6607623913166,83.42553674095407,84.16667358102652,70657200.0,,,,,,,,,,
2025-02-04,,,,,,84.02416229248047,84.04316264503638,83.12149693591606,83.18800904377579,33414000.0,,,,,,,,,,
2025-02-05,,,,,,85.4113998413086,85.68695200860901,84.93631139753704,84.99331969102182,48331200.0,,,,,,,,,,
2025-02-06,,,,,,85.37340545654297,85.65846146779373,85.08835669456771,85.38290925672479,22509900.0,,,,,,,,,,
2025-02-07,,,,,,84.82229614257812,84.9933282896098,84.50874324741595,84.79379199295202,31171200.0,,,,,,,,,,
2025-02-10,,,,,,84.56576538085938,85.06935810470388,84.4232373601375,84.81281346682553,22736100.0,,,,,,,,,,
2025-02-11,,,,,,84.02416229248047,84.26170657044753,83.97665053717664,84.11917855381209,21513000.0,,,,,,,,,,
2025-02-12,,,,,,82.8839340209961,83.2354948338001,82.53236595891767,82.94094231512119,48536200.0,,,,,,,,,,
2025-02-13,,,,,,84.26168823242188,84.46122451257564,83.68207974038143,83.70108008880224,42718100.0,,,,,,,,,,
2025-02-14,,,,,,84.70826721191406,85.21185978006041,84.67976306643772,84.92680382674881,27460700.0,,,,,,,,,,
2025-02-18,,,,,,83.71058654785156,84.41371545015797,83.65357825150298,84.12866671914037,29429200.0,,,,,,,,,,
2025-02-19,,,,,,83.81510162353516,84.04314204468982,83.51104531223753,83.56805360520762,20584300.0,,,,,,,,,,
2025-02-20,,,,,,84.128662109375,84.33770218356521,84.04314242026341,84.04314242026341,27913400.0,,,,,,,,,,
2025-02-21,,,,,,85.14534759521484,85.44940389541114,84.39470701832657,84.4422187602498,46912300.0,,,,,,,,,,
2025-02-24,,,,,,85.39239501953125,85.57292368919998,84.81278656855369,84.87929865722616,26218000.0,,,,,,,,,,
2025-02-25,,,,,,86.86516571044922,86.94118159812034,86.27606070418314,86.43758902852873,50125100.0,,,,,,,,,,
2025-02-26,,,,,,87.37826538085938,87.47328161940248,86.656128919238,86.86516899359742,32220200.0,,,,,,,,,,
2025-02-27,,,,,,86.76065826416016,87.21674640708056,86.59912991638058,86.76065826416016,53373600.0,,,,,,,,,,
2025-02-28,,,,,,87.8248519897461,87.87236373490639,86.91268302700963,87.27374764269453,49388600.0,,,,,,,,,,
2025-03-03,,,,,,88.23472595214844,88.36816883666633,87.0909277213974,87.12905529870135,42904200.0,,,,,,,,,,
2025-03-04,,,,,,87.14810943603516,88.44441788652614,86.9955991373462,88.11081069825816,56722000.0,,,,,,,,,,
2025-03-05,,,,,,86.45228576660156,87.50077579092215,86.36650418575204,87.2720103644755,50215900.0,,,,,,,,,,
2025-03-06,,,,,,86.16633605957031,86.5476044812678,85.52771563467893,86.24259119832787,42827500.0,,,,,,,,,,
2025-03-07,,,,,,85.88993835449219,86.89076730551481,85.77555561743208,86.87169987995874,36903600.0,,,,,,,,,,
2025-03-10,,,,,,86.78589630126953,87.33872787681602,86.65245344454208,86.81449016026966,41440800.0,,,,,,,,,,
2025-03-11,,,,,,86.16633605957031,87.20528505480343,85.91851049465339,86.7096411970599,40555700.0,,,,,,,,,,
2025-03-12,,,,,,85.6516342163086,86.1472781286513,85.57537906915091,85.78507708778898,32734600.0,,,,,,,,,,
2025-03-13,,,,,,86.4046401977539,86.46182792390697,85.19411333217774,85.38475120617348,38675400.0,,,,,,,,,,
2025-03-14,,,,,,85.94711303710938,86.17587847649477,85.65163343468369,85.7946100162768,24658000.0,,,,,,,,,,
2025-03-17,,,,,,86.37604522705078,86.90981672321149,86.14727978118941,86.54761567540119,26700300.0,,,,,,,,,,
2025-03-18,,,,,,86.46182250976562,86.75730210584229,85.89945717889834,85.91851732905873,23654700.0,,,,,,,,,,
2025-03-19,,,,,,86.90982055664062,86.94794813263259,86.14728358098446,86.43323676487842,31378700.0,,,,,,,,,,
2025-03-20,,,,,,86.96699523925781,87.92016267980411,86.89074737080286,87.8820351095314,35645800.0,,,,,,,,,,
2025-03-21,,,,,,86.45228576660156,87.1576349233428,86.3760378965433,87.05278592091074,29192100.0,,,,,,,,,,
2025-03-24,,,,,,85.56584930419922,86.03290664801327,85.49912786538171,85.97571164896152,27985600.0,,,,,,,,,,
2025-03-25,,,,,,85.55631256103516,85.86132585491035,85.31802069794232,85.37520841801563,22333800.0,,,,,,,,,,
2025-03-26,,,,,,84.99393463134766,85.40379690094562,84.91767949465732,85.20363262120105,25095600.0,,,,,,,,,,
2025-03-27,,,,,,84.74613189697266,84.86050735090707,84.47923886957902,84.68893689791402,23674500.0,,,,,,,,,,
2025-03-28,,,,,,85.91851806640625,86.10914865800957,85.60397104537891,85.67069247964918,39869400.0,,,,,,,,,,
2025-03-31,,,,,,86.76683807373047,87.0623176774924,86.1282175814297,86.95747594074709,38824300.0,,,,,,,,,,
2025-04-01,,,,,,87.51870727539062,87.92048195434083,87.25086235490829,87.289126957581,39800100.0,,,,,,,,,,
2025-04-02,,,,,,87.46133422851562,88.36053435351879,86.7247605270032,88.36053435351879,43488400.0,,,,,,,,,,
2025-04-03,,,,,,87.86309051513672,88.70489726480261,87.85352253891939,88.504006255376,57467400.0,,,,,,,,,,
2025-04-04,,,,,,88.81968688964844,90.00586054407816,88.79099025822133,89.5849644527676,92794200.0,,,,,,,,,,
2025-04-07,,,,,,86.1412124633789,88.18832113464961,85.90206418591059,87.89177230779505,124987600.0,,,,,,,,,,
2025-04-08,,,,,,84.51502227783203,86.28471854217432,84.39066776783287,85.40465439857671,73861900.0,,,,,,,,,,
2025-04-09,,,,,,85.01243591308594,85.05070051489348,82.16178511334978,83.48188103369048,131353500.0,,,,,,,,,,
2025-04-10,,,,,,82.66880798339844,84.35241457600644,82.60184673076097,83.93151110329714,78592000.0,,,,,,,,,,
2025-04-11,,,,,,83.11839294433594,83.51059970846539,81.31043215440792,82.14267096970329,94814100.0,,,,,,,,,,
2025-04-14,,,,,,83.71148681640625,83.90280256874773,83.05143506384032,83.60626096314999,37596400.0,,,,,,,,,,
2025-04-15,,,,,,84.00802612304688,84.3619682832436,83.26188449181457,83.36711034219122,22553900.0,,,,,,,,,,
2025-04-16,,,,,,84.47675323486328,84.65850829997976,83.67321835414842,83.98889589938403,35607300.0,,,,,,,,,,
2025-04-17,,,,,,83.73060607910156,84.37152180559588,83.44363248278323,84.21847068053823,31758400.0,,,,,,,,,,
2025-04-21,,,,,,82.26702880859375,83.29058340998085,82.24790015264934,82.84098336389181,39343200.0,,,,,,,,,,
2025-04-22,,,,,,82.72618865966797,83.24274259964876,82.649659446994,83.05142686619125,32552100.0,,,,,,,,,,
2025-04-23,,,,,,83.52972412109375,85.1941943689169,83.38623367081662,85.02200728822984,44082200.0,,,,,,,,,,
2025-04-24,,,,,,84.40979766845703,84.51502352394172,83.9506369338223,84.2089139347758,24190800.0,,,,,,,,,,
2025-04-25,,,,,,85.03157806396484,85.24202975820306,84.75416513048972,85.04114604049232,22513900.0,,,,,,,,,,
2025-04-28,,,,,,85.56726837158203,85.64379758769856,84.76373349704176,84.81156608167153,20130500.0,,,,,,,,,,
2025-04-29,,,,,,86.28471374511719,86.29428172173232,85.4237856036776,85.44291425868008,22129500.0,,,,,,,,,,
2025-04-30,,,,,,85.5864028930664,86.14122875328866,85.45248041621657,85.88294447777281,42630600.0,,,,,,,,,,
2025-05-01,,,,,,85.15243530273438,85.71889852979622,84.77799177041985,85.69969949035422,29932800.0,,,,,,,,,,
2025-05-02,,,,,,84.2307357788086,84.5571707566589,84.04831192349076,84.21152941241591,32090400.0,,,,,,,,,,
2025-05-05,,,,,,83.76025390625,83.92347867909692,83.36661139545608,83.8658669195295,22862800.0,,,,,,,,,,
2025-05-06,,,,,,84.0386962890625,84.0386962890625,83.1841962382547,83.33781784630536,21095200.0,,,,,,,,,,
2025-05-07,,,,,,84.3939437866211,84.6915765065278,84.31713297984463,84.41314282577436,23161600.0,,,,,,,,,,
2025-05-08,,,,,,83.45304107666016,84.54756958443558,83.4242388514686,84.50916417581927,25483700.0,,,,,,,,,,
2025-05-09,,,,,,83.57785034179688,83.82747447988109,83.45303094767296,83.52984175558278,17007900.0,,,,,,,,,,
2025-05-12,,,,,,82.80015563964844,83.31861761737073,82.75215437740944,82.93457089404882,32115000.0,,,,,,,,,,
2025-05-13,,,,,,82.464111328125,82.84815802268666,82.08966781532477,82.69453641482943,53912200.0,,,,,,,,,,
2025-05-14,,,,,,81.91685485839844,82.44492002862432,81.80163864169039,82.32970381191629,42119800.0,,,,,,,,,,
2025-05-15,,,,,,82.63693237304688,82.87696064267058,82.07046917277403,82.21448027448308,59448000.0,,,,,,,,,,
2025-05-16,,,,,,82.85775756835938,83.42422074104132,82.76174040512144,83.40502170344242,31778200.0,,,,,,,,,,
2025-05-19,,,,,,82.61772918701172,82.6849368061292,81.4463901180375,81.52320091848065,49361900.0,,,,,,,,,,
2025-05-20,,,,,,82.0224609375,82.18567840351842,81.66721645991741,82.0224609375,35493100.0,,,,,,,,,,
2025-05-21,,,,,,80.62069702148438,81.66721676941957,80.41907415238902,81.30237643368723,77053100.0,,,,,,,,,,
2025-05-22,,,,,,81.04314422607422,81.06234326360246,79.97741817877002,80.18863689190506,61747900.0,,,,,,,,,,
2025-05-23,,,,,,81.17757415771484,81.43680149921406,80.94714171517954,81.38879290908193,47139200.0,,,,,,,,,,
2025-05-27,,,,,,82.31050872802734,82.59853829601877,81.75364130812845,81.94566102012274,56773400.0,,,,,,,,,,
2025-05-28,,,,,,81.95525360107422,82.12807424954505,81.58081008356766,82.00326218540337,34806800.0,,,,,,,,,,
2025-05-29,,,,,,82.71372985839844,82.81934286603308,82.22407021619053,82.34888225926771,38933200.0,,,,,,,,,,
2025-05-30,,,,,,82.83855438232422,83.02097820937442,82.45450768988866,82.65613055527402,49042100.0,,,,,,,,,,
2025-06-02,,,,,,82.06761169433594,82.36635239620117,81.71104475649487,82.19288839297448,46213100.0,,,,,,,,,,
2025-06-03,,,,,,81.92305755615234,82.6265451517307,81.80741243595364,82.33744337975962,33731300.0,,,,,,,,,,
2025-06-04,,,,,,83.25294494628906,83.50350570200666,82.53981840562425,82.67473403892973,57441500.0,,,,,,,,,,
2025-06-05,,,,,,83.31076049804688,83.77333361683709,83.08911654606324,83.53241180238079,37664700.0,,,,,,,,,,
2025-06-06,,,,,,82.2507095336914,82.80964993191009,82.18325171682713,82.67473429818152,38130100.0,,,,,,,,,,
2025-06-09,,,,,,82.33744049072266,82.53017499860742,81.95196412260294,81.95196412260294,26560800.0,,,,,,,,,,
2025-06-10,,,,,,82.7614517211914,83.05056081385939,82.41452375092969,82.97346407550131,24857000.0,,,,,,,,,,
2025-06-11,,,,,,83.01203155517578,83.26259233634721,82.59764568154091,82.69401295049873,36334800.0,,,,,,,,,,
2025-06-12,,,,,,84.00460815429688,84.03351759278345,83.45530676600298,83.73477692528928,43017800.0,,,,,,,,,,
2025-06-13,,,,,,83.19512939453125,83.725153017367,82.66509841934462,83.58060579899873,49374000.0,,,,,,,,,,
2025-06-16,,,,,,82.35670471191406,83.29148244371207,82.35670471191406,82.95419340449362,36496600.0,,,,,,,,,,
2025-06-17,,,,,,83.35895538330078,83.51314888770472,82.63618987419702,82.87711171056493,34521600.0,,,,,,,,,,
2025-06-18,,,,,,83.50350189208984,83.92751928355356,83.21439277542572,83.72514584282878,38589000.0,,,,,,,,,,
2025-06-20,,,,,,83.34929656982422,83.63840564544473,82.82890464511684,83.0120075498331,26001900.0,,,,,,,,,,
2025-06-23,,,,,,83.619140625,84.26481667937865,83.619140625,83.77333411629948,36851800.0,,,,,,,,,,
2025-06-24,,,,,,84.22626495361328,84.40936052680469,83.2914871687859,83.33003554007621,32959100.0,,,,,,,,,,
2025-06-25,,,,,,84.332275390625,84.332275390625,83.64805830849502,83.94679901062702,26345300.0,,,,,,,,,,
2025-06-26,,,,,,84.75628662109375,84.75628662109375,84.03352121834759,84.40935863958761,30467500.0,,,,,,,,,,
2025-06-27,,,,,,84.21662139892578,84.95866463891097,84.07206685261117,84.3900853840334,74993500.0,,,,,,,,,,
2025-06-30,,,,,,85.04540252685547,85.22850546295156,84.42864325535866,84.66956507554805,53695200.0,,,,,,,,,,
2025-07-01,,,,,,85.25627136230469,85.42070760150438,84.79197993635508,85.24659647182848,38960600.0,,,,,,,,,,
2025-07-02,,,,,,84.71459197998047,84.72425949026758,84.25029319393921,84.3373524449752,39382200.0,,,,,,,,,,
2025-07-03,,,,,,84.12454223632812,84.43407227501972,84.00846570440194,84.31799574309353,26729100.0,,,,,,,,,,
2025-07-07,,,,,,83.32170867919922,83.727965532306,83.10890536192062,83.70862313063492,38314700.0,,,,,,,,,,
2025-07-08,,,,,,83.21530151367188,83.22497640375684,82.64460845489963,82.77035250688871,31407000.0,,,,,,,,,,
2025-07-09,,,,,,84.08585357666016,84.08585357666016,83.36039182627361,83.3700667159501,29821900.0,,,,,,,,,,
2025-07-10,,,,,,84.14388275146484,84.21159221529483,83.66024161559979,83.98912142547263,24525500.0,,,,,,,,,,
2025-07-11,,,,,,82.983154296875,83.44744569558281,82.83806046736179,83.4087608955061,40764800.0,,,,,,,,,,
2025-07-14,,,,,,82.80903625488281,83.07019922235135,82.52852350921476,82.74132679074074,24609500.0,,,,,,,,,,
2025-07-15,,,,,,82.22867584228516,83.0992314459712,82.12227419184693,83.07988166601218,40455000.0,,,,,,,,,,
2025-07-16,,,,,,82.34474182128906,82.85740765349159,81.43550145237377,82.4898356462604,65987700.0,,,,,,,,,,
2025-07-17,,,,,,82.32538604736328,82.69295061510184,82.20930953028818,82.43178767640447,31875500.0,,,,,,,,,,
2025-07-18,,,,,,82.4511489868164,82.66395229371541,82.31573004238594,82.63493500273445,27534900.0,,,,,,,,,,
2025-07-21,,,,,,83.186279296875,83.67959534508978,83.14758711860537,83.39908258746877,40019500.0,,,,,,,,,,
2025-07-22,,,,,,83.68927001953125,83.93109061958509,83.29268807292806,83.35072265541169,35190300.0,,,,,,,,,,
2025-07-23,,,,,,83.2249755859375,83.37973692688185,82.9831549946417,83.2346504759274,31008500.0,,,,,,,,,,
2025-07-24,,,,,,83.07987976074219,83.4184271044732,82.71231512751689,82.75100730676881,25164800.0,,,,,,,,,,
2025-07-25,,,,,,83.60221862792969,83.61189351832577,82.91544900538973,82.99283336900021,27196200.0,,,,,,,,,,
2025-07-28,,,,,,83.0605239868164,83.3797214996358,83.0218318137946,83.1765931261044,26812500.0,,,,,,,,,,
2025-07-29,,,,,,84.46309661865234,84.48243901903335,83.37973770284464,83.40876237308443,47828300.0,,,,,,,,,,
2025-07-30,,,,,,84.02783203125,84.11488391250481,83.72796944299746,83.93109787903839,40670900.0,,,,,,,,,,
2025-07-31,,,,,,84.07618713378906,84.55016083843377,83.9988027681598,84.27931555873138,49814100.0,,,,,,,,,,
2025-08-01,,,,,,85.27145385742188,85.37826223822896,84.98015692649557,85.01899701115165,63434500.0,,,,,,,,,,
2025-08-04,,,,,,85.50450134277344,85.59189339994978,85.10640337205214,85.4074048187919,36425200.0,,,,,,,,,,
2025-08-05,,,,,,85.76665496826172,85.88316781327876,85.23261306863822,85.3005813642277,28586100.0,,,,,,,,,,
2025-08-06,,,,,,85.27145385742188,85.49478249219722,84.39757047263163,85.29087019575559,42589300.0,,,,,,,,,,
2025-08-07,,,,,,85.12582397460938,85.68899421307759,85.0481437883399,85.36856900070875,29213100.0,,,,,,,,,,
2025-08-08,,,,,,84.75684356689453,84.85394008355297,84.62090696197484,84.82481186935438,21596300.0,,,,,,,,,,
2025-08-11,,,,,,84.85393524169922,85.12580843602522,84.74712685707273,84.99958371237071,20100900.0,,,,,,,,,,
2025-08-12,,,,,,84.42670440673828,84.44612815437725,84.03831834982918,84.37815985361924,41052300.0,,,,,,,,,,
2025-08-13,,,,,,85.12582397460938,85.2617605965858,84.89279082379126,84.90250269907253,30817500.0,,,,,,,,,,
2025-08-14,,,,,,84.49465942382812,84.97044486232367,84.36843471597577,84.97044486232367,33397400.0,,,,,,,,,,
2025-08-15,,,,,,83.89266967773438,84.26163939412832,83.74702120274047,84.14512654052453,36343600.0,,,,,,,,,,
2025-08-18,,,,,,83.64991760253906,84.02859916065061,83.49455726690942,83.9897590767432,26777500.0,,,,,,,,,,
2025-08-19,,,,,,84.13542175292969,84.23251827510707,83.94122130058513,83.94122130058513,28780600.0,,,,,,,,,,
2025-08-20,,,,,,84.31989288330078,84.44612501429263,84.0480196903782,84.07714790276435,25912500.0,,,,,,,,,,
2025-08-21,,,,,,83.90238952636719,84.16455087988305,83.6110925486919,84.04803060721495,28643900.0,,,,,,,,,,
2025-08-22,,,,,,84.5238037109375,84.76654868723774,84.20337856430389,84.31018694651509,49871900.0,,,,,,,,,,
2025-08-25,,,,,,84.28106689453125,84.52381189433348,84.13541841305201,84.2130985909062,27011900.0,,,,,,,,,,
2025-08-26,,,,,,84.2325210571289,84.27136114888063,83.71790280540122,83.99948791460864,30259300.0,,,,,,,,,,
2025-08-27,,,,,,84.13542175292969,84.14513362754435,83.50428324679201,83.61109164358407,38142800.0,,,,,,,,,,
2025-08-28,,,,,,84.68888092041016,84.72772101126536,84.14513446441711,84.26164732899284,32205900.0,,,,,,,,,,
2025-08-29,,,,,,84.08685302734375,84.33930986107615,83.93150010442342,84.2422133582524,41686400.0,,,,,,,,,,
2025-09-02,,,,,,83.46112060546875,83.66580073484374,83.31492582459636,83.46112060546875,48760600.0,,,,,,,,,,
2025-09-03,,,,,,84.37731170654297,84.61123078511028,83.71453478714105,83.7535225395945,52499500.0,,,,,,,,,,
2025-09-04,,,,,,85.0206069946289,85.03034835660418,84.38706896699031,84.81591941468149,40501600.0,,,,,,,,,,
2025-09-05,,,,,,86.31690216064453,86.36563870812984,85.90754193191918,85.98551743343442,69668000.0,,,,,,,,,,
2025-09-08,,,,,,87.46702575683594,87.48652335273786,86.86273413464897,86.9114632520957,54538700.0,,,,,,,,,,
2025-09-09,,,,,,86.9699478149414,87.28184242115736,86.73602128316395,87.13564019783495,37126400.0,,,,,,,,,,
2025-09-10,,,,,,87.46702575683594,87.78866916383134,86.93096084799764,87.1356409880436,40713600.0,,,,,,,,,,
2025-09-11,,,,,,88.05181884765625,88.18827969753345,87.62296844858982,87.6327172456139,46694400.0,,,,,,,,,,
2025-09-12,,,,,,87.67170715332031,87.70095354759233,87.2233591111532,87.55475132084881,32968600.0,,,,,,,,,,
2025-09-15,,,,,,87.87638854980469,88.16878554656566,87.78866424546887,87.8666397523999,24820100.0,,,,,,,,,,
2025-09-16,,,,,,88.06156921386719,88.20777142722035,87.75942342611654,87.80815253979861,26794200.0,,,,,,,,,,
2025-09-17,,,,,,87.83740234375,88.73409838079299,87.59373445741308,88.41245498615135,49121800.0,,,,,,,,,,
2025-09-18,,,,,,86.93095397949219,87.20386081132416,86.64829835047951,86.99918068745018,55717900.0,,,,,,,,,,
2025-09-19,,,,,,86.76525115966797,86.96993871258896,86.54108088536891,86.81398770772596,32509200.0,,,,,,,,,,
2025-09-22,,,,,,86.453369140625,86.65805672327016,86.29742554926949,86.57033241125734,24758200.0,,,,,,,,,,
2025-09-23,,,,,,87.05765533447266,87.09664308558037,86.5020928944558,86.71652180747164,26689000.0,,,,,,,,,,
2025-09-24,,,,,,86.72628021240234,86.90172139374701,86.45336592441309,86.82374588289294,28098000.0,,,,,,,,,,
2025-09-25,,,,,,86.72628021240234,86.77500932957064,86.21944682800486,86.59956814822598,29882500.0,,,,,,,,,,
2025-09-26,,,,,,86.6482925415039,87.20385496510319,86.44361243135185,86.73600940178923,30955100.0,,,,,,,,,,
2025-09-29,,,,,,87.35980987548828,87.4670243427534,86.99918615482731,87.02842511205345,32286200.0,,,,,,,,,,
2025-09-30,,,,,,87.10640716552734,87.75943537981304,86.95045613373432,87.38906283353634,38584000.0,,,,,,,,,,
2025-10-01,,,,,,87.33135223388672,87.67367320724755,87.13573491908227,87.48783862369271,39408900.0,,,,,,,,,,
2025-10-02,,,,,,87.58565521240234,87.72258360831326,87.2335514909063,87.35091442337969,23208300.0,,,,,,,,,,
2025-10-03,,,,,,87.41938018798828,87.75192591404434,87.31179252326763,87.66389625107377,25884500.0,,,,,,,,,,
2025-10-06,,,,,,86.72494506835938,87.20420186722475,86.70538706895374,86.7640685292078,28371000.0,,,,,,,,,,
2025-10-07,,,,,,87.22376251220703,87.41937236034504,86.86187608491059,87.0183699330509,29103300.0,,,,,,,,,,
2025-10-08,,,,,,87.29222869873047,87.65411513429122,87.17485830994487,87.63454967180817,22506200.0,,,,,,,,,,
2025-10-09,,,,,,87.22376251220703,87.33135016729415,87.05749339508598,87.21397978118891,21578700.0,,,,,,,,,,
2025-10-10,,,,,,88.6321792602539,88.72998418648899,87.92797185210121,88.0062187779043,59389400.0,,,,,,,,,,
2025-10-13,,,,,,88.58326721191406,88.59304994250233,87.88884258088859,88.29962772115091,28035500.0,,,,,,,,,,
2025-10-14,,,,,,88.8669204711914,88.92560193973863,88.44635253518051,88.66152786923793,29800000.0,,,,,,,,,,
2025-10-15,,,,,,88.67130279541016,89.29726327826984,88.48546821198578,88.96471757435451,31333900.0,,,,,,,,,,
2025-10-16,,,,,,89.33638000488281,89.49287385788777,88.46590346814615,88.53436766332642,39631200.0,,,,,,,,,,
2025-10-17,,,,,,89.19944763183594,89.28747728573018,88.9060328636088,89.24835382422576,40240400.0,,,,,,,,,,
2025-10-20,,,,,,89.5417709350586,89.55154620334784,89.27768945051166,89.45374128619733,28429300.0,,,,,,,,,,
2025-10-21,,,,,,89.9819107055664,90.1677453003105,89.8938885051327,89.97212797372777,24514300.0,,,,,,,,,,
2025-10-22,,,,,,90.04058074951172,90.15795113057116,89.80584744942992,89.97211655940299,30496200.0,,,,,,,,,,
2025-10-23,,,,,,89.42442321777344,89.77652697836932,89.28749480665712,89.60047509807137,28275100.0,,,,,,,,,,
2025-10-24,,,,,,89.46353149414062,89.5906771508598,89.16033398702086,89.58089441971602,28266000.0,,,,,,,,,,
2025-10-27,,,,,,89.7667236328125,89.77650636337123,89.09185700296403,89.31681503359253,30033600.0,,,,,,,,,,
2025-10-28,,,,,,90.00145721435547,90.15795105563798,89.79606464419997,89.8351881045206,23564500.0,,,,,,,,,,
2025-10-29,,,,,,89.09185791015625,89.87431219800708,89.02339371962209,89.86452946734873,39551600.0,,,,,,,,,,
2025-10-30,,,,,,88.57349395751953,88.97450387213343,88.36810136541408,88.40722482991576,42649200.0,,,,,,,,,,
2025-10-31,,,,,,88.30941009521484,88.67129650514897,88.22138044434999,88.57348412373534,38247300.0,,,,,,,,,,
2025-11-03,,,,,,88.08855438232422,88.16708397685623,87.77444349319046,87.97076747952052,40752300.0,,,,,,,,,,
2025-11-04,,,,,,88.28487396240234,88.40266085932736,88.08854998587071,88.12781478117704,26383800.0,,,,,,,,,,
2025-11-05,,,,,,87.32290649414062,87.90205287225031,87.24437690236404,87.86278807636202,44643400.0,,,,,,,,,,
2025-11-06,,,,,,88.10818481445312,88.19652498582987,87.88241411705617,87.9118608408484,33027400.0,,,,,,,,,,
2025-11-07,,,,,,87.92168426513672,88.21616649897724,87.71554969704606,87.71554969704606,28530100.0,,,,,,,,,,
2025-11-10,,,,,,87.90205383300781,88.019840732966,87.74499464773801,87.84315289403456,24093500.0,,,,,,,,,,
2025-11-11,,,,,,88.30451202392578,88.41248835027397,88.12782417071917,88.29469395180465,18942300.0,,,,,,,,,,
2025-11-12,,,,,,88.4615707397461,88.65788724713026,88.22598194409146,88.29469347057538,23594900.0,,,,,,,,,,
2025-11-13,,,,,,87.73517608642578,88.28487574280595,87.73517608642578,88.14745270095943,33825900.0,,,,,,,,,,
2025-11-14,,,,,,87.23456573486328,88.18670894503843,87.23456573486328,88.13763356725288,38550500.0,,,,,,,,,,
2025-11-17,,,,,,87.45050811767578,87.65665016044964,87.34253929435707,87.44069753582467,25605800.0,,,,,,,,,,
2025-11-18,,,,,,87.42106628417969,87.80388868961278,87.1658563398871,87.70573044265453,31967400.0,,,,,,,,,,
2025-11-19,,,,,,87.244384765625,87.6664719982239,87.21493803830329,87.58794988836425,25782400.0,,,,,,,,,,
2025-11-20,,,,,,87.58794403076172,87.77444245432504,87.352355249954,87.352355249954,32945000.0,,,,,,,,,,
2025-11-21,,,,,,87.85297393798828,88.0198437112381,87.55849170014028,88.00021505691228,41938600.0,,,,,,,,,,
2025-11-24,,,,,,88.35359191894531,88.41248537169851,88.12782120173388,88.2946909771976,30865700.0,,,,,,,,,,
2025-11-25,,,,,,88.57935333251953,88.92291094819919,88.47137701202101,88.64806485565546,36503300.0,,,,,,,,,,
2025-11-26,,,,,,88.97200012207031,88.97200012207031,88.17690851386902,88.49101942603453,34099000.0,,,,,,,,,,
2025-11-28,,,,,,88.54991149902344,88.86402240628401,88.29469404656336,88.79531087935185,40704300.0,,,,,,,,,,
2025-12-01,,,,,,87.44757843017578,87.66430226401265,87.38847466303424,87.52638846352345,47086600.0,,,,,,,,,,
2025-12-02,,,,,,87.48696899414062,87.63473590332204,87.14218454987548,87.26039958036804,27605700.0,,,,,,,,,,
2025-12-03,,,,,,87.7332534790039,87.8317697721737,87.41802088177924,87.59533968745174,23278600.0,,,,,,,,,,
2025-12-04,,,,,,87.26041412353516,87.60519862526345,87.16190533957543,87.5854998747669,25541500.0,,,,,,,,,,
2025-12-05,,,,,,86.85650634765625,87.23085019705614,86.73829882951938,87.23085019705614,32808100.0,,,,,,,,,,
2025-12-08,,,,,,86.5708236694336,86.88605623680628,86.2555911020609,86.87621062101204,32255200.0,,,,,,,,,,
2025-12-09,,,,,,86.65949249267578,87.03382884225925,86.53142432159737,87.02397571008298,25771800.0,,,,,,,,,,
2025-12-10,,,,,,86.99442291259766,87.2012935916932,86.55112967392685,86.68904345999056,46833500.0,,,,,,,,,,
2025-12-11,,,,,,86.876220703125,87.5066859110368,86.84666882083822,87.36877211653972,26778700.0,,,,,,,,,,
2025-12-12,,,,,,86.03887176513672,86.19649181486653,85.89111236318705,86.07827677756917,47030100.0,,,,,,,,,,
2025-12-15,,,,,,86.09798431396484,86.5708294386665,86.08813118177672,86.41321690234518,28611800.0,,,,,,,,,,
2025-12-16,,,,,,86.5708236694336,86.61022867982234,85.87140164544222,85.89110790850522,41018700.0,,,,,,,,,,
2025-12-17,,,,,,86.49202728271484,86.67919170062954,86.27530346811466,86.32455409778156,24668300.0,,,,,,,,,,
2025-12-18,,,,,,86.90577697753906,87.06338952961352,86.75801004289903,86.81711381045965,39048900.0,,,,,,,,,,
2025-12-19,,,,,,86.58140563964844,86.78908142814535,86.44295511398381,86.6407394235082,37858100.0,,,,,,,,,,
2025-12-22,,,,,,86.39350128173828,86.49239343194196,86.284717653018,86.452835062863,25547100.0,,,,,,,,,,
2025-12-23,,,,,,86.53194427490234,86.61106100617909,86.06714290988499,86.10670127552335,33624100.0,,,,,,,,,,
2025-12-24,,,,,,87.05609130859375,87.10554115864373,86.6802981011724,86.78908173529211,25942000.0,,,,,,,,,,
2025-12-26,,,,,,86.769287109375,87.19453010966373,86.6308366018379,87.12530485589518,26522700.0,,,,,,,,,,
2025-12-29,,,,,,87.09564971923828,87.09564971923828,86.8187486668032,86.97697460605704,29399800.0,,,,,,,,,,
2025-12-30,,,,,,86.8879623413086,87.06597121484478,86.70006199007962,86.76928724395553,25106800.0,,,,,,,,,,
2025-12-31,,,,,,86.19571685791016,86.93741930085689,86.16604242240285,86.70996056522543,36500000.0,,,,,,,,,,
2026-01-02,,,,,,86.06715393066406,86.44295467985593,86.05726245174118,86.43306320093306,40731300.0,,,,,,,,,,
2026-01-05,,,,,,86.49239349365234,86.5517272748194,86.14626719519879,86.2154924548895,30178000.0,,,,,,,,,,
2026-01-06,,,,,,86.31437683105469,86.37371060687771,85.93858367586431,86.1858178017759,39015200.0,,,,,,,,,,
2026-01-07,,,,,,86.81874084472656,87.03630809346286,86.51217292786386,86.86818314535664,39930900.0,,,,,,,,,,
2026-01-08,,,,,,86.38360595703125,86.58139779361944,86.28471381123069,86.36383054586597,28204900.0,,,,,,,,,,
2026-01-09,,,,,,86.95719146728516,87.02641672424359,86.15615527319652,86.33416415465923,57348800.0,,,,,,,,,,
2026-01-12,,,,,,86.70006561279297,86.93741581741664,86.44294754193135,86.53194820992488,36103100.0,,,,,,,,,,
2026-01-13,,,,,,86.8484115600586,86.93741977709324,86.57151052037295,86.90774534142338,30451400.0,,,,,,,,,,
2026-01-14,,,,,,87.35277557373047,87.4516677291311,86.91764103598227,86.9374239940551,39233500.0,,,,,,,,,,
2026-01-15,,,,,,87.33299255371094,87.67912641484939,87.33299255371094,87.6593434567906,37988900.0,,,,,,,,,,
2026-01-16,,,,,,86.82862854003906,87.34287220511347,86.73962033080329,87.15497185393879,46382400.0,,,,,,,,,,
2026-01-20,,,,,,85.69136047363281,86.0671536767282,85.58257684076536,85.67157751584543,66009500.0,,,,,,,,,,
2026-01-21,,,,,,86.34405517578125,86.51218013789922,85.66169402831517,85.83970292439062,51220100.0,,,,,,,,,,
2026-01-22,,,,,,86.7198486328125,86.7890738896319,86.17593051138364,86.30448954690904,42419300.0,,,,,,,,,,
2026-01-23,,,,,,86.95719146728516,87.05608361365618,86.53194844740129,86.85829932091411,35968800.0,,,,,,,,,,
2026-01-26,,,,,,87.37254333496094,87.51099384939427,87.22420134235746,87.42199318082449,38882400.0,,,,,,,,,,
2026-01-27,,,,,,86.82862854003906,87.27364695125756,86.70995344272029,87.13519644354572,35180100.0,,,,,,,,,,
2026-01-28,,,,,,86.63084411621094,86.72973626660296,86.32427618649945,86.54184344435436,38750300.0,,,,,,,,,,
2026-01-29,,,,,,86.65061950683594,86.76928705894919,86.11659288736601,86.18581814109433,43855000.0,,,,,,,,,,
2026-01-30,,,,,,86.1660385131836,86.59128152964661,86.1660385131836,86.41327264961588,45832200.0,,,,,,,,,,
2026-02-02,,,,,,85.91985321044922,86.42613456943744,85.91985321044922,86.38642489099483,38171400.0,,,,,,,,,,
2026-02-03,,,,,,86.12832641601562,86.1481774690221,85.80072723755627,85.8602879704227,27438200.0,,,,,,,,,,
2026-02-04,,,,,,85.90991973876953,86.1481702240456,85.83050038572871,85.99926083055567,37872900.0,,,,,,,,,,
2026-02-05,,,,,,86.84307861328125,86.84307861328125,86.11839026758608,86.2970800258502,50268900.0,,,,,,,,,,
2026-02-06,,,,,,86.90264129638672,86.90264129638672,86.56511282369637,86.81329262832146,33461800.0,,,,,,,,,,
2026-02-09,,,,,,86.8827896118164,86.94235791990107,86.39635927656684,86.56511973947117,24708900.0,,,,,,,,,,
2026-02-10,,,,,,87.88543701171875,87.88543701171875,87.57769645727124,87.59754751046103,37253700.0,,,,,,,,,,
2026-02-11,,,,,,87.41885375976562,87.83580159625511,87.29973229835154,87.39900270747886,37014000.0,,,,,,,,,,
2026-02-12,,,,,,88.5803451538086,88.62997657376198,87.70674733554166,87.71667664907118,48454900.0,,,,,,,,,,
2026-02-13,,,,,,89.0667724609375,89.15611355813057,88.86822406631927,88.97742378989759,56785200.0,,,,,,,,,,
2026-02-17,,,,,,89.21568298339844,89.46386279940158,89.10648325844929,89.27524371560817,32356700.0,,,,,,,,,,
2026-02-18,,,,,,88.87815856933594,89.20575775920024,88.81859783439599,89.03699729430552,35415400.0,,,,,,,,,,
2026-02-19,,,,,,88.9675064086914,89.06677682393995,88.71932658364648,88.74910695083632,28658600.0,,,,,,,,,,
2026-02-20,,,,,,88.759033203125,89.08662480476147,88.28252462298124,89.04691512526225,49610800.0,,,,,,,,,,
2026-02-23,,,,,,89.08662414550781,89.34473327341927,88.87815401006479,88.89801263659092,33614600.0,,,,,,,,,,
2026-02-24,,,,,,89.2454605102539,89.39436990988779,89.1064804236214,89.29509192756741,24933900.0,,,,,,,,,,
2026-02-25,,,,,,89.2553939819336,89.4241544415866,89.05684558188855,89.05684558188855,23625800.0,,,,,,,,,,
2026-02-26,,,,,,89.61276245117188,89.66240144270441,89.39437058043028,89.40429231965939,29447100.0,,,,,,,,,,
2026-02-27,,,,,,90.15876007080078,90.1984697488206,89.89072921147527,90.02970929762134,51272000.0,,,,,,,,,,
2026-03-02,,,,,,89.25337982177734,89.63186480068077,89.00437474641227,89.6219100689691,55465500.0,,,,,,,,,,
2026-03-03,,,,,,89.0740966796875,89.31313942649925,88.58604885522918,88.62589057953646,51850400.0,,,,,,,,,,
2026-03-04,,,,,,88.79521179199219,89.08405859259092,88.74540773708377,88.9147293653214,47069500.0,,,,,,,,,,
2026-03-05,,,,,,88.4366455078125,88.58605007626616,88.15776103284942,88.27727860838674,45768900.0,,,,,,,,,,
2026-03-06,,,,,,88.10795593261719,88.58604902619531,87.66970456342324,87.96851369678855,58136900.0,,,,,,,,,,
2026-03-09,,,,,,88.87489318847656,88.96453136640409,87.85894824444097,87.9485940214002,52478700.0,,,,,,,,,,
2026-03-10,,,,,,87.92867279052734,88.5960045823495,87.91871045958064,88.44660761330871,48651500.0,,,,,,,,,,
2026-03-11,,,,,,86.793212890625,87.46054470289154,86.73345410117791,87.40078591344445,54679900.0,,,,,,,,,,
2026-03-12,,,,,,86.62388610839844,86.90277057462666,86.43463982101568,86.56412732250148,48977000.0,,,,,,,,,,
2026-03-13,,,,,,86.19560241699219,86.80317544134782,86.1258812961169,86.58404974744484,43460000.0,,,,,,,,,,
2026-03-16,,,,,,86.86293029785156,86.99241020246227,86.61392522042428,86.8330509044054,37341500.0,,,,,,,,,,
2026-03-17,,,,,,87.10197448730469,87.22149966210122,86.97249458054914,87.01233630548131,19578100.0,,,,,,,,,,
2026-03-18,,,,,,86.61392211914062,87.13185691710217,86.58404272676431,87.01233174856529,37596600.0,,,,,,,,,,
2026-03-19,,,,,,87.14181518554688,87.38086553232348,86.62388796559476,86.71352614636204,60307400.0,,,,,,,,,,
2026-03-20,,,,,,85.4884262084961,86.51432592608066,85.4187050897971,86.46452187028196,78948500.0,,,,,,,,,,
2026-03-23,,,,,,86.04619598388672,86.37488451763586,85.59798987352485,85.83703262578237,69686700.0,,,,,,,,,,
2026-03-24,,,,,,85.66770935058594,85.94659382271199,85.21949564978455,85.37886254758911,51799400.0,,,,,,,,,,
2026-03-25,,,,,,86.49440002441406,86.53424174867557,86.13583970412427,86.4047618440996,37861000.0,,,,,,,,,,
2026-03-26,,,,,,85.7673110961914,86.26532126044799,85.58802713309775,85.99639151629148,39537000.0,,,,,,,,,,
2026-03-27,,,,,,85.29917907714844,85.75734750967298,85.10993278581128,85.15973684112062,39928900.0,,,,,,,,,,
2026-03-30,,,,,,86.43463897705078,86.60396060146007,86.14579218298283,86.2852344147354,36473200.0,,,,,,,,,,
2026-03-31,,,,,,86.34500122070312,86.81313197202907,86.22547605046084,86.58404396215595,47112200.0,,,,,,,,,,
2026-04-01,,,,,,86.26000213623047,86.70999908447266,86.2300033569336,86.27999877929688,31157600.0,,,,,,,,,,
2026-04-02,,,,,,,,,,,,,,,,86.79000091552734,86.8499984741211,86.1500015258789,86.20999908447266,33310600.0
