Date,Close,High,Low,Open,Volume,"('Close', 'TSLA')","('High', 'TSLA')","('Low', 'TSLA')","('Open', 'TSLA')","('Volume', 'TSLA')","('Close', 'TSLA').1","('High', 'TSLA').1","('Low', 'TSLA').1","('Open', 'TSLA').1","('Volume', 'TSLA').1","('Close', 'TSLA')","('High', 'TSLA')","('Low', 'TSLA')","('Open', 'TSLA')","('Volume', 'TSLA')"
2018-01-02,21.368667602539062,21.474000930786133,20.733333587646484,20.799999237060547,65283000.0,,,,,,,,,,,,,,,
2018-01-03,21.14999961853028,21.683332443237305,21.036666870117188,21.39999961853028,67822500.0,,,,,,,,,,,,,,,
2018-01-04,20.974666595458984,21.23666763305664,20.3786678314209,20.857999801635746,149194500.0,,,,,,,,,,,,,,,
2018-01-05,21.10533332824707,21.14933204650879,20.799999237060547,21.107999801635746,68868000.0,,,,,,,,,,,,,,,
2018-01-08,22.42733383178711,22.468000411987305,21.03333282470703,21.06666755676269,147891000.0,,,,,,,,,,,,,,,
2018-01-09,22.246000289916992,22.58666610717773,21.82666778564453,22.3439998626709,107199000.0,,,,,,,,,,,,,,,
2018-01-10,22.31999969482422,22.46666717529297,22.0,22.14666748046875,64648500.0,,,,,,,,,,,,,,,
2018-01-11,22.530000686645508,22.98733329772949,22.21733283996582,22.34933280944824,99682500.0,,,,,,,,,,,,,,,
2018-01-12,22.4146671295166,22.694000244140625,22.244667053222656,22.57533264160156,72376500.0,,,,,,,,,,,,,,,
2018-01-16,22.67066764831543,23.0,22.31999969482422,22.502666473388672,97114500.0,,,,,,,,,,,,,,,
2018-01-17,23.143999099731445,23.26666641235352,22.64999961853028,22.69799995422364,106552500.0,,,,,,,,,,,,,,,
2018-01-18,22.971332550048828,23.48666763305664,22.916000366210938,23.044666290283203,85287000.0,,,,,,,,,,,,,,,
2018-01-19,23.334667205810547,23.37266731262207,22.84000015258789,23.0,73324500.0,,,,,,,,,,,,,,,
2018-01-22,23.437332153320312,23.85533332824707,23.280000686645508,23.293333053588867,93156000.0,,,,,,,,,,,,,,,
2018-01-23,23.519332885742188,24.03333282470703,23.39999961853028,24.0,81981000.0,,,,,,,,,,,,,,,
2018-01-24,23.05933380126953,23.64999961853028,22.90133285522461,23.6386661529541,79312500.0,,,,,,,,,,,,,,,
2018-01-25,22.50933265686035,23.280000686645508,22.426666259765625,23.218000411987305,101104500.0,,,,,,,,,,,,,,,
2018-01-26,22.856666564941406,22.933332443237305,22.38066673278809,22.76666641235352,68091000.0,,,,,,,,,,,,,,,
2018-01-29,23.302000045776367,23.38999938964844,22.552000045776367,22.656667709350582,71206500.0,,,,,,,,,,,,,,,
2018-01-30,23.05466651916504,23.218000411987305,22.81133270263672,23.00933265686035,70765500.0,,,,,,,,,,,,,,,
2018-01-31,23.62066650390625,23.746000289916992,23.012666702270508,23.16733360290528,93211500.0,,,,,,,,,,,,,,,
2018-02-01,23.28333282470703,23.977333068847656,23.242000579833984,23.39999961853028,62965500.0,,,,,,,,,,,,,,,
2018-02-02,22.916667938232425,23.46333312988281,22.700666427612305,23.22933387756348,55572000.0,,,,,,,,,,,,,,,
2018-02-05,22.20866775512696,22.96466636657715,22.200000762939453,22.531333923339844,66961500.0,,,,,,,,,,,,,,,
2018-02-06,22.264667510986328,22.4146671295166,21.56666755676269,21.680667877197266,76326000.0,,,,,,,,,,,,,,,
2018-02-07,23.0,23.06666755676269,22.37733268737793,22.59933280944824,104538000.0,,,,,,,,,,,,,,,
2018-02-08,21.01533317565918,23.2413330078125,20.97333335876465,22.88733291625977,154719000.0,,,,,,,,,,,,,,,
2018-02-09,20.69466781616211,21.398666381835938,19.65066719055176,21.32866668701172,194005500.0,,,,,,,,,,,,,,,
2018-02-12,21.048667907714844,21.2053337097168,20.416667938232425,21.07533264160156,93417000.0,,,,,,,,,,,,,,,
2018-02-13,21.577333450317383,21.612667083740234,20.833999633789062,21.001333236694336,68403000.0,,,,,,,,,,,,,,,
2018-02-14,21.48733329772949,21.744667053222656,21.23466682434082,21.389333724975582,59260500.0,,,,,,,,,,,,,,,
2018-02-15,22.271333694458008,22.274667739868164,21.49333381652832,21.63333320617676,88693500.0,,,,,,,,,,,,,,,
2018-02-16,22.36599922180176,22.87466621398925,22.10933303833008,22.166667938232425,84639000.0,,,,,,,,,,,,,,,
2018-02-20,22.31800079345703,22.7226676940918,22.100000381469727,22.29800033569336,60141000.0,,,,,,,,,,,,,,,
2018-02-21,22.21999931335449,22.645999908447266,22.211332321166992,22.402000427246094,48294000.0,,,,,,,,,,,,,,,
2018-02-22,23.077999114990234,23.16266632080078,22.31666755676269,22.368667602539062,104547000.0,,,,,,,,,,,,,,,
2018-02-23,23.46999931335449,23.666000366210938,23.13999938964844,23.18866729736328,87261000.0,,,,,,,,,,,,,,,
2018-02-26,23.827999114990234,23.933332443237305,23.49066734313965,23.56666755676269,65100000.0,,,,,,,,,,,,,,,
2018-02-27,23.39933204650879,23.99933242797852,23.333999633789062,23.75,71961000.0,,,,,,,,,,,,,,,
2018-02-28,22.87066650390625,23.682666778564453,22.814666748046875,23.50466728210449,91045500.0,,,,,,,,,,,,,,,
2018-03-01,22.062000274658203,23.244667053222656,22.00466728210449,23.000667572021484,103284000.0,,,,,,,,,,,,,,,
2018-03-02,22.341333389282227,22.347999572753903,21.531333923339844,21.798667907714844,76392000.0,,,,,,,,,,,,,,,
2018-03-05,22.22333335876465,22.51666641235352,21.952667236328125,22.159332275390625,57357000.0,,,,,,,,,,,,,,,
2018-03-06,21.8799991607666,22.42466735839844,21.802000045776367,22.25,64285500.0,,,,,,,,,,,,,,,
2018-03-07,22.15333366394043,22.166667938232425,21.44933319091797,21.69599914550781,75109500.0,,,,,,,,,,,,,,,
2018-03-08,21.940000534057617,22.21999931335449,21.751333236694336,22.19066619873047,53493000.0,,,,,,,,,,,,,,,
2018-03-09,21.81133270263672,21.89933204650879,21.4913330078125,21.606666564941406,82602000.0,,,,,,,,,,,,,,,
2018-03-12,23.03400039672852,23.1473331451416,21.76666641235352,21.90733337402344,123960000.0,,,,,,,,,,,,,,,
2018-03-13,22.78933334350586,23.1473331451416,21.76666641235352,21.90733337402344,89487000.0,,,,,,,,,,,,,,,
2018-03-14,21.775333404541016,22.65399932861328,21.595333099365234,22.450666427612305,119511000.0,,,,,,,,,,,,,,,
2018-03-15,21.706666946411133,22.190000534057617,21.406667709350582,21.95866775512696,98472000.0,,,,,,,,,,,,,,,
2018-03-16,21.42333221435547,21.82666778564453,21.271333694458008,21.52866744995117,91759500.0,,,,,,,,,,,,,,,
2018-03-19,20.90399932861328,21.38333320617676,20.64466667175293,21.100000381469727,112264500.0,,,,,,,,,,,,,,,
2018-03-20,20.703332901000977,21.08333206176757,20.583999633789062,20.9913330078125,71464500.0,,,,,,,,,,,,,,,
2018-03-21,21.10199928283692,21.496000289916992,20.679332733154297,20.683332443237305,89376000.0,,,,,,,,,,,,,,,
2018-03-22,20.606666564941406,21.25466728210449,20.545333862304688,20.926000595092773,74097000.0,,,,,,,,,,,,,,,
2018-03-23,20.1026668548584,20.75,20.030000686645508,20.75,99823500.0,,,,,,,,,,,,,,,
2018-03-26,20.27866744995117,20.506000518798828,19.42399978637696,20.48933219909668,125628000.0,,,,,,,,,,,,,,,
2018-03-27,18.61199951171875,20.284666061401367,18.478666305541992,20.26666641235352,208080000.0,,,,,,,,,,,,,,,
2018-03-28,17.185333251953125,17.91200065612793,16.80666732788086,17.6386661529541,315021000.0,,,,,,,,,,,,,,,
2018-03-29,17.742000579833984,18.06399917602539,16.547332763671875,17.099332809448242,227560500.0,,,,,,,,,,,,,,,
2018-04-02,16.832000732421875,17.35533332824707,16.305999755859375,17.083999633789062,241710000.0,,,,,,,,,,,,,,,
2018-04-03,17.8353328704834,18.22333335876465,16.965999603271484,17.988000869750977,282666000.0,,,,,,,,,,,,,,,
2018-04-04,19.12933349609375,19.224666595458984,16.799999237060547,16.851999282836914,298450500.0,,,,,,,,,,,,,,,
2018-04-05,20.381332397460938,20.41733360290528,19.21333312988281,19.28933334350586,286816500.0,,,,,,,,,,,,,,,
2018-04-06,19.953332901000977,20.618667602539062,19.700000762939453,20.06666755676269,202804500.0,,,,,,,,,,,,,,,
2018-04-09,19.310667037963867,20.63333320617676,19.28066635131836,20.024667739868164,153747000.0,,,,,,,,,,,,,,,
2018-04-10,20.31333351135254,20.47333335876465,19.57866668701172,19.93133354187012,164847000.0,,,,,,,,,,,,,,,
2018-04-11,20.062000274658203,20.59866714477539,19.977333068847656,20.04933357238769,112243500.0,,,,,,,,,,,,,,,
2018-04-12,19.60533332824707,20.26333236694336,19.57866668701172,20.15466690063477,114132000.0,,,,,,,,,,,,,,,
2018-04-13,20.022666931152344,20.26333236694336,19.73200035095215,20.239999771118164,109908000.0,,,,,,,,,,,,,,,
2018-04-16,19.41399955749512,19.977333068847656,19.267332077026367,19.933332443237305,95077500.0,,,,,,,,,,,,,,,
2018-04-17,19.179332733154297,19.47800064086914,18.833999633789062,19.257999420166016,105000000.0,,,,,,,,,,,,,,,
2018-04-18,19.55666732788086,20.016000747680664,19.21066665649414,19.405332565307617,98365500.0,,,,,,,,,,,,,,,
2018-04-19,20.005332946777344,20.067333221435547,19.23666763305664,19.405332565307617,91359000.0,,,,,,,,,,,,,,,
2018-04-20,19.34933280944824,19.998666763305664,19.31666755676269,19.67799949645996,84418500.0,,,,,,,,,,,,,,,
2018-04-23,18.891332626342773,19.44133377075196,18.82200050354004,19.41933250427246,73401000.0,,,,,,,,,,,,,,,
2018-04-24,18.8973331451416,19.139333724975582,18.56399917602539,19.0,85279500.0,,,,,,,,,,,,,,,
2018-04-25,18.71266746520996,19.01066780090332,18.483333587646484,18.89999961853028,60204000.0,,,,,,,,,,,,,,,
2018-04-26,19.03199958801269,19.05266761779785,18.433332443237305,18.58333206176757,65340000.0,,,,,,,,,,,,,,,
2018-04-27,19.60533332824707,19.631332397460938,18.92200088500977,19.024667739868164,65469000.0,,,,,,,,,,,,,,,
2018-04-30,19.59333229064941,19.915332794189453,19.5,19.573999404907227,63423000.0,,,,,,,,,,,,,,,
2018-05-01,19.994667053222656,20.05466651916504,19.54800033569336,19.567333221435547,69384000.0,,,,,,,,,,,,,,,
2018-05-02,20.07666778564453,20.456666946411133,19.85199928283692,19.90466690063477,134556000.0,,,,,,,,,,,,,,,
2018-05-03,18.96333312988281,19.202667236328125,18.34866714477539,18.586000442504883,260281500.0,,,,,,,,,,,,,,,
2018-05-04,19.606000900268555,19.790666580200195,18.634666442871094,18.86666679382324,128541000.0,,,,,,,,,,,,,,,
2018-05-07,20.18466758728028,20.3973331451416,19.67799949645996,19.83333206176757,130173000.0,,,,,,,,,,,,,,,
2018-05-08,20.131332397460938,20.51666641235352,19.933332443237305,20.053333282470703,88950000.0,,,,,,,,,,,,,,,
2018-05-09,20.456666946411133,20.46733283996582,20.003332138061523,20.027332305908203,85911000.0,,,,,,,,,,,,,,,
2018-05-10,20.334667205810547,20.86599922180176,20.27400016784668,20.5,84774000.0,,,,,,,,,,,,,,,
2018-05-11,20.070667266845703,20.59199905395508,19.93866729736328,20.51333236694336,70194000.0,,,,,,,,,,,,,,,
2018-05-14,19.46466636657715,20.32933235168457,19.44133377075196,20.221332550048828,109302000.0,,,,,,,,,,,,,,,
2018-05-15,18.94533348083496,19.13066673278809,18.700000762939453,19.000667572021484,142788000.0,,,,,,,,,,,,,,,
2018-05-16,19.09866714477539,19.253999710083008,18.770666122436523,18.92200088500977,85110000.0,,,,,,,,,,,,,,,
2018-05-17,18.96933364868164,19.279333114624023,18.93133354187012,19.059999465942383,66309000.0,,,,,,,,,,,,,,,
2018-05-18,18.454666137695312,18.976667404174805,18.26666641235352,18.976667404174805,108778500.0,,,,,,,,,,,,,,,
2018-05-21,18.965999603271484,19.432666778564453,18.753332138061523,18.755332946777344,137739000.0,,,,,,,,,,,,,,,
2018-05-22,18.333999633789062,19.200000762939453,18.22800064086914,19.18400001525879,134187000.0,,,,,,,,,,,,,,,
2018-05-23,18.60466766357422,18.6606674194336,18.26666641235352,18.517332077026367,89776500.0,,,,,,,,,,,,,,,
2018-05-24,18.523332595825195,18.74066734313965,18.326000213623047,18.559999465942383,62650500.0,,,,,,,,,,,,,,,
2018-05-25,18.59000015258789,18.642667770385746,18.374000549316406,18.5086669921875,58126500.0,,,,,,,,,,,,,,,
2018-05-29,18.91733360290528,19.100000381469727,18.40999984741211,18.567333221435547,84999000.0,,,,,,,,,,,,,,,
2018-05-30,19.44799995422364,19.66733360290528,18.773332595825195,18.88599967956543,112345500.0,,,,,,,,,,,,,,,
2018-05-31,18.98200035095215,19.357999801635746,18.86199951171875,19.1473331451416,88795500.0,,,,,,,,,,,,,,,
2018-06-01,19.454666137695312,19.46333312988281,18.922666549682617,19.05733299255371,81366000.0,,,,,,,,,,,,,,,
2018-06-04,19.78266716003418,19.933332443237305,19.56999969482422,19.62266731262207,71967000.0,,,,,,,,,,,,,,,
2018-06-05,19.408666610717773,19.85333251953125,19.11599922180176,19.84666633605957,89928000.0,,,,,,,,,,,,,,,
2018-06-06,21.299999237060547,21.47800064086914,19.832000732421875,20.03333282470703,281509500.0,,,,,,,,,,,,,,,
2018-06-07,21.07266616821289,22.0,20.905332565307617,21.07666778564453,215179500.0,,,,,,,,,,,,,,,
2018-06-08,21.17733383178711,21.631999969482425,21.1433334350586,21.26666641235352,123078000.0,,,,,,,,,,,,,,,
2018-06-11,22.13999938964844,22.310667037963867,21.5,21.500667572021484,197752500.0,,,,,,,,,,,,,,,
2018-06-12,22.851333618164062,23.6646671295166,22.53333282470703,22.979999542236328,335211000.0,,,,,,,,,,,,,,,
2018-06-13,22.985332489013672,23.14666748046875,22.65333366394043,23.11400032043457,142047000.0,,,,,,,,,,,,,,,
2018-06-14,23.847999572753903,23.916667938232425,23.106666564941406,23.17533302307129,164715000.0,,,,,,,,,,,,,,,
2018-06-15,23.87800025939941,24.31133270263672,23.416667938232425,23.589332580566406,162724500.0,,,,,,,,,,,,,,,
2018-06-18,24.722000122070312,24.915332794189453,23.63333320617676,23.69333267211914,181098000.0,,,,,,,,,,,,,,,
2018-06-19,23.503332138061523,24.666667938232425,23.08333206176757,24.3439998626709,191428500.0,,,,,,,,,,,,,,,
2018-06-20,24.14800071716309,24.29199981689453,23.46666717529297,23.86933326721192,125755500.0,,,,,,,,,,,,,,,
2018-06-21,23.16733360290528,24.41399955749512,23.084667205810547,24.13333320617676,119506500.0,,,,,,,,,,,,,,,
2018-06-22,22.242000579833984,23.483333587646484,22.13333320617676,23.43600082397461,153991500.0,,,,,,,,,,,,,,,
2018-06-25,22.200666427612305,22.564666748046875,21.83333206176757,22.007999420166016,103969500.0,,,,,,,,,,,,,,,
2018-06-26,22.799999237060547,22.90333366394043,21.71999931335449,22.40333366394043,111787500.0,,,,,,,,,,,,,,,
2018-06-27,22.96666717529297,23.38599967956543,22.63333320617676,23.0,125005500.0,,,,,,,,,,,,,,,
2018-06-28,23.32866668701172,23.801332473754883,23.073999404907227,23.24399948120117,125970000.0,,,,,,,,,,,,,,,
2018-06-29,22.86333274841309,23.59066772460937,22.827333450317383,23.55533218383789,97386000.0,,,,,,,,,,,,,,,
2018-07-02,22.33799934387207,24.318666458129883,21.989999771118164,24.00466728210449,281397000.0,,,,,,,,,,,,,,,
2018-07-03,20.724000930786133,22.166000366210938,20.645999908447266,22.11666679382324,184239000.0,,,,,,,,,,,,,,,
2018-07-05,20.61066627502441,20.959333419799805,19.74799919128418,20.91733360290528,262146000.0,,,,,,,,,,,,,,,
2018-07-06,20.59333229064941,20.80466651916504,20.13333320617676,20.32999992370605,132982500.0,,,,,,,,,,,,,,,
2018-07-09,21.233999252319336,21.23466682434082,20.53333282470703,20.79933357238769,113952000.0,,,,,,,,,,,,,,,
2018-07-10,21.49799919128418,21.845333099365234,21.280000686645508,21.63733291625977,142072500.0,,,,,,,,,,,,,,,
2018-07-11,21.263999938964844,21.46266746520996,21.00466728210449,21.053333282470703,73261500.0,,,,,,,,,,,,,,,
2018-07-12,21.11400032043457,21.548667907714844,20.851333618164062,21.428667068481445,85818000.0,,,,,,,,,,,,,,,
2018-07-13,21.257999420166016,21.30533218383789,20.61666679382324,21.038667678833008,88047000.0,,,,,,,,,,,,,,,
2018-07-16,20.67333221435547,21.01066780090332,20.416667938232425,20.78066635131836,117280500.0,,,,,,,,,,,,,,,
2018-07-17,21.512666702270508,21.64933204650879,20.56666755676269,20.58733367919922,104943000.0,,,,,,,,,,,,,,,
2018-07-18,21.59000015258789,21.700000762939453,21.08333206176757,21.666667938232425,84363000.0,,,,,,,,,,,,,,,
2018-07-19,21.34866714477539,21.56933212280273,20.93400001525879,21.088666915893555,88729500.0,,,,,,,,,,,,,,,
2018-07-20,20.905332565307617,21.54933357238769,20.78066635131836,21.415332794189453,77433000.0,,,,,,,,,,,,,,,
2018-07-23,20.21333312988281,20.36666679382324,19.52400016784668,20.12266731262207,164893500.0,,,,,,,,,,,,,,,
2018-07-24,19.82866668701172,20.514667510986328,19.503332138061523,20.294666290283203,143862000.0,,,,,,,,,,,,,,,
2018-07-25,20.582666397094727,20.641332626342773,19.63333320617676,19.78266716003418,106131000.0,,,,,,,,,,,,,,,
2018-07-26,20.44333267211914,20.71333312988281,20.24266624450684,20.32333374023437,69457500.0,,,,,,,,,,,,,,,
2018-07-27,19.812000274658203,20.512666702270508,19.689332962036133,20.483333587646484,85549500.0,,,,,,,,,,,,,,,
2018-07-30,19.344667434692383,19.739999771118164,19.07533264160156,19.726667404174805,102211500.0,,,,,,,,,,,,,,,
2018-07-31,19.8759994506836,19.88800048828125,19.271333694458008,19.483333587646484,76153500.0,,,,,,,,,,,,,,,
2018-08-01,20.05599975585937,20.200000762939453,19.53333282470703,19.86599922180176,151941000.0,,,,,,,,,,,,,,,
2018-08-02,23.30266761779785,23.332666397094727,21.54400062561035,21.895999908447266,348225000.0,,,,,,,,,,,,,,,
2018-08-03,23.211332321166992,23.666667938232425,22.8353328704834,23.187332153320312,204847500.0,,,,,,,,,,,,,,,
2018-08-06,22.79933357238769,23.665332794189453,22.788000106811523,23.03066635131836,128464500.0,,,,,,,,,,,,,,,
2018-08-07,25.30466651916504,25.83066749572754,22.61000061035156,22.922666549682617,463137000.0,,,,,,,,,,,,,,,
2018-08-08,24.689332962036133,25.50933265686035,24.474666595458984,24.606000900268555,368568000.0,,,,,,,,,,,,,,,
2018-08-09,23.49666786193848,24.46733283996582,23.048667907714844,24.3700008392334,257757000.0,,,,,,,,,,,,,,,
2018-08-10,23.69933319091797,24.0,23.06666755676269,23.600000381469727,173280000.0,,,,,,,,,,,,,,,
2018-08-13,23.76066780090332,24.21266746520996,23.26799964904785,24.07533264160156,156958500.0,,,,,,,,,,,,,,,
2018-08-14,23.176000595092773,23.946666717529297,23.13999938964844,23.89666748046875,104796000.0,,,,,,,,,,,,,,,
2018-08-15,22.57933235168457,22.965999603271484,22.142667770385746,22.79400062561035,136519500.0,,,,,,,,,,,,,,,
2018-08-16,22.36333274841309,22.818666458129883,22.25466728210449,22.6606674194336,90960000.0,,,,,,,,,,,,,,,
2018-08-17,20.36666679382324,21.784666061401367,20.235332489013672,21.56666755676269,284379000.0,,,,,,,,,,,,,,,
2018-08-20,20.562667846679688,20.56666755676269,19.21333312988281,19.446666717529297,261034500.0,,,,,,,,,,,,,,,
2018-08-21,21.459999084472656,21.652666091918945,20.600000381469727,20.707332611083984,197583000.0,,,,,,,,,,,,,,,
2018-08-22,21.44266700744629,21.59199905395508,20.97800064086914,21.391332626342773,89190000.0,,,,,,,,,,,,,,,
2018-08-23,21.34000015258789,21.821332931518555,21.206666946411133,21.275999069213867,77209500.0,,,,,,,,,,,,,,,
2018-08-24,21.521333694458008,21.59000015258789,21.293333053588867,21.3799991607666,54039000.0,,,,,,,,,,,,,,,
2018-08-27,21.284666061401367,21.496000289916992,20.58733367919922,21.200000762939453,196189500.0,,,,,,,,,,,,,,,
2018-08-28,20.790666580200195,21.2586669921875,20.746000289916992,21.227333068847656,114736500.0,,,,,,,,,,,,,,,
2018-08-29,20.333999633789062,20.790000915527344,20.246000289916992,20.68466758728028,111711000.0,,,,,,,,,,,,,,,
2018-08-30,20.209999084472656,20.30666732788086,19.847999572753903,20.15066719055176,108250500.0,,,,,,,,,,,,,,,
2018-08-31,20.11066627502441,20.35400009155273,19.906667709350582,20.13333320617676,80626500.0,,,,,,,,,,,,,,,
2018-09-04,19.26333236694336,19.87933349609375,19.200000762939453,19.79599952697754,125257500.0,,,,,,,,,,,,,,,
2018-09-05,18.715999603271484,19.118667602539062,18.478666305541992,19.003332138061523,115812000.0,,,,,,,,,,,,,,,
2018-09-06,18.729999542236328,19.411333084106445,18.59199905395508,18.98666763305664,112212000.0,,,,,,,,,,,,,,,
2018-09-07,17.549333572387695,17.889999389648438,16.816667556762695,17.34000015258789,337378500.0,,,,,,,,,,,,,,,
2018-09-10,19.03333282470703,19.068666458129883,18.06666755676269,18.21733283996582,214252500.0,,,,,,,,,,,,,,,
2018-09-11,18.62933349609375,18.799999237060547,18.23666763305664,18.631332397460938,137550000.0,,,,,,,,,,,,,,,
2018-09-12,19.36933326721192,19.5,18.57666778564453,18.762666702270508,150231000.0,,,,,,,,,,,,,,,
2018-09-13,19.297332763671875,19.666667938232425,19.011999130249023,19.20133209228516,95104500.0,,,,,,,,,,,,,,,
2018-09-14,19.68000030517578,19.82200050354004,19.101333618164062,19.250667572021484,101484000.0,,,,,,,,,,,,,,,
2018-09-17,19.6560001373291,20.058000564575195,19.20866775512696,19.336000442504883,103314000.0,,,,,,,,,,,,,,,
2018-09-18,18.997333526611328,20.176000595092773,18.36666679382324,19.779333114624023,248212500.0,,,,,,,,,,,,,,,
2018-09-19,19.93466758728028,20.0,18.700000762939453,18.700666427612305,124423500.0,,,,,,,,,,,,,,,
2018-09-20,19.8886661529541,20.398666381835938,19.55533218383789,20.23733329772949,110241000.0,,,,,,,,,,,,,,,
2018-09-21,19.940000534057617,20.038667678833008,19.69133377075196,19.84666633605957,75757500.0,,,,,,,,,,,,,,,
2018-09-24,19.978666305541992,20.200000762939453,19.57200050354004,19.898666381835938,72645000.0,,,,,,,,,,,,,,,
2018-09-25,20.06599998474121,20.30666732788086,19.76666641235352,20.0,67225500.0,,,,,,,,,,,,,,,
2018-09-26,20.6386661529541,20.926000595092773,20.073999404907227,20.12733268737793,117648000.0,,,,,,,,,,,,,,,
2018-09-27,20.501333236694336,20.997333526611328,20.46066665649414,20.86000061035156,127636500.0,,,,,,,,,,,,,,,
2018-09-28,17.65133285522461,18.53333282470703,17.37066650390625,18.017332077026367,504745500.0,,,,,,,,,,,,,,,
2018-10-01,20.71333312988281,20.762666702270508,20.06999969482422,20.384666442871094,326664000.0,,,,,,,,,,,,,,,
2018-10-02,20.06800079345703,21.12266731262207,19.94333267211914,20.93000030517578,176152500.0,,,,,,,,,,,,,,,
2018-10-03,19.65333366394043,20.30666732788086,19.4379997253418,20.222000122070312,119925000.0,,,,,,,,,,,,,,,
2018-10-04,18.788667678833008,19.600000381469727,18.51133346557617,19.59666633605957,147213000.0,,,,,,,,,,,,,,,
2018-10-05,17.463333129882812,18.32533264160156,17.333332061767578,18.309999465942383,269167500.0,,,,,,,,,,,,,,,
2018-10-08,16.70400047302246,17.85066795349121,16.600000381469727,17.634666442871094,202090500.0,,,,,,,,,,,,,,,
2018-10-09,17.520000457763672,17.784666061401367,16.886667251586914,17.016666412353516,180909000.0,,,,,,,,,,,,,,,
2018-10-10,17.125333786010742,17.700666427612305,16.51799964904785,17.640666961669922,192229500.0,,,,,,,,,,,,,,,
2018-10-11,16.815332412719727,17.483333587646484,16.601999282836914,17.16866683959961,122515500.0,,,,,,,,,,,,,,,
2018-10-12,17.25200080871582,17.465999603271484,16.80066680908203,17.399999618530273,108021000.0,,,,,,,,,,,,,,,
2018-10-15,17.305999755859375,17.552000045776367,16.96933364868164,17.270666122436523,93000000.0,,,,,,,,,,,,,,,
2018-10-16,18.439332962036133,18.492000579833984,17.482667922973633,17.713333129882812,142896000.0,,,,,,,,,,,,,,,
2018-10-17,18.118667602539062,18.84666633605957,17.719999313354492,18.82666778564453,129832500.0,,,,,,,,,,,,,,,
2018-10-18,17.5939998626709,18.06666755676269,17.53333282470703,17.952667236328125,81318000.0,,,,,,,,,,,,,,,
2018-10-19,17.333332061767578,17.977333068847656,16.899999618530273,17.826000213623047,140632500.0,,,,,,,,,,,,,,,
2018-10-22,17.39666748046875,17.457332611083984,16.839332580566406,17.3786678314209,84004500.0,,,,,,,,,,,,,,,
2018-10-23,19.60933303833008,19.86199951171875,17.47333335876465,17.591333389282227,285417000.0,,,,,,,,,,,,,,,
2018-10-24,19.233333587646484,20.29599952697754,19.048667907714844,20.06999969482422,300874500.0,,,,,,,,,,,,,,,
2018-10-25,20.99066734313965,21.39999961853028,20.067333221435547,21.14800071716309,312610500.0,,,,,,,,,,,,,,,
2018-10-26,22.059999465942383,22.65999984741211,20.44333267211914,20.549999237060547,411382500.0,,,,,,,,,,,,,,,
2018-10-29,22.32333374023437,23.143999099731445,21.76666641235352,22.49799919128418,217290000.0,,,,,,,,,,,,,,,
2018-10-30,21.99333381652832,22.52666664123535,21.483999252319336,21.892667770385746,136900500.0,,,,,,,,,,,,,,,
2018-10-31,22.488000869750977,22.799999237060547,21.940000534057617,22.16933250427246,114364500.0,,,,,,,,,,,,,,,
2018-11-01,22.95199966430664,23.189332962036133,22.315332412719727,22.55066680908203,120001500.0,,,,,,,,,,,,,,,
2018-11-02,23.0939998626709,23.280000686645508,22.727333068847656,22.916000366210938,117120000.0,,,,,,,,,,,,,,,
2018-11-05,22.76000022888184,22.930667877197266,22.00933265686035,22.700000762939453,117465000.0,,,,,,,,,,,,,,,
2018-11-06,22.73733329772949,23.253332138061523,22.4060001373291,22.60466766357422,101443500.0,,,,,,,,,,,,,,,
2018-11-07,23.21066665649414,23.41200065612793,22.71999931335449,22.889333724975582,110617500.0,,,,,,,,,,,,,,,
2018-11-08,23.426666259765625,23.838666915893555,23.22933387756348,23.233333587646484,106360500.0,,,,,,,,,,,,,,,
2018-11-09,23.367332458496094,23.600000381469727,23.01533317565918,23.26666641235352,76482000.0,,,,,,,,,,,,,,,
2018-11-12,22.0853328704834,23.318666458129883,22.022666931152344,23.224666595458984,104122500.0,,,,,,,,,,,,,,,
2018-11-13,22.582000732421875,22.979999542236328,22.14666748046875,22.21066665649414,81729000.0,,,,,,,,,,,,,,,
2018-11-14,22.933332443237305,23.14066696166992,22.476667404174805,22.84666633605957,75604500.0,,,,,,,,,,,,,,,
2018-11-15,23.22933387756348,23.238666534423828,22.6026668548584,22.82200050354004,69385500.0,,,,,,,,,,,,,,,
2018-11-16,23.62066650390625,23.71333312988281,23.007999420166016,23.012666702270508,108093000.0,,,,,,,,,,,,,,,
2018-11-19,23.564666748046875,24.450000762939453,23.525333404541016,23.756000518798828,145633500.0,,,,,,,,,,,,,,,
2018-11-20,23.166000366210938,23.31999969482422,22.23666763305664,22.78333282470703,120070500.0,,,,,,,,,,,,,,,
2018-11-21,22.54599952697754,23.540000915527344,22.49333381652832,23.46666717529297,70302000.0,,,,,,,,,,,,,,,
2018-11-23,21.722000122070312,22.5,21.703332901000977,22.290000915527344,63039000.0,,,,,,,,,,,,,,,
2018-11-26,23.06666755676269,23.08133316040039,21.666667938232425,21.666667938232425,119881500.0,,,,,,,,,,,,,,,
2018-11-27,22.92799949645996,23.13066673278809,22.36666679382324,22.670000076293945,95374500.0,,,,,,,,,,,,,,,
2018-11-28,23.19133377075196,23.21866607666016,22.81399917602539,23.06599998474121,61914000.0,,,,,,,,,,,,,,,
2018-11-29,22.744667053222656,23.166667938232425,22.63666725158692,23.13333320617676,46210500.0,,,,,,,,,,,,,,,
2018-11-30,23.365333557128903,23.440000534057617,22.55066680908203,22.788667678833008,84436500.0,,,,,,,,,,,,,,,
2018-12-03,23.89933204650879,24.39999961853028,23.46666717529297,24.0,124597500.0,,,,,,,,,,,,,,,
2018-12-04,23.979999542236328,24.57866668701172,23.46666717529297,23.73666763305664,126928500.0,,,,,,,,,,,,,,,
2018-12-06,24.20400047302246,24.492000579833984,23.38400077819824,23.733999252319336,117637500.0,,,,,,,,,,,,,,,
2018-12-07,23.86466789245605,25.29933357238769,23.84333229064941,24.600000381469727,172668000.0,,,,,,,,,,,,,,,
2018-12-10,24.34333229064941,24.398666381835938,23.541332244873047,24.0,99202500.0,,,,,,,,,,,,,,,
2018-12-11,24.450666427612305,24.81133270263672,24.01533317565918,24.6606674194336,94632000.0,,,,,,,,,,,,,,,
2018-12-12,24.440000534057617,24.79400062561035,24.3439998626709,24.62800025939941,75405000.0,,,,,,,,,,,,,,,
2018-12-13,25.11933326721192,25.16266632080078,24.450000762939453,24.676666259765625,110488500.0,,,,,,,,,,,,,,,
2018-12-14,24.38066673278809,25.19133377075196,24.288667678833008,25.0,95064000.0,,,,,,,,,,,,,,,
2018-12-17,23.22800064086914,24.3799991607666,22.92533302307129,24.13333320617676,115110000.0,,,,,,,,,,,,,,,
2018-12-18,22.46866607666016,23.43666648864746,22.246000289916992,23.36933326721192,106500000.0,,,,,,,,,,,,,,,
2018-12-19,22.19799995422364,23.13400077819824,21.98266792297364,22.50666618347168,124113000.0,,,,,,,,,,,,,,,
2018-12-20,21.025333404541016,22.019332885742188,20.791332244873047,21.803333282470703,136078500.0,,,,,,,,,,,,,,,
2018-12-21,21.31800079345703,21.564666748046875,20.82933235168457,21.15999984741211,120252000.0,,,,,,,,,,,,,,,
2018-12-24,19.69266700744629,20.96666717529297,19.68000030517578,20.89999961853028,83398500.0,,,,,,,,,,,,,,,
2018-12-26,21.73933219909668,21.79800033569336,19.606000900268555,20.0,122446500.0,,,,,,,,,,,,,,,
2018-12-27,21.07533264160156,21.47800064086914,20.100000381469727,21.32266616821289,128626500.0,,,,,,,,,,,,,,,
2018-12-28,22.257999420166016,22.416000366210938,21.227333068847656,21.540000915527344,149085000.0,,,,,,,,,,,,,,,
2018-12-31,22.18666648864746,22.61400032043457,21.68400001525879,22.519332885742188,94534500.0,,,,,,,,,,,,,,,
2019-01-02,20.67466735839844,21.0086669921875,19.920000076293945,20.406667709350582,174879000.0,,,,,,,,,,,,,,,
2019-01-03,20.02400016784668,20.62666702270508,19.82533264160156,20.46666717529297,104478000.0,,,,,,,,,,,,,,,
2019-01-04,21.179332733154297,21.200000762939453,20.18199920654297,20.39999961853028,110911500.0,,,,,,,,,,,,,,,
2019-01-07,22.33066749572754,22.44933319091797,21.183332443237305,21.44799995422364,113268000.0,,,,,,,,,,,,,,,
2019-01-08,22.356666564941406,22.93400001525879,21.801332473754883,22.797332763671875,105127500.0,,,,,,,,,,,,,,,
2019-01-09,22.568666458129883,22.89999961853028,22.097999572753903,22.36666679382324,81493500.0,,,,,,,,,,,,,,,
2019-01-10,22.99799919128418,23.025999069213867,22.11933326721192,22.293333053588867,90846000.0,,,,,,,,,,,,,,,
2019-01-11,23.15066719055176,23.227333068847656,22.584667205810547,22.80599975585937,75586500.0,,,,,,,,,,,,,,,
2019-01-14,22.293333053588867,22.83333206176757,22.26666641235352,22.82533264160156,78709500.0,,,,,,,,,,,,,,,
2019-01-15,22.96199989318848,23.253332138061523,22.299999237060547,22.33333206176757,90849000.0,,,,,,,,,,,,,,,
2019-01-16,23.06999969482422,23.46666717529297,22.89999961853028,22.985332489013672,70375500.0,,,,,,,,,,,,,,,
2019-01-17,23.15399932861328,23.433332443237305,22.94333267211914,23.08066749572754,55150500.0,,,,,,,,,,,,,,,
2019-01-18,20.15066719055176,21.808666229248047,19.98200035095215,21.53333282470703,362262000.0,,,,,,,,,,,,,,,
2019-01-22,19.92799949645996,20.53333282470703,19.700000762939453,20.321332931518555,181000500.0,,,,,,,,,,,,,,,
2019-01-23,19.172666549682617,19.63333320617676,18.779333114624023,19.5,187950000.0,,,,,,,,,,,,,,,
2019-01-24,19.43400001525879,19.57866668701172,18.618667602539062,18.868667602539062,120183000.0,,,,,,,,,,,,,,,
2019-01-25,19.80266761779785,19.90133285522461,19.303333282470703,19.6259994506836,108744000.0,,,,,,,,,,,,,,,
2019-01-28,19.7586669921875,19.83066749572754,19.183332443237305,19.527332305908203,96349500.0,,,,,,,,,,,,,,,
2019-01-29,19.83066749572754,19.90399932861328,19.453332901000977,19.68466758728028,69325500.0,,,,,,,,,,,,,,,
2019-01-30,20.584667205810547,20.600000381469727,19.89933204650879,20.030000686645508,168754500.0,,,,,,,,,,,,,,,
2019-01-31,20.468000411987305,20.770666122436523,19.600000381469727,20.06666755676269,188538000.0,,,,,,,,,,,,,,,
2019-02-01,20.81399917602539,21.07333374023437,20.233333587646484,20.3613338470459,109251000.0,,,,,,,,,,,,,,,
2019-02-04,20.85933303833008,21.020000457763672,20.125333786010746,20.865333557128903,110281500.0,,,,,,,,,,,,,,,
2019-02-05,21.42333221435547,21.496000289916992,20.81666755676269,20.832666397094727,101142000.0,,,,,,,,,,,,,,,
2019-02-06,21.14800071716309,21.61599922180176,21.041332244873047,21.30599975585937,75577500.0,,,,,,,,,,,,,,,
2019-02-07,20.500667572021484,20.979999542236328,20.200000762939453,20.88666725158692,97809000.0,,,,,,,,,,,,,,,
2019-02-08,20.38666725158692,20.49666786193848,19.89999961853028,20.4553337097168,87663000.0,,,,,,,,,,,,,,,
2019-02-11,20.856000900268555,21.239999771118164,20.700000762939453,20.773332595825195,106945500.0,,,,,,,,,,,,,,,
2019-02-12,20.78733253479004,21.21266746520996,20.641332626342773,21.07999992370605,82764000.0,,,,,,,,,,,,,,,
2019-02-13,20.544666290283203,20.850000381469727,20.3713321685791,20.82333374023437,77124000.0,,,,,,,,,,,,,,,
2019-02-14,20.251333236694336,20.45133209228516,20.06666755676269,20.22533226013184,78012000.0,,,,,,,,,,,,,,,
2019-02-15,20.525333404541016,20.53333282470703,20.26000022888184,20.299999237060547,58573500.0,,,,,,,,,,,,,,,
2019-02-19,20.3759994506836,20.769332885742188,20.36466789245605,20.437332153320312,62526000.0,,,,,,,,,,,,,,,
2019-02-20,20.17066764831543,20.420000076293945,19.933332443237305,20.29400062561035,107131500.0,,,,,,,,,,,,,,,
2019-02-21,19.415332794189453,20.215999603271484,19.36666679382324,20.12066650390625,133638000.0,,,,,,,,,,,,,,,
2019-02-22,19.6473331451416,19.76666641235352,19.47333335876465,19.632667541503903,86109000.0,,,,,,,,,,,,,,,
2019-02-25,19.917999267578125,20.19333267211914,19.799999237060547,19.86066627502441,99397500.0,,,,,,,,,,,,,,,
2019-02-26,19.85733222961425,20.13400077819824,19.251333236694336,19.481332778930664,128737500.0,,,,,,,,,,,,,,,
2019-02-27,20.98266792297364,21.08666610717773,20.036666870117188,20.118667602539062,167758500.0,,,,,,,,,,,,,,,
2019-02-28,21.32533264160156,21.33333206176757,20.720666885375977,21.26133346557617,157810500.0,,,,,,,,,,,,,,,
2019-03-01,19.652666091918945,20.47533226013184,19.459999084472656,20.46266746520996,343671000.0,,,,,,,,,,,,,,,
2019-03-04,19.02400016784668,19.933332443237305,18.85199928283692,19.87466621398925,256452000.0,,,,,,,,,,,,,,,
2019-03-05,18.43600082397461,18.933332443237305,18.00666618347168,18.799999237060547,281470500.0,,,,,,,,,,,,,,,
2019-03-06,18.416000366210938,18.767332077026367,18.292667388916016,18.43199920654297,155032500.0,,,,,,,,,,,,,,,
2019-03-07,18.439332962036133,18.979999542236328,18.28333282470703,18.589332580566406,141637500.0,,,,,,,,,,,,,,,
2019-03-08,18.94266700744629,19.03933334350586,18.392667770385746,18.46066665649414,132294000.0,,,,,,,,,,,,,,,
2019-03-11,19.39466667175293,19.41866683959961,18.700000762939453,18.90133285522461,110884500.0,,,,,,,,,,,,,,,
2019-03-12,18.89066696166992,19.204666137695312,18.73733329772949,19.09933280944824,112561500.0,,,,,,,,,,,,,,,
2019-03-13,19.263999938964844,19.465999603271484,18.84666633605957,18.926666259765625,102670500.0,,,,,,,,,,,,,,,
2019-03-14,19.33066749572754,19.69266700744629,19.21933364868164,19.49666786193848,106551000.0,,,,,,,,,,,,,,,
2019-03-15,18.36199951171875,18.9146671295166,18.293333053588867,18.90066719055176,221782500.0,,,,,,,,,,,,,,,
2019-03-18,17.965999603271484,18.536666870117188,17.81999969482422,18.39999961853028,154215000.0,,,,,,,,,,,,,,,
2019-03-19,17.83133316040039,18.21999931335449,17.56399917602539,17.833332061767578,177009000.0,,,,,,,,,,,,,,,
2019-03-20,18.239999771118164,18.33133316040039,17.753332138061523,17.979333877563477,103623000.0,,,,,,,,,,,,,,,
2019-03-21,18.26799964904785,18.43000030517578,17.89666748046875,18.17333221435547,89206500.0,,,,,,,,,,,,,,,
2019-03-22,17.635332107543945,18.18666648864746,17.600000381469727,18.17200088500977,131184000.0,,,,,,,,,,,,,,,
2019-03-25,17.3613338470459,17.545333862304688,16.964000701904297,17.31399917602539,153225000.0,,,,,,,,,,,,,,,
2019-03-26,17.851333618164062,18.017332077026367,17.6286678314209,17.62933349609375,110263500.0,,,,,,,,,,,,,,,
2019-03-27,18.32200050354004,18.357999801635746,17.8786678314209,17.916667938232422,131688000.0,,,,,,,,,,,,,,,
2019-03-28,18.57466697692871,18.68866729736328,18.34000015258789,18.477333068847656,101611500.0,,,,,,,,,,,,,,,
2019-03-29,18.65733337402344,18.67733383178711,18.299999237060547,18.57999992370605,89869500.0,,,,,,,,,,,,,,,
2019-04-01,19.27866744995117,19.280000686645508,18.75200080871582,18.841333389282227,121656000.0,,,,,,,,,,,,,,,
2019-04-02,19.058666229248047,19.29599952697754,18.92533302307129,19.21999931335449,82183500.0,,,,,,,,,,,,,,,
2019-04-03,19.45400047302246,19.744667053222656,19.14466667175293,19.15466690063477,118791000.0,,,,,,,,,,,,,,,
2019-04-04,17.851999282836914,18.07999992370605,17.37266731262207,17.459333419799805,355810500.0,,,,,,,,,,,,,,,
2019-04-05,18.33066749572754,18.406667709350582,17.74066734313965,17.99066734313965,195574500.0,,,,,,,,,,,,,,,
2019-04-08,18.21333312988281,18.74399948120117,18.029333114624023,18.512666702270508,156156000.0,,,,,,,,,,,,,,,
2019-04-09,18.15399932861328,18.33333206176757,17.974000930786133,18.11000061035156,88560000.0,,,,,,,,,,,,,,,
2019-04-10,18.40399932861328,18.558666229248047,18.19266700744629,18.44933319091797,105919500.0,,,,,,,,,,,,,,,
2019-04-11,17.89466667175293,18.03333282470703,17.706666946411133,17.886667251586914,147538500.0,,,,,,,,,,,,,,,
2019-04-12,17.84666633605957,18.1299991607666,17.788667678833008,18.014667510986328,101190000.0,,,,,,,,,,,,,,,
2019-04-15,17.7586669921875,17.92533302307129,17.242000579833984,17.908666610717773,150579000.0,,,,,,,,,,,,,,,
2019-04-16,18.224000930786133,18.33333206176757,17.648000717163086,17.71666717529297,109093500.0,,,,,,,,,,,,,,,
2019-04-17,18.082000732421875,18.31933212280273,17.902666091918945,18.31666755676269,76897500.0,,,,,,,,,,,,,,,
2019-04-18,18.21733283996582,18.32266616821289,17.983333587646484,18.082000732421875,88144500.0,,,,,,,,,,,,,,,
2019-04-22,17.516666412353516,17.978666305541992,17.498666763305664,17.933332443237305,182206500.0,,,,,,,,,,,,,,,
2019-04-23,17.593332290649414,17.706666946411133,17.049999237060547,17.343332290649414,164158500.0,,,,,,,,,,,,,,,
2019-04-24,17.243999481201172,17.687999725341797,17.200000762939453,17.59000015258789,160912500.0,,,,,,,,,,,,,,,
2019-04-25,16.5086669921875,17.266666412353516,16.404666900634766,17.0,327741000.0,,,,,,,,,,,,,,,
2019-04-26,15.675999641418455,16.44533348083496,15.408666610717772,16.433332443237305,335410500.0,,,,,,,,,,,,,,,
2019-04-29,16.097999572753906,16.26533317565918,15.477999687194824,15.723999977111816,250717500.0,,,,,,,,,,,,,,,
2019-04-30,15.912667274475098,16.28066635131836,15.800000190734863,16.137332916259766,141969000.0,,,,,,,,,,,,,,,
2019-05-01,15.600666999816896,16.0,15.43333339691162,15.923333168029783,160566000.0,,,,,,,,,,,,,,,
2019-05-02,16.273332595825195,16.475332260131836,15.847999572753906,16.368000030517578,272389500.0,,,,,,,,,,,,,,,
2019-05-03,17.00200080871582,17.107332229614258,16.232667922973633,16.257333755493164,355602000.0,,,,,,,,,,,,,,,
2019-05-06,17.022666931152344,17.22333335876465,16.566667556762695,16.667999267578125,162508500.0,,,,,,,,,,,,,,,
2019-05-07,16.470666885375977,17.1473331451416,16.34000015258789,17.1200008392334,151971000.0,,,,,,,,,,,,,,,
2019-05-08,16.32266616821289,16.706666946411133,16.280000686645508,16.46266746520996,92646000.0,,,,,,,,,,,,,,,
2019-05-09,16.131999969482422,16.245332717895508,15.79599952697754,16.133333206176758,100671000.0,,,,,,,,,,,,,,,
2019-05-10,15.968000411987305,16.132667541503906,15.73466682434082,15.983332633972168,105124500.0,,,,,,,,,,,,,,,
2019-05-13,15.133999824523926,15.498000144958496,14.966667175292969,15.46733283996582,162522000.0,,,,,,,,,,,,,,,
2019-05-14,15.487333297729492,15.633333206176758,15.199999809265137,15.286666870117188,108786000.0,,,,,,,,,,,,,,,
2019-05-15,15.463333129882812,15.496000289916992,15.016667366027832,15.288000106811523,109440000.0,,,,,,,,,,,,,,,
2019-05-16,15.222000122070312,15.399999618530272,15.100000381469728,15.29933261871338,112249500.0,,,,,,,,,,,,,,,
2019-05-17,14.0686674118042,14.815999984741213,13.928000450134276,14.797332763671877,266800500.0,,,,,,,,,,,,,,,
2019-05-20,13.690667152404783,13.733332633972168,13.016667366027832,13.520000457763672,307893000.0,,,,,,,,,,,,,,,
2019-05-21,13.67199993133545,13.826666831970217,13.06933307647705,13.184000015258787,270058500.0,,,,,,,,,,,,,,,
2019-05-22,12.84866714477539,13.595999717712402,12.785332679748535,13.273332595825195,280278000.0,,,,,,,,,,,,,,,
2019-05-23,13.03266716003418,13.29800033569336,12.414667129516602,12.956000328063965,398206500.0,,,,,,,,,,,,,,,
2019-05-24,12.708666801452637,13.33199977874756,12.583333015441896,13.321999549865724,212049000.0,,,,,,,,,,,,,,,
2019-05-28,12.579999923706056,13.0,12.523332595825195,12.74666690826416,154693500.0,,,,,,,,,,,,,,,
2019-05-29,12.657333374023438,12.826000213623049,12.336000442504885,12.473333358764648,179529000.0,,,,,,,,,,,,,,,
2019-05-30,12.54800033569336,12.817333221435549,12.468000411987305,12.583333015441896,118897500.0,,,,,,,,,,,,,,,
2019-05-31,12.343999862670898,12.661333084106444,12.273332595825195,12.34000015258789,156100500.0,,,,,,,,,,,,,,,
2019-06-03,11.9313325881958,12.445332527160645,11.79933261871338,12.36733341217041,195966000.0,,,,,,,,,,,,,,,
2019-06-04,12.90666675567627,12.932000160217283,11.973999977111816,12.07333278656006,207112500.0,,,,,,,,,,,,,,,
2019-06-05,13.105999946594238,13.41866683959961,12.789999961853027,13.245332717895508,202662000.0,,,,,,,,,,,,,,,
2019-06-06,13.729999542236328,14.06666660308838,13.453332901000977,13.629332542419434,303633000.0,,,,,,,,,,,,,,,
2019-06-07,13.633333206176758,14.055999755859377,13.56666660308838,13.666666984558104,240052500.0,,,,,,,,,,,,,,,
2019-06-10,14.19200038909912,14.46266746520996,13.934000015258787,14.016667366027832,158775000.0,,,,,,,,,,,,,,,
2019-06-11,14.473333358764648,14.726667404174805,14.233332633972168,14.609333038330078,174802500.0,,,,,,,,,,,,,,,
2019-06-12,13.95066738128662,14.892000198364258,13.93333339691162,14.863332748413086,227962500.0,,,,,,,,,,,,,,,
2019-06-13,14.260666847229004,14.326666831970217,13.833999633789062,14.025333404541016,122524500.0,,,,,,,,,,,,,,,
2019-06-14,14.32800006866455,14.44333267211914,14.026666641235352,14.083333015441896,111501000.0,,,,,,,,,,,,,,,
2019-06-17,15.001999855041504,15.133333206176758,14.284667015075684,14.36533260345459,184752000.0,,,,,,,,,,,,,,,
2019-06-18,14.982666969299316,15.649333000183104,14.837332725524902,15.248000144958496,190737000.0,,,,,,,,,,,,,,,
2019-06-19,15.095333099365234,15.184666633605955,14.737333297729492,15.007332801818848,98626500.0,,,,,,,,,,,,,,,
2019-06-20,14.641332626342772,15.126667022705078,14.423333168029783,14.866666793823242,177952500.0,,,,,,,,,,,,,,,
2019-06-21,14.790666580200195,14.812000274658203,14.366666793823242,14.414667129516602,123031500.0,,,,,,,,,,,,,,,
2019-06-24,14.90933322906494,15.057332992553713,14.73466682434082,14.88266658782959,86262000.0,,,,,,,,,,,,,,,
2019-06-25,14.650667190551758,15.022666931152344,14.63266658782959,14.959333419799805,92731500.0,,,,,,,,,,,,,,,
2019-06-26,14.618000030517578,15.148667335510254,14.539999961853027,14.687333106994627,127608000.0,,,,,,,,,,,,,,,
2019-06-27,14.855999946594238,14.859999656677246,14.489999771118164,14.630000114440918,95095500.0,,,,,,,,,,,,,,,
2019-06-28,14.897333145141602,15.011333465576172,14.720000267028809,14.732666969299316,102771000.0,,,,,,,,,,,,,,,
2019-07-01,15.14466667175293,15.539999961853027,15.085332870483398,15.347332954406738,123201000.0,,,,,,,,,,,,,,,
2019-07-02,14.970000267028809,15.276666641235352,14.814666748046877,15.259332656860352,138885000.0,,,,,,,,,,,,,,,
2019-07-03,15.65999984741211,16.10466766357422,15.633999824523926,15.959333419799805,213016500.0,,,,,,,,,,,,,,,
2019-07-05,15.539999961853027,15.696666717529297,15.386667251586914,15.637999534606934,105985500.0,,,,,,,,,,,,,,,
2019-07-08,15.355999946594238,15.483332633972168,15.244000434875488,15.416000366210938,88207500.0,,,,,,,,,,,,,,,
2019-07-09,15.337332725524902,15.399999618530272,15.152000427246094,15.264666557312012,92862000.0,,,,,,,,,,,,,,,
2019-07-10,15.928000450134276,15.929332733154297,15.542667388916016,15.609999656677246,137185500.0,,,,,,,,,,,,,,,
2019-07-11,15.90666675567627,16.100000381469727,15.720000267028809,15.87600040435791,112716000.0,,,,,,,,,,,,,,,
2019-07-12,16.338666915893555,16.358667373657227,15.980667114257812,15.983332633972168,138007500.0,,,,,,,,,,,,,,,
2019-07-15,16.899999618530273,16.961332321166992,16.323999404907227,16.53333282470703,165001500.0,,,,,,,,,,,,,,,
2019-07-16,16.825332641601562,16.902000427246094,16.528667449951172,16.6200008392334,122235000.0,,,,,,,,,,,,,,,
2019-07-17,16.99066734313965,17.220666885375977,16.889999389648438,17.044666290283203,146470500.0,,,,,,,,,,,,,,,
2019-07-18,16.902666091918945,17.049999237060547,16.792667388916016,17.003332138061523,71379000.0,,,,,,,,,,,,,,,
2019-07-19,17.211999893188477,17.33066749572754,16.974666595458984,17.04599952697754,105726000.0,,,,,,,,,,,,,,,
2019-07-22,17.045333862304688,17.476667404174805,16.945999145507812,17.25,102636000.0,,,,,,,,,,,,,,,
2019-07-23,17.344667434692383,17.365333557128906,16.96666717529297,17.11400032043457,75346500.0,,,,,,,,,,,,,,,
2019-07-24,17.658666610717773,17.738000869750977,17.21066665649414,17.277999877929688,166092000.0,,,,,,,,,,,,,,,
2019-07-25,15.254667282104492,15.633333206176758,15.036666870117188,15.56666660308838,336274500.0,,,,,,,,,,,,,,,
2019-07-26,15.202667236328123,15.350666999816896,14.81666660308838,15.128000259399414,150415500.0,,,,,,,,,,,,,,,
2019-07-29,15.718000411987305,15.72933292388916,15.0686674118042,15.13933277130127,139099500.0,,,,,,,,,,,,,,,
2019-07-30,16.150667190551758,16.224000930786133,15.478667259216309,15.526666641235352,121635000.0,,,,,,,,,,,,,,,
2019-07-31,16.107332229614258,16.44533348083496,15.776666641235352,16.200000762939453,137673000.0,,,,,,,,,,,,,,,
2019-08-01,15.59000015258789,16.30066680908203,15.451333045959473,16.176666259765625,123892500.0,,,,,,,,,,,,,,,
2019-08-02,15.62266731262207,15.751333236694336,15.281999588012695,15.423333168029783,92047500.0,,,,,,,,,,,,,,,
2019-08-05,15.221332550048828,15.424667358398438,15.052000045776367,15.30666732788086,105424500.0,,,,,,,,,,,,,,,
2019-08-06,15.383333206176758,15.5,15.050000190734863,15.458666801452637,83463000.0,,,,,,,,,,,,,,,
2019-08-07,15.56133270263672,15.571332931518556,15.053333282470703,15.100000381469728,71647500.0,,,,,,,,,,,,,,,
2019-08-08,15.886667251586914,15.986666679382324,15.510000228881836,15.630000114440918,79114500.0,,,,,,,,,,,,,,,
2019-08-09,15.667332649230955,15.93066692352295,15.587332725524902,15.736666679382324,58473000.0,,,,,,,,,,,,,,,
2019-08-12,15.267333030700684,15.718000411987305,15.25,15.53266716003418,69958500.0,,,,,,,,,,,,,,,
2019-08-13,15.666666984558104,15.733332633972168,15.170000076293944,15.253999710083008,72721500.0,,,,,,,,,,,,,,,
2019-08-14,14.641332626342772,15.43333339691162,14.446000099182127,15.413999557495115,143439000.0,,,,,,,,,,,,,,,
2019-08-15,14.37600040435791,14.77066707611084,14.103333473205566,14.723999977111816,122394000.0,,,,,,,,,,,,,,,
2019-08-16,14.662667274475098,14.815999984741213,14.40133285522461,14.444000244140623,76477500.0,,,,,,,,,,,,,,,
2019-08-19,15.121999740600586,15.18866729736328,14.779999732971191,14.947333335876465,79644000.0,,,,,,,,,,,,,,,
2019-08-20,15.057332992553713,15.272666931152344,14.969332695007324,15.174667358398438,61878000.0,,,,,,,,,,,,,,,
2019-08-21,14.722000122070312,14.881333351135254,14.506667137145996,14.800666809082031,116914500.0,,,,,,,,,,,,,,,
2019-08-22,14.8100004196167,15.026666641235352,14.54800033569336,14.853333473205566,98385000.0,,,,,,,,,,,,,,,
2019-08-23,14.09333324432373,14.744667053222656,14.06666660308838,14.664667129516602,128079000.0,,,,,,,,,,,,,,,
2019-08-26,14.333333015441896,14.334667205810549,14.102666854858398,14.239999771118164,75778500.0,,,,,,,,,,,,,,,
2019-08-27,14.272000312805176,14.58666706085205,14.135333061218262,14.38266658782959,81243000.0,,,,,,,,,,,,,,,
2019-08-28,14.37266731262207,14.483332633972168,14.154000282287598,14.246000289916992,48382500.0,,,,,,,,,,,,,,,
2019-08-29,14.780667304992676,14.893333435058594,14.533332824707031,14.600000381469728,77692500.0,,,,,,,,,,,,,,,
2019-08-30,15.040666580200195,15.496000289916992,14.947333335876465,15.276666641235352,139809000.0,,,,,,,,,,,,,,,
2019-09-03,15.000666618347168,15.263333320617676,14.87733268737793,14.93866729736328,80311500.0,,,,,,,,,,,,,,,
2019-09-04,14.711999893188477,15.230667114257812,14.61400032043457,15.12600040435791,86415000.0,,,,,,,,,,,,,,,
2019-09-05,15.305333137512209,15.31999969482422,14.723333358764648,14.833333015441896,110929500.0,,,,,,,,,,,,,,,
2019-09-06,15.16333293914795,15.309332847595217,15.011333465576172,15.146666526794434,62841000.0,,,,,,,,,,,,,,,
2019-09-09,15.452667236328123,15.583999633789062,15.281999588012695,15.333333015441896,72040500.0,,,,,,,,,,,,,,,
2019-09-10,15.702667236328123,15.702667236328123,15.262666702270508,15.386667251586914,73255500.0,,,,,,,,,,,,,,,
2019-09-11,16.47333335876465,16.544666290283203,15.733332633972168,15.825332641601562,150642000.0,,,,,,,,,,,,,,,
2019-09-12,16.391332626342773,16.899999618530273,16.293333053588867,16.51333236694336,128718000.0,,,,,,,,,,,,,,,
2019-09-13,16.34666633605957,16.56333351135254,16.32466697692871,16.464000701904297,79696500.0,,,,,,,,,,,,,,,
2019-09-16,16.187332153320312,16.495332717895508,16.077999114990234,16.399999618530273,70921500.0,,,,,,,,,,,,,,,
2019-09-17,16.319332122802734,16.373332977294922,16.024667739868164,16.1646671295166,57981000.0,,,,,,,,,,,,,,,
2019-09-18,16.232667922973633,16.544666290283203,16.158000946044922,16.333332061767578,62553000.0,,,,,,,,,,,,,,,
2019-09-19,16.440000534057617,16.529333114624023,16.32266616821289,16.399999618530273,71937000.0,,,,,,,,,,,,,,,
2019-09-20,16.041332244873047,16.463333129882812,15.87733268737793,16.432666778564453,95295000.0,,,,,,,,,,,,,,,
2019-09-23,16.082000732421875,16.345333099365234,15.947999954223633,16.0,65103000.0,,,,,,,,,,,,,,,
2019-09-24,14.880666732788086,16.132667541503906,14.84066677093506,16.101333618164062,193372500.0,,,,,,,,,,,,,,,
2019-09-25,15.24666690826416,15.26533317565918,14.557332992553713,14.970666885375977,141406500.0,,,,,,,,,,,,,,,
2019-09-26,16.17066764831543,16.220666885375977,15.15999984741211,15.37733268737793,178267500.0,,,,,,,,,,,,,,,
2019-09-27,16.142000198364258,16.58066749572754,15.915332794189451,16.14666748046875,166746000.0,,,,,,,,,,,,,,,
2019-09-30,16.058000564575195,16.26533317565918,15.740667343139648,16.200000762939453,88197000.0,,,,,,,,,,,,,,,
2019-10-01,16.312667846679688,16.39666748046875,15.94200038909912,16.100000381469727,92439000.0,,,,,,,,,,,,,,,
2019-10-02,16.208667755126953,16.309999465942383,15.961999893188477,16.21933364868164,84471000.0,,,,,,,,,,,,,,,
2019-10-03,15.535332679748535,15.631999969482422,14.95199966430664,15.457332611083984,226267500.0,,,,,,,,,,,,,,,
2019-10-04,15.428667068481444,15.652000427246094,15.204667091369627,15.440667152404783,119925000.0,,,,,,,,,,,,,,,
2019-10-07,15.847999572753906,15.904000282287598,15.236666679382324,15.31999969482422,120963000.0,,,,,,,,,,,,,,,
2019-10-08,16.003332138061523,16.262666702270508,15.633333206176758,15.724666595458984,130173000.0,,,,,,,,,,,,,,,
2019-10-09,16.302000045776367,16.48666763305664,16.043333053588867,16.08799934387207,103416000.0,,,,,,,,,,,,,,,
2019-10-10,16.31599998474121,16.618667602539062,16.10533332824707,16.351999282836914,94249500.0,,,,,,,,,,,,,,,
2019-10-11,16.525999069213867,16.738666534423828,16.45400047302246,16.476667404174805,127131000.0,,,,,,,,,,,,,,,
2019-10-14,17.130666732788086,17.23666763305664,16.475332260131836,16.52666664123535,153075000.0,,,,,,,,,,,,,,,
2019-10-15,17.19266700744629,17.333332061767578,16.941333770751953,17.18000030517578,96492000.0,,,,,,,,,,,,,,,
2019-10-16,17.316667556762695,17.47333335876465,17.128000259399414,17.159332275390625,100261500.0,,,,,,,,,,,,,,,
2019-10-17,17.46466636657715,17.652000427246094,17.344667434692383,17.5,71539500.0,,,,,,,,,,,,,,,
2019-10-18,17.1299991607666,17.520000457763672,17.00666618347168,17.3799991607666,86247000.0,,,,,,,,,,,,,,,
2019-10-21,16.899999618530273,17.299999237060547,16.678667068481445,17.222000122070312,75304500.0,,,,,,,,,,,,,,,
2019-10-22,17.038667678833008,17.222000122070312,16.72333335876465,16.954666137695312,69012000.0,,,,,,,,,,,,,,,
2019-10-23,16.978666305541992,17.076000213623047,16.75666618347168,16.96666717529297,78916500.0,,,,,,,,,,,,,,,
2019-10-24,19.978666305541992,20.32866668701172,19.280000686645508,19.891332626342773,445813500.0,,,,,,,,,,,,,,,
2019-10-25,21.875333786010746,22.0,19.74066734313965,19.847999572753903,450091500.0,,,,,,,,,,,,,,,
2019-10-28,21.84733390808105,22.7226676940918,21.50666618347168,21.836000442504883,283054500.0,,,,,,,,,,,,,,,
2019-10-29,21.08133316040039,21.6200008392334,20.983333587646484,21.332666397094727,190264500.0,,,,,,,,,,,,,,,
2019-10-30,21.000667572021484,21.252666473388672,20.6646671295166,20.86666679382324,144627000.0,,,,,,,,,,,,,,,
2019-10-31,20.994667053222656,21.26666641235352,20.86666679382324,20.87333297729492,76005000.0,,,,,,,,,,,,,,,
2019-11-01,20.88733291625977,21.09866714477539,20.65333366394043,21.08799934387207,95758500.0,,,,,,,,,,,,,,,
2019-11-04,21.1646671295166,21.46266746520996,20.617332458496094,20.98666763305664,131805000.0,,,,,,,,,,,,,,,
2019-11-05,21.14800071716309,21.567333221435547,21.07466697692871,21.308000564575195,104151000.0,,,,,,,,,,,,,,,
2019-11-06,21.77199935913086,21.781333923339844,20.96666717529297,21.200000762939453,119113500.0,,,,,,,,,,,,,,,
2019-11-07,22.36933326721192,22.76666641235352,21.86800003051757,21.94266700744629,217009500.0,,,,,,,,,,,,,,,
2019-11-08,22.47599983215332,22.497333526611328,22.166667938232425,22.299999237060547,91038000.0,,,,,,,,,,,,,,,
2019-11-11,23.006000518798828,23.279333114624023,22.799999237060547,22.93000030517578,149800500.0,,,,,,,,,,,,,,,
2019-11-12,23.32866668701172,23.357999801635746,22.93600082397461,23.12666702270508,110391000.0,,,,,,,,,,,,,,,
2019-11-13,23.073999404907227,23.755332946777344,23.011999130249023,23.666667938232425,126301500.0,,,,,,,,,,,,,,,
2019-11-14,23.290000915527344,23.589332580566406,22.86066627502441,23.073999404907227,96973500.0,,,,,,,,,,,,,,,
2019-11-15,23.47800064086914,23.520000457763672,23.224000930786133,23.3759994506836,72135000.0,,,,,,,,,,,,,,,
2019-11-18,23.332666397094727,23.543333053588867,23.07333374023437,23.527999877929688,66006000.0,,,,,,,,,,,,,,,
2019-11-19,23.968000411987305,23.99933242797852,23.18666648864746,23.450000762939453,115872000.0,,,,,,,,,,,,,,,
2019-11-20,23.481332778930664,24.07999992370605,23.30466651916504,24.0,100876500.0,,,,,,,,,,,,,,,
2019-11-21,23.655332565307617,24.05599975585937,23.600000381469727,23.63400077819824,91650000.0,,,,,,,,,,,,,,,
2019-11-22,22.202667236328125,22.733333587646484,22.0,22.67733383178711,253059000.0,,,,,,,,,,,,,,,
2019-11-25,22.422666549682617,22.971332550048828,22.297332763671875,22.954666137695312,185092500.0,,,,,,,,,,,,,,,
2019-11-26,21.92799949645996,22.36666679382324,21.80666732788086,22.351333618164062,119211000.0,,,,,,,,,,,,,,,
2019-11-27,22.086000442504883,22.261999130249023,21.90466690063477,22.07466697692871,83334000.0,,,,,,,,,,,,,,,
2019-11-29,21.996000289916992,22.083999633789062,21.83333206176757,22.073999404907227,36984000.0,,,,,,,,,,,,,,,
2019-12-02,22.32466697692871,22.42533302307129,21.91266632080078,21.959999084472656,91117500.0,,,,,,,,,,,,,,,
2019-12-03,22.413333892822266,22.527332305908203,22.145999908447266,22.17466735839844,98605500.0,,,,,,,,,,,,,,,
2019-12-04,22.20199966430664,22.52400016784668,22.190000534057617,22.51666641235352,82995000.0,,,,,,,,,,,,,,,
2019-12-05,22.024667739868164,22.294666290283203,21.81666755676269,22.18866729736328,55869000.0,,,,,,,,,,,,,,,
2019-12-06,22.392667770385746,22.59066772460937,22.31800079345703,22.33333206176757,114186000.0,,,,,,,,,,,,,,,
2019-12-09,22.635332107543945,22.96333312988281,22.338666915893555,22.439332962036133,135346500.0,,,,,,,,,,,,,,,
2019-12-10,23.256000518798828,23.381999969482425,22.62066650390625,22.66399955749512,132424500.0,,,,,,,,,,,,,,,
2019-12-11,23.51333236694336,23.812667846679688,23.4060001373291,23.45866775512696,103467000.0,,,,,,,,,,,,,,,
2019-12-12,23.978666305541992,24.182666778564453,23.548667907714844,23.661333084106445,116458500.0,,,,,,,,,,,,,,,
2019-12-13,23.892667770385746,24.34733390808105,23.642667770385746,24.06999969482422,98563500.0,,,,,,,,,,,,,,,
2019-12-16,25.433332443237305,25.573999404907227,24.166667938232425,24.170000076293945,272613000.0,,,,,,,,,,,,,,,
2019-12-17,25.266000747680664,25.700000762939453,25.059999465942383,25.266000747680664,127452000.0,,,,,,,,,,,,,,,
2019-12-18,26.209999084472656,26.347999572753903,25.371999740600582,25.375333786010746,211815000.0,,,,,,,,,,,,,,,
2019-12-19,26.93600082397461,27.12333297729492,26.433332443237305,26.488000869750977,271606500.0,,,,,,,,,,,,,,,
2019-12-20,27.03933334350586,27.53333282470703,26.679332733154297,27.3526668548584,221290500.0,,,,,,,,,,,,,,,
2019-12-23,27.94799995422364,28.13400077819824,27.33333206176757,27.45199966430664,199794000.0,,,,,,,,,,,,,,,
2019-12-24,28.350000381469727,28.36466789245605,27.512666702270508,27.89066696166992,120820500.0,,,,,,,,,,,,,,,
2019-12-26,28.72933387756348,28.898666381835938,28.42333221435547,28.527332305908203,159508500.0,,,,,,,,,,,,,,,
2019-12-27,28.691999435424805,29.020666122436523,28.40733337402344,29.0,149185500.0,,,,,,,,,,,,,,,
2019-12-30,27.64666748046875,28.600000381469727,27.28400039672852,28.586000442504883,188796000.0,,,,,,,,,,,,,,,
2019-12-31,27.8886661529541,28.086000442504883,26.80533218383789,27.0,154285500.0,,,,,,,,,,,,,,,
2020-01-02,28.68400001525879,28.71333312988281,28.11400032043457,28.299999237060547,142981500.0,,,,,,,,,,,,,,,
2020-01-03,29.53400039672852,30.26666641235352,29.12800025939941,29.36666679382324,266677500.0,,,,,,,,,,,,,,,
2020-01-06,30.1026668548584,30.10400009155273,29.33333206176757,29.36466789245605,151995000.0,,,,,,,,,,,,,,,
2020-01-07,31.270666122436523,31.441999435424805,30.224000930786133,30.76000022888184,268231500.0,,,,,,,,,,,,,,,
2020-01-08,32.80933380126953,33.232666015625,31.21533393859864,31.57999992370605,467164500.0,,,,,,,,,,,,,,,
2020-01-09,32.089332580566406,33.25333404541016,31.524667739868164,33.13999938964844,426606000.0,,,,,,,,,,,,,,,
2020-01-10,31.87666702270508,32.3293342590332,31.57999992370605,32.11933135986328,194392500.0,,,,,,,,,,,,,,,
2020-01-13,34.990665435791016,35.04199981689453,32.79999923706055,32.900001525878906,397764000.0,,,,,,,,,,,,,,,
2020-01-14,35.861331939697266,36.49399948120117,34.99333190917969,36.28400039672852,434943000.0,,,,,,,,,,,,,,,
2020-01-15,34.56666564941406,35.85599899291992,34.452667236328125,35.31733322143555,260532000.0,,,,,,,,,,,,,,,
2020-01-16,34.232666015625,34.297332763671875,32.81133270263672,32.91666793823242,326050500.0,,,,,,,,,,,,,,,
2020-01-17,34.03333282470703,34.37799835205078,33.54399871826172,33.840667724609375,204436500.0,,,,,,,,,,,,,,,
2020-01-21,36.47999954223633,36.571998596191406,35.227333068847656,35.349998474121094,267052500.0,,,,,,,,,,,,,,,
2020-01-22,37.97066879272461,39.633331298828125,37.27333450317383,38.1259994506836,470535000.0,,,,,,,,,,,,,,,
2020-01-23,38.14666748046875,38.79999923706055,37.040000915527344,37.61666870117188,294765000.0,,,,,,,,,,,,,,,
2020-01-24,37.654666900634766,38.25733184814453,36.95066833496094,38.04199981689453,215304000.0,,,,,,,,,,,,,,,
2020-01-27,37.20133209228516,37.62933349609375,35.95199966430664,36.13266754150391,204121500.0,,,,,,,,,,,,,,,
2020-01-28,37.79333114624024,38.45399856567383,37.2053337097168,37.89933395385742,176827500.0,,,,,,,,,,,,,,,
2020-01-29,38.732666015625,39.31999969482422,37.82866668701172,38.37933349609375,267022500.0,,,,,,,,,,,,,,,
2020-01-30,42.72066879272461,43.391998291015625,41.20000076293945,42.16133117675781,435085500.0,,,,,,,,,,,,,,,
2020-01-31,43.37133407592773,43.53333282470703,42.167999267578125,42.66666793823242,235789500.0,,,,,,,,,,,,,,,
2020-02-03,52.0,52.40933227539063,44.90133285522461,44.91266632080078,705975000.0,,,,,,,,,,,,,,,
2020-02-04,59.137332916259766,64.59933471679688,55.59199905395508,58.86399841308594,914082000.0,,,,,,,,,,,,,,,
2020-02-05,48.97999954223633,56.39866638183594,46.94066619873047,54.88399887084961,726357000.0,,,,,,,,,,,,,,,
2020-02-06,49.93066787719727,53.05533218383789,45.79999923706055,46.66133117675781,598212000.0,,,,,,,,,,,,,,,
2020-02-07,49.87133407592773,51.31666564941406,48.66666793823242,48.70333480834961,255952500.0,,,,,,,,,,,,,,,
2020-02-10,51.41866683959961,54.66600036621094,50.15999984741211,53.33333206176758,370338000.0,,,,,,,,,,,,,,,
2020-02-11,51.62533187866211,52.23400115966797,50.53333282470703,51.25266647338867,175462500.0,,,,,,,,,,,,,,,
2020-02-12,51.15266799926758,52.650001525878906,50.891334533691406,51.858001708984375,180337500.0,,,,,,,,,,,,,,,
2020-02-13,53.59999847412109,54.53333282470703,49.0,49.45600128173828,394339500.0,,,,,,,,,,,,,,,
2020-02-14,53.33533477783203,54.198001861572266,52.36666870117188,52.4813346862793,235405500.0,,,,,,,,,,,,,,,
2020-02-18,57.22666549682617,57.33333206176758,55.490665435791016,56.106666564941406,245725500.0,,,,,,,,,,,,,,,
2020-02-19,61.16133117675781,62.98533248901367,60.06800079345703,61.56666564941406,381345000.0,,,,,,,,,,,,,,,
2020-02-20,59.96066665649414,60.79999923706055,57.3293342590332,60.79666519165039,264523500.0,,,,,,,,,,,,,,,
2020-02-21,60.06666564941406,60.87066650390625,58.6966667175293,60.46533203125,214722000.0,,,,,,,,,,,,,,,
2020-02-24,55.58599853515625,57.56666564941406,54.81333160400391,55.93333435058594,227883000.0,,,,,,,,,,,,,,,
2020-02-25,53.32733154296875,57.106666564941406,52.46666717529297,56.59999847412109,259357500.0,,,,,,,,,,,,,,,
2020-02-26,51.91999816894531,54.22066879272461,51.740665435791016,52.16666793823242,211282500.0,,,,,,,,,,,,,,,
2020-02-27,45.26666641235352,49.31800079345703,44.59999847412109,48.66666793823242,364158000.0,,,,,,,,,,,,,,,
2020-02-28,44.53266525268555,46.03466796875,40.76800155639648,41.97999954223633,363343500.0,,,,,,,,,,,,,,,
2020-03-02,49.574668884277344,49.5793342590332,45.77799987792969,47.41733169555664,302925000.0,,,,,,,,,,,,,,,
2020-03-03,49.70066833496094,53.79866790771485,47.740665435791016,53.66666793823242,386760000.0,,,,,,,,,,,,,,,
2020-03-04,49.96666717529297,51.10133361816406,48.31533432006836,50.93066787719727,225735000.0,,,,,,,,,,,,,,,
2020-03-05,48.30266571044922,49.71666717529297,47.87133407592773,48.2513313293457,162790500.0,,,,,,,,,,,,,,,
2020-03-06,46.89866638183594,47.133331298828125,45.61800003051758,46.0,189943500.0,,,,,,,,,,,,,,,
2020-03-09,40.53333282470703,44.20000076293945,40.33333206176758,40.35933303833008,256105500.0,,,,,,,,,,,,,,,
2020-03-10,43.02199935913086,44.53333282470703,40.53333282470703,43.96200180053711,233916000.0,,,,,,,,,,,,,,,
2020-03-11,42.28200149536133,43.571998596191406,40.86666870117188,42.68000030517578,199837500.0,,,,,,,,,,,,,,,
2020-03-12,37.369998931884766,39.633331298828125,36.41666793823242,38.72600173950195,283636500.0,,,,,,,,,,,,,,,
2020-03-13,36.44133377075195,40.50466537475586,33.46666717529297,39.66666793823242,339604500.0,,,,,,,,,,,,,,,
2020-03-16,29.67133331298828,32.9913330078125,29.47800064086914,31.299999237060547,307342500.0,,,,,,,,,,,,,,,
2020-03-17,28.68000030517578,31.456666946411133,26.39999961853028,29.333999633789062,359919000.0,,,,,,,,,,,,,,,
2020-03-18,24.08133316040039,26.99066734313965,23.367332458496094,25.933332443237305,356793000.0,,,,,,,,,,,,,,,
2020-03-19,28.50933265686035,30.13333320617676,23.8973331451416,24.979999542236328,452932500.0,,,,,,,,,,,,,,,
2020-03-20,28.50200080871582,31.799999237060547,28.38599967956543,29.21333312988281,424282500.0,,,,,,,,,,,,,,,
2020-03-23,28.952667236328125,29.46666717529297,27.36666679382324,28.906667709350582,246817500.0,,,,,,,,,,,,,,,
2020-03-24,33.66666793823242,34.24599838256836,31.600000381469727,31.81999969482422,343428000.0,,,,,,,,,,,,,,,
2020-03-25,35.95000076293945,37.133331298828125,34.07400131225586,36.34999847412109,318340500.0,,,,,,,,,,,,,,,
2020-03-26,35.21066665649414,37.33333206176758,34.150001525878906,36.49266815185547,260710500.0,,,,,,,,,,,,,,,
2020-03-27,34.29066848754883,35.0533332824707,32.935333251953125,33.66666793823242,215661000.0,,,,,,,,,,,,,,,
2020-03-30,33.47533416748047,34.44333267211914,32.7486686706543,34.017333984375,179971500.0,,,,,,,,,,,,,,,
2020-03-31,34.93333435058594,36.19733428955078,33.133331298828125,33.41666793823242,266572500.0,,,,,,,,,,,,,,,
2020-04-01,32.104000091552734,34.26333236694336,31.67333221435547,33.599998474121094,200298000.0,,,,,,,,,,,,,,,
2020-04-02,30.29800033569336,32.95066833496094,29.76000022888184,32.06866836547852,297876000.0,,,,,,,,,,,,,,,
2020-04-03,32.000667572021484,34.36600112915039,31.22599983215332,33.96666717529297,338431500.0,,,,,,,,,,,,,,,
2020-04-06,34.41600036621094,34.733333587646484,33.19733428955078,34.08000183105469,223527000.0,,,,,,,,,,,,,,,
2020-04-07,36.36333465576172,37.66666793823242,35.48933410644531,36.33333206176758,268797000.0,,,,,,,,,,,,,,,
2020-04-08,36.589332580566406,37.14733123779297,35.55533218383789,36.9466667175293,189840000.0,,,,,,,,,,,,,,,
2020-04-09,38.20000076293945,38.345333099365234,37.14066696166992,37.4726676940918,204750000.0,,,,,,,,,,,,,,,
2020-04-13,43.39666748046875,43.46666717529297,38.70199966430664,39.34400177001953,337131000.0,,,,,,,,,,,,,,,
2020-04-14,47.32600021362305,49.45866775512695,46.1619987487793,46.59799957275391,458647500.0,,,,,,,,,,,,,,,
2020-04-15,48.65533447265625,50.20866775512695,47.33333206176758,49.46666717529297,353655000.0,,,,,,,,,,,,,,,
2020-04-16,49.68066787719727,50.630001068115234,47.11466598510742,47.79600143432617,309868500.0,,,,,,,,,,,,,,,
2020-04-17,50.25933456420898,51.663333892822266,49.84400177001953,51.48533248901367,196923000.0,,,,,,,,,,,,,,,
2020-04-20,49.75733184814453,51.03799819946289,47.48066711425781,48.8466682434082,221199000.0,,,,,,,,,,,,,,,
2020-04-21,45.78133392333984,50.22200012207031,44.91933441162109,48.67466735839844,303136500.0,,,,,,,,,,,,,,,
2020-04-22,48.80733489990234,48.93333435058594,45.91400146484375,46.93199920654297,212482500.0,,,,,,,,,,,,,,,
2020-04-23,47.04199981689453,48.93333435058594,46.87533187866211,48.50666809082031,198550500.0,,,,,,,,,,,,,,,
2020-04-24,48.34333419799805,48.71533203125,46.54533386230469,47.387332916259766,198180000.0,,,,,,,,,,,,,,,
2020-04-27,53.25,53.29933166503906,49.0,49.17399978637695,310221000.0,,,,,,,,,,,,,,,
2020-04-28,51.27466583251953,53.66666793823242,50.44599914550781,53.042667388916016,228330000.0,,,,,,,,,,,,,,,
2020-04-29,53.367332458496094,53.54666519165039,52.21066665649414,52.678001403808594,243240000.0,,,,,,,,,,,,,,,
2020-04-30,52.12533187866211,57.98799896240234,50.900001525878906,57.01266860961914,427078500.0,,,,,,,,,,,,,,,
2020-05-01,46.75466537475586,51.51800155639648,45.5359992980957,50.33333206176758,487977000.0,,,,,,,,,,,,,,,
2020-05-04,50.74599838256836,50.79999923706055,46.53333282470703,46.73333358764648,288556500.0,,,,,,,,,,,,,,,
2020-05-05,51.2140007019043,53.26133346557617,50.8120002746582,52.65266799926758,254875500.0,,,,,,,,,,,,,,,
2020-05-06,52.172000885009766,52.6533317565918,50.740665435791016,51.76666641235352,166848000.0,,,,,,,,,,,,,,,
2020-05-07,52.00266647338867,53.09333419799805,51.4900016784668,51.81399917602539,172915500.0,,,,,,,,,,,,,,,
2020-05-08,54.62799835205078,54.93333435058594,52.46733474731445,52.917999267578125,241297500.0,,,,,,,,,,,,,,,
2020-05-11,54.08599853515625,54.93333435058594,52.33333206176758,52.70066833496094,247794000.0,,,,,,,,,,,,,,,
2020-05-12,53.96066665649414,56.21933364868164,53.86666870117188,55.133331298828125,238603500.0,,,,,,,,,,,,,,,
2020-05-13,52.73066711425781,55.06666564941406,50.88666534423828,54.72200012207031,285982500.0,,,,,,,,,,,,,,,
2020-05-14,53.55533218383789,53.55733489990234,50.93333435058594,52.0,205233000.0,,,,,,,,,,,,,,,
2020-05-15,53.27799987792969,53.66999816894531,52.436668395996094,52.68999862670898,157776000.0,,,,,,,,,,,,,,,
2020-05-18,54.242000579833984,55.64799880981445,53.59199905395508,55.185333251953125,174987000.0,,,,,,,,,,,,,,,
2020-05-19,53.867332458496094,54.80466842651367,53.73866653442383,54.34466552734375,144547500.0,,,,,,,,,,,,,,,
2020-05-20,54.37066650390625,55.06666564941406,54.119998931884766,54.70000076293945,109639500.0,,,,,,,,,,,,,,,
2020-05-21,55.17333221435547,55.5,53.06666564941406,54.400001525878906,183819000.0,,,,,,,,,,,,,,,
2020-05-22,54.45866775512695,55.45199966430664,54.133331298828125,54.81133270263672,149812500.0,,,,,,,,,,,,,,,
2020-05-26,54.5913314819336,55.63999938964844,54.38066864013672,55.633331298828125,121345500.0,,,,,,,,,,,,,,,
2020-05-27,54.68199920654297,55.18066787719727,52.33333206176758,54.7239990234375,173242500.0,,,,,,,,,,,,,,,
2020-05-28,53.72066879272461,54.98333358764648,53.44599914550781,54.23400115966797,108834000.0,,,,,,,,,,,,,,,
2020-05-29,55.66666793823242,55.66666793823242,53.61399841308594,53.91666793823242,176467500.0,,,,,,,,,,,,,,,
2020-06-01,59.87333297729492,59.93333435058594,56.93999862670898,57.20000076293945,224092500.0,,,,,,,,,,,,,,,
2020-06-02,58.77066802978516,60.57733154296875,58.06666564941406,59.64666748046875,203484000.0,,,,,,,,,,,,,,,
2020-06-03,58.86399841308594,59.86266708374024,58.67333221435547,59.20800018310547,119242500.0,,,,,,,,,,,,,,,
2020-06-04,57.62533187866211,59.71666717529297,57.22933197021485,59.32533264160156,133315500.0,,,,,,,,,,,,,,,
2020-06-05,59.04399871826172,59.10133361816406,57.74666595458984,58.52266693115234,117178500.0,,,,,,,,,,,,,,,
2020-06-08,63.32799911499024,63.33333206176758,60.61066818237305,61.26666641235352,212620500.0,,,,,,,,,,,,,,,
2020-06-09,62.711334228515625,63.62933349609375,61.595333099365234,62.66733169555664,170823000.0,,,,,,,,,,,,,,,
2020-06-10,68.336669921875,68.49866485595703,65.5,66.12533569335938,278451000.0,,,,,,,,,,,,,,,
2020-06-11,64.85600280761719,67.9306640625,64.80000305175781,66.01333618164062,238747500.0,,,,,,,,,,,,,,,
2020-06-12,62.35200119018555,65.8653335571289,60.84000015258789,65.33333587646484,251451000.0,,,,,,,,,,,,,,,
2020-06-15,66.05999755859375,66.5893325805664,60.56666564941406,61.18600082397461,235458000.0,,,,,,,,,,,,,,,
2020-06-16,65.47533416748047,67.52532958984375,64.15933227539062,67.4566650390625,210766500.0,,,,,,,,,,,,,,,
2020-06-17,66.11933135986328,67.0,65.50466918945312,65.84733581542969,148362000.0,,,,,,,,,,,,,,,
2020-06-18,66.9306640625,67.94667053222656,66.2979965209961,66.86666870117188,146278500.0,,,,,,,,,,,,,,,
2020-06-19,66.72666931152344,67.73133087158203,66.0893325805664,67.51866912841797,130195500.0,,,,,,,,,,,,,,,
2020-06-22,66.28800201416016,67.2586669921875,66.00133514404297,66.663330078125,95436000.0,,,,,,,,,,,,,,,
2020-06-23,66.78533172607422,67.46666717529297,66.267333984375,66.59200286865234,95479500.0,,,,,,,,,,,,,,,
2020-06-24,64.0566635131836,66.72533416748047,63.542667388916016,66.27400207519531,164394000.0,,,,,,,,,,,,,,,
2020-06-25,65.73200225830078,65.73200225830078,62.47666549682617,63.61800003051758,138817500.0,,,,,,,,,,,,,,,
2020-06-26,63.982666015625,66.33333587646484,63.65800094604492,66.31866455078125,132823500.0,,,,,,,,,,,,,,,
2020-06-29,67.29000091552734,67.33333587646484,63.23466873168945,64.60066986083984,135396000.0,,,,,,,,,,,,,,,
2020-06-30,71.98733520507812,72.51266479492188,66.91533660888672,67.0999984741211,253777500.0,,,,,,,,,,,,,,,
2020-07-01,74.64199829101562,75.68866729736328,72.03333282470703,72.19999694824219,199903500.0,,,,,,,,,,,,,,,
2020-07-02,80.57733154296875,81.86666870117188,79.04000091552734,81.43199920654297,258751500.0,,,,,,,,,,,,,,,
2020-07-06,91.43866729736328,91.85266876220705,84.40266418457031,85.11266326904297,308548500.0,,,,,,,,,,,,,,,
2020-07-07,92.65733337402344,95.3000030517578,89.11399841308594,93.6673355102539,322345500.0,,,,,,,,,,,,,,,
2020-07-08,91.05867004394533,94.48400115966795,87.42266845703125,93.66666412353516,244669500.0,,,,,,,,,,,,,,,
2020-07-09,92.9520034790039,93.90399932861328,90.08533477783205,93.1326675415039,175764000.0,,,,,,,,,,,,,,,
2020-07-10,102.97666931152344,103.2613296508789,91.73400115966795,93.06666564941406,350064000.0,,,,,,,,,,,,,,,
2020-07-13,99.8040008544922,119.66600036621094,98.0739974975586,110.5999984741211,584781000.0,,,,,,,,,,,,,,,
2020-07-14,101.12000274658205,106.0,95.4000015258789,103.73332977294922,351271500.0,,,,,,,,,,,,,,,
2020-07-15,103.06732940673828,103.33333587646484,97.13333129882812,102.86666870117188,245517000.0,,,,,,,,,,,,,,,
2020-07-16,100.04266357421876,102.11399841308594,97.73332977294922,98.47733306884766,214512000.0,,,,,,,,,,,,,,,
2020-07-17,100.05599975585938,102.50066375732422,99.33333587646484,100.89666748046876,139950000.0,,,,,,,,,,,,,,,
2020-07-20,109.53333282470705,110.0,99.1999969482422,101.267333984375,256821000.0,,,,,,,,,,,,,,,
2020-07-21,104.55733489990234,111.66666412353516,103.86666870117188,109.32866668701172,241608000.0,,,,,,,,,,,,,,,
2020-07-22,106.15533447265624,108.4280014038086,104.13333129882812,106.5999984741211,212416500.0,,,,,,,,,,,,,,,
2020-07-23,100.87133026123048,112.5999984741211,98.71800231933594,111.93000030517578,364927500.0,,,,,,,,,,,,,,,
2020-07-24,94.46666717529295,97.66666412353516,91.10266876220705,94.40066528320312,290949000.0,,,,,,,,,,,,,,,
2020-07-27,102.63999938964844,103.1959991455078,94.1999969482422,95.66666412353516,240730500.0,,,,,,,,,,,,,,,
2020-07-28,98.43267059326172,104.3133316040039,98.29467010498048,100.26667022705078,237130500.0,,,,,,,,,,,,,,,
2020-07-29,99.94066619873048,102.32066345214844,99.13333129882812,100.06666564941406,141403500.0,,,,,,,,,,,,,,,
2020-07-30,99.16600036621094,100.8826675415039,98.06666564941406,99.1999969482422,114315000.0,,,,,,,,,,,,,,,
2020-07-31,95.38400268554688,101.13666534423828,94.73200225830078,101.0,183123000.0,,,,,,,,,,,,,,,
2020-08-03,99.0,100.65399932861328,96.29199981689452,96.61333465576172,132139500.0,,,,,,,,,,,,,,,
2020-08-04,99.13333129882812,101.82733154296876,97.46666717529295,99.6673355102539,126225000.0,,,,,,,,,,,,,,,
2020-08-05,99.00133514404295,99.98933410644533,97.88733673095705,99.5326690673828,74217000.0,,,,,,,,,,,,,,,
2020-08-06,99.30533599853516,101.15399932861328,98.48400115966795,99.38866424560548,89884500.0,,,,,,,,,,,,,,,
2020-08-07,96.84733581542967,99.98332977294922,94.33399963378906,99.96932983398438,133446000.0,,,,,,,,,,,,,,,
2020-08-10,94.5713348388672,97.16666412353516,92.38933563232422,96.53333282470705,112834500.0,,,,,,,,,,,,,,,
2020-08-11,91.6259994506836,94.66666412353516,91.0,93.06666564941406,129387000.0,,,,,,,,,,,,,,,
2020-08-12,103.65066528320312,105.66666412353516,95.66666412353516,98.0,327441000.0,,,,,,,,,,,,,,,
2020-08-13,108.06666564941406,110.07866668701172,104.48400115966795,107.4000015258789,306379500.0,,,,,,,,,,,,,,,
2020-08-14,110.04733276367188,111.25333404541016,108.44266510009766,110.99933624267578,188664000.0,,,,,,,,,,,,,,,
2020-08-17,122.3759994506836,123.05733489990234,111.52200317382812,111.8000030517578,303634500.0,,,,,,,,,,,,,,,
2020-08-18,125.80599975585938,128.25999450683594,123.00733184814452,126.59933471679688,247117500.0,,,,,,,,,,,,,,,
2020-08-19,125.23533630371094,127.4000015258789,122.74732971191406,124.33333587646484,183079500.0,,,,,,,,,,,,,,,
2020-08-20,133.45533752441406,134.79933166503906,123.8040008544922,124.04533386230467,309177000.0,,,,,,,,,,,,,,,
2020-08-21,136.6653289794922,139.69932556152344,135.00332641601562,136.3173370361328,322344000.0,,,,,,,,,,,,,,,
2020-08-24,134.27999877929688,141.93333435058594,128.50132751464844,141.7519989013672,300954000.0,,,,,,,,,,,,,,,
2020-08-25,134.8893280029297,135.19667053222656,131.1999969482422,131.65933227539062,159883500.0,,,,,,,,,,,,,,,
2020-08-26,143.54466247558594,144.39999389648438,136.90866088867188,137.3333282470703,213591000.0,,,,,,,,,,,,,,,
2020-08-27,149.25,153.0399932861328,142.8333282470703,145.36399841308594,355395000.0,,,,,,,,,,,,,,,
2020-08-28,147.55999755859375,154.5659942626953,145.76800537109375,153.00799560546875,301218000.0,,,,,,,,,,,,,,,
2020-08-31,166.10667419433594,166.7133331298828,146.70333862304688,148.20333862304688,355123200.0,,,,,,,,,,,,,,,
2020-09-01,158.35000610351562,167.49667358398438,156.836669921875,167.3800048828125,269523300.0,,,,,,,,,,,,,,,
2020-09-02,149.1233367919922,159.67999267578125,135.0399932861328,159.663330078125,288528300.0,,,,,,,,,,,,,,,
2020-09-03,135.6666717529297,143.93333435058594,134.0,135.7433319091797,262788300.0,,,,,,,,,,,,,,,
2020-09-04,139.44000244140625,142.6666717529297,124.00666809082033,134.27000427246094,330965700.0,,,,,,,,,,,,,,,
2020-09-08,110.06999969482422,122.913330078125,109.95999908447266,118.66666412353516,346397100.0,,,,,,,,,,,,,,,
2020-09-09,122.09333038330078,123.0,113.836669921875,118.86666870117188,238397400.0,,,,,,,,,,,,,,,
2020-09-10,123.77999877929688,132.99667358398438,120.1866683959961,128.73666381835938,254791800.0,,,,,,,,,,,,,,,
2020-09-11,124.23999786376952,127.5,120.16666412353516,127.3133316040039,182152500.0,,,,,,,,,,,,,,,
2020-09-14,139.8733367919922,140.0,124.43333435058594,126.98332977294922,249061800.0,,,,,,,,,,,,,,,
2020-09-15,149.9199981689453,153.97999572753906,143.56666564941406,145.52000427246094,291894600.0,,,,,,,,,,,,,,,
2020-09-16,147.25332641601562,152.59666442871094,145.10333251953125,146.6233367919922,216837900.0,,,,,,,,,,,,,,,
2020-09-17,141.14332580566406,145.92999267578125,136.0,138.53334045410156,230337600.0,,,,,,,,,,,,,,,
2020-09-18,147.38333129882812,150.3333282470703,142.93333435058594,149.31333923339844,259220400.0,,,,,,,,,,,,,,,
2020-09-21,149.79666137695312,151.89332580566406,135.69000244140625,151.0433349609375,328430400.0,,,,,,,,,,,,,,,
2020-09-22,141.41000366210938,145.9199981689453,139.1999969482422,143.1999969482422,238742400.0,,,,,,,,,,,,,,,
2020-09-23,126.7866668701172,137.38333129882812,125.2933349609375,135.05332946777344,285222600.0,,,,,,,,,,,,,,,
2020-09-24,129.26333618164062,133.1666717529297,117.0999984741211,121.26667022705078,289683300.0,,,,,,,,,,,,,,,
2020-09-25,135.77999877929688,136.2433319091797,130.43333435058594,131.1566619873047,201625500.0,,,,,,,,,,,,,,,
2020-09-28,140.39999389648438,142.69332885742188,138.51666259765625,141.5399932861328,149158800.0,,,,,,,,,,,,,,,
2020-09-29,139.69000244140625,142.8333282470703,137.1999969482422,138.6666717529297,150657900.0,,,,,,,,,,,,,,,
2020-09-30,143.00332641601562,144.64332580566406,140.1566619873047,140.44000244140625,144436800.0,,,,,,,,,,,,,,,
2020-10-01,149.3866729736328,149.6266632080078,144.80667114257812,146.9199981689453,152224500.0,,,,,,,,,,,,,,,
2020-10-02,138.3633270263672,146.3766632080078,138.3333282470703,140.4633331298828,214290000.0,,,,,,,,,,,,,,,
2020-10-05,141.89332580566406,144.54666137695312,139.77667236328125,141.11666870117188,134168400.0,,,,,,,,,,,,,,,
2020-10-06,137.9933319091797,142.92666625976562,135.35000610351562,141.26333618164062,147438900.0,,,,,,,,,,,,,,,
2020-10-07,141.76666259765625,143.3000030517578,137.9499969482422,139.9566650390625,129383100.0,,,,,,,,,,,,,,,
2020-10-08,141.97332763671875,146.3333282470703,141.76666259765625,146.14666748046875,121263300.0,,,,,,,,,,,,,,,
2020-10-09,144.6666717529297,144.8633270263672,142.15333557128906,143.3766632080078,86777100.0,,,,,,,,,,,,,,,
2020-10-12,147.43333435058594,149.5800018310547,146.19332885742188,147.3333282470703,116373300.0,,,,,,,,,,,,,,,
2020-10-13,148.88333129882812,149.6300048828125,145.53334045410156,147.78334045410156,103391100.0,,,,,,,,,,,,,,,
2020-10-14,153.76666259765625,155.3000030517578,149.11666870117188,149.92666625976562,143639100.0,,,,,,,,,,,,,,,
2020-10-15,149.6266632080078,152.19000244140625,147.5,150.10333251953125,107017200.0,,,,,,,,,,,,,,,
2020-10-16,146.55667114257812,151.98333740234375,146.28334045410156,151.47999572753906,98327700.0,,,,,,,,,,,,,,,
2020-10-19,143.61000061035156,149.0,142.9566650390625,148.74667358398438,108863400.0,,,,,,,,,,,,,,,
2020-10-20,140.64666748046875,143.9166717529297,139.68333435058594,143.9166717529297,94968900.0,,,,,,,,,,,,,,,
2020-10-21,140.8800048828125,144.31666564941406,140.4166717529297,140.89999389648438,97111500.0,,,,,,,,,,,,,,,
2020-10-22,141.92999267578125,148.41000366210938,141.50332641601562,147.30667114257812,119979600.0,,,,,,,,,,,,,,,
2020-10-23,140.2100067138672,140.9633331298828,135.7933349609375,140.6133270263672,101151000.0,,,,,,,,,,,,,,,
2020-10-26,140.0933380126953,141.9199981689453,136.6666717529297,137.2100067138672,84717600.0,,,,,,,,,,,,,,,
2020-10-27,141.55999755859375,143.5,140.03334045410156,141.25332641601562,68059500.0,,,,,,,,,,,,,,,
2020-10-28,135.33999633789062,139.53334045410156,135.3333282470703,138.82666015625,76354200.0,,,,,,,,,,,,,,,
2020-10-29,136.94332885742188,139.35333251953125,135.48666381835938,136.65333557128906,67965900.0,,,,,,,,,,,,,,,
2020-10-30,129.34666442871094,135.8633270263672,126.37000274658205,135.63333129882812,127533900.0,,,,,,,,,,,,,,,
2020-11-02,133.50332641601562,135.66000366210938,130.76666259765625,131.3333282470703,87063300.0,,,,,,,,,,,,,,,
2020-11-03,141.3000030517578,142.58999633789062,135.56333923339844,136.57666015625,103055100.0,,,,,,,,,,,,,,,
2020-11-04,140.32666015625,145.13333129882812,139.03334045410156,143.5399932861328,96429300.0,,,,,,,,,,,,,,,
2020-11-05,146.02999877929688,146.6666717529297,141.3333282470703,142.76666259765625,85243500.0,,,,,,,,,,,,,,,
2020-11-06,143.31666564941406,145.52333068847656,141.42666625976562,145.36666870117188,65118000.0,,,,,,,,,,,,,,,
2020-11-09,140.4199981689453,150.8333282470703,140.3333282470703,146.5,104499000.0,,,,,,,,,,,,,,,
2020-11-10,136.7866668701172,140.02999877929688,132.00999450683594,140.02999877929688,90852600.0,,,,,,,,,,,,,,,
2020-11-11,139.0433349609375,139.56666564941406,136.86000061035156,138.81666564941406,52073100.0,,,,,,,,,,,,,,,
2020-11-12,137.25332641601562,141.0,136.5066680908203,138.35000610351562,59565300.0,,,,,,,,,,,,,,,
2020-11-13,136.1666717529297,137.50999450683594,133.8866729736328,136.9499969482422,59313300.0,,,,,,,,,,,,,,,
2020-11-16,136.02999877929688,137.48333740234375,134.69667053222656,136.30999755859375,80515800.0,,,,,,,,,,,,,,,
2020-11-17,147.20333862304688,154.0,144.336669921875,153.38999938964844,183564900.0,,,,,,,,,,,,,,,
2020-11-18,162.2133331298828,165.3333282470703,147.8333282470703,149.4499969482422,234132000.0,,,,,,,,,,,,,,,
2020-11-19,166.42333984375,169.5366668701172,162.52333068847656,164.0,187425900.0,,,,,,,,,,,,,,,
2020-11-20,163.20333862304688,167.5,163.02000427246094,165.99667358398438,98735700.0,,,,,,,,,,,,,,,
2020-11-23,173.9499969482422,175.3333282470703,167.26333618164062,167.8333282470703,150780900.0,,,,,,,,,,,,,,,
2020-11-24,185.1266632080078,186.663330078125,175.39999389648438,180.13333129882812,160945500.0,,,,,,,,,,,,,,,
2020-11-25,191.3333282470703,191.3333282470703,181.7899932861328,183.35333251953125,146790600.0,,,,,,,,,,,,,,,
2020-11-27,195.2533264160156,199.5933380126953,192.8166656494141,193.72000122070312,112683300.0,,,,,,,,,,,,,,,
2020-11-30,189.1999969482422,202.6000061035156,184.836669921875,200.7366638183593,189009300.0,,,,,,,,,,,,,,,
2020-12-01,194.9199981689453,199.2833404541016,190.683334350586,199.19667053222656,120310500.0,,,,,,,,,,,,,,,
2020-12-02,189.606674194336,190.51333618164065,180.40333557128903,185.47999572753903,143327100.0,,,,,,,,,,,,,,,
2020-12-03,197.7933349609375,199.6566619873047,194.1433258056641,196.67333984375,127656000.0,,,,,,,,,,,,,,,
2020-12-04,199.67999267578125,199.67999267578125,195.1666717529297,197.0033264160156,88203900.0,,,,,,,,,,,,,,,
2020-12-07,213.9199981689453,216.26333618164065,201.01666259765625,201.63999938964844,168929100.0,,,,,,,,,,,,,,,
2020-12-08,216.6266632080078,217.0933380126953,206.1666717529297,208.5033264160156,192795000.0,,,,,,,,,,,,,,,
2020-12-09,201.4933319091797,218.106674194336,196.0,217.89666748046875,213873600.0,,,,,,,,,,,,,,,
2020-12-10,209.02333068847656,209.25,188.77999877929688,191.4566650390625,201249600.0,,,,,,,,,,,,,,,
2020-12-11,203.3300018310547,208.0,198.933334350586,205.0033264160156,139425000.0,,,,,,,,,,,,,,,
2020-12-14,213.27667236328125,214.25,203.3999938964844,206.3333282470703,156121800.0,,,,,,,,,,,,,,,
2020-12-15,211.0833282470703,215.63333129882807,207.933334350586,214.4266662597656,135214500.0,,,,,,,,,,,,,,,
2020-12-16,207.58999633789065,210.8333282470703,201.6666717529297,209.4100036621093,126287400.0,,,,,,,,,,,,,,,
2020-12-17,218.63333129882807,219.606674194336,206.5,209.39666748046875,168810300.0,,,,,,,,,,,,,,,
2020-12-18,231.6666717529297,231.6666717529297,209.51333618164065,222.96665954589844,666378600.0,,,,,,,,,,,,,,,
2020-12-21,216.6199951171875,222.8333282470703,215.356674194336,222.0800018310547,174135900.0,,,,,,,,,,,,,,,
2020-12-22,213.44667053222656,216.6266632080078,204.7433319091797,216.0,155148000.0,,,,,,,,,,,,,,,
2020-12-23,215.32666015625,217.1666717529297,207.52333068847656,210.7333374023437,99519000.0,,,,,,,,,,,,,,,
2020-12-24,220.58999633789065,222.02999877929688,213.6666717529297,214.3300018310547,68596800.0,,,,,,,,,,,,,,,
2020-12-28,221.22999572753903,227.13333129882807,220.26666259765625,224.836669921875,96835800.0,,,,,,,,,,,,,,,
2020-12-29,221.9966735839844,223.3000030517578,218.3333282470703,220.3333282470703,68732400.0,,,,,,,,,,,,,,,
2020-12-30,231.5933380126953,232.1999969482422,222.7866668701172,224.0,128538000.0,,,,,,,,,,,,,,,
2020-12-31,235.22332763671875,239.5733337402344,230.3733367919922,233.3300018310547,148949700.0,,,,,,,,,,,,,,,
2021-01-04,243.2566680908203,248.163330078125,239.06333923339844,239.82000732421875,145914600.0,,,,,,,,,,,,,,,
2021-01-05,245.0366668701172,246.94667053222656,239.7333374023437,241.22000122070312,96735600.0,,,,,,,,,,,,,,,
2021-01-06,251.9933319091797,258.0,249.6999969482422,252.8300018310547,134100000.0,,,,,,,,,,,,,,,
2021-01-07,272.0133361816406,272.3299865722656,258.3999938964844,259.2099914550781,154496700.0,,,,,,,,,,,,,,,
2021-01-08,293.3399963378906,294.8299865722656,279.4633178710937,285.3333435058594,225166500.0,,,,,,,,,,,,,,,
2021-01-11,270.39666748046875,284.8099975585937,267.8733215332031,283.1333312988281,177904800.0,,,,,,,,,,,,,,,
2021-01-12,283.14666748046875,289.3333435058594,275.7799987792969,277.0,138812100.0,,,,,,,,,,,,,,,
2021-01-13,284.8033447265625,286.8233337402344,277.3333435058594,284.2533264160156,99937500.0,,,,,,,,,,,,,,,
2021-01-14,281.6666564941406,287.6666564941406,279.5833435058594,281.1300048828125,93798900.0,,,,,,,,,,,,,,,
2021-01-15,275.3866577148437,286.6333312988281,273.0333251953125,284.0,116332800.0,,,,,,,,,,,,,,,
2021-01-19,281.51666259765625,283.3333435058594,277.6666564941406,279.26666259765625,76101000.0,,,,,,,,,,,,,,,
2021-01-20,283.4833374023437,286.5,279.09332275390625,286.2466735839844,76997700.0,,,,,,,,,,,,,,,
2021-01-21,281.663330078125,285.239990234375,280.47332763671875,285.0,61563300.0,,,,,,,,,,,,,,,
2021-01-22,282.2133178710937,282.6666564941406,276.2066650390625,278.10333251953125,60199500.0,,,,,,,,,,,,,,,
2021-01-25,293.6000061035156,300.1333312988281,279.6066589355469,285.0,123520200.0,,,,,,,,,,,,,,,
2021-01-26,294.36334228515625,298.6333312988281,290.5333251953125,297.1266784667969,69394800.0,,,,,,,,,,,,,,,
2021-01-27,288.0533447265625,297.1666564941406,286.2200012207031,290.1166687011719,82002000.0,,,,,,,,,,,,,,,
2021-01-28,278.4766540527344,282.6666564941406,267.0,273.3333435058594,79134000.0,,,,,,,,,,,,,,,
2021-01-29,264.510009765625,280.8033447265625,260.0333251953125,276.6666564941406,104972400.0,,,,,,,,,,,,,,,
2021-02-01,279.9366760253906,280.6666564941406,265.1866760253906,271.42999267578125,76174200.0,,,,,,,,,,,,,,,
2021-02-02,290.92999267578125,293.5,280.7333374023437,281.5599975585937,73038600.0,,,,,,,,,,,,,,,
2021-02-03,284.89666748046875,292.6933288574219,284.35333251953125,292.3399963378906,55030500.0,,,,,,,,,,,,,,,
2021-02-04,283.3299865722656,285.5,277.8066711425781,285.0,47438100.0,,,,,,,,,,,,,,,
2021-02-05,284.07666015625,288.25665283203125,279.6566772460937,281.6666564941406,55699800.0,,,,,,,,,,,,,,,
2021-02-08,287.8066711425781,292.5899963378906,284.9166564941406,289.8900146484375,60485100.0,,,,,,,,,,,,,,,
2021-02-09,283.1533203125,286.6000061035156,280.5833435058594,285.0400085449219,45473100.0,,,,,,,,,,,,,,,
2021-02-10,268.2733459472656,281.6066589355469,266.67333984375,281.2133178710937,108648300.0,,,,,,,,,,,,,,,
2021-02-11,270.5533447265625,276.6266784667969,267.24334716796875,270.8133239746094,64868400.0,,,,,,,,,,,,,,,
2021-02-12,272.0400085449219,272.4433288574219,261.77667236328125,267.086669921875,71304900.0,,,,,,,,,,,,,,,
2021-02-16,265.4066772460937,273.6666564941406,264.14666748046875,272.6666564941406,59406900.0,,,,,,,,,,,,,,,
2021-02-17,266.04998779296875,266.61334228515625,254.0033264160156,259.6966552734375,77989500.0,,,,,,,,,,,,,,,
2021-02-18,262.4599914550781,264.89666748046875,258.75665283203125,260.29998779296875,53871300.0,,,,,,,,,,,,,,,
2021-02-19,260.4333190917969,265.5966796875,259.1233215332031,265.0,56874900.0,,,,,,,,,,,,,,,
2021-02-22,238.1666717529297,256.1666564941406,236.7333374023437,254.2133331298828,111809100.0,,,,,,,,,,,,,,,
2021-02-23,232.94667053222656,237.8699951171875,206.3333282470703,220.7100067138672,199820700.0,,,,,,,,,,,,,,,
2021-02-24,247.33999633789065,248.3333282470703,231.38999938964844,237.2833404541016,110301000.0,,,,,,,,,,,,,,,
2021-02-25,227.4066619873047,245.7366638183593,223.52667236328125,242.0500030517578,117071700.0,,,,,,,,,,,,,,,
2021-02-26,225.1666717529297,235.5666656494141,219.836669921875,233.3333282470703,123267600.0,,,,,,,,,,,,,,,
2021-03-01,239.47666931152344,239.6666717529297,228.3500061035156,230.0366668701172,81408600.0,,,,,,,,,,,,,,,
2021-03-02,228.81333923339844,240.3699951171875,228.3333282470703,239.4266662597656,71196600.0,,,,,,,,,,,,,,,
2021-03-03,217.7333374023437,233.5666656494141,217.2366638183593,229.3300018310547,90624000.0,,,,,,,,,,,,,,,
2021-03-04,207.14666748046875,222.8166656494141,200.0,218.6000061035156,197758500.0,,,,,,,,,,,,,,,
2021-03-05,199.3166656494141,209.27999877929688,179.8300018310547,208.6866607666016,268189500.0,,,,,,,,,,,,,,,
2021-03-08,187.6666717529297,206.7100067138672,186.26333618164065,200.183334350586,155361000.0,,,,,,,,,,,,,,,
2021-03-09,224.52667236328125,226.02999877929688,198.40333557128903,202.72666931152344,202569900.0,,,,,,,,,,,,,,,
2021-03-10,222.6866607666016,239.2833404541016,218.35333251953125,233.433334350586,181817100.0,,,,,,,,,,,,,,,
2021-03-11,233.1999969482422,234.1666717529297,225.72666931152344,233.13333129882807,108761700.0,,,,,,,,,,,,,,,
2021-03-12,231.2433319091797,231.6266632080078,222.04666137695312,223.3333282470703,100751400.0,,,,,,,,,,,,,,,
2021-03-15,235.97999572753903,237.72666931152344,228.01333618164065,231.3633270263672,88006800.0,,,,,,,,,,,,,,,
2021-03-16,225.6266632080078,235.97332763671875,223.6666717529297,234.4499969482422,96587100.0,,,,,,,,,,,,,,,
2021-03-17,233.9366607666016,234.57666015625,217.0033264160156,218.9566650390625,121117500.0,,,,,,,,,,,,,,,
2021-03-18,217.72000122070312,229.7433319091797,217.3333282470703,228.0966644287109,99674400.0,,,,,,,,,,,,,,,
2021-03-19,218.2899932861328,219.07666015625,208.2066650390625,215.5333404541016,128682000.0,,,,,,,,,,,,,,,
2021-03-22,223.3333282470703,233.2066650390625,222.9166717529297,228.19667053222656,118536600.0,,,,,,,,,,,,,,,
2021-03-23,220.72000122070312,225.933334350586,219.1699981689453,225.2566680908203,91475700.0,,,,,,,,,,,,,,,
2021-03-24,210.08999633789065,222.67333984375,210.0366668701172,222.6366729736328,101385600.0,,,,,,,,,,,,,,,
2021-03-25,213.4633331298828,215.1666717529297,203.1666717529297,204.3333282470703,117674700.0,,,,,,,,,,,,,,,
2021-03-26,206.2366638183593,214.606674194336,199.9633331298828,213.9566650390625,101558400.0,,,,,,,,,,,,,,,
2021-03-29,203.76333618164065,205.4933319091797,198.67333984375,205.2133331298828,85911000.0,,,,,,,,,,,,,,,
2021-03-30,211.8733367919922,212.55332946777344,197.0033264160156,200.5833282470703,118297200.0,,,,,,,,,,,,,,,
2021-03-31,222.6433258056641,224.0,213.70333862304688,215.5399932861328,100011900.0,,,,,,,,,,,,,,,
2021-04-01,220.5833282470703,230.80667114257807,219.80667114257807,229.4566650390625,105895200.0,,,,,,,,,,,,,,,
2021-04-05,230.3500061035156,236.05332946777344,228.2333374023437,235.90333557128903,125528400.0,,,,,,,,,,,,,,,
2021-04-06,230.5399932861328,232.183334350586,227.1233367919922,230.1000061035156,84815400.0,,,,,,,,,,,,,,,
2021-04-07,223.6566619873047,230.4600067138672,222.6133270263672,229.0,78928200.0,,,,,,,,,,,,,,,
2021-04-08,227.933334350586,229.8500061035156,223.88333129882807,225.7933349609375,71772900.0,,,,,,,,,,,,,,,
2021-04-09,225.67333984375,226.9900054931641,223.1433258056641,225.92333984375,64311300.0,,,,,,,,,,,,,,,
2021-04-12,233.9933319091797,234.933334350586,227.3633270263672,228.5666656494141,87407100.0,,,,,,,,,,,,,,,
2021-04-13,254.106674194336,254.3333282470703,236.8866729736328,237.5666656494141,133958400.0,,,,,,,,,,,,,,,
2021-04-14,244.07666015625,260.2633361816406,242.6766662597656,256.8999938964844,147052200.0,,,,,,,,,,,,,,,
2021-04-15,246.2833404541016,247.89666748046875,240.4366607666016,247.6999969482422,83546700.0,,,,,,,,,,,,,,,
2021-04-16,246.5933380126953,249.80332946777344,241.5333404541016,242.88333129882807,83938500.0,,,,,,,,,,,,,,,
2021-04-19,238.2100067138672,241.8000030517578,230.6000061035156,239.86666870117188,119058600.0,,,,,,,,,,,,,,,
2021-04-20,239.663330078125,245.75,236.89666748046875,239.13999938964844,106827000.0,,,,,,,,,,,,,,,
2021-04-21,248.0399932861328,248.27999877929688,232.6666717529297,234.92333984375,93646500.0,,,,,,,,,,,,,,,
2021-04-22,239.89666748046875,251.2566680908203,239.3466644287109,247.1666717529297,106770900.0,,,,,,,,,,,,,,,
2021-04-23,243.13333129882807,245.7866668701172,238.4866638183593,239.933334350586,85110000.0,,,,,,,,,,,,,,,
2021-04-26,246.0666656494141,249.76666259765625,244.20333862304688,247.0,93115500.0,,,,,,,,,,,,,,,
2021-04-27,234.913330078125,241.3333282470703,234.4499969482422,239.32000732421875,88311000.0,,,,,,,,,,,,,,,
2021-04-28,231.46665954589844,236.1666717529297,231.1999969482422,232.1366729736328,66813000.0,,,,,,,,,,,,,,,
2021-04-29,225.6666717529297,234.0833282470703,222.8333282470703,233.1699981689453,86536200.0,,,,,,,,,,,,,,,
2021-04-30,236.47999572753903,238.4900054931641,222.04666137695312,222.52999877929688,122276100.0,,,,,,,,,,,,,,,
2021-05-03,228.3000030517578,235.3333282470703,226.8333282470703,234.6000061035156,81129300.0,,,,,,,,,,,,,,,
2021-05-04,224.5333404541016,227.8166656494141,219.2333374023437,226.31333923339844,89217900.0,,,,,,,,,,,,,,,
2021-05-05,223.64666748046875,228.433334350586,222.44667053222656,227.0200042724609,65705700.0,,,,,,,,,,,,,,,
2021-05-06,221.17999267578125,227.0066680908203,216.6666717529297,226.9199981689453,83353800.0,,,,,,,,,,,,,,,
2021-05-07,224.1233367919922,230.0,220.0733337402344,221.933334350586,70407600.0,,,,,,,,,,,,,,,
2021-05-10,209.67999267578125,221.683334350586,209.20333862304688,221.63333129882807,94177200.0,,,,,,,,,,,,,,,
2021-05-11,205.7333374023437,209.0333404541016,198.5333404541016,199.7466735839844,139511700.0,,,,,,,,,,,,,,,
2021-05-12,196.6300048828125,206.80332946777344,195.58999633789065,200.8300018310547,101470800.0,,,,,,,,,,,,,,,
2021-05-13,190.56333923339844,202.15333557128903,186.5500030517578,200.51333618164065,132554700.0,,,,,,,,,,,,,,,
2021-05-14,196.5800018310547,197.6233367919922,190.15333557128903,194.47000122070312,100112700.0,,,,,,,,,,,,,,,
2021-05-17,192.27667236328125,196.57666015625,187.0666656494141,191.8500061035156,97171200.0,,,,,,,,,,,,,,,
2021-05-18,192.6233367919922,198.75,187.7933349609375,189.3333282470703,110491800.0,,,,,,,,,,,,,,,
2021-05-19,187.82000732421875,188.7366638183593,182.32666015625,184.183334350586,118735200.0,,,,,,,,,,,,,,,
2021-05-20,195.5933380126953,196.2833404541016,190.356674194336,191.6666717529297,92463300.0,,,,,,,,,,,,,,,
2021-05-21,193.6266632080078,198.8933258056641,193.3333282470703,198.70333862304688,78091800.0,,,,,,,,,,,,,,,
2021-05-24,202.14666748046875,204.82666015625,191.21665954589844,193.86666870117188,103674300.0,,,,,,,,,,,,,,,
2021-05-25,201.56333923339844,204.663330078125,198.57000732421875,202.4366607666016,84017700.0,,,,,,,,,,,,,,,
2021-05-26,206.3766632080078,208.72332763671875,200.5,202.5200042724609,85917900.0,,,,,,,,,,,,,,,
2021-05-27,210.2833404541016,210.3766632080078,205.40333557128903,206.7466735839844,79111800.0,,,,,,,,,,,,,,,
2021-05-28,208.4066619873047,211.8633270263672,207.4600067138672,209.5,68211000.0,,,,,,,,,,,,,,,
2021-06-01,207.96665954589844,211.26666259765625,206.8500061035156,209.26666259765625,54254700.0,,,,,,,,,,,,,,,
2021-06-02,201.7066650390625,207.7866668701172,199.7133331298828,206.7100067138672,69908400.0,,,,,,,,,,,,,,,
2021-06-03,190.94667053222656,201.51666259765625,190.4066619873047,200.6000061035156,90335700.0,,,,,,,,,,,,,,,
2021-06-04,199.683334350586,200.20333862304688,192.3999938964844,193.2366638183593,72110700.0,,,,,,,,,,,,,,,
2021-06-07,201.7100067138672,203.3333282470703,194.2933349609375,197.27667236328125,67631100.0,,,,,,,,,,,,,,,
2021-06-08,201.19667053222656,207.69667053222656,198.5,207.6699981689453,78160200.0,,,,,,,,,,,,,,,
2021-06-09,199.5933380126953,203.92999267578125,199.2100067138672,200.72332763671875,49753800.0,,,,,,,,,,,,,,,
2021-06-10,203.3733367919922,205.52999877929688,200.1666717529297,201.2933349609375,71758800.0,,,,,,,,,,,,,,,
2021-06-11,203.29666137695312,204.1866607666016,200.5066680908203,203.4100036621093,48615900.0,,,,,,,,,,,,,,,
2021-06-14,205.89666748046875,208.4966735839844,203.0599975585937,204.07666015625,61272000.0,,,,,,,,,,,,,,,
2021-06-15,199.7866668701172,205.5966644287109,199.4100036621093,205.56333923339844,53292300.0,,,,,,,,,,,,,,,
2021-06-16,201.6233367919922,202.8333282470703,197.8333282470703,199.17999267578125,66432300.0,,,,,,,,,,,,,,,
2021-06-17,205.5333404541016,207.1566619873047,200.44667053222656,200.6300048828125,68104200.0,,,,,,,,,,,,,,,
2021-06-18,207.7700042724609,209.4499969482422,203.933334350586,204.4566650390625,73682700.0,,,,,,,,,,,,,,,
2021-06-21,206.94332885742188,210.4633331298828,202.9600067138672,208.1600036621093,74438100.0,,,,,,,,,,,,,,,
2021-06-22,207.90333557128903,209.52333068847656,205.1666717529297,206.0833282470703,57476700.0,,,,,,,,,,,,,,,
2021-06-23,218.856674194336,219.0666656494141,210.01333618164065,210.6666717529297,93297600.0,,,,,,,,,,,,,,,
2021-06-24,226.606674194336,232.5399932861328,222.5366668701172,224.9966735839844,137947200.0,,,,,,,,,,,,,,,
2021-06-25,223.9566650390625,231.2700042724609,222.8999938964844,229.8600006103516,97490100.0,,,,,,,,,,,,,,,
2021-06-28,229.5733337402344,231.5666656494141,223.44000244140625,223.8800048828125,64884600.0,,,,,,,,,,,,,,,
2021-06-29,226.9199981689453,229.1699981689453,225.29666137695312,228.21665954589844,52143900.0,,,,,,,,,,,,,,,
2021-06-30,226.5666656494141,230.9366607666016,226.04666137695312,226.58999633789065,56774700.0,,,,,,,,,,,,,,,
2021-07-01,225.97332763671875,229.3300018310547,224.26666259765625,227.97332763671875,55903500.0,,,,,,,,,,,,,,,
2021-07-02,226.3000030517578,233.3333282470703,224.4199981689453,226.32666015625,81163500.0,,,,,,,,,,,,,,,
2021-07-06,219.8600006103516,228.0,217.13333129882807,227.2366638183593,69853500.0,,,,,,,,,,,,,,,
2021-07-07,214.88333129882807,221.8999938964844,212.77333068847656,221.42333984375,56376000.0,,,,,,,,,,,,,,,
2021-07-08,217.60333251953125,218.1433258056641,206.82000732421875,209.4566650390625,68319900.0,,,,,,,,,,,,,,,
2021-07-09,218.9833374023437,219.6366729736328,214.89666748046875,217.72666931152344,54421500.0,,,,,,,,,,,,,,,
2021-07-12,228.5666656494141,229.0800018310547,220.72000122070312,220.7333374023437,77781000.0,,,,,,,,,,,,,,,
2021-07-13,222.8466644287109,231.0933380126953,222.1000061035156,228.77333068847656,62898300.0,,,,,,,,,,,,,,,
2021-07-14,217.7933349609375,226.20333862304688,217.6133270263672,223.5833282470703,64923600.0,,,,,,,,,,,,,,,
2021-07-15,216.86666870117188,222.04666137695312,212.6266632080078,219.4633331298828,60628800.0,,,,,,,,,,,,,,,
2021-07-16,214.7400054931641,218.8999938964844,214.0666656494141,218.22666931152344,49113000.0,,,,,,,,,,,,,,,
2021-07-19,215.4066619873047,215.7333374023437,207.0966644287109,209.9633331298828,63891300.0,,,,,,,,,,,,,,,
2021-07-20,220.1666717529297,220.79666137695312,213.5,217.3300018310547,46461300.0,,,,,,,,,,,,,,,
2021-07-21,218.42999267578125,221.6199951171875,216.76333618164065,219.8699951171875,41859900.0,,,,,,,,,,,,,,,
2021-07-22,216.4199981689453,220.72332763671875,214.86666870117188,218.81333923339844,45317100.0,,,,,,,,,,,,,,,
2021-07-23,214.4600067138672,216.26666259765625,212.433334350586,215.45333862304688,43814700.0,,,,,,,,,,,,,,,
2021-07-26,219.2066650390625,222.7333374023437,215.70333862304688,216.9900054931641,76009800.0,,,,,,,,,,,,,,,
2021-07-27,214.9266662597656,222.1666717529297,209.0800018310547,221.13333129882807,98439900.0,,,,,,,,,,,,,,,
2021-07-28,215.6600036621093,218.3233337402344,213.13333129882807,215.6666717529297,48019800.0,,,,,,,,,,,,,,,
2021-07-29,225.7833404541016,227.89666748046875,216.26666259765625,216.5966644287109,91183800.0,,,,,,,,,,,,,,,
2021-07-30,229.0666656494141,232.509994506836,223.0,223.9199981689453,88969200.0,,,,,,,,,,,,,,,
2021-08-02,236.55667114257807,242.31333923339844,232.8000030517578,233.3333282470703,100847400.0,,,,,,,,,,,,,,,
2021-08-03,236.5800018310547,240.88333129882807,233.6699981689453,239.6666717529297,64860900.0,,,,,,,,,,,,,,,
2021-08-04,236.97332763671875,241.63333129882807,236.3099975585937,237.0,51007800.0,,,,,,,,,,,,,,,
2021-08-05,238.2100067138672,240.3166656494141,237.1366729736328,238.6666717529297,38758800.0,,,,,,,,,,,,,,,
2021-08-06,233.0333404541016,238.77667236328125,232.5433349609375,237.3000030517578,46869000.0,,,,,,,,,,,,,,,
2021-08-09,237.9199981689453,239.6766662597656,235.0433349609375,236.72332763671875,44145900.0,,,,,,,,,,,,,,,
2021-08-10,236.663330078125,238.8633270263672,233.9600067138672,237.9966735839844,40296900.0,,,,,,,,,,,,,,,
2021-08-11,235.94000244140625,238.3933258056641,234.7366638183593,237.57000732421875,29401800.0,,,,,,,,,,,,,,,
2021-08-12,240.75,240.933334350586,233.13333129882807,235.44667053222656,52377300.0,,,,,,,,,,,,,,,
2021-08-13,239.05667114257807,243.3000030517578,238.1133270263672,241.2366638183593,50194500.0,,,,,,,,,,,,,,,
2021-08-16,228.72332763671875,236.5,225.46665954589844,235.02333068847656,68032200.0,,,,,,,,,,,,,,,
2021-08-17,221.90333557128903,224.8600006103516,216.27999877929688,224.22000122070312,71163900.0,,,,,,,,,,,,,,,
2021-08-18,229.663330078125,231.92333984375,223.11666870117188,223.25,61048200.0,,,,,,,,,,,,,,,
2021-08-19,224.4900054931641,228.8500061035156,222.52999877929688,226.07000732421875,42940500.0,,,,,,,,,,,,,,,
2021-08-20,226.7533264160156,230.7100067138672,224.5666656494141,227.61666870117188,44525700.0,,,,,,,,,,,,,,,
2021-08-23,235.433334350586,237.3766632080078,226.9166717529297,228.47999572753903,60794700.0,,,,,,,,,,,,,,,
2021-08-24,236.163330078125,238.4066619873047,234.2133331298828,236.8933258056641,39249300.0,,,,,,,,,,,,,,,
2021-08-25,237.0666656494141,238.9900054931641,234.6666717529297,235.6766662597656,37936800.0,,,,,,,,,,,,,,,
2021-08-26,233.72000122070312,238.46665954589844,232.5399932861328,236.10333251953125,39642900.0,,,,,,,,,,,,,,,
2021-08-27,237.30667114257807,238.3333282470703,234.0333404541016,235.0,41501400.0,,,,,,,,,,,,,,,
2021-08-30,243.6366729736328,243.6666717529297,237.57666015625,238.2400054931641,55812600.0,,,,,,,,,,,,,,,
2021-08-31,245.2400054931641,246.79666137695312,242.14666748046875,244.3333282470703,62566200.0,,,,,,,,,,,,,,,
2021-09-01,244.69667053222656,247.3300018310547,243.7566680908203,244.69332885742188,39612900.0,,,,,,,,,,,,,,,
2021-09-02,244.1300048828125,246.9900054931641,243.51333618164065,244.8333282470703,38331900.0,,,,,,,,,,,,,,,
2021-09-03,244.52333068847656,244.6666717529297,241.3999938964844,244.0833282470703,45738300.0,,,,,,,,,,,,,,,
2021-09-07,250.97332763671875,253.3999938964844,246.4199981689453,246.6666717529297,60119400.0,,,,,,,,,,,,,,,
2021-09-08,251.2899932861328,254.8166656494141,246.92333984375,253.8600006103516,56379000.0,,,,,,,,,,,,,,,
2021-09-09,251.6199951171875,254.0333404541016,250.5433349609375,251.1366729736328,42233100.0,,,,,,,,,,,,,,,
2021-09-10,245.42333984375,254.20333862304688,244.83999633789065,253.1999969482422,45552600.0,,,,,,,,,,,,,,,
2021-09-13,247.6666717529297,248.259994506836,236.2833404541016,246.7366638183593,68857500.0,,,,,,,,,,,,,,,
2021-09-14,248.163330078125,251.4900054931641,245.46665954589844,247.52333068847656,55574700.0,,,,,,,,,,,,,,,
2021-09-15,251.94332885742188,252.2866668701172,246.1199951171875,248.3333282470703,46073100.0,,,,,,,,,,,,,,,
2021-09-16,252.3300018310547,252.97000122070312,249.20333862304688,250.94332885742188,41770200.0,,,,,,,,,,,,,,,
2021-09-17,253.163330078125,253.67999267578125,250.0,252.38333129882807,84612600.0,,,,,,,,,,,,,,,
2021-09-20,243.38999938964844,247.3333282470703,239.5399932861328,244.85333251953125,74273100.0,,,,,,,,,,,,,,,
2021-09-21,246.4600067138672,248.2466735839844,243.47999572753903,244.92999267578125,48992100.0,,,,,,,,,,,,,,,
2021-09-22,250.64666748046875,251.22332763671875,246.3733367919922,247.8433380126953,45378900.0,,,,,,,,,,,,,,,
2021-09-23,251.2133331298828,252.7333374023437,249.30667114257807,251.6666717529297,35842500.0,,,,,,,,,,,,,,,
2021-09-24,258.1300048828125,258.26666259765625,248.1866607666016,248.6300048828125,64119000.0,,,,,,,,,,,,,,,
2021-09-27,263.78668212890625,266.3333435058594,256.4366760253906,257.7066650390625,84212100.0,,,,,,,,,,,,,,,
2021-09-28,259.1866760253906,265.2133178710937,255.3933258056641,262.3999938964844,76144200.0,,,,,,,,,,,,,,,
2021-09-29,260.4366760253906,264.5,256.8933410644531,259.9333190917969,62828700.0,,,,,,,,,,,,,,,
2021-09-30,258.49334716796875,263.0433349609375,258.3333435058594,260.3333435058594,53868000.0,,,,,,,,,,,,,,,
2021-10-01,258.4066772460937,260.260009765625,254.52999877929688,259.4666748046875,51094200.0,,,,,,,,,,,,,,,
2021-10-04,260.510009765625,268.989990234375,258.7066650390625,265.5,91449900.0,,,,,,,,,,,,,,,
2021-10-05,260.1966552734375,265.7699890136719,258.0666809082031,261.6000061035156,55297800.0,,,,,,,,,,,,,,,
2021-10-06,260.9166564941406,262.2200012207031,257.739990234375,258.7333374023437,43898400.0,,,,,,,,,,,,,,,
2021-10-07,264.53668212890625,268.3333435058594,261.1266784667969,261.82000732421875,57587400.0,,,,,,,,,,,,,,,
2021-10-08,261.8299865722656,265.4599914550781,260.3033447265625,265.4033203125,50215800.0,,,,,,,,,,,,,,,
2021-10-11,263.9800109863281,267.0799865722656,261.8333435058594,262.54998779296875,42600900.0,,,,,,,,,,,,,,,
2021-10-12,268.5733337402344,270.7733459472656,265.5233459472656,266.9766540527344,66060000.0,,,,,,,,,,,,,,,
2021-10-13,270.3599853515625,271.8033447265625,268.59332275390625,270.1566772460937,42360300.0,,,,,,,,,,,,,,,
2021-10-14,272.7733459472656,273.4166564941406,271.1166687011719,271.8299865722656,36741600.0,,,,,,,,,,,,,,,
2021-10-15,281.010009765625,281.07000732421875,274.1166687011719,274.5799865722656,56773800.0,,,,,,,,,,,,,,,
2021-10-18,290.03668212890625,291.7533264160156,283.8233337402344,283.92999267578125,72621600.0,,,,,,,,,,,,,,,
2021-10-19,288.0899963378906,292.6499938964844,287.5033264160156,292.510009765625,52143300.0,,,,,,,,,,,,,,,
2021-10-20,288.6000061035156,289.8299865722656,285.7933349609375,288.45001220703125,42096300.0,,,,,,,,,,,,,,,
2021-10-21,298.0,300.0,285.1666564941406,285.3333435058594,94444500.0,,,,,,,,,,,,,,,
2021-10-22,303.2266540527344,303.3333435058594,296.9866638183594,298.5,68642400.0,,,,,,,,,,,,,,,
2021-10-25,341.6199951171875,348.3399963378906,314.7333374023437,316.84332275390625,188556300.0,,,,,,,,,,,,,,,
2021-10-26,339.4766540527344,364.9800109863281,333.8133239746094,341.5633239746094,187245000.0,,,,,,,,,,,,,,,
2021-10-27,345.9533386230469,356.9599914550781,343.59332275390625,346.5533447265625,115579500.0,,,,,,,,,,,,,,,
2021-10-28,359.0133361816406,360.3333435058594,351.3999938964844,356.10333251953125,81639600.0,,,,,,,,,,,,,,,
2021-10-29,371.3333435058594,371.7366638183594,357.7366638183594,360.6199951171875,89755200.0,,,,,,,,,,,,,,,
2021-11-01,402.86334228515625,403.25,372.88665771484375,381.6666564941406,168146100.0,,,,,,,,,,,,,,,
2021-11-02,390.6666564941406,402.86334228515625,382.0,386.4533386230469,128213400.0,,,,,,,,,,,,,,,
2021-11-03,404.6199951171875,405.1300048828125,384.2066650390625,392.4433288574219,103885500.0,,,,,,,,,,,,,,,
2021-11-04,409.9700012207031,414.4966735839844,405.6666564941406,411.4700012207031,76192200.0,,,,,,,,,,,,,,,
2021-11-05,407.36334228515625,413.2900085449219,402.6666564941406,409.3333435058594,64886400.0,,,,,,,,,,,,,,,
2021-11-08,387.6466674804688,399.0,377.6666564941406,383.2633361816406,100337100.0,,,,,,,,,,,,,,,
2021-11-09,341.1666564941406,391.5,337.17333984375,391.2000122070313,177317400.0,,,,,,,,,,,,,,,
2021-11-10,355.9833374023437,359.3666687011719,329.10333251953125,336.8033447265625,128408100.0,,,,,,,,,,,,,,,
2021-11-11,354.5033264160156,368.3233337402344,351.5599975585937,367.5899963378906,67189800.0,,,,,,,,,,,,,,,
2021-11-12,344.47332763671875,351.5,339.7333374023437,349.1666564941406,76719300.0,,,,,,,,,,,,,,,
2021-11-15,337.7966613769531,343.99334716796875,326.20001220703125,339.2099914550781,104326800.0,,,,,,,,,,,,,,,
2021-11-16,351.57666015625,352.3999938964844,334.0599975585937,334.4366760253906,79627200.0,,,,,,,,,,,,,,,
2021-11-17,363.0033264160156,373.21331787109375,351.8333435058594,354.5033264160156,94336200.0,,,,,,,,,,,,,,,
2021-11-18,365.4599914550781,370.6666564941406,358.3399963378906,368.8500061035156,62696700.0,,,,,,,,,,,,,,,
2021-11-19,379.0199890136719,379.5733337402344,364.23333740234375,366.2900085449219,64926900.0,,,,,,,,,,,,,,,
2021-11-22,385.6233215332031,400.6499938964844,377.4766540527344,387.4433288574219,99217500.0,,,,,,,,,,,,,,,
2021-11-23,369.6766662597656,393.5,354.2333374023437,389.1700134277344,108515100.0,,,,,,,,,,,,,,,
2021-11-24,372.0,377.5899963378906,354.0,360.1300048828125,67680600.0,,,,,,,,,,,,,,,
2021-11-26,360.6400146484375,369.5933227539063,360.3333435058594,366.489990234375,35042700.0,,,,,,,,,,,,,,,
2021-11-29,378.9966735839844,380.8900146484375,366.7300109863281,366.9966735839844,58393500.0,,,,,,,,,,,,,,,
2021-11-30,381.586669921875,389.3333435058594,372.6666564941406,381.4566650390625,81276000.0,,,,,,,,,,,,,,,
2021-12-01,365.0,390.9466552734375,363.586669921875,386.8999938964844,68450400.0,,,,,,,,,,,,,,,
2021-12-02,361.5333251953125,371.0,352.2166748046875,366.3533325195313,73114800.0,,,,,,,,,,,,,,,
2021-12-03,338.3233337402344,363.5266723632813,333.4033203125,361.5966796875,92322000.0,,,,,,,,,,,,,,,
2021-12-06,336.336669921875,340.5466613769531,316.8333435058594,333.836669921875,81663000.0,,,,,,,,,,,,,,,
2021-12-07,350.5833435058594,352.5566711425781,342.2699890136719,348.0666809082031,56084700.0,,,,,,,,,,,,,,,
2021-12-08,356.32000732421875,357.4599914550781,344.3333435058594,350.9033203125,41906400.0,,,,,,,,,,,,,,,
2021-12-09,334.6000061035156,354.163330078125,334.1199951171875,353.5466613769531,59438400.0,,,,,,,,,,,,,,,
2021-12-10,339.010009765625,340.32666015625,327.510009765625,336.25,59664300.0,,,,,,,,,,,,,,,
2021-12-13,322.1366577148437,335.0,317.1400146484375,333.6966552734375,78595500.0,,,,,,,,,,,,,,,
2021-12-14,319.5033264160156,322.1366577148437,310.0,315.0,70806300.0,,,,,,,,,,,,,,,
2021-12-15,325.3299865722656,326.25,309.4166564941406,317.7366638183594,75169200.0,,,,,,,,,,,,,,,
2021-12-16,308.97332763671875,331.6600036621094,307.2833251953125,331.5,82771500.0,,,,,,,,,,,,,,,
2021-12-17,310.8566589355469,320.2200012207031,303.0133361816406,304.92333984375,100437300.0,,,,,,,,,,,,,,,
2021-12-20,299.9800109863281,307.2300109863281,297.7966613769531,303.5666809082031,56480100.0,,,,,,,,,,,,,,,
2021-12-21,312.84332275390625,313.1666564941406,295.3733215332031,305.6233215332031,71517900.0,,,,,,,,,,,,,,,
2021-12-22,336.2900085449219,338.5533447265625,319.01666259765625,321.8866577148437,93634200.0,,,,,,,,,,,,,,,
2021-12-23,355.6666564941406,357.6600036621094,332.5199890136719,335.6000061035156,92713200.0,,,,,,,,,,,,,,,
2021-12-27,364.6466674804688,372.3333435058594,356.9066772460937,357.8900146484375,71145900.0,,,,,,,,,,,,,,,
2021-12-28,362.8233337402344,373.0,359.47332763671875,369.8299865722656,60324000.0,,,,,,,,,,,,,,,
2021-12-29,362.0633239746094,368.0,354.7133178710937,366.21331787109375,56154000.0,,,,,,,,,,,,,,,
2021-12-30,356.7799987792969,365.1833190917969,351.04998779296875,353.77667236328125,47040900.0,,,,,,,,,,,,,,,
2021-12-31,352.260009765625,360.6666564941406,351.5299987792969,357.8133239746094,40733700.0,,,,,,,,,,,,,,,
2022-01-03,399.9266662597656,400.3566589355469,378.6799926757813,382.5833435058594,103931400.0,,,,,,,,,,,,,,,
2022-01-04,383.1966552734375,402.6666564941406,374.3500061035156,396.51666259765625,100248300.0,,,,,,,,,,,,,,,
2022-01-05,362.7066650390625,390.11334228515625,360.336669921875,382.2166748046875,80119800.0,,,,,,,,,,,,,,,
2022-01-06,354.8999938964844,362.6666564941406,340.1666564941406,359.0,90336600.0,,,,,,,,,,,,,,,
2022-01-07,342.32000732421875,360.30999755859375,336.6666564941406,360.1233215332031,84164700.0,,,,,,,,,,,,,,,
2022-01-10,352.7066650390625,353.0333251953125,326.6666564941406,333.3333435058594,91815000.0,,,,,,,,,,,,,,,
2022-01-11,354.79998779296875,358.6166687011719,346.2733459472656,351.22332763671875,66063300.0,,,,,,,,,,,,,,,
2022-01-12,368.739990234375,371.61334228515625,357.5299987792969,359.6166687011719,83739000.0,,,,,,,,,,,,,,,
2022-01-13,343.85333251953125,371.8666687011719,342.17999267578125,369.6900024414063,97209900.0,,,,,,,,,,,,,,,
2022-01-14,349.8699951171875,350.6666564941406,337.7933349609375,339.9599914550781,72924300.0,,,,,,,,,,,,,,,
2022-01-18,343.5033264160156,356.92999267578125,338.6866760253906,342.2033386230469,66743400.0,,,,,,,,,,,,,,,
2022-01-19,331.8833312988281,351.5566711425781,331.6666564941406,347.2366638183594,75442500.0,,,,,,,,,,,,,,,
2022-01-20,332.0899963378906,347.2200012207031,331.3333435058594,336.57666015625,70488600.0,,,,,,,,,,,,,,,
2022-01-21,314.6333312988281,334.8500061035156,313.5,332.11334228515625,103416000.0,,,,,,,,,,,,,,,
2022-01-24,310.0,311.1700134277344,283.8233337402344,301.586669921875,151565700.0,,,,,,,,,,,,,,,
2022-01-25,306.1333312988281,317.086669921875,301.07000732421875,304.7333374023437,86595900.0,,,,,,,,,,,,,,,
2022-01-26,312.4700012207031,329.2300109863281,302.0,317.4766540527344,104867400.0,,,,,,,,,,,,,,,
2022-01-27,276.3666687011719,311.7966613769531,276.3333435058594,311.1199951171875,147109500.0,,,,,,,,,,,,,,,
2022-01-28,282.1166687011719,285.8333435058594,264.0033264160156,277.1866760253906,134789100.0,,,,,,,,,,,,,,,
2022-01-31,312.239990234375,312.663330078125,287.3500061035156,290.9033203125,104436000.0,,,,,,,,,,,,,,,
2022-02-01,310.4166564941406,314.5666809082031,301.6666564941406,311.7366638183594,73138200.0,,,,,,,,,,,,,,,
2022-02-02,301.8866577148437,310.5,296.4700012207031,309.3933410644531,66792900.0,,,,,,,,,,,,,,,
2022-02-03,297.0466613769531,312.3333435058594,293.50665283203125,294.0,78855600.0,,,,,,,,,,,,,,,
2022-02-04,307.7733459472656,312.1666564941406,293.72332763671875,299.0733337402344,73625400.0,,,,,,,,,,,,,,,
2022-02-07,302.4466552734375,315.92333984375,300.9033203125,307.92999267578125,60994500.0,,,,,,,,,,,,,,,
2022-02-08,307.3333435058594,308.7633361816406,298.26666259765625,301.84332275390625,50729100.0,,,,,,,,,,,,,,,
2022-02-09,310.6666564941406,315.42333984375,306.6666564941406,311.6666564941406,52259400.0,,,,,,,,,,,,,,,
2022-02-10,301.51666259765625,314.60333251953125,298.8999938964844,302.7900085449219,66126900.0,,,,,,,,,,,,,,,
2022-02-11,286.6666564941406,305.32000732421875,283.5666809082031,303.2099914550781,79645800.0,,,,,,,,,,,,,,,
2022-02-14,291.9200134277344,299.6266784667969,284.3833312988281,287.19000244140625,67756500.0,,,,,,,,,,,,,,,
2022-02-15,307.4766540527344,307.6666564941406,297.7933349609375,300.0,57286200.0,,,,,,,,,,,,,,,
2022-02-16,307.7966613769531,308.8099975585937,300.4033203125,304.6833190917969,51294300.0,,,,,,,,,,,,,,,
2022-02-17,292.1166687011719,306.1666564941406,291.3666687011719,304.4200134277344,55178400.0,,,,,,,,,,,,,,,
2022-02-18,285.6600036621094,295.6233215332031,279.2033386230469,295.3333435058594,68501700.0,,,,,,,,,,,,,,,
2022-02-22,273.84332275390625,285.57666015625,267.0333251953125,278.0433349609375,83288100.0,,,,,,,,,,,,,,,
2022-02-23,254.67999267578125,278.4333190917969,253.5200042724609,276.8099975585937,95256900.0,,,,,,,,,,,,,,,
2022-02-24,266.92333984375,267.49334716796875,233.3333282470703,233.4633331298828,135322200.0,,,,,,,,,,,,,,,
2022-02-25,269.9566650390625,273.1666564941406,260.79998779296875,269.74334716796875,76067700.0,,,,,,,,,,,,,,,
2022-02-28,290.1433410644531,292.28668212890625,271.57000732421875,271.6700134277344,99006900.0,,,,,,,,,,,,,,,
2022-03-01,288.1233215332031,296.6266784667969,284.59332275390625,289.8933410644531,74766900.0,,,,,,,,,,,,,,,
2022-03-02,293.2966613769531,295.49334716796875,281.42333984375,290.7099914550781,74643300.0,,,,,,,,,,,,,,,
2022-03-03,279.7633361816406,295.4800109863281,277.5333251953125,292.92333984375,61623600.0,,,,,,,,,,,,,,,
2022-03-04,279.42999267578125,285.2166748046875,275.0533447265625,283.0333251953125,66999600.0,,,,,,,,,,,,,,,
2022-03-07,268.1933288574219,288.7133178710937,268.19000244140625,285.4333190917969,72494100.0,,,,,,,,,,,,,,,
2022-03-08,274.79998779296875,283.3299865722656,260.72332763671875,265.1766662597656,80399100.0,,,,,,,,,,,,,,,
2022-03-09,286.3233337402344,286.85333251953125,277.336669921875,279.82666015625,59184000.0,,,,,,,,,,,,,,,
2022-03-10,279.4333190917969,284.8166809082031,270.1199951171875,283.8166809082031,58648500.0,,,,,,,,,,,,,,,
2022-03-11,265.1166687011719,281.26666259765625,264.5899963378906,280.0666809082031,67037100.0,,,,,,,,,,,,,,,
2022-03-14,255.4566650390625,266.8999938964844,252.01333618164065,260.2033386230469,71152200.0,,,,,,,,,,,,,,,
2022-03-15,267.2966613769531,268.5233459472656,252.19000244140625,258.42333984375,66841200.0,,,,,,,,,,,,,,,
2022-03-16,280.07666015625,280.6666564941406,267.4200134277344,269.6666564941406,84028800.0,,,,,,,,,,,,,,,
2022-03-17,290.5333251953125,291.6666564941406,275.239990234375,276.9966735839844,66582900.0,,,,,,,,,,,,,,,
2022-03-18,301.7966613769531,302.6166687011719,289.1300048828125,291.4966735839844,100414200.0,,,,,,,,,,,,,,,
2022-03-21,307.0533447265625,314.2833251953125,302.36334228515625,304.99334716796875,81981600.0,,,,,,,,,,,,,,,
2022-03-22,331.32666015625,332.6199951171875,307.25,310.0,105868500.0,,,,,,,,,,,,,,,
2022-03-23,333.03668212890625,346.8999938964844,325.4666748046875,326.64666748046875,120676200.0,,,,,,,,,,,,,,,
2022-03-24,337.97332763671875,341.4966735839844,329.6000061035156,336.57666015625,68920800.0,,,,,,,,,,,,,,,
2022-03-25,336.8800048828125,340.6000061035156,332.44000244140625,336.0,62031600.0,,,,,,,,,,,,,,,
2022-03-28,363.9466552734375,365.9599914550781,351.20001220703125,355.0333251953125,102506100.0,,,,,,,,,,,,,,,
2022-03-29,366.5233459472656,371.5899963378906,357.7033386230469,369.3299865722656,73614900.0,,,,,,,,,,,,,,,
2022-03-30,364.663330078125,371.3166809082031,361.3333435058594,363.7233276367188,59865000.0,,,,,,,,,,,,,,,
2022-03-31,359.20001220703125,367.71331787109375,358.8800048828125,364.8566589355469,48992700.0,,,,,,,,,,,,,,,
2022-04-01,361.5299987792969,364.9166564941406,355.5466613769531,360.3833312988281,54263100.0,,,,,,,,,,,,,,,
2022-04-04,381.8166809082031,383.3033447265625,357.510009765625,363.1266784667969,82035900.0,,,,,,,,,,,,,,,
2022-04-05,363.7533264160156,384.2900085449219,362.4333190917969,378.76666259765625,80075100.0,,,,,,,,,,,,,,,
2022-04-06,348.586669921875,359.6666564941406,342.5666809082031,357.8233337402344,89348400.0,,,,,,,,,,,,,,,
2022-04-07,352.4200134277344,358.86334228515625,340.5133361816406,350.7966613769531,79447200.0,,,,,,,,,,,,,,,
2022-04-08,341.8299865722656,349.4800109863281,340.8133239746094,347.7366638183594,55013700.0,,,,,,,,,,,,,,,
2022-04-11,325.3099975585937,336.1566772460937,324.8800048828125,326.79998779296875,59357100.0,,,,,,,,,,,,,,,
2022-04-12,328.9833374023437,340.39666748046875,325.5333251953125,332.5466613769531,65976000.0,,,,,,,,,,,,,,,
2022-04-13,340.7900085449219,342.0799865722656,324.3666687011719,327.02667236328125,55121100.0,,,,,,,,,,,,,,,
2022-04-14,328.3333435058594,337.57000732421875,327.39666748046875,333.0966796875,58422300.0,,,,,,,,,,,,,,,
2022-04-18,334.7633361816406,338.3066711425781,324.4700012207031,329.6766662597656,51715200.0,,,,,,,,,,,,,,,
2022-04-19,342.7166748046875,344.9800109863281,331.77667236328125,335.0199890136719,49847700.0,,,,,,,,,,,,,,,
2022-04-20,325.7333374023437,344.6666564941406,325.0833435058594,343.3333435058594,70711200.0,,,,,,,,,,,,,,,
2022-04-21,336.260009765625,364.0733337402344,332.1400146484375,358.24334716796875,105416400.0,,,,,,,,,,,,,,,
2022-04-22,335.01666259765625,344.95001220703125,331.3333435058594,338.3033447265625,69696600.0,,,,,,,,,,,,,,,
2022-04-25,332.67333984375,336.2066650390625,325.1000061035156,326.3233337402344,68341200.0,,,,,,,,,,,,,,,
2022-04-26,292.1400146484375,333.3333435058594,291.6666564941406,331.8099975585937,136133700.0,,,,,,,,,,,,,,,
2022-04-27,293.836669921875,306.0,292.4533386230469,299.52667236328125,76956300.0,,,,,,,,,,,,,,,
2022-04-28,292.5033264160156,300.0,273.8999938964844,299.99334716796875,124948500.0,,,,,,,,,,,,,,,
2022-04-29,290.2533264160156,311.4666748046875,290.0,300.75,88133100.0,,,,,,,,,,,,,,,
2022-05-02,300.9800109863281,302.1199951171875,282.6766662597656,286.92333984375,75781500.0,,,,,,,,,,,,,,,
2022-05-03,303.0833435058594,308.02667236328125,296.1966552734375,301.0599975585937,63709500.0,,,,,,,,,,,,,,,
2022-05-04,317.5400085449219,318.5,295.09332275390625,301.3133239746094,81643800.0,,,,,,,,,,,,,,,
2022-05-05,291.09332275390625,315.20001220703125,285.8999938964844,313.00665283203125,92519100.0,,,,,,,,,,,,,,,
2022-05-06,288.54998779296875,296.0,281.03668212890625,295.6666564941406,72903000.0,,,,,,,,,,,,,,,
2022-05-09,262.3699951171875,281.8766784667969,260.3833312988281,278.8166809082031,90810300.0,,,,,,,,,,,,,,,
2022-05-10,266.67999267578125,275.1199951171875,258.0833435058594,273.10333251953125,84401700.0,,,,,,,,,,,,,,,
2022-05-11,244.6666717529297,269.92333984375,242.3999938964844,265.0,97224600.0,,,,,,,,,,,,,,,
2022-05-12,242.6666717529297,253.22000122070312,226.6666717529297,233.6666717529297,140313000.0,,,,,,,,,,,,,,,
2022-05-13,256.5299987792969,262.45001220703125,250.52333068847656,257.82666015625,92150700.0,,,,,,,,,,,,,,,
2022-05-16,241.4566650390625,256.586669921875,239.69667053222656,255.72000122070312,86098500.0,,,,,,,,,,,,,,,
2022-05-17,253.8699951171875,254.82666015625,242.9499969482422,249.1199951171875,80236200.0,,,,,,,,,,,,,,,
2022-05-18,236.60333251953125,253.5,233.60333251953125,248.17333984375,87811800.0,,,,,,,,,,,,,,,
2022-05-19,236.47332763671875,244.6666717529297,231.3699951171875,235.6666717529297,90296700.0,,,,,,,,,,,,,,,
2022-05-20,221.3000030517578,240.52667236328125,211.0,237.9966735839844,144973200.0,,,,,,,,,,,,,,,
2022-05-23,224.96665954589844,226.65333557128903,212.6866607666016,218.33999633789065,88903500.0,,,,,,,,,,,,,,,
2022-05-24,209.3866729736328,217.97332763671875,206.856674194336,217.8433380126953,89092500.0,,,,,,,,,,,,,,,
2022-05-25,219.6000061035156,223.106674194336,207.6699981689453,207.9499969482422,92139300.0,,,,,,,,,,,,,,,
2022-05-26,235.9100036621093,239.55667114257807,217.8866729736328,220.47332763671875,106003200.0,,,,,,,,,,,,,,,
2022-05-27,253.2100067138672,253.26666259765625,240.1766662597656,241.0833282470703,89295000.0,,,,,,,,,,,,,,,
2022-05-31,252.7533264160156,259.6000061035156,244.7433319091797,257.9466552734375,101914500.0,,,,,,,,,,,,,,,
2022-06-01,246.7899932861328,257.32666015625,243.63999938964844,251.72000122070312,77247900.0,,,,,,,,,,,,,,,
2022-06-02,258.3333435058594,264.2099914550781,242.0666656494141,244.1566619873047,93473100.0,,,,,,,,,,,,,,,
2022-06-03,234.51666259765625,247.79666137695312,233.4166717529297,243.22666931152344,112393800.0,,,,,,,,,,,,,,,
2022-06-06,238.27999877929688,244.86666870117188,234.3500061035156,244.35333251953125,84204600.0,,,,,,,,,,,,,,,
2022-06-07,238.8866729736328,239.9966735839844,230.0933380126953,234.0,72808500.0,,,,,,,,,,,,,,,
2022-06-08,241.86666870117188,249.9633331298828,239.1766662597656,240.086669921875,76210500.0,,,,,,,,,,,,,,,
2022-06-09,239.7066650390625,255.54666137695312,239.32666015625,249.33999633789065,96491400.0,,,,,,,,,,,,,,,
2022-06-10,232.22999572753903,239.5,227.913330078125,235.1566619873047,97536600.0,,,,,,,,,,,,,,,
2022-06-13,215.7366638183593,226.63333129882807,214.683334350586,223.1666717529297,102767400.0,,,,,,,,,,,,,,,
2022-06-14,220.88999938964844,226.3300018310547,211.7366638183593,218.2866668701172,97988700.0,,,,,,,,,,,,,,,
2022-06-15,233.0,235.663330078125,218.1499938964844,220.9166717529297,119131800.0,,,,,,,,,,,,,,,
2022-06-16,213.1000061035156,225.1666717529297,208.69332885742188,222.7366638183593,107390700.0,,,,,,,,,,,,,,,
2022-06-17,216.759994506836,220.97000122070312,213.19667053222656,213.433334350586,92641800.0,,,,,,,,,,,,,,,
2022-06-21,237.0366668701172,243.57666015625,224.3333282470703,224.60333251953125,122793000.0,,,,,,,,,,,,,,,
2022-06-22,236.086669921875,246.8333282470703,233.82666015625,234.5033264160156,101107500.0,,,,,,,,,,,,,,,
2022-06-23,235.07000732421875,239.3166656494141,228.6366729736328,237.9066619873047,104202600.0,,,,,,,,,,,,,,,
2022-06-24,245.7066650390625,246.0666656494141,236.086669921875,237.47000122070312,95770800.0,,,,,,,,,,,,,,,
2022-06-27,244.9199981689453,252.07000732421875,242.5666656494141,249.36666870117188,89178300.0,,,,,,,,,,,,,,,
2022-06-28,232.663330078125,249.97000122070312,232.3433380126953,244.4833374023437,90391200.0,,,,,,,,,,,,,,,
2022-06-29,228.4900054931641,231.17333984375,222.27333068847656,230.5,82897200.0,,,,,,,,,,,,,,,
2022-06-30,224.47332763671875,229.4566650390625,218.8633270263672,224.509994506836,94600500.0,,,,,,,,,,,,,,,
2022-07-01,227.26333618164065,230.22999572753903,222.1199951171875,227.0,74460300.0,,,,,,,,,,,,,,,
2022-07-05,233.0666656494141,233.14666748046875,216.1666717529297,223.0,84581100.0,,,,,,,,,,,,,,,
2022-07-06,231.7333374023437,234.56333923339844,227.1866607666016,230.77999877929688,71853600.0,,,,,,,,,,,,,,,
2022-07-07,244.5433349609375,245.3633270263672,232.2100067138672,233.9199981689453,81930600.0,,,,,,,,,,,,,,,
2022-07-08,250.76333618164065,254.97999572753903,241.1600036621093,242.3333282470703,101854200.0,,,,,,,,,,,,,,,
2022-07-11,234.3433380126953,253.06333923339844,233.6266632080078,252.10333251953125,99241200.0,,,,,,,,,,,,,,,
2022-07-12,233.07000732421875,239.77333068847656,228.3699951171875,236.8466644287109,87930900.0,,,,,,,,,,,,,,,
2022-07-13,237.0399932861328,242.0599975585937,225.0333404541016,225.5,97954500.0,,,,,,,,,,,,,,,
2022-07-14,238.31333923339844,238.65333557128903,229.3333282470703,234.89666748046875,78557400.0,,,,,,,,,,,,,,,
2022-07-15,240.0666656494141,243.6233367919922,236.88999938964844,240.0,69683100.0,,,,,,,,,,,,,,,
2022-07-18,240.54666137695312,250.51666259765625,239.60333251953125,244.9366607666016,82537500.0,,,,,,,,,,,,,,,
2022-07-19,245.52999877929688,247.13999938964844,236.97666931152344,245.0,80890200.0,,,,,,,,,,,,,,,
2022-07-20,247.5,250.663330078125,243.4833374023437,246.7833404541016,88864200.0,,,,,,,,,,,,,,,
2022-07-21,271.7066650390625,273.26666259765625,254.86666870117188,255.106674194336,142032300.0,,,,,,,,,,,,,,,
2022-07-22,272.24334716796875,280.78668212890625,270.7133178710937,276.2200012207031,103472700.0,,,,,,,,,,,,,,,
2022-07-25,268.4333190917969,274.14666748046875,267.3999938964844,272.2166748046875,64073400.0,,,,,,,,,,,,,,,
2022-07-26,258.8599853515625,267.3099975585937,256.2633361816406,266.5133361816406,66820800.0,,,,,,,,,,,,,,,
2022-07-27,274.82000732421875,275.9266662597656,261.7900085449219,263.8099975585937,88110000.0,,,,,,,,,,,,,,,
2022-07-28,280.8999938964844,283.29998779296875,272.79998779296875,280.0666809082031,84723000.0,,,,,,,,,,,,,,,
2022-07-29,297.1499938964844,298.32000732421875,279.1000061035156,280.70001220703125,95313000.0,,,,,,,,,,,,,,,
2022-08-01,297.27667236328125,311.8766784667969,295.0,301.27667236328125,117042900.0,,,,,,,,,,,,,,,
2022-08-02,300.586669921875,307.8333435058594,292.6666564941406,294.0033264160156,95577600.0,,,,,,,,,,,,,,,
2022-08-03,307.39666748046875,309.54998779296875,301.1499938964844,305.0,80091000.0,,,,,,,,,,,,,,,
2022-08-04,308.6333312988281,313.6066589355469,305.0,311.0,72256200.0,,,,,,,,,,,,,,,
2022-08-05,288.1700134277344,304.6066589355469,285.5433349609375,302.6700134277344,113172900.0,,,,,,,,,,,,,,,
2022-08-08,290.42333984375,305.20001220703125,289.086669921875,295.0,98994000.0,,,,,,,,,,,,,,,
2022-08-09,283.3333435058594,292.39666748046875,279.35333251953125,290.2933349609375,86244600.0,,,,,,,,,,,,,,,
2022-08-10,294.3566589355469,297.510009765625,283.3699951171875,297.0666809082031,94918800.0,,,,,,,,,,,,,,,
2022-08-11,286.6300048828125,298.2366638183594,285.8333435058594,296.5133361816406,70155000.0,,,,,,,,,,,,,,,
2022-08-12,300.0299987792969,300.1600036621094,285.0333251953125,289.4166564941406,79657200.0,,,,,,,,,,,,,,,
2022-08-15,309.32000732421875,313.1333312988281,301.2300109863281,301.78668212890625,89359200.0,,,,,,,,,,,,,,,
2022-08-16,306.5633239746094,314.6666564941406,302.8833312988281,311.6666564941406,88136400.0,,,,,,,,,,,,,,,
2022-08-17,303.9966735839844,309.6566772460937,300.0333251953125,303.39666748046875,68766000.0,,,,,,,,,,,,,,,
2022-08-18,302.8699951171875,306.5,301.85333251953125,306.0,47500500.0,,,,,,,,,,,,,,,
2022-08-19,296.6666564941406,300.3599853515625,292.5,299.0,61395300.0,,,,,,,,,,,,,,,
2022-08-22,289.913330078125,292.3999938964844,286.2966613769531,291.913330078125,55843200.0,,,,,,,,,,,,,,,
2022-08-23,296.4533386230469,298.82666015625,287.92333984375,291.4533386230469,63984900.0,,,,,,,,,,,,,,,
2022-08-24,297.0966796875,303.64666748046875,296.5,297.5633239746094,57259800.0,,,,,,,,,,,,,,,
2022-08-25,296.07000732421875,302.9599914550781,291.6000061035156,302.3599853515625,53230000.0,,,,,,,,,,,,,,,
2022-08-26,288.0899963378906,302.0,287.4700012207031,297.42999267578125,57163900.0,,,,,,,,,,,,,,,
2022-08-29,284.82000732421875,287.739990234375,280.70001220703125,282.8299865722656,41864700.0,,,,,,,,,,,,,,,
2022-08-30,277.70001220703125,288.4800109863281,272.6499938964844,287.8699951171875,50541800.0,,,,,,,,,,,,,,,
2022-08-31,275.6099853515625,281.25,271.8099975585937,280.6199951171875,52107300.0,,,,,,,,,,,,,,,
2022-09-01,277.1600036621094,277.5799865722656,266.1499938964844,272.5799865722656,54287000.0,,,,,,,,,,,,,,,
2022-09-02,270.2099914550781,282.3500061035156,269.0799865722656,281.07000732421875,50890100.0,,,,,,,,,,,,,,,
2022-09-06,274.4200134277344,275.989990234375,265.739990234375,272.67999267578125,55860000.0,,,,,,,,,,,,,,,
2022-09-07,283.70001220703125,283.8399963378906,272.2699890136719,273.1000061035156,50028900.0,,,,,,,,,,,,,,,
2022-09-08,289.260009765625,289.5,279.760009765625,281.29998779296875,53713100.0,,,,,,,,,,,,,,,
2022-09-09,299.67999267578125,299.8500061035156,291.25,291.6700134277344,54338100.0,,,,,,,,,,,,,,,
2022-09-12,304.4200134277344,305.489990234375,300.3999938964844,300.7200012207031,48674600.0,,,,,,,,,,,,,,,
2022-09-13,292.1300048828125,297.3999938964844,290.3999938964844,292.8999938964844,68229600.0,,,,,,,,,,,,,,,
2022-09-14,302.6099853515625,306.0,291.6400146484375,292.239990234375,72628700.0,,,,,,,,,,,,,,,
2022-09-15,303.75,309.1199951171875,300.7200012207031,301.8299865722656,64795500.0,,,,,,,,,,,,,,,
2022-09-16,303.3500061035156,303.7099914550781,295.6000061035156,299.6099853515625,87087800.0,,,,,,,,,,,,,,,
2022-09-19,309.07000732421875,309.8399963378906,297.79998779296875,300.0899963378906,60231200.0,,,,,,,,,,,,,,,
2022-09-20,308.7300109863281,313.3299865722656,305.5799865722656,306.9100036621094,61642800.0,,,,,,,,,,,,,,,
2022-09-21,300.79998779296875,313.79998779296875,300.6300048828125,308.2900085449219,62555700.0,,,,,,,,,,,,,,,
2022-09-22,288.5899963378906,301.2900085449219,285.82000732421875,299.8599853515625,70545400.0,,,,,,,,,,,,,,,
2022-09-23,275.3299865722656,284.5,272.82000732421875,283.0899963378906,63748400.0,,,,,,,,,,,,,,,
2022-09-26,276.010009765625,284.0899963378906,270.3099975585937,271.8299865722656,58076900.0,,,,,,,,,,,,,,,
2022-09-27,282.94000244140625,288.6700134277344,277.510009765625,283.8399963378906,61925200.0,,,,,,,,,,,,,,,
2022-09-28,287.8099975585937,289.0,277.57000732421875,283.0799865722656,54664800.0,,,,,,,,,,,,,,,
2022-09-29,268.2099914550781,283.6499938964844,265.7799987792969,282.760009765625,77620600.0,,,,,,,,,,,,,,,
2022-09-30,265.25,275.57000732421875,262.4700012207031,266.1499938964844,67726600.0,,,,,,,,,,,,,,,
2022-10-03,242.3999938964844,255.1600036621093,241.009994506836,254.5,98363500.0,,,,,,,,,,,,,,,
2022-10-04,249.44000244140625,257.5,242.009994506836,250.5200042724609,109578500.0,,,,,,,,,,,,,,,
2022-10-05,240.8099975585937,246.6699981689453,233.2700042724609,245.009994506836,86982700.0,,,,,,,,,,,,,,,
2022-10-06,238.1300048828125,244.5800018310547,235.3500061035156,239.44000244140625,69298400.0,,,,,,,,,,,,,,,
2022-10-07,223.07000732421875,234.57000732421875,222.0200042724609,233.94000244140625,83916800.0,,,,,,,,,,,,,,,
2022-10-10,222.9600067138672,226.9900054931641,218.3600006103516,223.92999267578125,67925000.0,,,,,,,,,,,,,,,
2022-10-11,216.5,225.75,215.0,220.9499969482422,77013200.0,,,,,,,,,,,,,,,
2022-10-12,217.2400054931641,219.3000030517578,211.509994506836,215.3300018310547,66860700.0,,,,,,,,,,,,,,,
2022-10-13,221.72000122070312,222.9900054931641,206.22000122070312,208.3000030517578,91483000.0,,,,,,,,,,,,,,,
2022-10-14,204.9900054931641,226.259994506836,204.1600036621093,224.009994506836,94124500.0,,,,,,,,,,,,,,,
2022-10-17,219.3500061035156,221.8600006103516,209.4499969482422,210.0399932861328,79428800.0,,,,,,,,,,,,,,,
2022-10-18,220.19000244140625,229.82000732421875,217.25,229.5,75891900.0,,,,,,,,,,,,,,,
2022-10-19,222.0399932861328,222.92999267578125,217.77999877929688,219.8000030517578,66571500.0,,,,,,,,,,,,,,,
2022-10-20,207.27999877929688,215.5500030517578,202.0,208.27999877929688,117798100.0,,,,,,,,,,,,,,,
2022-10-21,214.44000244140625,214.6600036621093,203.8000030517578,206.4199981689453,75713800.0,,,,,,,,,,,,,,,
2022-10-24,211.25,213.5,198.58999633789065,205.82000732421875,100446800.0,,,,,,,,,,,,,,,
2022-10-25,222.4199981689453,224.3500061035156,210.0,210.1000061035156,96507900.0,,,,,,,,,,,,,,,
2022-10-26,224.63999938964844,230.6000061035156,218.1999969482422,219.3999938964844,85012500.0,,,,,,,,,,,,,,,
2022-10-27,225.08999633789065,233.8099975585937,222.8500061035156,229.7700042724609,61638800.0,,,,,,,,,,,,,,,
2022-10-28,228.5200042724609,228.8600006103516,216.3500061035156,225.3999938964844,69152400.0,,,,,,,,,,,,,,,
2022-10-31,227.5399932861328,229.8500061035156,221.94000244140625,226.19000244140625,61554300.0,,,,,,,,,,,,,,,
2022-11-01,227.82000732421875,237.3999938964844,227.27999877929688,234.0500030517578,62688800.0,,,,,,,,,,,,,,,
2022-11-02,214.97999572753903,227.8699951171875,214.82000732421875,226.0399932861328,63070300.0,,,,,,,,,,,,,,,
2022-11-03,215.3099975585937,221.1999969482422,210.13999938964844,211.3600006103516,56538800.0,,,,,,,,,,,,,,,
2022-11-04,207.47000122070312,223.8000030517578,203.0800018310547,222.6000061035156,98622200.0,,,,,,,,,,,,,,,
2022-11-07,197.0800018310547,208.8999938964844,196.6600036621093,208.6499938964844,93916500.0,,,,,,,,,,,,,,,
2022-11-08,191.3000030517578,195.1999969482422,186.75,194.0200042724609,128803400.0,,,,,,,,,,,,,,,
2022-11-09,177.58999633789062,195.88999938964844,177.1199951171875,190.77999877929688,127062700.0,,,,,,,,,,,,,,,
2022-11-10,190.72000122070312,191.0,180.02999877929688,189.8999938964844,132703000.0,,,,,,,,,,,,,,,
2022-11-11,195.97000122070312,196.5200042724609,182.58999633789065,186.0,114403600.0,,,,,,,,,,,,,,,
2022-11-14,190.9499969482422,195.72999572753903,186.33999633789065,192.7700042724609,92226600.0,,,,,,,,,,,,,,,
2022-11-15,194.4199981689453,200.82000732421875,192.0599975585937,195.8800048828125,91293800.0,,,,,,,,,,,,,,,
2022-11-16,186.9199981689453,192.57000732421875,185.6600036621093,191.509994506836,66567600.0,,,,,,,,,,,,,,,
2022-11-17,183.1699981689453,186.1600036621093,180.8999938964844,183.9600067138672,64336000.0,,,,,,,,,,,,,,,
2022-11-18,180.19000244140625,185.19000244140625,176.5500030517578,185.0500030517578,76048900.0,,,,,,,,,,,,,,,
2022-11-21,167.8699951171875,176.77000427246094,167.5399932861328,175.85000610351562,92882700.0,,,,,,,,,,,,,,,
2022-11-22,169.91000366210938,170.9199981689453,166.19000244140625,168.6300048828125,78452300.0,,,,,,,,,,,,,,,
2022-11-23,183.1999969482422,183.6199951171875,172.5,173.57000732421875,109536700.0,,,,,,,,,,,,,,,
2022-11-25,182.8600006103516,185.1999969482422,180.6300048828125,185.0599975585937,50672700.0,,,,,,,,,,,,,,,
2022-11-28,182.9199981689453,188.5,179.0,179.9600067138672,92905200.0,,,,,,,,,,,,,,,
2022-11-29,180.8300018310547,186.3800048828125,178.75,184.9900054931641,83357100.0,,,,,,,,,,,,,,,
2022-11-30,194.6999969482422,194.759994506836,180.6300048828125,182.42999267578125,109186400.0,,,,,,,,,,,,,,,
2022-12-01,194.6999969482422,198.9199981689453,191.8000030517578,197.0800018310547,80046200.0,,,,,,,,,,,,,,,
2022-12-02,194.8600006103516,196.25,191.1100006103516,191.77999877929688,73645900.0,,,,,,,,,,,,,,,
2022-12-05,182.4499969482422,191.2700042724609,180.5500030517578,189.44000244140625,93122700.0,,,,,,,,,,,,,,,
2022-12-06,179.82000732421875,183.6499938964844,175.3300018310547,181.22000122070312,92150800.0,,,,,,,,,,,,,,,
2022-12-07,174.0399932861328,179.3800048828125,172.22000122070312,175.02999877929688,84213300.0,,,,,,,,,,,,,,,
2022-12-08,173.44000244140625,175.1999969482422,169.05999755859375,172.1999969482422,97624500.0,,,,,,,,,,,,,,,
2022-12-09,179.0500030517578,182.5,173.36000061035156,173.83999633789062,104872300.0,,,,,,,,,,,,,,,
2022-12-12,167.82000732421875,177.3699951171875,167.52000427246094,176.10000610351562,109794500.0,,,,,,,,,,,,,,,
2022-12-13,160.9499969482422,175.0500030517578,156.91000366210938,174.8699951171875,175862700.0,,,,,,,,,,,,,,,
2022-12-14,156.8000030517578,161.6199951171875,155.30999755859375,159.25,140682300.0,,,,,,,,,,,,,,,
2022-12-15,157.6699981689453,160.92999267578125,153.27999877929688,153.44000244140625,122334500.0,,,,,,,,,,,,,,,
2022-12-16,150.22999572753906,160.99000549316406,150.0399932861328,159.63999938964844,139032200.0,,,,,,,,,,,,,,,
2022-12-19,149.8699951171875,155.25,145.82000732421875,154.0,139390600.0,,,,,,,,,,,,,,,
2022-12-20,137.8000030517578,148.47000122070312,137.66000366210938,146.0500030517578,159563300.0,,,,,,,,,,,,,,,
2022-12-21,137.57000732421875,141.25999450683594,135.88999938964844,139.33999633789062,145417400.0,,,,,,,,,,,,,,,
2022-12-22,125.3499984741211,136.6300048828125,122.26000213623048,136.0,210090300.0,,,,,,,,,,,,,,,
2022-12-23,123.1500015258789,128.6199951171875,121.0199966430664,126.37000274658205,166989700.0,,,,,,,,,,,,,,,
2022-12-27,109.0999984741211,119.66999816894533,108.76000213623048,117.5,208643400.0,,,,,,,,,,,,,,,
2022-12-28,112.70999908447266,116.2699966430664,108.23999786376952,110.3499984741211,221070500.0,,,,,,,,,,,,,,,
2022-12-29,121.81999969482422,123.56999969482422,117.5,120.38999938964844,221923300.0,,,,,,,,,,,,,,,
2022-12-30,123.18000030517578,124.4800033569336,119.75,119.9499969482422,157777300.0,,,,,,,,,,,,,,,
2023-01-03,108.0999984741211,118.8000030517578,104.63999938964844,118.47000122070312,231402800.0,,,,,,,,,,,,,,,
2023-01-04,113.63999938964844,114.58999633789062,107.5199966430664,109.11000061035156,180389000.0,,,,,,,,,,,,,,,
2023-01-05,110.33999633789062,111.75,107.16000366210938,110.51000213623048,157986300.0,,,,,,,,,,,,,,,
2023-01-06,113.05999755859376,114.38999938964844,101.80999755859376,103.0,220911100.0,,,,,,,,,,,,,,,
2023-01-09,119.7699966430664,123.5199966430664,117.11000061035156,118.95999908447266,190284000.0,,,,,,,,,,,,,,,
2023-01-10,118.8499984741211,122.76000213623048,114.91999816894533,121.06999969482422,167642500.0,,,,,,,,,,,,,,,
2023-01-11,123.22000122070312,125.9499969482422,120.51000213623048,122.08999633789062,183810800.0,,,,,,,,,,,,,,,
2023-01-12,123.55999755859376,124.12999725341795,117.0,122.55999755859376,169400900.0,,,,,,,,,,,,,,,
2023-01-13,122.4000015258789,122.62999725341795,115.5999984741211,116.5500030517578,180714100.0,,,,,,,,,,,,,,,
2023-01-17,131.49000549316406,131.6999969482422,125.0199966430664,125.6999969482422,186477000.0,,,,,,,,,,,,,,,
2023-01-18,128.77999877929688,136.67999267578125,127.01000213623048,136.55999755859375,195680300.0,,,,,,,,,,,,,,,
2023-01-19,127.16999816894533,129.99000549316406,124.30999755859376,127.26000213623048,170291900.0,,,,,,,,,,,,,,,
2023-01-20,133.4199981689453,133.50999450683594,127.3499984741211,128.67999267578125,138858100.0,,,,,,,,,,,,,,,
2023-01-23,143.75,145.3800048828125,134.27000427246094,135.8699951171875,203119200.0,,,,,,,,,,,,,,,
2023-01-24,143.88999938964844,146.5,141.10000610351562,143.0,158699100.0,,,,,,,,,,,,,,,
2023-01-25,144.42999267578125,146.41000366210938,138.07000732421875,141.91000366210938,192734300.0,,,,,,,,,,,,,,,
2023-01-26,160.27000427246094,161.4199981689453,154.75999450683594,159.97000122070312,234815100.0,,,,,,,,,,,,,,,
2023-01-27,177.89999389648438,180.67999267578125,161.1699981689453,162.42999267578125,306590600.0,,,,,,,,,,,,,,,
2023-01-30,166.66000366210938,179.77000427246094,166.5,178.0500030517578,230878800.0,,,,,,,,,,,,,,,
2023-01-31,173.22000122070312,174.3000030517578,162.77999877929688,164.57000732421875,196813500.0,,,,,,,,,,,,,,,
2023-02-01,181.4100036621093,183.8099975585937,169.92999267578125,173.88999938964844,213806300.0,,,,,,,,,,,,,,,
2023-02-02,188.2700042724609,196.75,182.6100006103516,187.3300018310547,217448300.0,,,,,,,,,,,,,,,
2023-02-03,189.97999572753903,199.0,183.69000244140625,183.9499969482422,232662000.0,,,,,,,,,,,,,,,
2023-02-06,194.759994506836,198.1699981689453,189.9199981689453,193.009994506836,186188100.0,,,,,,,,,,,,,,,
2023-02-07,196.8099975585937,197.5,189.5500030517578,196.42999267578125,186010300.0,,,,,,,,,,,,,,,
2023-02-08,201.2899932861328,203.0,194.3099975585937,196.1000061035156,180673600.0,,,,,,,,,,,,,,,
2023-02-09,207.32000732421875,214.0,204.7700042724609,207.77999877929688,215431400.0,,,,,,,,,,,,,,,
2023-02-10,196.88999938964844,206.1999969482422,192.88999938964844,202.22999572753903,204754100.0,,,,,,,,,,,,,,,
2023-02-13,194.63999938964844,196.3000030517578,187.6100006103516,194.4199981689453,172475500.0,,,,,,,,,,,,,,,
2023-02-14,209.25,209.82000732421875,189.44000244140625,191.94000244140625,216455700.0,,,,,,,,,,,,,,,
2023-02-15,214.2400054931641,214.6600036621093,206.1100006103516,211.759994506836,181006400.0,,,,,,,,,,,,,,,
2023-02-16,202.0399932861328,217.6499938964844,201.83999633789065,210.77999877929688,229586500.0,,,,,,,,,,,,,,,
2023-02-17,208.3099975585937,208.44000244140625,197.5,199.9900054931641,213738500.0,,,,,,,,,,,,,,,
2023-02-21,197.3699951171875,209.7100067138672,197.22000122070312,204.9900054931641,180018600.0,,,,,,,,,,,,,,,
2023-02-22,200.8600006103516,201.9900054931641,191.77999877929688,197.92999267578125,191828500.0,,,,,,,,,,,,,,,
2023-02-23,202.07000732421875,205.13999938964844,196.3300018310547,203.9100036621093,146360000.0,,,,,,,,,,,,,,,
2023-02-24,196.8800048828125,197.6699981689453,192.8000030517578,196.3300018310547,142228100.0,,,,,,,,,,,,,,,
2023-02-27,207.6300048828125,209.4199981689453,201.259994506836,202.02999877929688,161028300.0,,,,,,,,,,,,,,,
2023-02-28,205.7100067138672,211.22999572753903,203.75,210.58999633789065,153144900.0,,,,,,,,,,,,,,,
2023-03-01,202.7700042724609,207.1999969482422,198.5200042724609,206.2100067138672,156852800.0,,,,,,,,,,,,,,,
2023-03-02,190.8999938964844,193.75,186.009994506836,186.7400054931641,181500700.0,,,,,,,,,,,,,,,
2023-03-03,197.7899932861328,200.47999572753903,192.8800048828125,194.8000030517578,154193300.0,,,,,,,,,,,,,,,
2023-03-06,193.8099975585937,198.6000061035156,192.3000030517578,198.5399932861328,128100100.0,,,,,,,,,,,,,,,
2023-03-07,187.7100067138672,194.1999969482422,186.1000061035156,191.3800048828125,148125800.0,,,,,,,,,,,,,,,
2023-03-08,182.0,186.5,180.0,185.0399932861328,151897800.0,,,,,,,,,,,,,,,
2023-03-09,172.9199981689453,185.17999267578125,172.50999450683594,180.25,170023800.0,,,,,,,,,,,,,,,
2023-03-10,173.44000244140625,178.2899932861328,168.44000244140625,175.1300048828125,191488900.0,,,,,,,,,,,,,,,
2023-03-13,174.47999572753906,177.35000610351562,163.91000366210938,167.4600067138672,167790300.0,,,,,,,,,,,,,,,
2023-03-14,183.259994506836,183.8000030517578,177.13999938964844,177.30999755859375,143717900.0,,,,,,,,,,,,,,,
2023-03-15,180.4499969482422,182.33999633789065,176.02999877929688,180.8000030517578,145995600.0,,,,,,,,,,,,,,,
2023-03-16,184.1300048828125,185.8099975585937,178.83999633789062,180.3699951171875,121136800.0,,,,,,,,,,,,,,,
2023-03-17,180.1300048828125,186.22000122070312,177.3300018310547,184.5200042724609,133197100.0,,,,,,,,,,,,,,,
2023-03-20,183.25,186.44000244140625,176.35000610351562,178.0800018310547,129684400.0,,,,,,,,,,,,,,,
2023-03-21,197.5800018310547,198.0,188.0399932861328,188.27999877929688,153391400.0,,,,,,,,,,,,,,,
2023-03-22,191.1499938964844,200.6600036621093,190.9499969482422,199.3000030517578,150376400.0,,,,,,,,,,,,,,,
2023-03-23,192.22000122070312,199.3099975585937,188.6499938964844,195.259994506836,144193900.0,,,,,,,,,,,,,,,
2023-03-24,190.4100036621093,192.3600006103516,187.1499938964844,191.6499938964844,116312400.0,,,,,,,,,,,,,,,
2023-03-27,191.8099975585937,197.38999938964844,189.94000244140625,194.4199981689453,120851600.0,,,,,,,,,,,,,,,
2023-03-28,189.19000244140625,192.3500061035156,185.42999267578125,192.0,98654600.0,,,,,,,,,,,,,,,
2023-03-29,193.8800048828125,195.2899932861328,189.44000244140625,193.1300048828125,123660000.0,,,,,,,,,,,,,,,
2023-03-30,195.27999877929688,197.3300018310547,194.4199981689453,195.5800018310547,110252200.0,,,,,,,,,,,,,,,
2023-03-31,207.4600067138672,207.7899932861328,197.1999969482422,197.52999877929688,170222100.0,,,,,,,,,,,,,,,
2023-04-03,194.7700042724609,202.69000244140625,192.1999969482422,199.9100036621093,169545900.0,,,,,,,,,,,,,,,
2023-04-04,192.5800018310547,198.7400054931641,190.32000732421875,197.32000732421875,126463800.0,,,,,,,,,,,,,,,
2023-04-05,185.5200042724609,190.67999267578125,183.759994506836,190.5200042724609,133882500.0,,,,,,,,,,,,,,,
2023-04-06,185.0599975585937,186.38999938964844,179.74000549316406,183.0800018310547,123857900.0,,,,,,,,,,,,,,,
2023-04-10,184.509994506836,185.1000061035156,176.11000061035156,179.94000244140625,142154600.0,,,,,,,,,,,,,,,
2023-04-11,186.7899932861328,189.19000244140625,185.6499938964844,186.69000244140625,115770900.0,,,,,,,,,,,,,,,
2023-04-12,180.5399932861328,191.5800018310547,180.3099975585937,190.7400054931641,150256300.0,,,,,,,,,,,,,,,
2023-04-13,185.8999938964844,186.5,180.94000244140625,182.9600067138672,112933000.0,,,,,,,,,,,,,,,
2023-04-14,185.0,186.27999877929688,182.009994506836,183.9499969482422,96438700.0,,,,,,,,,,,,,,,
2023-04-17,187.0399932861328,189.69000244140625,182.69000244140625,186.32000732421875,116662200.0,,,,,,,,,,,,,,,
2023-04-18,184.3099975585937,187.69000244140625,183.5800018310547,187.1499938964844,92067000.0,,,,,,,,,,,,,,,
2023-04-19,180.58999633789065,183.5,177.64999389648438,179.10000610351562,125732700.0,,,,,,,,,,,,,,,
2023-04-20,162.99000549316406,169.6999969482422,160.55999755859375,166.1699981689453,210970800.0,,,,,,,,,,,,,,,
2023-04-21,165.0800018310547,166.0,161.32000732421875,164.8000030517578,123539000.0,,,,,,,,,,,,,,,
2023-04-24,162.5500030517578,165.64999389648438,158.61000061035156,164.64999389648438,140006600.0,,,,,,,,,,,,,,,
2023-04-25,160.6699981689453,163.47000122070312,158.75,159.82000732421875,121999300.0,,,,,,,,,,,,,,,
2023-04-26,153.75,160.6699981689453,153.13999938964844,160.2899932861328,153364100.0,,,,,,,,,,,,,,,
2023-04-27,160.19000244140625,160.47999572753906,152.3699951171875,152.63999938964844,127015200.0,,,,,,,,,,,,,,,
2023-04-28,164.30999755859375,165.0,157.32000732421875,160.89999389648438,122515800.0,,,,,,,,,,,,,,,
2023-05-01,161.8300018310547,163.27999877929688,158.8300018310547,163.1699981689453,109015000.0,,,,,,,,,,,,,,,
2023-05-02,160.30999755859375,165.49000549316406,158.92999267578125,161.8800048828125,128259700.0,,,,,,,,,,,,,,,
2023-05-03,160.61000061035156,165.0,159.91000366210938,160.00999450683594,119728000.0,,,,,,,,,,,,,,,
2023-05-04,161.1999969482422,162.9499969482422,159.64999389648438,162.7100067138672,95108500.0,,,,,,,,,,,,,,,
2023-05-05,170.05999755859375,170.7899932861328,163.50999450683594,163.97000122070312,107607300.0,,,,,,,,,,,,,,,
2023-05-08,171.7899932861328,173.8000030517578,169.19000244140625,173.72000122070312,112249400.0,,,,,,,,,,,,,,,
2023-05-09,169.14999389648438,169.82000732421875,166.55999755859375,168.9499969482422,88965000.0,,,,,,,,,,,,,,,
2023-05-10,168.5399932861328,174.42999267578125,166.67999267578125,172.5500030517578,119840700.0,,,,,,,,,,,,,,,
2023-05-11,172.0800018310547,173.57000732421875,166.7899932861328,168.6999969482422,103889900.0,,,,,,,,,,,,,,,
2023-05-12,167.97999572753906,177.3800048828125,167.22999572753906,176.07000732421875,157849600.0,,,,,,,,,,,,,,,
2023-05-15,166.35000610351562,169.75999450683594,164.5500030517578,167.66000366210938,105592500.0,,,,,,,,,,,,,,,
2023-05-16,166.52000427246094,169.52000427246094,164.35000610351562,165.64999389648438,98288800.0,,,,,,,,,,,,,,,
2023-05-17,173.86000061035156,174.5,167.19000244140625,168.41000366210938,125473600.0,,,,,,,,,,,,,,,
2023-05-18,176.88999938964844,177.05999755859375,172.4499969482422,174.22000122070312,109520300.0,,,,,,,,,,,,,,,
2023-05-19,180.13999938964844,181.9499969482422,176.30999755859375,177.1699981689453,136196700.0,,,,,,,,,,,,,,,
2023-05-22,188.8699951171875,189.32000732421875,180.11000061035156,180.6999969482422,132001400.0,,,,,,,,,,,,,,,
2023-05-23,185.7700042724609,192.9600067138672,185.259994506836,186.1999969482422,156952100.0,,,,,,,,,,,,,,,
2023-05-24,182.8999938964844,184.22000122070312,178.22000122070312,182.22999572753903,137605100.0,,,,,,,,,,,,,,,
2023-05-25,184.47000122070312,186.77999877929688,180.5800018310547,186.5399932861328,96870700.0,,,,,,,,,,,,,,,
2023-05-26,193.1699981689453,198.6000061035156,184.52999877929688,184.6199951171875,162061500.0,,,,,,,,,,,,,,,
2023-05-30,201.1600036621093,204.47999572753903,197.52999877929688,200.1000061035156,128818700.0,,,,,,,,,,,,,,,
2023-05-31,203.92999267578125,203.9499969482422,195.1199951171875,199.77999877929688,150711700.0,,,,,,,,,,,,,,,
2023-06-01,207.5200042724609,209.8000030517578,199.3699951171875,202.58999633789065,148029900.0,,,,,,,,,,,,,,,
2023-06-02,213.97000122070312,217.25,209.75,210.1499938964844,164398400.0,,,,,,,,,,,,,,,
2023-06-05,217.6100006103516,221.2899932861328,214.5200042724609,217.8000030517578,151143100.0,,,,,,,,,,,,,,,
2023-06-06,221.3099975585937,221.9100036621093,212.52999877929688,216.13999938964844,146911600.0,,,,,,,,,,,,,,,
2023-06-07,224.57000732421875,230.8300018310547,223.1999969482422,228.0,185710800.0,,,,,,,,,,,,,,,
2023-06-08,234.8600006103516,235.22999572753903,223.009994506836,224.22000122070312,164489700.0,,,,,,,,,,,,,,,
2023-06-09,244.3999938964844,252.4199981689453,242.0200042724609,249.07000732421875,200242400.0,,,,,,,,,,,,,,,
2023-06-12,249.8300018310547,250.97000122070312,244.58999633789065,247.94000244140625,150337900.0,,,,,,,,,,,,,,,
2023-06-13,258.7099914550781,259.67999267578125,251.33999633789065,253.509994506836,162384300.0,,,,,,,,,,,,,,,
2023-06-14,256.7900085449219,261.57000732421875,250.5,260.1700134277344,170575500.0,,,,,,,,,,,,,,,
2023-06-15,255.8999938964844,258.95001220703125,247.2899932861328,248.3999938964844,160171200.0,,,,,,,,,,,,,,,
2023-06-16,260.5400085449219,263.6000061035156,257.2099914550781,258.9200134277344,167915600.0,,,,,,,,,,,,,,,
2023-06-20,274.45001220703125,274.75,261.1199951171875,261.5,165611200.0,,,,,,,,,,,,,,,
2023-06-21,259.4599914550781,276.989990234375,257.7799987792969,275.1300048828125,211797100.0,,,,,,,,,,,,,,,
2023-06-22,264.6099853515625,265.0,248.25,250.7700042724609,166875900.0,,,,,,,,,,,,,,,
2023-06-23,256.6000061035156,262.45001220703125,252.8000030517578,259.2900085449219,177460800.0,,,,,,,,,,,,,,,
2023-06-26,241.0500030517578,258.3699951171875,240.6999969482422,250.07000732421875,179990600.0,,,,,,,,,,,,,,,
2023-06-27,250.2100067138672,250.38999938964844,240.8500061035156,243.2400054931641,164968200.0,,,,,,,,,,,,,,,
2023-06-28,256.239990234375,259.8800048828125,248.88999938964844,249.6999969482422,159770800.0,,,,,,,,,,,,,,,
2023-06-29,257.5,260.739990234375,253.6100006103516,258.0299987792969,131283400.0,,,,,,,,,,,,,,,
2023-06-30,261.7699890136719,264.45001220703125,259.8900146484375,260.6000061035156,112620800.0,,,,,,,,,,,,,,,
2023-07-03,279.82000732421875,284.25,275.1099853515625,276.489990234375,119685900.0,,,,,,,,,,,,,,,
2023-07-05,282.4800109863281,283.8500061035156,277.6000061035156,278.82000732421875,131530900.0,,,,,,,,,,,,,,,
2023-07-06,276.5400085449219,279.9700012207031,272.8800048828125,278.0899963378906,120332100.0,,,,,,,,,,,,,,,
2023-07-07,274.42999267578125,280.7799987792969,273.7699890136719,278.42999267578125,113879200.0,,,,,,,,,,,,,,,
2023-07-10,269.6099853515625,277.5199890136719,265.1000061035156,276.4700012207031,119425400.0,,,,,,,,,,,,,,,
2023-07-11,269.7900085449219,270.8999938964844,266.3699951171875,268.6499938964844,91972400.0,,,,,,,,,,,,,,,
2023-07-12,271.989990234375,276.5199890136719,271.4599914550781,276.3299865722656,95672100.0,,,,,,,,,,,,,,,
2023-07-13,277.8999938964844,279.45001220703125,270.6000061035156,274.5899963378906,112681500.0,,,,,,,,,,,,,,,
2023-07-14,281.3800048828125,285.29998779296875,276.3099975585937,277.010009765625,120062400.0,,,,,,,,,,,,,,,
2023-07-17,290.3800048828125,292.2300109863281,283.57000732421875,286.6300048828125,131569600.0,,,,,,,,,,,,,,,
2023-07-18,293.3399963378906,295.260009765625,286.010009765625,290.1499938964844,112120300.0,,,,,,,,,,,,,,,
2023-07-19,291.260009765625,299.2900085449219,289.5199890136719,296.0400085449219,142355400.0,,,,,,,,,,,,,,,
2023-07-20,262.8999938964844,280.92999267578125,261.20001220703125,279.5599975585937,175158300.0,,,,,,,,,,,,,,,
2023-07-21,260.0199890136719,268.0,255.8000030517578,268.0,161796100.0,,,,,,,,,,,,,,,
2023-07-24,269.0599975585937,269.8500061035156,254.1199951171875,255.8500061035156,136508500.0,,,,,,,,,,,,,,,
2023-07-25,265.2799987792969,272.8999938964844,265.0,272.3800048828125,112757300.0,,,,,,,,,,,,,,,
2023-07-26,264.3500061035156,268.0400085449219,261.75,263.25,95856200.0,,,,,,,,,,,,,,,
2023-07-27,255.7100067138672,269.1300048828125,255.3000030517578,268.3099975585937,103697300.0,,,,,,,,,,,,,,,
2023-07-28,266.44000244140625,267.25,258.2300109863281,259.8599853515625,111446000.0,,,,,,,,,,,,,,,
2023-07-31,267.42999267578125,269.0799865722656,263.7799987792969,267.4800109863281,84582200.0,,,,,,,,,,,,,,,
2023-08-01,261.07000732421875,266.4700012207031,260.25,266.260009765625,83166000.0,,,,,,,,,,,,,,,
2023-08-02,254.1100006103516,259.5199890136719,250.4900054931641,255.57000732421875,101752900.0,,,,,,,,,,,,,,,
2023-08-03,259.32000732421875,260.489990234375,252.0,252.0399932861328,97569100.0,,,,,,,,,,,,,,,
2023-08-04,253.8600006103516,264.7699890136719,253.1100006103516,260.9700012207031,99539900.0,,,,,,,,,,,,,,,
2023-08-07,251.4499969482422,253.6499938964844,242.759994506836,251.4499969482422,111097900.0,,,,,,,,,,,,,,,
2023-08-08,249.6999969482422,250.9199981689453,245.009994506836,247.4499969482422,96642200.0,,,,,,,,,,,,,,,
2023-08-09,242.19000244140625,251.1000061035156,241.8999938964844,250.8699951171875,101596300.0,,,,,,,,,,,,,,,
2023-08-10,245.33999633789065,251.8000030517578,243.0,245.3999938964844,109498600.0,,,,,,,,,,,,,,,
2023-08-11,242.6499938964844,243.7899932861328,238.0200042724609,241.7700042724609,99038600.0,,,,,,,,,,,,,,,
2023-08-14,239.759994506836,240.6600036621093,233.75,235.6999969482422,98595300.0,,,,,,,,,,,,,,,
2023-08-15,232.9600067138672,240.5,232.6100006103516,238.72999572753903,88197600.0,,,,,,,,,,,,,,,
2023-08-16,225.6000061035156,233.97000122070312,225.3800048828125,228.0200042724609,112484500.0,,,,,,,,,,,,,,,
2023-08-17,219.22000122070312,226.7400054931641,218.8300018310547,226.0599975585937,120718400.0,,,,,,,,,,,,,,,
2023-08-18,215.4900054931641,217.5800018310547,212.3600006103516,214.1199951171875,136276600.0,,,,,,,,,,,,,,,
2023-08-21,231.27999877929688,232.1300048828125,220.5800018310547,221.5500030517578,135702700.0,,,,,,,,,,,,,,,
2023-08-22,233.19000244140625,240.82000732421875,229.5500030517578,240.25,130442800.0,,,,,,,,,,,,,,,
2023-08-23,236.8600006103516,238.97999572753903,229.2899932861328,229.33999633789065,101077600.0,,,,,,,,,,,,,,,
2023-08-24,230.0399932861328,238.9199981689453,228.17999267578125,238.6600036621093,99777400.0,,,,,,,,,,,,,,,
2023-08-25,238.58999633789065,239.0,230.3500061035156,231.3099975585937,106612200.0,,,,,,,,,,,,,,,
2023-08-28,238.82000732421875,244.3800048828125,235.3500061035156,242.5800018310547,107673700.0,,,,,,,,,,,,,,,
2023-08-29,257.17999267578125,257.4800109863281,237.7700042724609,238.5800018310547,134047600.0,,,,,,,,,,,,,,,
2023-08-30,256.8999938964844,260.510009765625,250.58999633789065,254.1999969482422,121988400.0,,,,,,,,,,,,,,,
2023-08-31,258.0799865722656,261.17999267578125,255.0500030517578,255.97999572753903,108861700.0,,,,,,,,,,,,,,,
2023-09-01,245.009994506836,259.0799865722656,242.009994506836,257.260009765625,132541600.0,,,,,,,,,,,,,,,
2023-09-05,256.489990234375,258.0,244.8600006103516,245.0,129469600.0,,,,,,,,,,,,,,,
2023-09-06,251.9199981689453,255.38999938964844,245.0599975585937,255.13999938964844,116959800.0,,,,,,,,,,,,,,,
2023-09-07,251.4900054931641,252.8099975585937,243.2700042724609,245.07000732421875,115312900.0,,,,,,,,,,,,,,,
2023-09-08,248.5,256.5199890136719,246.6699981689453,251.22000122070312,118367700.0,,,,,,,,,,,,,,,
2023-09-11,273.5799865722656,274.8500061035156,260.6099853515625,264.2699890136719,174667900.0,,,,,,,,,,,,,,,
2023-09-12,267.4800109863281,278.3900146484375,266.6000061035156,270.760009765625,135999900.0,,,,,,,,,,,,,,,
2023-09-13,271.29998779296875,274.9800109863281,268.1000061035156,270.07000732421875,111673700.0,,,,,,,,,,,,,,,
2023-09-14,276.0400085449219,276.7099914550781,270.4200134277344,271.32000732421875,107709800.0,,,,,,,,,,,,,,,
2023-09-15,274.3900146484375,278.9800109863281,271.0,277.54998779296875,133692300.0,,,,,,,,,,,,,,,
2023-09-18,265.2799987792969,271.44000244140625,263.760009765625,271.1600036621094,101543300.0,,,,,,,,,,,,,,,
2023-09-19,266.5,267.8500061035156,261.20001220703125,264.3500061035156,103704000.0,,,,,,,,,,,,,,,
2023-09-20,262.5899963378906,273.92999267578125,262.4599914550781,267.0400085449219,122514600.0,,,,,,,,,,,,,,,
2023-09-21,255.6999969482422,260.8599853515625,254.2100067138672,257.8500061035156,119951500.0,,,,,,,,,,,,,,,
2023-09-22,244.8800048828125,257.7900085449219,244.47999572753903,257.3999938964844,127524100.0,,,,,,,,,,,,,,,
2023-09-25,246.9900054931641,247.1000061035156,238.3099975585937,243.3800048828125,104636600.0,,,,,,,,,,,,,,,
2023-09-26,244.1199951171875,249.5500030517578,241.6600036621093,242.97999572753903,101993600.0,,,,,,,,,,,,,,,
2023-09-27,240.5,245.3300018310547,234.5800018310547,244.259994506836,136597200.0,,,,,,,,,,,,,,,
2023-09-28,246.3800048828125,247.5500030517578,238.6499938964844,240.0200042724609,117058900.0,,,,,,,,,,,,,,,
2023-09-29,250.22000122070312,254.7700042724609,246.3500061035156,250.0,128522700.0,,,,,,,,,,,,,,,
2023-10-02,251.6000061035156,254.27999877929688,242.6199951171875,244.8099975585937,123810400.0,,,,,,,,,,,,,,,
2023-10-03,246.52999877929688,250.0200042724609,244.4499969482422,248.6100006103516,101985300.0,,,,,,,,,,,,,,,
2023-10-04,261.1600036621094,261.8599853515625,247.6000061035156,248.13999938964844,129721600.0,,,,,,,,,,,,,,,
2023-10-05,260.04998779296875,263.6000061035156,256.25,260.0,119159200.0,,,,,,,,,,,,,,,
2023-10-06,260.5299987792969,261.6499938964844,250.6499938964844,253.97999572753903,118121800.0,,,,,,,,,,,,,,,
2023-10-09,259.6700134277344,261.3599853515625,252.0500030517578,255.3099975585937,101377900.0,,,,,,,,,,,,,,,
2023-10-10,263.6199951171875,268.94000244140625,257.6499938964844,257.75,122656000.0,,,,,,,,,,,,,,,
2023-10-11,262.989990234375,268.6000061035156,260.8999938964844,266.20001220703125,103706300.0,,,,,,,,,,,,,,,
2023-10-12,258.8699951171875,265.4100036621094,256.6300048828125,262.9200134277344,111508100.0,,,,,,,,,,,,,,,
2023-10-13,251.1199951171875,259.6000061035156,250.22000122070312,258.8999938964844,102073800.0,,,,,,,,,,,,,,,
2023-10-16,253.9199981689453,255.3999938964844,248.47999572753903,250.0500030517578,88917200.0,,,,,,,,,,,,,,,
2023-10-17,254.8500061035156,257.17999267578125,247.0800018310547,250.1000061035156,93562900.0,,,,,,,,,,,,,,,
2023-10-18,242.67999267578125,254.6300048828125,242.0800018310547,252.6999969482422,125147800.0,,,,,,,,,,,,,,,
2023-10-19,220.1100006103516,230.6100006103516,216.77999877929688,225.9499969482422,170772700.0,,,,,,,,,,,,,,,
2023-10-20,211.9900054931641,218.8600006103516,210.4199981689453,217.009994506836,138010100.0,,,,,,,,,,,,,,,
2023-10-23,212.0800018310547,216.97999572753903,202.509994506836,210.0,150683400.0,,,,,,,,,,,,,,,
2023-10-24,216.5200042724609,222.0500030517578,214.1100006103516,216.5,118231100.0,,,,,,,,,,,,,,,
2023-10-25,212.4199981689453,220.1000061035156,212.1999969482422,215.8800048828125,107065100.0,,,,,,,,,,,,,,,
2023-10-26,205.759994506836,214.8000030517578,204.8800048828125,211.32000732421875,115112600.0,,,,,,,,,,,,,,,
2023-10-27,207.3000030517578,212.4100036621093,205.7700042724609,210.6000061035156,94881200.0,,,,,,,,,,,,,,,
2023-10-30,197.3600006103516,210.8800048828125,194.6699981689453,209.27999877929688,136448200.0,,,,,,,,,,,,,,,
2023-10-31,200.83999633789065,202.8000030517578,194.07000732421875,196.1199951171875,118068300.0,,,,,,,,,,,,,,,
2023-11-01,205.6600036621093,205.9900054931641,197.8500061035156,204.0399932861328,121661700.0,,,,,,,,,,,,,,,
2023-11-02,218.509994506836,219.1999969482422,211.4499969482422,212.97000122070312,125987600.0,,,,,,,,,,,,,,,
2023-11-03,219.9600067138672,226.3699951171875,218.3999938964844,221.1499938964844,119534800.0,,,,,,,,,,,,,,,
2023-11-06,219.2700042724609,226.32000732421875,215.0,223.97999572753903,117335800.0,,,,,,,,,,,,,,,
2023-11-07,222.17999267578125,223.1199951171875,215.72000122070312,219.97999572753903,116900100.0,,,,,,,,,,,,,,,
2023-11-08,222.1100006103516,224.1499938964844,217.63999938964844,223.1499938964844,106584800.0,,,,,,,,,,,,,,,
2023-11-09,209.97999572753903,220.8000030517578,206.67999267578125,219.75,142110500.0,,,,,,,,,,,,,,,
2023-11-10,214.6499938964844,215.3800048828125,205.69000244140625,210.02999877929688,130994000.0,,,,,,,,,,,,,,,
2023-11-13,223.7100067138672,225.3999938964844,211.6100006103516,215.6000061035156,140447600.0,,,,,,,,,,,,,,,
2023-11-14,237.4100036621093,238.13999938964844,230.72000122070312,235.02999877929688,149771600.0,,,,,,,,,,,,,,,
2023-11-15,242.83999633789065,246.6999969482422,236.4499969482422,239.2899932861328,150354000.0,,,,,,,,,,,,,,,
2023-11-16,233.58999633789065,240.8800048828125,230.9600067138672,239.4900054931641,136816800.0,,,,,,,,,,,,,,,
2023-11-17,234.3000030517578,237.38999938964844,226.5399932861328,232.0,142532800.0,,,,,,,,,,,,,,,
2023-11-20,235.6000061035156,237.1000061035156,231.0200042724609,234.0399932861328,116320100.0,,,,,,,,,,,,,,,
2023-11-21,241.1999969482422,243.6199951171875,233.33999633789065,235.0399932861328,122288000.0,,,,,,,,,,,,,,,
2023-11-22,234.2100067138672,244.009994506836,231.3999938964844,242.0399932861328,117950600.0,,,,,,,,,,,,,,,
2023-11-24,235.4499969482422,238.75,232.3300018310547,233.75,65125200.0,,,,,,,,,,,,,,,
2023-11-27,236.0800018310547,238.3300018310547,232.1000061035156,236.88999938964844,112031800.0,,,,,,,,,,,,,,,
2023-11-28,246.72000122070312,247.0,234.009994506836,236.67999267578125,148549900.0,,,,,,,,,,,,,,,
2023-11-29,244.13999938964844,252.75,242.759994506836,249.2100067138672,135401300.0,,,,,,,,,,,,,,,
2023-11-30,240.0800018310547,245.22000122070312,236.9100036621093,245.13999938964844,132353200.0,,,,,,,,,,,,,,,
2023-12-01,238.8300018310547,240.19000244140625,231.8999938964844,233.13999938964844,121331700.0,,,,,,,,,,,,,,,
2023-12-04,235.5800018310547,239.3699951171875,233.2899932861328,235.75,104099800.0,,,,,,,,,,,,,,,
2023-12-05,238.72000122070312,246.6600036621093,233.6999969482422,233.8699951171875,137971100.0,,,,,,,,,,,,,,,
2023-12-06,239.3699951171875,246.57000732421875,239.1699981689453,242.9199981689453,126436200.0,,,,,,,,,,,,,,,
2023-12-07,242.63999938964844,244.0800018310547,236.97999572753903,241.5500030517578,107142300.0,,,,,,,,,,,,,,,
2023-12-08,243.83999633789065,245.2700042724609,239.2700042724609,240.2700042724609,103126800.0,,,,,,,,,,,,,,,
2023-12-11,239.7400054931641,243.44000244140625,237.4499969482422,242.7400054931641,97913900.0,,,,,,,,,,,,,,,
2023-12-12,237.009994506836,238.9900054931641,233.8699951171875,238.5500030517578,95328300.0,,,,,,,,,,,,,,,
2023-12-13,239.2899932861328,240.3000030517578,228.1999969482422,234.19000244140625,146286300.0,,,,,,,,,,,,,,,
2023-12-14,251.0500030517578,253.8800048828125,240.7899932861328,241.22000122070312,160829200.0,,,,,,,,,,,,,,,
2023-12-15,253.5,254.1300048828125,248.3000030517578,251.2100067138672,135932800.0,,,,,,,,,,,,,,,
2023-12-18,252.0800018310547,258.739990234375,251.3600006103516,253.77999877929688,116416500.0,,,,,,,,,,,,,,,
2023-12-19,257.2200012207031,258.3399963378906,253.009994506836,253.47999572753903,106737400.0,,,,,,,,,,,,,,,
2023-12-20,247.13999938964844,259.8399963378906,247.0,256.4100036621094,125097000.0,,,,,,,,,,,,,,,
2023-12-21,254.5,254.8000030517578,248.5500030517578,251.8999938964844,109594200.0,,,,,,,,,,,,,,,
2023-12-22,252.5399932861328,258.2200012207031,251.3699951171875,256.760009765625,93370100.0,,,,,,,,,,,,,,,
2023-12-26,256.6099853515625,257.9700012207031,252.9100036621093,254.4900054931641,86892400.0,,,,,,,,,,,,,,,
2023-12-27,261.44000244140625,263.3399963378906,257.5199890136719,258.3500061035156,106494400.0,,,,,,,,,,,,,,,
2023-12-28,253.17999267578125,265.1300048828125,252.7100067138672,263.6600036621094,113619900.0,,,,,,,,,,,,,,,
2023-12-29,,,,,,248.47999572753903,255.19000244140625,247.42999267578125,255.1000061035156,100891600.0,,,,,,,,,,
2024-01-02,,,,,,248.4199981689453,251.25,244.41000366210932,250.0800018310547,104654200.0,,,,,,,,,,
2024-01-03,,,,,,238.4499969482422,245.67999267578125,236.32000732421875,244.97999572753903,121082600.0,,,,,,,,,,
2024-01-04,,,,,,237.92999267578125,242.6999969482422,237.72999572753903,239.25,102629300.0,,,,,,,,,,
2024-01-05,,,,,,237.4900054931641,240.1199951171875,234.8999938964844,236.8600006103516,92488900.0,,,,,,,,,,
2024-01-08,,,,,,240.4499969482422,241.25,235.3000030517578,236.13999938964844,85166600.0,,,,,,,,,,
2024-01-09,,,,,,234.9600067138672,238.9600067138672,232.0399932861328,238.1100006103516,96705700.0,,,,,,,,,,
2024-01-10,,,,,,233.94000244140625,235.5,231.2899932861328,235.1000061035156,91628500.0,,,,,,,,,,
2024-01-11,,,,,,227.22000122070312,230.92999267578125,225.3699951171875,230.57000732421875,105873600.0,,,,,,,,,,
2024-01-12,,,,,,218.88999938964844,225.33999633789065,217.1499938964844,220.0800018310547,123043800.0,,,,,,,,,,
2024-01-16,,,,,,219.91000366210932,223.4900054931641,212.17999267578125,215.1000061035156,115355000.0,,,,,,,,,,
2024-01-17,,,,,,215.5500030517578,215.6699981689453,212.009994506836,214.8600006103516,103164400.0,,,,,,,,,,
2024-01-18,,,,,,211.8800048828125,217.4499969482422,208.7400054931641,216.8800048828125,108595400.0,,,,,,,,,,
2024-01-19,,,,,,212.19000244140625,213.19000244140625,207.5599975585937,209.9900054931641,102260300.0,,,,,,,,,,
2024-01-22,,,,,,208.8000030517578,217.8000030517578,206.2700042724609,212.259994506836,117952500.0,,,,,,,,,,
2024-01-23,,,,,,209.13999938964844,215.6499938964844,207.75,211.3000030517578,106605900.0,,,,,,,,,,
2024-01-24,,,,,,207.8300018310547,212.72999572753903,206.7700042724609,211.8800048828125,123369900.0,,,,,,,,,,
2024-01-25,,,,,,182.6300048828125,193.0,180.05999755859375,189.6999969482422,198076800.0,,,,,,,,,,
2024-01-26,,,,,,183.25,186.77999877929688,182.1000061035156,185.5,107343200.0,,,,,,,,,,
2024-01-29,,,,,,190.92999267578125,191.47999572753903,183.6699981689453,185.6300048828125,125013100.0,,,,,,,,,,
2024-01-30,,,,,,191.58999633789065,196.3600006103516,190.6100006103516,195.3300018310547,109982300.0,,,,,,,,,,
2024-01-31,,,,,,187.2899932861328,193.97000122070312,185.8500061035156,187.0,103221400.0,,,,,,,,,,
2024-02-01,,,,,,188.8600006103516,189.8800048828125,184.27999877929688,188.5,91843300.0,,,,,,,,,,
2024-02-02,,,,,,187.91000366210932,188.69000244140625,182.0,185.0399932861328,110612700.0,,,,,,,,,,
2024-02-05,,,,,,181.0599975585937,184.67999267578125,175.00999450683594,184.259994506836,134294400.0,,,,,,,,,,
2024-02-06,,,,,,185.1000061035156,186.4900054931641,177.11000061035156,177.2100067138672,122676000.0,,,,,,,,,,
2024-02-07,,,,,,187.5800018310547,189.7899932861328,182.67999267578125,188.17999267578125,111535200.0,,,,,,,,,,
2024-02-08,,,,,,189.5599975585937,191.6199951171875,185.5800018310547,189.0,83034000.0,,,,,,,,,,
2024-02-09,,,,,,193.57000732421875,194.1199951171875,189.47999572753903,190.17999267578125,84476300.0,,,,,,,,,,
2024-02-12,,,,,,188.1300048828125,194.72999572753903,187.27999877929688,192.1100006103516,95498600.0,,,,,,,,,,
2024-02-13,,,,,,184.0200042724609,187.259994506836,182.1100006103516,183.9900054931641,86759500.0,,,,,,,,,,
2024-02-14,,,,,,188.7100067138672,188.88999938964844,183.3500061035156,185.3000030517578,81203000.0,,,,,,,,,,
2024-02-15,,,,,,200.4499969482422,200.8800048828125,188.8600006103516,189.16000366210932,120831800.0,,,,,,,,,,
2024-02-16,,,,,,199.9499969482422,203.1699981689453,197.3999938964844,202.0599975585937,111346700.0,,,,,,,,,,
2024-02-20,,,,,,193.759994506836,198.6000061035156,189.1300048828125,196.1300048828125,104545800.0,,,,,,,,,,
2024-02-21,,,,,,194.7700042724609,199.44000244140625,191.9499969482422,193.3600006103516,103500300.0,,,,,,,,,,
2024-02-22,,,,,,197.41000366210932,198.32000732421875,191.3600006103516,194.0,92739500.0,,,,,,,,,,
2024-02-23,,,,,,191.97000122070312,197.57000732421875,191.5,195.3099975585937,78841900.0,,,,,,,,,,
2024-02-26,,,,,,199.3999938964844,201.77999877929688,192.0,192.2899932861328,111747100.0,,,,,,,,,,
2024-02-27,,,,,,199.72999572753903,205.6000061035156,198.259994506836,204.0399932861328,108645400.0,,,,,,,,,,
2024-02-28,,,,,,202.0399932861328,205.3000030517578,198.44000244140625,200.4199981689453,99806200.0,,,,,,,,,,
2024-02-29,,,,,,201.8800048828125,205.27999877929688,198.4499969482422,204.17999267578125,85907000.0,,,,,,,,,,
2024-03-01,,,,,,202.63999938964844,204.5200042724609,198.5,200.5200042724609,82243100.0,,,,,,,,,,
2024-03-04,,,,,,188.13999938964844,199.75,186.72000122070312,198.72999572753903,134334900.0,,,,,,,,,,
2024-03-05,,,,,,180.7400054931641,184.58999633789065,177.57000732421875,183.0500030517578,119660800.0,,,,,,,,,,
2024-03-06,,,,,,176.5399932861328,181.5800018310547,173.6999969482422,179.99000549316406,107920900.0,,,,,,,,,,
2024-03-07,,,,,,178.64999389648438,180.0399932861328,173.6999969482422,174.35000610351562,102129000.0,,,,,,,,,,
2024-03-08,,,,,,175.33999633789062,182.72999572753903,174.6999969482422,181.5,85544600.0,,,,,,,,,,
2024-03-11,,,,,,177.77000427246094,182.8699951171875,174.8000030517578,175.4499969482422,85391500.0,,,,,,,,,,
2024-03-12,,,,,,177.5399932861328,179.42999267578125,172.41000366210938,177.77000427246094,87391700.0,,,,,,,,,,
2024-03-13,,,,,,169.47999572753906,176.0500030517578,169.14999389648438,173.0500030517578,106524500.0,,,,,,,,,,
2024-03-14,,,,,,162.5,171.1699981689453,160.50999450683594,167.77000427246094,126325700.0,,,,,,,,,,
2024-03-15,,,,,,163.57000732421875,165.17999267578125,160.75999450683594,163.16000366210938,97146800.0,,,,,,,,,,
2024-03-18,,,,,,173.8000030517578,174.72000122070312,165.89999389648438,170.02000427246094,108214400.0,,,,,,,,,,
2024-03-19,,,,,,171.32000732421875,172.82000732421875,167.4199981689453,172.36000061035156,77271400.0,,,,,,,,,,
2024-03-20,,,,,,175.66000366210938,176.25,170.82000732421875,173.0,83846700.0,,,,,,,,,,
2024-03-21,,,,,,172.82000732421875,178.17999267578125,171.8000030517578,176.38999938964844,73178000.0,,,,,,,,,,
2024-03-22,,,,,,170.8300018310547,171.1999969482422,166.3000030517578,166.69000244140625,75580600.0,,,,,,,,,,
2024-03-25,,,,,,172.6300048828125,175.24000549316406,168.72999572753906,168.75999450683594,74228600.0,,,,,,,,,,
2024-03-26,,,,,,177.6699981689453,184.25,177.3800048828125,178.5800018310547,113186200.0,,,,,,,,,,
2024-03-27,,,,,,179.8300018310547,181.91000366210932,176.0,181.41000366210932,81804000.0,,,,,,,,,,
2024-03-28,,,,,,175.7899932861328,179.57000732421875,175.3000030517578,177.4499969482422,77654800.0,,,,,,,,,,
2024-04-01,,,,,,175.22000122070312,176.75,170.2100067138672,176.1699981689453,81562100.0,,,,,,,,,,
2024-04-02,,,,,,166.6300048828125,167.69000244140625,163.42999267578125,164.75,116650600.0,,,,,,,,,,
2024-04-03,,,,,,168.3800048828125,168.82000732421875,163.27999877929688,164.02000427246094,82950100.0,,,,,,,,,,
2024-04-04,,,,,,171.11000061035156,177.19000244140625,168.00999450683594,170.07000732421875,123162000.0,,,,,,,,,,
2024-04-05,,,,,,164.89999389648438,170.86000061035156,160.50999450683594,169.0800018310547,143157600.0,,,,,,,,,,
2024-04-08,,,,,,172.97999572753906,174.5,167.7899932861328,169.33999633789062,104423300.0,,,,,,,,,,
2024-04-09,,,,,,176.8800048828125,179.22000122070312,171.9199981689453,172.91000366210938,102951700.0,,,,,,,,,,
2024-04-10,,,,,,171.75999450683594,174.92999267578125,170.00999450683594,173.0399932861328,84532400.0,,,,,,,,,,
2024-04-11,,,,,,174.60000610351562,175.8800048828125,168.50999450683594,172.5500030517578,94516000.0,,,,,,,,,,
2024-04-12,,,,,,171.0500030517578,173.80999755859375,170.36000061035156,172.33999633789062,64722700.0,,,,,,,,,,
2024-04-15,,,,,,161.47999572753906,170.69000244140625,161.3800048828125,170.24000549316406,100245300.0,,,,,,,,,,
2024-04-16,,,,,,157.11000061035156,158.19000244140625,153.75,156.74000549316406,97000000.0,,,,,,,,,,
2024-04-17,,,,,,155.4499969482422,158.3300018310547,153.77999877929688,157.63999938964844,82439700.0,,,,,,,,,,
2024-04-18,,,,,,149.92999267578125,152.1999969482422,148.6999969482422,151.25,96098800.0,,,,,,,,,,
2024-04-19,,,,,,147.0500030517578,150.94000244140625,146.22000122070312,148.97000122070312,87074500.0,,,,,,,,,,
2024-04-22,,,,,,142.0500030517578,144.44000244140625,138.8000030517578,140.55999755859375,107097600.0,,,,,,,,,,
2024-04-23,,,,,,144.67999267578125,147.25999450683594,141.11000061035156,143.3300018310547,124545100.0,,,,,,,,,,
2024-04-24,,,,,,162.1300048828125,167.97000122070312,157.50999450683594,162.83999633789062,181178000.0,,,,,,,,,,
2024-04-25,,,,,,170.17999267578125,170.8800048828125,158.36000061035156,158.9600067138672,126427500.0,,,,,,,,,,
2024-04-26,,,,,,168.2899932861328,172.1199951171875,166.3699951171875,168.85000610351562,109815700.0,,,,,,,,,,
2024-04-29,,,,,,194.0500030517578,198.8699951171875,184.5399932861328,188.4199981689453,243869700.0,,,,,,,,,,
2024-04-30,,,,,,183.27999877929688,190.9499969482422,182.83999633789065,186.97999572753903,127031800.0,,,,,,,,,,
2024-05-01,,,,,,179.99000549316406,185.8600006103516,179.00999450683594,182.0,92829700.0,,,,,,,,,,
2024-05-02,,,,,,180.00999450683594,184.6000061035156,176.02000427246094,182.8600006103516,89148000.0,,,,,,,,,,
2024-05-03,,,,,,181.19000244140625,184.77999877929688,178.4199981689453,182.1000061035156,75491500.0,,,,,,,,,,
2024-05-06,,,,,,184.759994506836,187.5599975585937,182.1999969482422,183.8000030517578,84390300.0,,,,,,,,,,
2024-05-07,,,,,,177.80999755859375,183.259994506836,177.39999389648438,182.3999938964844,75045900.0,,,,,,,,,,
2024-05-08,,,,,,174.72000122070312,176.05999755859375,170.14999389648438,171.58999633789062,79969500.0,,,,,,,,,,
2024-05-09,,,,,,171.97000122070312,175.6199951171875,171.3699951171875,175.00999450683594,65950300.0,,,,,,,,,,
2024-05-10,,,,,,168.47000122070312,173.05999755859375,167.75,173.0500030517578,72627200.0,,,,,,,,,,
2024-05-13,,,,,,171.88999938964844,175.39999389648438,169.0,170.0,67018900.0,,,,,,,,,,
2024-05-14,,,,,,177.5500030517578,179.49000549316406,174.07000732421875,174.5,86407400.0,,,,,,,,,,
2024-05-15,,,,,,173.99000549316406,180.0,173.11000061035156,179.89999389648438,79663000.0,,,,,,,,,,
2024-05-16,,,,,,174.83999633789062,175.7899932861328,171.42999267578125,174.10000610351562,59812200.0,,,,,,,,,,
2024-05-17,,,,,,177.4600067138672,179.6300048828125,172.75,173.5500030517578,77445800.0,,,,,,,,,,
2024-05-20,,,,,,174.9499969482422,177.75,173.52000427246094,177.55999755859375,61727400.0,,,,,,,,,,
2024-05-21,,,,,,186.6000061035156,186.8800048828125,174.7100067138672,175.50999450683594,115266500.0,,,,,,,,,,
2024-05-22,,,,,,180.11000061035156,183.8000030517578,178.1199951171875,182.8500061035156,88313500.0,,,,,,,,,,
2024-05-23,,,,,,173.74000549316406,181.8999938964844,173.25999450683594,181.8000030517578,71975500.0,,,,,,,,,,
2024-05-24,,,,,,179.24000549316406,180.0800018310547,173.72999572753906,174.83999633789062,65584500.0,,,,,,,,,,
2024-05-28,,,,,,176.75,178.25,173.16000366210938,176.39999389648438,59736600.0,,,,,,,,,,
2024-05-29,,,,,,176.19000244140625,178.14999389648438,173.92999267578125,174.19000244140625,54782600.0,,,,,,,,,,
2024-05-30,,,,,,178.7899932861328,182.6699981689453,175.3800048828125,178.5800018310547,77618400.0,,,,,,,,,,
2024-05-31,,,,,,178.0800018310547,180.32000732421875,173.82000732421875,178.5,67314600.0,,,,,,,,,,
2024-06-03,,,,,,176.2899932861328,182.63999938964844,174.49000549316406,178.1300048828125,68568900.0,,,,,,,,,,
2024-06-04,,,,,,174.77000427246094,177.75999450683594,174.0,174.77999877929688,60056300.0,,,,,,,,,,
2024-06-05,,,,,,175.0,176.14999389648438,172.1300048828125,175.35000610351562,57953800.0,,,,,,,,,,
2024-06-06,,,,,,177.94000244140625,179.72999572753906,172.72999572753906,174.60000610351562,69887000.0,,,,,,,,,,
2024-06-07,,,,,,177.47999572753906,179.35000610351562,175.5800018310547,176.1300048828125,56244900.0,,,,,,,,,,
2024-06-10,,,,,,173.7899932861328,178.57000732421875,173.1699981689453,176.05999755859375,50774600.0,,,,,,,,,,
2024-06-11,,,,,,170.66000366210938,174.75,167.41000366210938,173.9199981689453,64761900.0,,,,,,,,,,
2024-06-12,,,,,,177.2899932861328,180.5500030517578,169.8000030517578,171.1199951171875,90389400.0,,,,,,,,,,
2024-06-13,,,,,,182.47000122070312,191.0800018310547,181.22999572753903,188.38999938964844,118984100.0,,,,,,,,,,
2024-06-14,,,,,,178.00999450683594,186.0,176.9199981689453,185.8000030517578,82038200.0,,,,,,,,,,
2024-06-17,,,,,,187.44000244140625,188.8099975585937,177.0,177.9199981689453,109786100.0,,,,,,,,,,
2024-06-18,,,,,,184.8600006103516,187.1999969482422,182.3699951171875,186.5599975585937,68982300.0,,,,,,,,,,
2024-06-20,,,,,,181.57000732421875,185.2100067138672,179.66000366210938,184.67999267578125,55893100.0,,,,,,,,,,
2024-06-21,,,,,,183.009994506836,183.9499969482422,180.69000244140625,182.3000030517578,61937300.0,,,,,,,,,,
2024-06-24,,,,,,182.5800018310547,188.8000030517578,182.5500030517578,184.97000122070312,61992100.0,,,,,,,,,,
2024-06-25,,,,,,187.3500061035156,187.97000122070312,182.009994506836,184.3999938964844,62905700.0,,,,,,,,,,
2024-06-26,,,,,,196.3699951171875,197.759994506836,186.3600006103516,186.5399932861328,95737100.0,,,,,,,,,,
2024-06-27,,,,,,197.4199981689453,198.72000122070312,194.0500030517578,195.1699981689453,72746500.0,,,,,,,,,,
2024-06-28,,,,,,197.8800048828125,203.1999969482422,195.259994506836,199.5500030517578,95438100.0,,,,,,,,,,
2024-07-01,,,,,,209.8600006103516,213.22999572753903,200.8500061035156,201.0200042724609,135691400.0,,,,,,,,,,
2024-07-02,,,,,,231.259994506836,231.3000030517578,218.0599975585937,218.88999938964844,205047900.0,,,,,,,,,,
2024-07-03,,,,,,246.38999938964844,248.3500061035156,234.25,234.5599975585937,166561500.0,,,,,,,,,,
2024-07-05,,,,,,251.5200042724609,252.3699951171875,242.4600067138672,249.8099975585937,154501200.0,,,,,,,,,,
2024-07-08,,,,,,252.94000244140625,259.44000244140625,244.57000732421875,247.7100067138672,157219600.0,,,,,,,,,,
2024-07-09,,,,,,262.3299865722656,265.6099853515625,250.3000030517578,251.0,160210900.0,,,,,,,,,,
2024-07-10,,,,,,263.260009765625,267.5899963378906,257.8599853515625,262.79998779296875,128519400.0,,,,,,,,,,
2024-07-11,,,,,,241.02999877929688,271.0,239.6499938964844,263.29998779296875,221707300.0,,,,,,,,,,
2024-07-12,,,,,,248.22999572753903,251.83999633789065,233.08999633789065,235.8000030517578,155955800.0,,,,,,,,,,
2024-07-15,,,,,,252.63999938964844,265.6000061035156,251.72999572753903,255.97000122070312,146912900.0,,,,,,,,,,
2024-07-16,,,,,,256.5599975585937,258.6199951171875,245.8000030517578,255.3099975585937,126332500.0,,,,,,,,,,
2024-07-17,,,,,,248.5,258.4700012207031,246.17999267578125,252.72999572753903,115584800.0,,,,,,,,,,
2024-07-18,,,,,,249.22999572753903,257.1400146484375,247.1999969482422,251.08999633789065,110869000.0,,,,,,,,,,
2024-07-19,,,,,,239.1999969482422,249.44000244140625,236.8300018310547,247.7899932861328,87403900.0,,,,,,,,,,
2024-07-22,,,,,,251.509994506836,253.2100067138672,243.75,244.2100067138672,101225400.0,,,,,,,,,,
2024-07-23,,,,,,246.3800048828125,255.759994506836,245.6300048828125,253.6000061035156,111928200.0,,,,,,,,,,
2024-07-24,,,,,,215.9900054931641,225.9900054931641,214.7100067138672,225.4199981689453,167942900.0,,,,,,,,,,
2024-07-25,,,,,,220.25,226.0,216.22999572753903,216.8000030517578,100636500.0,,,,,,,,,,
2024-07-26,,,,,,219.8000030517578,222.27999877929688,215.3300018310547,221.19000244140625,94604100.0,,,,,,,,,,
2024-07-29,,,,,,232.1000061035156,234.2700042724609,224.6999969482422,224.8999938964844,129201800.0,,,,,,,,,,
2024-07-30,,,,,,222.6199951171875,232.41000366210932,220.0,232.25,100560300.0,,,,,,,,,,
2024-07-31,,,,,,232.07000732421875,234.67999267578125,226.7899932861328,227.8999938964844,67497000.0,,,,,,,,,,
2024-08-01,,,,,,216.8600006103516,231.8699951171875,214.3300018310547,227.69000244140625,83861900.0,,,,,,,,,,
2024-08-02,,,,,,207.6699981689453,216.1300048828125,205.77999877929688,214.8800048828125,82880100.0,,,,,,,,,,
2024-08-05,,,,,,198.8800048828125,203.8800048828125,182.0,185.22000122070312,100308800.0,,,,,,,,,,
2024-08-06,,,,,,200.63999938964844,202.8999938964844,192.6699981689453,200.75,73783900.0,,,,,,,,,,
2024-08-07,,,,,,191.759994506836,203.4900054931641,191.47999572753903,200.7700042724609,71159800.0,,,,,,,,,,
2024-08-08,,,,,,198.83999633789065,200.6999969482422,192.0399932861328,195.6999969482422,65033900.0,,,,,,,,,,
2024-08-09,,,,,,200.0,200.8800048828125,195.1100006103516,197.0500030517578,58648300.0,,,,,,,,,,
2024-08-12,,,,,,197.4900054931641,199.259994506836,194.6699981689453,199.0200042724609,64044900.0,,,,,,,,,,
2024-08-13,,,,,,207.8300018310547,208.4900054931641,197.0599975585937,198.47000122070312,76247400.0,,,,,,,,,,
2024-08-14,,,,,,201.3800048828125,208.44000244140625,198.75,207.38999938964844,70250000.0,,,,,,,,,,
2024-08-15,,,,,,214.13999938964844,215.8800048828125,204.82000732421875,205.0200042724609,89848500.0,,,,,,,,,,
2024-08-16,,,,,,216.1199951171875,219.8000030517578,210.8000030517578,211.1499938964844,88765100.0,,,,,,,,,,
2024-08-19,,,,,,222.72000122070312,222.97999572753903,214.08999633789065,217.07000732421875,76435200.0,,,,,,,,,,
2024-08-20,,,,,,221.1000061035156,228.22000122070312,219.5599975585937,224.8800048828125,74001200.0,,,,,,,,,,
2024-08-21,,,,,,223.2700042724609,224.66000366210932,218.8600006103516,222.6699981689453,70146000.0,,,,,,,,,,
2024-08-22,,,,,,210.66000366210932,224.8000030517578,210.32000732421875,223.82000732421875,79514500.0,,,,,,,,,,
2024-08-23,,,,,,220.32000732421875,221.47999572753903,214.2100067138672,214.4600067138672,81525200.0,,,,,,,,,,
2024-08-26,,,,,,213.2100067138672,219.08999633789065,211.009994506836,218.75,59301200.0,,,,,,,,,,
2024-08-27,,,,,,209.2100067138672,215.66000366210932,206.94000244140625,213.25,62821400.0,,,,,,,,,,
2024-08-28,,,,,,205.75,211.83999633789065,202.58999633789065,209.72000122070312,64116400.0,,,,,,,,,,
2024-08-29,,,,,,206.27999877929688,214.88999938964844,205.97000122070312,209.8000030517578,62308800.0,,,,,,,,,,
2024-08-30,,,,,,214.1100006103516,214.57000732421875,207.02999877929688,208.6300048828125,63370600.0,,,,,,,,,,
2024-09-03,,,,,,210.6000061035156,219.8999938964844,209.63999938964844,215.259994506836,76714200.0,,,,,,,,,,
2024-09-04,,,,,,219.41000366210932,222.22000122070312,210.57000732421875,210.58999633789065,80651800.0,,,,,,,,,,
2024-09-05,,,,,,230.1699981689453,235.0,222.25,223.4900054931641,119355000.0,,,,,,,,,,
2024-09-06,,,,,,210.72999572753903,233.6000061035156,210.509994506836,232.6000061035156,112177000.0,,,,,,,,,,
2024-09-09,,,,,,216.2700042724609,219.8699951171875,213.6699981689453,216.1999969482422,67443500.0,,,,,,,,,,
2024-09-10,,,,,,226.1699981689453,226.3999938964844,218.63999938964844,220.07000732421875,78891100.0,,,,,,,,,,
2024-09-11,,,,,,228.1300048828125,228.47000122070312,216.8000030517578,224.5500030517578,83548600.0,,,,,,,,,,
2024-09-12,,,,,,229.8099975585937,231.4499969482422,223.8300018310547,224.66000366210932,71894900.0,,,,,,,,,,
2024-09-13,,,,,,230.2899932861328,232.6699981689453,226.32000732421875,228.0,59515100.0,,,,,,,,,,
2024-09-16,,,,,,226.77999877929688,229.9600067138672,223.52999877929688,229.3000030517578,54323000.0,,,,,,,,,,
2024-09-17,,,,,,227.8699951171875,234.57000732421875,226.5500030517578,229.4499969482422,66761600.0,,,,,,,,,,
2024-09-18,,,,,,227.1999969482422,235.67999267578125,226.8800048828125,230.08999633789065,78010200.0,,,,,,,,,,
2024-09-19,,,,,,243.9199981689453,244.2400054931641,232.1300048828125,234.0,102694600.0,,,,,,,,,,
2024-09-20,,,,,,238.25,243.9900054931641,235.9199981689453,241.5200042724609,99879100.0,,,,,,,,,,
2024-09-23,,,,,,250.0,250.0,241.9199981689453,242.6100006103516,86927200.0,,,,,,,,,,
2024-09-24,,,,,,254.2700042724609,257.19000244140625,249.0500030517578,254.0800018310547,88491000.0,,,,,,,,,,
2024-09-25,,,,,,257.0199890136719,257.04998779296875,252.27999877929688,252.5399932861328,65034300.0,,,,,,,,,,
2024-09-26,,,,,,254.22000122070312,261.75,251.52999877929688,260.6000061035156,67142200.0,,,,,,,,,,
2024-09-27,,,,,,260.4599914550781,260.70001220703125,254.1199951171875,257.3800048828125,70988100.0,,,,,,,,,,
2024-09-30,,,,,,261.6300048828125,264.8599853515625,255.7700042724609,259.0400085449219,80705700.0,,,,,,,,,,
2024-10-01,,,,,,258.0199890136719,263.9800109863281,248.52999877929688,262.6700134277344,87397600.0,,,,,,,,,,
2024-10-02,,,,,,249.0200042724609,251.16000366210932,241.5,247.5500030517578,93983900.0,,,,,,,,,,
2024-10-03,,,,,,240.66000366210932,249.7899932861328,237.8099975585937,244.47999572753903,80729200.0,,,,,,,,,,
2024-10-04,,,,,,250.0800018310547,250.9600067138672,244.5800018310547,246.69000244140625,86573200.0,,,,,,,,,,
2024-10-07,,,,,,240.8300018310547,249.8300018310547,240.6999969482422,249.0,68113300.0,,,,,,,,,,
2024-10-08,,,,,,244.5,246.2100067138672,240.5599975585937,243.5599975585937,56303200.0,,,,,,,,,,
2024-10-09,,,,,,241.0500030517578,247.42999267578125,239.509994506836,243.82000732421875,66289500.0,,,,,,,,,,
2024-10-10,,,,,,238.7700042724609,242.7899932861328,232.33999633789065,241.8099975585937,83087100.0,,,,,,,,,,
2024-10-11,,,,,,217.8000030517578,223.33999633789065,214.3800048828125,220.1300048828125,142628900.0,,,,,,,,,,
2024-10-14,,,,,,219.16000366210932,221.91000366210932,213.7400054931641,220.1300048828125,86291900.0,,,,,,,,,,
2024-10-15,,,,,,219.57000732421875,224.259994506836,217.1199951171875,220.009994506836,62988800.0,,,,,,,,,,
2024-10-16,,,,,,221.3300018310547,222.82000732421875,218.92999267578125,221.3999938964844,49632800.0,,,,,,,,,,
2024-10-17,,,,,,220.88999938964844,222.0800018310547,217.8999938964844,221.58999633789065,50791800.0,,,,,,,,,,
2024-10-18,,,,,,220.6999969482422,222.27999877929688,219.22999572753903,220.7100067138672,49611900.0,,,,,,,,,,
2024-10-21,,,,,,218.8500061035156,220.47999572753903,215.72999572753903,218.8999938964844,47329000.0,,,,,,,,,,
2024-10-22,,,,,,217.97000122070312,218.22000122070312,215.259994506836,217.3099975585937,43268700.0,,,,,,,,,,
2024-10-23,,,,,,213.6499938964844,218.72000122070312,212.1100006103516,217.1300048828125,80938900.0,,,,,,,,,,
2024-10-24,,,,,,260.4800109863281,262.1199951171875,242.6499938964844,244.67999267578125,204491900.0,,,,,,,,,,
2024-10-25,,,,,,269.19000244140625,269.489990234375,255.32000732421875,256.010009765625,161611900.0,,,,,,,,,,
2024-10-28,,,,,,262.510009765625,273.5400085449219,262.239990234375,270.0,107653600.0,,,,,,,,,,
2024-10-29,,,,,,259.5199890136719,264.9800109863281,255.509994506836,264.510009765625,80521800.0,,,,,,,,,,
2024-10-30,,,,,,257.54998779296875,263.3500061035156,255.82000732421875,258.0400085449219,53993600.0,,,,,,,,,,
2024-10-31,,,,,,249.8500061035156,259.75,249.25,257.989990234375,66575300.0,,,,,,,,,,
2024-11-01,,,,,,248.97999572753903,254.0,246.6300048828125,252.0399932861328,57544800.0,,,,,,,,,,
2024-11-04,,,,,,242.83999633789065,248.8999938964844,238.8800048828125,244.5599975585937,68802400.0,,,,,,,,,,
2024-11-05,,,,,,251.44000244140625,255.27999877929688,246.2100067138672,247.33999633789065,69282500.0,,,,,,,,,,
2024-11-06,,,,,,288.5299987792969,289.5899963378906,275.6199951171875,284.6700134277344,165228700.0,,,,,,,,,,
2024-11-07,,,,,,296.9100036621094,299.75,285.5199890136719,288.8900146484375,117309200.0,,,,,,,,,,
2024-11-08,,,,,,321.2200012207031,328.7099914550781,297.6600036621094,299.1400146484375,204782800.0,,,,,,,,,,
2024-11-11,,,,,,350.0,358.6400146484375,336.0,346.29998779296875,210521600.0,,,,,,,,,,
2024-11-12,,,,,,328.489990234375,345.8399963378906,323.3099975585937,342.739990234375,155726000.0,,,,,,,,,,
2024-11-13,,,,,,330.239990234375,344.6000061035156,322.5,335.8500061035156,125405600.0,,,,,,,,,,
2024-11-14,,,,,,311.17999267578125,329.9800109863281,310.3699951171875,327.69000244140625,120726100.0,,,,,,,,,,
2024-11-15,,,,,,320.7200012207031,324.67999267578125,309.2200012207031,310.57000732421875,114440300.0,,,,,,,,,,
2024-11-18,,,,,,338.739990234375,348.54998779296875,330.010009765625,340.7300109863281,126085600.0,,,,,,,,,,
2024-11-19,,,,,,346.0,347.3800048828125,332.75,335.760009765625,88852500.0,,,,,,,,,,
2024-11-20,,,,,,342.0299987792969,346.6000061035156,334.29998779296875,345.0,66340700.0,,,,,,,,,,
2024-11-21,,,,,,339.6400146484375,347.989990234375,335.2799987792969,343.8099975585937,58011700.0,,,,,,,,,,
2024-11-22,,,,,,352.5599975585937,361.5299987792969,337.70001220703125,341.0899963378906,89140700.0,,,,,,,,,,
2024-11-25,,,,,,338.5899963378906,361.9299926757813,338.20001220703125,360.1400146484375,95890900.0,,,,,,,,,,
2024-11-26,,,,,,338.2300109863281,346.9599914550781,335.6600036621094,341.0,62295900.0,,,,,,,,,,
2024-11-27,,,,,,332.8900146484375,342.54998779296875,326.5899963378906,341.79998779296875,57896400.0,,,,,,,,,,
2024-11-29,,,,,,345.1600036621094,345.45001220703125,334.6499938964844,336.0799865722656,37167600.0,,,,,,,,,,
2024-12-02,,,,,,357.0899963378906,360.0,351.1499938964844,352.3800048828125,77986500.0,,,,,,,,,,
2024-12-03,,,,,,351.4200134277344,355.69000244140625,348.20001220703125,351.79998779296875,58267200.0,,,,,,,,,,
2024-12-04,,,,,,357.92999267578125,358.1000061035156,348.6000061035156,353.0,50810900.0,,,,,,,,,,
2024-12-05,,,,,,369.489990234375,375.4299926757813,359.5,359.8699951171875,81403600.0,,,,,,,,,,
2024-12-06,,,,,,389.2200012207031,389.489990234375,370.7999877929688,377.4200134277344,81455800.0,,,,,,,,,,
2024-12-09,,,,,,389.7900085449219,404.7999877929688,378.010009765625,397.6099853515625,96359200.0,,,,,,,,,,
2024-12-10,,,,,,400.989990234375,409.7300109863281,390.8500061035156,392.6799926757813,97563600.0,,,,,,,,,,
2024-12-11,,,,,,424.7699890136719,424.8800048828125,402.3800048828125,409.7000122070313,104287600.0,,,,,,,,,,
2024-12-12,,,,,,418.1000061035156,429.2999877929688,415.0,424.8399963378906,87752200.0,,,,,,,,,,
2024-12-13,,,,,,436.2300109863281,436.2999877929688,415.7099914550781,420.0,89000200.0,,,,,,,,,,
2024-12-16,,,,,,463.0199890136719,463.1900024414063,436.1499938964844,441.0899963378906,114083800.0,,,,,,,,,,
2024-12-17,,,,,,479.8599853515625,483.989990234375,457.510009765625,475.8999938964844,131223000.0,,,,,,,,,,
2024-12-18,,,,,,440.1300048828125,488.5400085449219,427.010009765625,466.5,149340800.0,,,,,,,,,,
2024-12-19,,,,,,436.1700134277344,456.3599853515625,420.0199890136719,451.8800048828125,118566100.0,,,,,,,,,,
2024-12-20,,,,,,421.05999755859375,447.0799865722656,417.6400146484375,425.510009765625,132216200.0,,,,,,,,,,
2024-12-23,,,,,,430.6000061035156,434.510009765625,415.4100036621094,431.0,72698100.0,,,,,,,,,,
2024-12-24,,,,,,462.2799987792969,462.7799987792969,435.1400146484375,435.8999938964844,59551800.0,,,,,,,,,,
2024-12-26,,,,,,454.1300048828125,465.3299865722656,451.0199890136719,465.1600036621094,76366400.0,,,,,,,,,,
2024-12-27,,,,,,431.6600036621094,450.0,426.5,449.5199890136719,82666800.0,,,,,,,,,,
2024-12-30,,,,,,417.4100036621094,427.0,415.75,419.3999938964844,64941000.0,,,,,,,,,,
2024-12-31,,,,,,403.8399963378906,427.9299926757813,402.5400085449219,423.7900085449219,76825100.0,,,,,,,,,,
2025-01-02,,,,,,379.2799987792969,392.7300109863281,373.0400085449219,390.1000061035156,109710700.0,,,,,,,,,,
2025-01-03,,,,,,410.4400024414063,411.8800048828125,379.4500122070313,381.4800109863281,95423300.0,,,,,,,,,,
2025-01-06,,,,,,411.0499877929688,426.4299926757813,401.7000122070313,423.2000122070313,85516500.0,,,,,,,,,,
2025-01-07,,,,,,394.3599853515625,414.3299865722656,390.0,405.8299865722656,75699500.0,,,,,,,,,,
2025-01-08,,,,,,394.9400024414063,402.5,387.3999938964844,392.9500122070313,73038800.0,,,,,,,,,,
2025-01-10,,,,,,394.739990234375,399.2799987792969,377.2900085449219,391.3999938964844,62287300.0,,,,,,,,,,
2025-01-13,,,,,,403.30999755859375,403.7900085449219,380.0700073242188,383.2099914550781,67580500.0,,,,,,,,,,
2025-01-14,,,,,,396.3599853515625,422.6400146484375,394.5400085449219,414.3399963378906,84565000.0,,,,,,,,,,
2025-01-15,,,,,,428.2200012207031,429.7999877929688,405.6600036621094,409.8999938964844,81375500.0,,,,,,,,,,
2025-01-16,,,,,,413.8200073242188,424.0,409.1300048828125,423.489990234375,68335200.0,,,,,,,,,,
2025-01-17,,,,,,426.5,439.739990234375,419.75,421.5,94991400.0,,,,,,,,,,
2025-01-21,,,,,,424.0700073242188,433.2000122070313,406.30999755859375,432.6400146484375,87320900.0,,,,,,,,,,
2025-01-22,,,,,,415.1099853515625,428.0,414.5899963378906,416.80999755859375,60963300.0,,,,,,,,,,
2025-01-23,,,,,,412.3800048828125,420.7300109863281,408.9500122070313,416.05999755859375,50690600.0,,,,,,,,,,
2025-01-24,,,,,,406.5799865722656,418.8800048828125,405.7799987792969,414.4500122070313,56427100.0,,,,,,,,,,
2025-01-27,,,,,,397.1499938964844,406.6900024414063,389.0,394.7999877929688,58125500.0,,,,,,,,,,
2025-01-28,,,,,,398.0899963378906,400.5899963378906,386.5,396.9100036621094,48910700.0,,,,,,,,,,
2025-01-29,,,,,,389.1000061035156,398.5899963378906,384.4800109863281,395.2099914550781,68033600.0,,,,,,,,,,
2025-01-30,,,,,,400.2799987792969,412.5,384.4100036621094,410.7799987792969,98092900.0,,,,,,,,,,
2025-01-31,,,,,,404.6000061035156,419.989990234375,401.3399963378906,401.5299987792969,83283600.0,,,,,,,,,,
2025-02-03,,,,,,383.6799926757813,389.1700134277344,374.3599853515625,386.6799926757813,93732100.0,,,,,,,,,,
2025-02-04,,,,,,392.2099914550781,394.0,381.3999938964844,382.6300048828125,57072200.0,,,,,,,,,,
2025-02-05,,,,,,378.1700134277344,388.3900146484375,375.5299987792969,387.510009765625,57223300.0,,,,,,,,,,
2025-02-06,,,,,,374.3200073242188,375.3999938964844,363.1799926757813,373.0299987792969,77918200.0,,,,,,,,,,
2025-02-07,,,,,,361.6199951171875,380.5499877929688,360.3399963378906,370.1900024414063,70298300.0,,,,,,,,,,
2025-02-10,,,,,,350.7300109863281,362.7000122070313,350.510009765625,356.2099914550781,77514900.0,,,,,,,,,,
2025-02-11,,,,,,328.5,349.3699951171875,325.1000061035156,345.79998779296875,118543400.0,,,,,,,,,,
2025-02-12,,,,,,336.510009765625,346.3999938964844,329.1199951171875,329.94000244140625,105382700.0,,,,,,,,,,
2025-02-13,,,,,,355.94000244140625,358.69000244140625,342.8500061035156,345.0,89441500.0,,,,,,,,,,
2025-02-14,,,,,,355.8399963378906,362.0,347.5,360.6199951171875,68277300.0,,,,,,,,,,
2025-02-18,,,,,,354.1099853515625,359.1000061035156,350.0199890136719,355.010009765625,51631700.0,,,,,,,,,,
2025-02-19,,,,,,360.55999755859375,367.3399963378906,353.6700134277344,354.0,67094400.0,,,,,,,,,,
2025-02-20,,,,,,354.3999938964844,362.2999877929688,348.0,361.510009765625,45965400.0,,,,,,,,,,
2025-02-21,,,,,,337.79998779296875,354.9800109863281,334.4200134277344,353.44000244140625,74058600.0,,,,,,,,,,
2025-02-24,,,,,,330.5299987792969,342.3999938964844,324.70001220703125,338.1400146484375,76052300.0,,,,,,,,,,
2025-02-25,,,,,,302.79998779296875,328.8900146484375,297.25,327.0199890136719,134228800.0,,,,,,,,,,
2025-02-26,,,,,,290.79998779296875,309.0,288.0400085449219,303.7099914550781,100118300.0,,,,,,,,,,
2025-02-27,,,,,,281.95001220703125,297.2300109863281,280.8800048828125,291.1600036621094,101748200.0,,,,,,,,,,
2025-02-28,,,,,,292.9800109863281,293.8800048828125,273.6000061035156,279.5,115697000.0,,,,,,,,,,
2025-03-03,,,,,,284.6499938964844,303.94000244140625,277.29998779296875,300.3399963378906,115551400.0,,,,,,,,,,
2025-03-04,,,,,,272.0400085449219,284.3500061035156,261.8399963378906,270.92999267578125,126706600.0,,,,,,,,,,
2025-03-05,,,,,,279.1000061035156,279.54998779296875,267.7099914550781,272.9200134277344,94042900.0,,,,,,,,,,
2025-03-06,,,,,,263.45001220703125,272.6499938964844,260.0199890136719,272.0599975585937,98451600.0,,,,,,,,,,
2025-03-07,,,,,,262.6700134277344,266.25,250.72999572753903,259.32000732421875,102369600.0,,,,,,,,,,
2025-03-10,,,,,,222.1499938964844,253.3699951171875,220.0,252.5399932861328,189076900.0,,,,,,,,,,
2025-03-11,,,,,,230.5800018310547,237.0599975585937,217.0200042724609,225.3099975585937,174896400.0,,,,,,,,,,
2025-03-12,,,,,,248.08999633789065,251.83999633789065,241.1000061035156,247.22000122070312,142215700.0,,,,,,,,,,
2025-03-13,,,,,,240.67999267578125,248.2899932861328,232.6000061035156,248.1300048828125,114813500.0,,,,,,,,,,
2025-03-14,,,,,,249.97999572753903,251.5800018310547,240.72999572753903,247.3099975585937,100242300.0,,,,,,,,,,
2025-03-17,,,,,,238.009994506836,245.3999938964844,232.8000030517578,245.0599975585937,111900600.0,,,,,,,,,,
2025-03-18,,,,,,225.3099975585937,230.1000061035156,222.27999877929688,228.16000366210932,111477600.0,,,,,,,,,,
2025-03-19,,,,,,235.8600006103516,241.41000366210932,229.1999969482422,231.6100006103516,111993800.0,,,,,,,,,,
2025-03-20,,,,,,236.259994506836,238.0,230.0500030517578,233.3500061035156,99028300.0,,,,,,,,,,
2025-03-21,,,,,,248.7100067138672,249.5200042724609,234.5500030517578,234.9900054931641,132728700.0,,,,,,,,,,
2025-03-24,,,,,,278.3900146484375,278.6400146484375,256.3299865722656,258.0799865722656,169079900.0,,,,,,,,,,
2025-03-25,,,,,,288.1400146484375,288.20001220703125,271.2799987792969,283.6000061035156,150361500.0,,,,,,,,,,
2025-03-26,,,,,,272.0599975585937,284.8999938964844,266.510009765625,282.6600036621094,153629800.0,,,,,,,,,,
2025-03-27,,,,,,273.1300048828125,291.8500061035156,271.82000732421875,272.4800109863281,162572100.0,,,,,,,,,,
2025-03-28,,,,,,263.54998779296875,276.1000061035156,260.57000732421875,275.5799865722656,123809400.0,,,,,,,,,,
2025-03-31,,,,,,259.1600036621094,260.5599975585937,243.3600006103516,249.3099975585937,134008900.0,,,,,,,,,,
2025-04-01,,,,,,268.4599914550781,277.45001220703125,259.25,263.79998779296875,146486900.0,,,,,,,,,,
2025-04-02,,,,,,282.760009765625,284.989990234375,251.2700042724609,254.6000061035156,212787800.0,,,,,,,,,,
2025-04-03,,,,,,267.2799987792969,276.29998779296875,261.510009765625,265.2900085449219,136174300.0,,,,,,,,,,
2025-04-04,,,,,,239.42999267578125,261.0,236.0,255.3800048828125,181229400.0,,,,,,,,,,
2025-04-07,,,,,,233.2899932861328,252.0,214.25,223.77999877929688,183453800.0,,,,,,,,,,
2025-04-08,,,,,,221.8600006103516,250.44000244140625,217.8000030517578,245.0,171603500.0,,,,,,,,,,
2025-04-09,,,,,,272.20001220703125,274.69000244140625,223.8800048828125,224.69000244140625,219433400.0,,,,,,,,,,
2025-04-10,,,,,,252.3999938964844,262.489990234375,239.3300018310547,260.0,181722600.0,,,,,,,,,,
2025-04-11,,,,,,252.3099975585937,257.739990234375,241.3600006103516,251.83999633789065,128948100.0,,,,,,,,,,
2025-04-14,,,,,,252.3500061035156,261.79998779296875,245.92999267578125,258.3599853515625,100135200.0,,,,,,,,,,
2025-04-15,,,,,,254.1100006103516,258.75,247.5399932861328,249.91000366210932,79594300.0,,,,,,,,,,
2025-04-16,,,,,,241.5500030517578,251.97000122070312,233.88999938964844,247.6100006103516,112378700.0,,,,,,,,,,
2025-04-17,,,,,,241.3699951171875,244.33999633789065,237.67999267578125,243.47000122070312,83404800.0,,,,,,,,,,
2025-04-21,,,,,,227.5,232.2100067138672,222.7899932861328,230.259994506836,97768000.0,,,,,,,,,,
2025-04-22,,,,,,237.97000122070312,242.7899932861328,229.8500061035156,230.9600067138672,120858500.0,,,,,,,,,,
2025-04-23,,,,,,250.7400054931641,259.45001220703125,244.42999267578125,254.8600006103516,150381900.0,,,,,,,,,,
2025-04-24,,,,,,259.510009765625,259.5400085449219,249.1999969482422,250.5,94464200.0,,,,,,,,,,
2025-04-25,,,,,,284.95001220703125,286.8500061035156,259.6300048828125,261.69000244140625,167560700.0,,,,,,,,,,
2025-04-28,,,,,,285.8800048828125,294.8599853515625,272.4200134277344,288.9800109863281,151731800.0,,,,,,,,,,
2025-04-29,,,,,,292.0299987792969,293.32000732421875,279.4700012207031,285.5,108906600.0,,,,,,,,,,
2025-04-30,,,,,,282.1600036621094,284.45001220703125,270.7799987792969,279.8999938964844,128961100.0,,,,,,,,,,
2025-05-01,,,,,,280.5199890136719,290.8699951171875,279.8099975585937,280.010009765625,99659000.0,,,,,,,,,,
2025-05-02,,,,,,287.2099914550781,294.7799987792969,279.8099975585937,284.8999938964844,114454700.0,,,,,,,,,,
2025-05-05,,,,,,280.260009765625,284.8500061035156,274.3999938964844,284.57000732421875,94618900.0,,,,,,,,,,
2025-05-06,,,,,,275.3500061035156,277.7300109863281,271.3500061035156,273.1099853515625,76715800.0,,,,,,,,,,
2025-05-07,,,,,,276.2200012207031,277.9200134277344,271.0,276.8800048828125,71592600.0,,,,,,,,,,
2025-05-08,,,,,,284.82000732421875,289.79998779296875,279.4100036621094,279.6300048828125,97539400.0,,,,,,,,,,
2025-05-09,,,,,,298.260009765625,307.0400085449219,290.0,290.2099914550781,132387800.0,,,,,,,,,,
2025-05-12,,,,,,318.3800048828125,322.2099914550781,311.5,321.989990234375,112826700.0,,,,,,,,,,
2025-05-13,,,,,,334.07000732421875,337.5899963378906,316.79998779296875,320.0,136992600.0,,,,,,,,,,
2025-05-14,,,,,,347.67999267578125,350.0,337.0,342.5,136997300.0,,,,,,,,,,
2025-05-15,,,,,,342.82000732421875,346.1400146484375,334.7200012207031,340.3399963378906,97882600.0,,,,,,,,,,
2025-05-16,,,,,,349.9800109863281,351.6199951171875,342.3299865722656,346.239990234375,95895700.0,,,,,,,,,,
2025-05-19,,,,,,342.0899963378906,343.0,333.3699951171875,336.29998779296875,88869900.0,,,,,,,,,,
2025-05-20,,,,,,343.82000732421875,354.989990234375,341.6300048828125,347.8699951171875,131715500.0,,,,,,,,,,
2025-05-21,,,,,,334.6199951171875,347.3500061035156,332.20001220703125,344.42999267578125,102354800.0,,,,,,,,,,
2025-05-22,,,,,,341.0400085449219,347.2699890136719,331.3900146484375,331.8999938964844,97113400.0,,,,,,,,,,
2025-05-23,,,,,,339.3399963378906,343.17999267578125,333.2099914550781,337.9200134277344,84654800.0,,,,,,,,,,
2025-05-27,,,,,,362.8900146484375,363.7900085449219,347.32000732421875,347.3500061035156,120146400.0,,,,,,,,,,
2025-05-28,,,,,,356.8999938964844,365.0,355.9100036621094,364.8399963378906,91404300.0,,,,,,,,,,
2025-05-29,,,,,,358.42999267578125,367.7099914550781,356.0,365.2900085449219,88087800.0,,,,,,,,,,
2025-05-30,,,,,,346.4599914550781,363.6799926757813,345.2900085449219,355.5199890136719,123474900.0,,,,,,,,,,
2025-06-02,,,,,,342.69000244140625,348.0199890136719,333.3299865722656,343.5,81873800.0,,,,,,,,,,
2025-06-03,,,,,,344.2699890136719,355.3999938964844,343.0400085449219,346.6000061035156,99324500.0,,,,,,,,,,
2025-06-04,,,,,,332.04998779296875,345.6000061035156,327.3299865722656,345.1000061035156,98912100.0,,,,,,,,,,
2025-06-05,,,,,,284.70001220703125,324.54998779296875,273.2099914550781,322.489990234375,287499800.0,,,,,,,,,,
2025-06-06,,,,,,295.1400146484375,305.5,291.1400146484375,298.8299865722656,164747700.0,,,,,,,,,,
2025-06-09,,,,,,308.5799865722656,309.8299865722656,281.8500061035156,285.9599914550781,140908900.0,,,,,,,,,,
2025-06-10,,,,,,326.0899963378906,327.8299865722656,310.6700134277344,314.94000244140625,151256500.0,,,,,,,,,,
2025-06-11,,,,,,326.42999267578125,335.5,322.5,334.3999938964844,122611400.0,,,,,,,,,,
2025-06-12,,,,,,319.1099853515625,332.5599975585937,316.8599853515625,323.0799865722656,105127500.0,,,,,,,,,,
2025-06-13,,,,,,325.3099975585937,332.989990234375,313.29998779296875,313.9700012207031,128964300.0,,,,,,,,,,
2025-06-16,,,,,,329.1300048828125,332.04998779296875,326.4100036621094,331.2900085449219,83925900.0,,,,,,,,,,
2025-06-17,,,,,,316.3500061035156,327.260009765625,314.739990234375,326.0899963378906,88282700.0,,,,,,,,,,
2025-06-18,,,,,,322.04998779296875,329.32000732421875,315.45001220703125,317.3099975585937,95137700.0,,,,,,,,,,
2025-06-20,,,,,,322.1600036621094,332.3599853515625,317.7799987792969,327.95001220703125,108688000.0,,,,,,,,,,
2025-06-23,,,,,,348.67999267578125,357.5400085449219,327.4800109863281,327.5400085449219,190716800.0,,,,,,,,,,
2025-06-24,,,,,,340.4700012207031,356.260009765625,340.44000244140625,356.1700134277344,114736200.0,,,,,,,,,,
2025-06-25,,,,,,327.54998779296875,343.0,320.3999938964844,342.70001220703125,119845100.0,,,,,,,,,,
2025-06-26,,,,,,325.7799987792969,331.04998779296875,323.6099853515625,324.6099853515625,80440900.0,,,,,,,,,,
2025-06-27,,,,,,323.6300048828125,329.3399963378906,317.5,324.510009765625,89067000.0,,,,,,,,,,
2025-06-30,,,,,,317.6600036621094,325.5799865722656,316.6000061035156,319.8999938964844,76695100.0,,,,,,,,,,
2025-07-01,,,,,,300.7099914550781,305.8900146484375,293.2099914550781,298.4599914550781,145085700.0,,,,,,,,,,
2025-07-02,,,,,,315.6499938964844,316.8299865722656,303.82000732421875,312.6300048828125,119483700.0,,,,,,,,,,
2025-07-03,,,,,,315.3500061035156,318.45001220703125,312.760009765625,317.989990234375,58042300.0,,,,,,,,,,
2025-07-07,,,,,,293.94000244140625,296.1499938964844,288.7699890136719,291.3699951171875,131177900.0,,,,,,,,,,
2025-07-08,,,,,,297.8099975585937,304.04998779296875,294.3500061035156,297.0,103246700.0,,,,,,,,,,
2025-07-09,,,,,,295.8800048828125,300.1499938964844,293.54998779296875,297.54998779296875,75586800.0,,,,,,,,,,
2025-07-10,,,,,,309.8699951171875,310.4800109863281,300.0,300.04998779296875,104365300.0,,,,,,,,,,
2025-07-11,,,,,,313.510009765625,314.0899963378906,305.6499938964844,307.8900146484375,79236400.0,,,,,,,,,,
2025-07-14,,,,,,316.8999938964844,322.6000061035156,312.6700134277344,317.7300109863281,78043400.0,,,,,,,,,,
2025-07-15,,,,,,310.7799987792969,321.20001220703125,310.5,319.67999267578125,77556300.0,,,,,,,,,,
2025-07-16,,,,,,321.6700134277344,323.5,312.6199951171875,312.79998779296875,97284800.0,,,,,,,,,,
2025-07-17,,,,,,319.4100036621094,324.3399963378906,317.0599975585937,323.1499938964844,73922900.0,,,,,,,,,,
2025-07-18,,,,,,329.6499938964844,330.8999938964844,321.4200134277344,321.6600036621094,94255000.0,,,,,,,,,,
2025-07-21,,,,,,328.489990234375,338.0,326.8800048828125,334.3999938964844,75768800.0,,,,,,,,,,
2025-07-22,,,,,,332.1099853515625,335.4100036621094,321.54998779296875,329.739990234375,77370400.0,,,,,,,,,,
2025-07-23,,,,,,332.5599975585937,336.20001220703125,328.6700134277344,330.8999938964844,92553800.0,,,,,,,,,,
2025-07-24,,,,,,305.29998779296875,310.1499938964844,300.4100036621094,310.0,156966000.0,,,,,,,,,,
2025-07-25,,,,,,316.0599975585937,323.6300048828125,308.010009765625,308.739990234375,148227000.0,,,,,,,,,,
2025-07-28,,,,,,325.5899963378906,330.489990234375,315.69000244140625,318.45001220703125,112673800.0,,,,,,,,,,
2025-07-29,,,,,,321.20001220703125,326.25,318.25,325.54998779296875,87358900.0,,,,,,,,,,
2025-07-30,,,,,,319.0400085449219,324.45001220703125,311.6199951171875,322.17999267578125,83931900.0,,,,,,,,,,
2025-07-31,,,,,,308.2699890136719,321.3699951171875,306.1000061035156,319.6099853515625,85270900.0,,,,,,,,,,
2025-08-01,,,,,,302.6300048828125,309.3099975585937,297.82000732421875,306.2099914550781,89121400.0,,,,,,,,,,
2025-08-04,,,,,,309.260009765625,312.1199951171875,303.0,309.0799865722656,78683900.0,,,,,,,,,,
2025-08-05,,,,,,308.7200012207031,312.45001220703125,305.5,308.95001220703125,57961300.0,,,,,,,,,,
2025-08-06,,,,,,319.9100036621094,320.4700012207031,306.92999267578125,307.8900146484375,78523600.0,,,,,,,,,,
2025-08-07,,,,,,322.2699890136719,322.3999938964844,316.1600036621094,319.7900085449219,66658700.0,,,,,,,,,,
2025-08-08,,,,,,329.6499938964844,335.1499938964844,320.9800109863281,321.42999267578125,91200300.0,,,,,,,,,,
2025-08-11,,,,,,339.0299987792969,346.6400146484375,334.1499938964844,335.0,105320200.0,,,,,,,,,,
2025-08-12,,,,,,340.8399963378906,345.260009765625,332.94000244140625,345.0,80522100.0,,,,,,,,,,
2025-08-13,,,,,,339.3800048828125,348.9800109863281,338.20001220703125,341.5,67838900.0,,,,,,,,,,
2025-08-14,,,,,,335.5799865722656,340.4700012207031,330.3999938964844,335.760009765625,75000700.0,,,,,,,,,,
2025-08-15,,,,,,330.5599975585937,339.29998779296875,327.0199890136719,337.6600036621094,74319800.0,,,,,,,,,,
2025-08-18,,,,,,335.1600036621094,336.2699890136719,329.5899963378906,329.6199951171875,56956600.0,,,,,,,,,,
2025-08-19,,,,,,329.3099975585937,340.54998779296875,327.8500061035156,335.7900085449219,75956000.0,,,,,,,,,,
2025-08-20,,,,,,323.8999938964844,331.3699951171875,314.6000061035156,329.2200012207031,77481800.0,,,,,,,,,,
2025-08-21,,,,,,320.1099853515625,324.8999938964844,318.67999267578125,322.0799865722656,55744400.0,,,,,,,,,,
2025-08-22,,,,,,340.010009765625,340.25,319.69000244140625,321.6600036621094,94016300.0,,,,,,,,,,
2025-08-25,,,,,,346.6000061035156,349.5299987792969,335.0299987792969,338.8999938964844,86670000.0,,,,,,,,,,
2025-08-26,,,,,,351.6700134277344,351.8999938964844,343.7200012207031,344.92999267578125,76651600.0,,,,,,,,,,
2025-08-27,,,,,,349.6000061035156,355.3900146484375,349.1600036621094,351.94000244140625,65519000.0,,,,,,,,,,
2025-08-28,,,,,,345.9800109863281,353.54998779296875,340.260009765625,350.9100036621094,67903200.0,,,,,,,,,,
2025-08-29,,,,,,333.8699951171875,348.75,331.70001220703125,347.2300109863281,81145700.0,,,,,,,,,,
2025-09-02,,,,,,329.3599853515625,333.3299865722656,325.6000061035156,328.2300109863281,58392000.0,,,,,,,,,,
2025-09-03,,,,,,334.0899963378906,343.3299865722656,328.510009765625,335.20001220703125,88733300.0,,,,,,,,,,
2025-09-04,,,,,,338.5299987792969,338.8900146484375,331.4800109863281,336.1499938964844,60711000.0,,,,,,,,,,
2025-09-05,,,,,,350.8399963378906,355.8699951171875,344.67999267578125,348.0,108989800.0,,,,,,,,,,
2025-09-08,,,,,,346.3999938964844,358.44000244140625,344.8399963378906,354.6400146484375,75208300.0,,,,,,,,,,
2025-09-09,,,,,,346.9700012207031,350.7699890136719,343.82000732421875,348.44000244140625,53816000.0,,,,,,,,,,
2025-09-10,,,,,,347.7900085449219,356.3299865722656,346.07000732421875,350.54998779296875,72121700.0,,,,,,,,,,
2025-09-11,,,,,,368.80999755859375,368.989990234375,347.6000061035156,350.1700134277344,103756000.0,,,,,,,,,,
2025-09-12,,,,,,395.9400024414063,396.6900024414063,370.239990234375,370.9400024414063,168156400.0,,,,,,,,,,
2025-09-15,,,,,,410.0400085449219,425.7000122070313,402.4299926757813,423.1300048828125,163823700.0,,,,,,,,,,
2025-09-16,,,,,,421.6199951171875,423.25,411.4299926757813,414.5,104285700.0,,,,,,,,,,
2025-09-17,,,,,,425.8599853515625,428.30999755859375,409.6700134277344,415.75,106133500.0,,,,,,,,,,
2025-09-18,,,,,,416.8500061035156,432.2200012207031,416.55999755859375,428.8699951171875,90454500.0,,,,,,,,,,
2025-09-19,,,,,,426.0700073242188,429.4700012207031,421.7200012207031,421.8200073242188,93131000.0,,,,,,,,,,
2025-09-22,,,,,,434.2099914550781,444.9800109863281,429.1300048828125,431.1099853515625,97108800.0,,,,,,,,,,
2025-09-23,,,,,,425.8500061035156,440.9700012207031,423.7200012207031,439.8800048828125,83422700.0,,,,,,,,,,
2025-09-24,,,,,,442.7900085449219,444.2099914550781,429.0299987792969,429.8299865722656,93133600.0,,,,,,,,,,
2025-09-25,,,,,,423.3900146484375,435.3500061035156,419.0799865722656,435.239990234375,96746400.0,,,,,,,,,,
2025-09-26,,,,,,440.3999938964844,440.4700012207031,421.0199890136719,428.2999877929688,101628200.0,,,,,,,,,,
2025-09-29,,,,,,443.2099914550781,450.9800109863281,439.5,444.3500061035156,79491500.0,,,,,,,,,,
2025-09-30,,,,,,444.7200012207031,445.0,433.1199951171875,441.5199890136719,74358000.0,,,,,,,,,,
2025-10-01,,,,,,459.4599914550781,462.2900085449219,440.75,443.7999877929688,98122300.0,,,,,,,,,,
2025-10-02,,,,,,436.0,470.75,435.5700073242188,470.5400085449219,137009000.0,,,,,,,,,,
2025-10-03,,,,,,429.8299865722656,446.7699890136719,416.5799865722656,443.2900085449219,133188200.0,,,,,,,,,,
2025-10-06,,,,,,453.25,453.5499877929688,436.6900024414063,440.75,85324900.0,,,,,,,,,,
2025-10-07,,,,,,433.0899963378906,452.6799926757813,432.4500122070313,447.8200073242188,102296100.0,,,,,,,,,,
2025-10-08,,,,,,438.6900024414063,441.3299865722656,425.2300109863281,437.5700073242188,71192100.0,,,,,,,,,,
2025-10-09,,,,,,435.5400085449219,436.3500061035156,426.1799926757813,431.80999755859375,69339900.0,,,,,,,,,,
2025-10-10,,,,,,413.489990234375,443.1300048828125,411.4500122070313,436.5400085449219,112107900.0,,,,,,,,,,
2025-10-13,,,,,,435.8999938964844,436.8900146484375,419.7000122070313,423.5299987792969,79552800.0,,,,,,,,,,
2025-10-14,,,,,,429.239990234375,434.2000122070313,417.8599853515625,426.7900085449219,72669400.0,,,,,,,,,,
2025-10-15,,,,,,435.1499938964844,440.510009765625,426.3299865722656,434.8999938964844,71558200.0,,,,,,,,,,
2025-10-16,,,,,,428.75,439.3500061035156,421.30999755859375,434.7300109863281,77189900.0,,,,,,,,,,
2025-10-17,,,,,,439.30999755859375,441.4599914550781,423.6000061035156,425.5,89331600.0,,,,,,,,,,
2025-10-20,,,,,,447.4299926757813,449.7999877929688,440.6099853515625,443.8699951171875,63719000.0,,,,,,,,,,
2025-10-21,,,,,,442.6000061035156,449.2999877929688,442.0499877929688,445.760009765625,54412200.0,,,,,,,,,,
2025-10-22,,,,,,438.9700012207031,445.5400085449219,429.0,443.4500122070313,84023500.0,,,,,,,,,,
2025-10-23,,,,,,448.9800109863281,449.3999938964844,413.8999938964844,420.0,126709800.0,,,,,,,,,,
2025-10-24,,,,,,433.7200012207031,451.6799926757813,430.1700134277344,446.8299865722656,94727800.0,,,,,,,,,,
2025-10-27,,,,,,452.4200134277344,460.1600036621094,438.6900024414063,439.9800109863281,105867500.0,,,,,,,,,,
2025-10-28,,,,,,460.5499877929688,467.0,451.6000061035156,454.7799987792969,80185700.0,,,,,,,,,,
2025-10-29,,,,,,461.510009765625,465.7000122070313,452.6499938964844,462.5,67983500.0,,,,,,,,,,
2025-10-30,,,,,,440.1000061035156,455.05999755859375,439.6099853515625,451.0499877929688,72447900.0,,,,,,,,,,
2025-10-31,,,,,,456.55999755859375,458.0,443.6900024414063,446.75,83135800.0,,,,,,,,,,
2025-11-03,,,,,,468.3699951171875,474.0700073242188,453.7999877929688,455.989990234375,84595200.0,,,,,,,,,,
2025-11-04,,,,,,444.260009765625,460.2200012207031,443.6000061035156,454.4599914550781,87756600.0,,,,,,,,,,
2025-11-05,,,,,,462.0700073242188,466.3299865722656,440.7099914550781,452.0499877929688,85573000.0,,,,,,,,,,
2025-11-06,,,,,,445.9100036621094,467.4500122070313,435.0899963378906,461.9599914550781,109622900.0,,,,,,,,,,
2025-11-07,,,,,,429.5199890136719,439.3599853515625,421.8800048828125,437.9200134277344,103471500.0,,,,,,,,,,
2025-11-10,,,,,,445.2300109863281,449.6700134277344,433.3599853515625,439.6000061035156,76515900.0,,,,,,,,,,
2025-11-11,,,,,,439.6199951171875,442.489990234375,432.3599853515625,439.3999938964844,60533200.0,,,,,,,,,,
2025-11-12,,,,,,430.6000061035156,442.3299865722656,426.55999755859375,442.1499938964844,58513500.0,,,,,,,,,,
2025-11-13,,,,,,401.989990234375,424.5,396.3399963378906,423.1300048828125,118948000.0,,,,,,,,,,
2025-11-14,,,,,,404.3500061035156,412.1900024414063,382.7799987792969,386.2999877929688,105506700.0,,,,,,,,,,
2025-11-17,,,,,,408.9200134277344,423.9599914550781,398.739990234375,398.739990234375,102214300.0,,,,,,,,,,
2025-11-18,,,,,,401.25,408.8999938964844,393.7099914550781,405.3800048828125,80688600.0,,,,,,,,,,
2025-11-19,,,,,,403.989990234375,411.7799987792969,398.5,406.1799926757813,72047700.0,,,,,,,,,,
2025-11-20,,,,,,395.2300109863281,428.9400024414063,394.739990234375,414.6300048828125,113548800.0,,,,,,,,,,
2025-11-21,,,,,,391.0899963378906,402.7999877929688,383.760009765625,402.3200073242188,100460600.0,,,,,,,,,,
2025-11-24,,,,,,417.7799987792969,421.7200012207031,401.0899963378906,402.1700134277344,96806400.0,,,,,,,,,,
2025-11-25,,,,,,419.3999938964844,420.4800109863281,405.9500122070313,414.4200134277344,71915600.0,,,,,,,,,,
2025-11-26,,,,,,426.5799865722656,426.9400024414063,416.8900146484375,423.9500122070313,63463000.0,,,,,,,,,,
2025-11-28,,,,,,430.1700134277344,432.9299926757813,426.2000122070313,426.5899963378906,36252900.0,,,,,,,,,,
2025-12-01,,,,,,430.1400146484375,433.6600036621094,425.2900085449219,425.3200073242188,57463600.0,,,,,,,,,,
2025-12-02,,,,,,429.239990234375,436.7999877929688,422.1199951171875,430.80999755859375,69336600.0,,,,,,,,,,
2025-12-03,,,,,,446.739990234375,447.9200134277344,431.1099853515625,432.1000061035156,87483000.0,,,,,,,,,,
2025-12-04,,,,,,454.5299987792969,454.6300048828125,445.3900146484375,449.9400024414063,71906500.0,,,,,,,,,,
2025-12-05,,,,,,455.0,458.8699951171875,451.6600036621094,453.0299987792969,56427500.0,,,,,,,,,,
2025-12-08,,,,,,439.5799865722656,449.75,435.25,447.4500122070313,69165800.0,,,,,,,,,,
2025-12-09,,,,,,445.1700134277344,452.3900146484375,435.7000122070313,437.5400085449219,62367400.0,,,,,,,,,,
2025-12-10,,,,,,451.4500122070313,456.8800048828125,443.6099853515625,446.0700073242188,63257500.0,,,,,,,,,,
2025-12-11,,,,,,446.8900146484375,449.2699890136719,440.3299865722656,448.9500122070313,55979500.0,,,,,,,,,,
2025-12-12,,,,,,458.9599914550781,463.010009765625,441.6700134277344,448.0899963378906,95656700.0,,,,,,,,,,
2025-12-15,,,,,,475.30999755859375,481.7699890136719,467.6600036621094,469.4400024414063,114542200.0,,,,,,,,,,
2025-12-16,,,,,,489.8800048828125,491.5,465.8299865722656,472.2099914550781,107608100.0,,,,,,,,,,
2025-12-17,,,,,,467.260009765625,495.2799987792969,466.2000122070313,488.2200012207031,106490400.0,,,,,,,,,,
2025-12-18,,,,,,483.3699951171875,490.8599853515625,473.1199951171875,478.1600036621094,95168400.0,,,,,,,,,,
2025-12-19,,,,,,481.2000122070313,490.489990234375,474.7200012207031,488.1199951171875,103305400.0,,,,,,,,,,
2025-12-22,,,,,,488.7300109863281,498.8299865722656,485.3299865722656,489.8800048828125,86916100.0,,,,,,,,,,
2025-12-23,,,,,,485.55999755859375,491.9700012207031,482.8399963378906,489.3999938964844,58223600.0,,,,,,,,,,
2025-12-24,,,,,,485.3999938964844,490.8999938964844,476.7999877929688,488.4800109863281,41285400.0,,,,,,,,,,
2025-12-26,,,,,,475.1900024414063,489.0899963378906,473.8200073242188,485.2300109863281,58780700.0,,,,,,,,,,
2025-12-29,,,,,,459.6400146484375,469.3999938964844,459.0,469.0,66263000.0,,,,,,,,,,
2025-12-30,,,,,,454.4299926757813,463.1199951171875,453.8299865722656,461.0899963378906,59238500.0,,,,,,,,,,
2025-12-31,,,,,,449.7200012207031,456.5499877929688,449.2999877929688,456.1000061035156,49078000.0,,,,,,,,,,
2026-01-02,,,,,,438.0700073242188,458.3399963378906,435.2999877929688,457.7999877929688,85535400.0,,,,,,,,,,
2026-01-05,,,,,,451.6700134277344,457.5499877929688,444.5700073242188,447.989990234375,67940800.0,,,,,,,,,,
2026-01-06,,,,,,432.9599914550781,448.25,428.7799987792969,446.3800048828125,89093800.0,,,,,,,,,,
2026-01-07,,,,,,431.4100036621094,438.3699951171875,431.2900085449219,435.8999938964844,59828800.0,,,,,,,,,,
2026-01-08,,,,,,435.7999877929688,436.8900146484375,424.3699951171875,427.8900146484375,57041100.0,,,,,,,,,,
2026-01-09,,,,,,445.010009765625,449.0499877929688,430.3900146484375,435.9500122070313,67331500.0,,,,,,,,,,
2026-01-12,,,,,,448.9599914550781,454.2999877929688,438.0,441.2300109863281,61649600.0,,,,,,,,,,
2026-01-13,,,,,,447.2000122070313,451.80999755859375,443.9500122070313,450.2000122070313,53719200.0,,,,,,,,,,
2026-01-14,,,,,,439.2000122070313,443.9100036621094,434.2200012207031,442.80999755859375,57259500.0,,,,,,,,,,
2026-01-15,,,,,,438.5700073242188,445.3599853515625,437.6499938964844,441.1300048828125,49465800.0,,,,,,,,,,
2026-01-16,,,,,,437.5,447.25,435.260009765625,439.5,60220600.0,,,,,,,,,,
2026-01-20,,,,,,419.25,430.7300109863281,417.4400024414063,429.3599853515625,63187300.0,,,,,,,,,,
2026-01-21,,,,,,431.4400024414063,438.2000122070313,419.6199951171875,421.6600036621094,68124000.0,,,,,,,,,,
2026-01-22,,,,,,449.3599853515625,449.5,432.6300048828125,435.1600036621094,71546700.0,,,,,,,,,,
2026-01-23,,,,,,449.05999755859375,452.4299926757813,444.0400085449219,447.4299926757813,56771400.0,,,,,,,,,,
2026-01-26,,,,,,435.2000122070313,445.0400085449219,434.2799987792969,445.0,49397400.0,,,,,,,,,,
2026-01-27,,,,,,430.8999938964844,437.5199890136719,430.6900024414063,437.4100036621094,37733100.0,,,,,,,,,,
2026-01-28,,,,,,431.4599914550781,438.260009765625,430.1000061035156,431.9100036621094,54857400.0,,,,,,,,,,
2026-01-29,,,,,,416.55999755859375,440.2300109863281,414.6199951171875,437.7999877929688,81686100.0,,,,,,,,,,
2026-01-30,,,,,,430.4100036621094,439.8800048828125,422.7000122070313,425.3500061035156,82626100.0,,,,,,,,,,
2026-02-02,,,,,,421.80999755859375,427.1499938964844,414.5,421.2900085449219,58739500.0,,,,,,,,,,
2026-02-03,,,,,,421.9599914550781,428.55999755859375,413.6900024414063,424.2699890136719,56886500.0,,,,,,,,,,
2026-02-04,,,,,,406.010009765625,423.8999938964844,399.1799926757813,420.4599914550781,74606900.0,,,,,,,,,,
2026-02-05,,,,,,397.2099914550781,402.1000061035156,387.5299987792969,397.0199890136719,72819800.0,,,,,,,,,,
2026-02-06,,,,,,411.1099853515625,414.5499877929688,397.75,400.8699951171875,62677100.0,,,,,,,,,,
2026-02-09,,,,,,417.3200073242188,421.25,407.2900085449219,409.9100036621094,54484300.0,,,,,,,,,,
2026-02-10,,,,,,425.2099914550781,427.25,417.0,418.0799865722656,64450200.0,,,,,,,,,,
2026-02-11,,,,,,428.2699890136719,436.3500061035156,420.0299987792969,427.9599914550781,57362000.0,,,,,,,,,,
2026-02-12,,,,,,417.0700073242188,436.2300109863281,414.0,430.2999877929688,61933400.0,,,,,,,,,,
2026-02-13,,,,,,417.4400024414063,424.05999755859375,410.8800048828125,414.30999755859375,51434100.0,,,,,,,,,,
2026-02-17,,,,,,410.6300048828125,413.7200012207031,400.510009765625,412.3599853515625,59678800.0,,,,,,,,,,
2026-02-18,,,,,,411.3200073242188,416.8999938964844,409.5799865722656,411.1099853515625,45921400.0,,,,,,,,,,
2026-02-19,,,,,,411.7099914550781,415.25,404.1099853515625,407.25,51019600.0,,,,,,,,,,
2026-02-20,,,,,,411.8200073242188,414.7000122070313,405.5,408.2999877929688,57912200.0,,,,,,,,,,
2026-02-23,,,,,,399.8299865722656,407.7000122070313,394.0400085449219,407.2900085449219,69680000.0,,,,,,,,,,
2026-02-24,,,,,,409.3800048828125,410.8200073242188,397.6400146484375,399.5,58579500.0,,,,,,,,,,
2026-02-25,,,,,,417.3999938964844,420.3399963378906,412.1499938964844,412.1499938964844,54809700.0,,,,,,,,,,
2026-02-26,,,,,,408.5799865722656,416.80999755859375,403.6600036621094,414.4200134277344,53602500.0,,,,,,,,,,
2026-02-27,,,,,,402.510009765625,407.1199951171875,398.1099853515625,402.9400024414063,56890100.0,,,,,,,,,,
2026-03-02,,,,,,403.3200073242188,404.5400085449219,388.25,390.6000061035156,55088300.0,,,,,,,,,,
2026-03-03,,,,,,392.4299926757813,396.3399963378906,385.3900146484375,395.0899963378906,62617300.0,,,,,,,,,,
2026-03-04,,,,,,405.9400024414063,408.3299865722656,394.5799865722656,397.8500061035156,68305500.0,,,,,,,,,,
2026-03-05,,,,,,405.5499877929688,408.6199951171875,399.4200134277344,401.5700073242188,51925900.0,,,,,,,,,,
2026-03-06,,,,,,396.7300109863281,402.3500061035156,394.2099914550781,398.0899963378906,64054600.0,,,,,,,,,,
2026-03-09,,,,,,398.6799926757813,401.5899963378906,381.3999938964844,390.0499877929688,67018900.0,,,,,,,,,,
2026-03-10,,,,,,399.239990234375,406.5899963378906,398.1900024414063,402.2200012207031,59258700.0,,,,,,,,,,
2026-03-11,,,,,,407.8200073242188,416.3800048828125,402.1499938964844,402.2799987792969,62559900.0,,,,,,,,,,
2026-03-12,,,,,,395.010009765625,406.5,394.6499938964844,405.1799926757813,60973800.0,,,,,,,,,,
2026-03-13,,,,,,391.2000122070313,400.2000122070313,389.9500122070313,399.1700134277344,58504100.0,,,,,,,,,,
2026-03-16,,,,,,395.55999755859375,403.7300109863281,394.4200134277344,396.2200012207031,58068300.0,,,,,,,,,,
2026-03-17,,,,,,399.2699890136719,400.1199951171875,393.0,395.6900024414063,46890500.0,,,,,,,,,,
2026-03-18,,,,,,392.7799987792969,403.0700073242188,392.30999755859375,399.0,50853100.0,,,,,,,,,,
2026-03-19,,,,,,380.2999877929688,387.2699890136719,378.7300109863281,387.2699890136719,67078300.0,,,,,,,,,,
2026-03-20,,,,,,367.9599914550781,379.8900146484375,364.4599914550781,379.8500061035156,78628600.0,,,,,,,,,,
2026-03-23,,,,,,380.8500061035156,385.3299865722656,372.7300109863281,373.0899963378906,74606000.0,,,,,,,,,,
2026-03-24,,,,,,383.0299987792969,387.4800109863281,376.30999755859375,376.55999755859375,60004900.0,,,,,,,,,,
2026-03-25,,,,,,385.9500122070313,396.2300109863281,385.010009765625,389.989990234375,55157300.0,,,,,,,,,,
2026-03-26,,,,,,372.1099853515625,384.4400024414063,371.8699951171875,381.6000061035156,55522900.0,,,,,,,,,,
2026-03-27,,,,,,361.8299865722656,369.8599853515625,359.4700012207031,369.6900024414063,62065700.0,,,,,,,,,,
2026-03-30,,,,,,355.2799987792969,367.2900085449219,352.1400146484375,365.8599853515625,67954400.0,,,,,,,,,,
2026-03-31,,,,,,371.75,373.3299865722656,361.0,361.510009765625,75534900.0,,,,,,,,,,
2026-04-01,,,,,,381.260009765625,383.1400146484375,374.0799865722656,378.6300048828125,58683800.0,,,,,,,,,,
2026-04-02,,,,,,,,,,,,,,,,360.5899963378906,370.2799987792969,359.0299987792969,364.20001220703125,83031200.0
