Date,Close,High,Low,Open,Volume
2018-01-02,40.30418014526367,40.31354106279126,39.60226127674198,39.81283907938488,102223600
2018-01-03,40.29715347290039,40.83997234023749,40.2339833574163,40.367346060248224,118071600
2018-01-04,40.48434066772461,40.58728934054545,40.26206707148543,40.36969263296612,89738400
2018-01-05,40.945255279541016,41.03182410540059,40.48900886331186,40.58025814655769,94640000
2018-01-08,40.793190002441406,41.0879946684583,40.69491821029147,40.793190002441406,82271200
2018-01-09,40.788509368896484,40.95930864188013,40.57325465921227,40.83998370927144,86336000
2018-01-10,40.77913284301758,40.781474856775525,40.47730939010454,40.514745908802524,95839600
2018-01-11,41.01077651977539,41.05991240789748,40.82593946856962,40.84933462041617,74670800
2018-01-12,41.43426513671875,41.49743882718429,41.09734354776063,41.22134891451,101672400
2018-01-16,41.22368240356445,41.97239490744549,41.211983045506045,41.62377403010491,118263600
2018-01-17,41.90455627441406,41.9396507884389,40.961645582745746,41.214333224012265,137547200
2018-01-18,41.94198989868164,42.13852989077325,41.7056785034929,41.967727066089836,124773600
2018-01-19,41.75480651855469,42.01685503172588,41.509134252385074,41.78990102651753,129700400
2018-01-22,41.41321563720703,41.59571426796285,41.319627877384015,41.48340824214639,108434400
2018-01-23,41.42255401611328,41.984091028334056,41.37108327088204,41.483389245269166,130756400
2018-01-24,40.76276397705078,41.48340102680674,40.52411058982438,41.47170166632772,204420400
2018-01-25,40.035099029541016,40.93355401821586,39.89939433279178,40.830605381361764,166116000
2018-01-26,40.128700256347656,40.24334828963391,39.78944018537663,40.24334828963391,156572000
2018-01-29,39.298095703125,39.81283544569889,39.089859933941504,39.81283544569889,202561600
2018-01-30,39.066463470458984,39.16005122173868,38.535343878079864,38.729541853621896,184192800
2018-01-31,39.1740837097168,39.41039864035675,38.95649061096402,39.04305944765361,129915600
2018-02-01,39.2559814453125,39.452517867378766,39.01732803557838,39.11325780235259,188923200
2018-02-02,37.55264663696289,39.026676471320826,37.45905891452289,38.83949745629807,346375200
2018-02-05,36.61443328857422,38.34349348511633,36.499785241985236,37.225102915236285,290954000
2018-02-06,38.14461135864258,38.30605327216174,36.03183581681367,36.226033801905984,272975200
2018-02-07,37.328041076660156,38.23117676302514,37.218077079981796,38.1586457232369,206434400
2018-02-08,36.300907135009766,37.669650523067176,36.27283151930214,37.50352813312676,217562000
2018-02-09,36.74491500854492,37.0926057952475,35.295416555680326,36.8999676132487,282690400
2018-02-12,38.22494888305664,38.50216084208162,37.00332640992512,37.23590527913192,243278000
2018-02-13,38.607879638671875,38.70420051241455,37.975925806374015,38.0464045819101,130196800
2018-02-14,39.31971740722656,39.35965455341573,38.264897831870655,38.302483414654375,162579600
2018-02-15,40.63998794555664,40.663478474461876,39.70262873406566,39.88821932662031,204588800
2018-02-16,40.5084342956543,41.06991289835843,40.35338530181675,40.49199128049389,160704400
2018-02-20,40.372196197509766,40.938367400285074,40.271175748953596,40.41918086871468,135722000
2018-02-21,40.18893814086914,40.90546216900995,40.17483951865487,40.6024081083395,149886400
2018-02-22,40.52489471435547,40.86553803994185,40.33930402017819,40.360446583179325,123967600
2018-02-23,41.22966766357422,41.26490526188542,40.76920939900944,40.79975104067896,135249600
2018-02-26,42.044864654541016,42.14353351551222,41.39646774614467,41.42935736646841,152648800
2018-02-27,41.908599853515625,42.399596100612726,41.85456768273009,42.075399491200336,155712400
2018-02-28,41.84516906738281,42.43248618806671,41.82872605204726,42.1129855310267,151128400
2018-03-01,41.112205505371094,42.23515574611324,40.562477446370096,41.943845113754676,195208000
2018-03-02,41.39645767211914,41.417600226175026,40.51313051032975,40.59535633347892,153816000
2018-03-05,41.5397834777832,41.75591583359671,40.99945079589911,41.161550958934406,113605600
2018-03-06,41.504512786865234,41.875697520435956,41.377653906005975,41.79582327749871,95154000
2018-03-07,41.1192512512207,41.3118930122191,40.94070811407803,41.09810869248664,126814000
2018-03-08,41.56795883178711,41.61024394557519,41.128646754391646,41.22496404180873,95096400
2018-03-09,42.282135009765625,42.286834550653744,41.67367530628129,41.807585336347394,128740800
2018-03-12,42.69090270996094,42.84830325175137,42.33616449649583,42.35495548786584,128828400
2018-03-13,42.27979278564453,43.10908442263921,42.108297159232286,42.89530009187744,126774000
2018-03-14,41.92034149169922,42.408989697640614,41.77233645097069,42.362005051524825,117473600
2018-03-15,41.96968460083008,42.34322105481381,41.83343016846324,41.934447003614444,90975200
2018-03-16,41.82167434692383,42.08009170333701,41.727701466201786,41.969675808925395,157618800
2018-03-19,41.182682037353516,41.692472927584866,40.79740210449804,41.65723533010099,133787200
2018-03-20,41.16858673095703,41.53507208120745,41.09810795174742,41.16858673095703,78597600
2018-03-21,40.235923767089844,41.133342496005184,40.2335722043143,41.12159543622554,148219600
2018-03-22,39.66740036010742,40.56716704796147,39.60866864715772,39.937564805796335,165963200
2018-03-23,38.748836517333984,39.91877126601318,38.748836517333984,39.55933346018585,164115200
2018-03-26,40.58831024169922,40.66583652732721,39.101222947632834,39.48415483536228,150164800
2018-03-27,39.54758834838867,41.14743975601389,39.213992623887194,40.802096971098365,163690400
2018-03-28,39.11061477661133,39.94225770104378,38.80756076548001,39.291509426115354,166674000
2018-03-29,39.41603469848633,40.348694771240936,39.20929788093871,39.42308221865727,153594000
2018-04-02,39.15760803222656,39.68854503990623,38.638421669404664,39.1482125349196,150347200
2018-04-03,39.5593376159668,39.64391143708724,38.73474554856729,39.38314245402419,121112000
2018-04-04,40.3158073425293,40.40977667305489,38.70890813152043,38.734750235119996,138422000
2018-04-05,40.595359802246094,40.93130347216911,40.42621218594805,40.54367560922729,107732800
2018-04-06,39.55698776245117,40.52018578459094,39.514699061545755,40.16544749918795,140021200
2018-04-09,39.949310302734375,40.66348632700051,39.902325651152246,39.90937316965461,116070800
2018-04-10,40.701080322265625,40.877275475175864,40.29700581814884,40.64234860462888,113634400
2018-04-11,40.51077651977539,40.85846716765119,40.33692940348831,40.4614403162688,89726400
2018-04-12,40.9101676940918,41.11220495899255,40.65174668618393,40.73867207140737,91557200
2018-04-13,41.048770904541016,41.30953987307731,40.84203769697408,41.06051796495608,100497200
2018-04-16,41.30482482910156,41.39174658354599,41.07224604527986,41.119230680528254,86313600
2018-04-17,41.87336349487305,42.03781157474124,41.44344692448237,41.462241502852926,106421600
2018-04-18,41.77939987182617,42.00963081941792,41.553872050744566,41.77235235146113,83018000
2018-04-19,40.595359802246094,41.20381947450477,40.56247018711588,40.82088756751069,139235200
2018-04-20,38.93207931518555,40.22417703818973,38.863948518722765,40.07852353288215,261964400
2018-04-23,38.81932067871094,39.21399613411533,38.549152603802106,39.1928535742972,146062000
2018-04-24,38.27898406982422,39.075386001140814,37.87490957405361,38.92033340945452,134768000
2018-04-25,38.445777893066406,38.861599424791336,38.15447089081557,38.20380352230031,113528400
2018-04-26,38.5797004699707,38.93443884137493,38.38001114694356,38.556206343249706,111852000
2018-04-27,38.133331298828125,38.605533017528785,37.736304314562105,38.52800672018398,142623200
2018-04-30,38.824005126953125,39.2938587686988,38.02055582973188,38.08868661521634,169709600
2018-05-01,39.726139068603516,39.74962960710038,38.82636863760575,39.094185152429375,214277600
2018-05-02,41.48103332519531,41.75824527216936,40.83028498306096,41.166228639278565,266157600
2018-05-03,41.55622100830078,41.699526566932896,40.98065079516202,41.31894611945424,136272800
2018-05-04,43.18661117553711,43.28528004044497,41.85692410066955,41.875718682275796,224805200
2018-05-07,43.49906539916992,44.08873062408348,43.40274451042906,43.503761356157284,169805600
2018-05-08,43.70814514160156,43.748082279576245,43.149018040556854,43.459123231465554,113611200
2018-05-09,44.015899658203125,44.02529515598114,43.51315628663752,43.82560946207637,92844800
2018-05-10,44.64550018310547,44.723026479302476,44.084025114920664,44.10517125730131,111957200
2018-05-11,44.4756965637207,44.82237098712518,44.206847378072545,44.687948193562164,104848800
2018-05-14,44.3719367980957,44.69738719101418,44.30354687419681,44.57475313594708,83115200
2018-05-15,43.96865463256836,44.117230403575014,43.65263963890767,44.04883689689626,94780800
2018-05-16,44.37900161743164,44.4450380927892,43.86488799085089,43.88139800932075,76732400
2018-05-17,44.09836196899414,44.55116036327544,43.949786202651836,44.33655172267472,69176000
2018-05-18,43.93800354003906,44.29175270097355,43.895555368017746,44.14553753264784,73190800
2018-05-21,44.249298095703125,44.63606364482012,44.07949823525937,44.336555057853765,73603200
2018-05-22,44.13846206665039,44.5440947186547,44.0488444625845,44.426178333735365,60962800
2018-05-23,44.42145538330078,44.45447182320738,43.808288815295995,43.94743286781569,80233600
2018-05-24,44.3719367980957,44.53466199455494,43.91442422063814,44.518155570933565,92936000
2018-05-25,44.47334289550781,44.72568208078346,44.25401655460162,44.39079998901704,69844000
2018-05-29,44.312992095947266,44.51345146247255,44.07008454273594,44.242245118137205,90056400
2018-05-30,44.2186393737793,44.33655574544271,44.048839510702216,44.270522865192966,74762000
2018-05-31,44.070064544677734,44.39079722646225,43.8979076459214,44.152607446031645,109931200
2018-06-01,44.86482238769531,44.86953645162613,44.277597561320896,44.33419871518947,93770000
2018-06-04,45.23979187011719,45.614765037577044,45.12659317019987,45.19498307680026,105064800
2018-06-05,45.58883285522461,45.73740865401023,45.36479244017438,45.532235292656786,86264000
2018-06-06,45.7468376159668,45.7704223312926,45.261022707842756,45.66429830937113,83734400
2018-06-07,45.624202728271484,45.79871665000415,45.360067616734455,45.784567261595775,85388800
2018-06-08,45.20914077758789,45.27989132749158,44.753985263930446,45.08414969878442,106627200
2018-06-11,45.098297119140625,45.27281465481039,44.85775029790672,45.12659949697931,73234000
2018-06-12,45.345916748046875,45.42374198027441,45.07942461331518,45.13602576362299,67644400
2018-06-13,44.973304748535156,45.48742201526099,44.91198952894419,45.37893736680692,86553600
2018-06-14,44.99689865112305,45.17849091346414,44.86011519623833,45.17377324991007,86440400
2018-06-15,44.534664154052734,44.8459651708129,44.39788070109959,44.81530575592877,246876800
2018-06-18,44.511077880859375,44.62427660179374,44.147893403349705,44.308261556652305,73939600
2018-06-19,43.79179382324219,43.94272667342258,43.26352704834932,43.662085061714585,134314000
2018-06-20,43.98279571533203,44.14787787498829,43.80120354044955,43.9474222520204,82514800
2018-06-21,43.737545013427734,44.4191015421544,43.614910971313066,44.15968406816612,102847600
2018-06-22,43.61020278930664,43.900276137993096,43.558319283229636,43.893201441575606,108801600
2018-06-25,42.96165466308594,43.61019477128706,42.62205490339157,43.25172795844052,126652400
2018-06-26,43.494625091552734,43.989875223254224,43.048901412430034,43.15502901102434,98276800
2018-06-27,43.43096160888672,44.166758662861064,43.400302198797014,43.683300788900816,101141200
2018-06-28,43.746978759765625,43.91442160952756,43.3460637711596,43.41681432174242,69460800
2018-06-29,43.65501022338867,44.14554288450888,43.136178777490194,43.93329120310292,90950800
2018-07-02,44.143165588378906,44.171467960995365,43.25643588103166,43.350771125550494,70925200
2018-07-03,43.37436294555664,44.32476872776422,43.284745340770385,44.28703462064132,55819200
2018-07-05,43.723392486572266,43.961585878435855,43.459260945558434,43.690376043945534,66416800
2018-07-06,44.32948684692383,44.43796790786526,43.67622905491156,43.72811255310879,69940800
2018-07-09,44.945011138916016,44.96859225753732,44.64314547179164,44.69031130755683,79026400
2018-07-10,44.890769958496094,45.11009271096756,44.8506752202268,44.97566990105466,63756400
2018-07-11,44.30824661254883,44.756327280740614,44.244570779145995,44.45446172771265,75326000
2018-07-12,45.051124572753906,45.14074215859507,44.64549200323947,44.69737548993469,72164400
2018-07-13,45.121891021728516,45.2421644568349,45.02048104432574,45.06293282046642,50055600
2018-07-16,45.022830963134766,45.43317764323029,44.907271620687844,45.16668908392699,60172400
2018-07-17,45.150169372558594,45.249218674028015,44.619545801351535,44.749254505128654,62138000
2018-07-18,44.902557373046875,45.23272540578134,44.79171568473517,45.22800774285761,65573600
2018-07-19,45.251590728759766,45.40959824469999,44.735116413293575,44.735116413293575,81147200
2018-07-20,45.1478271484375,45.38129929328812,44.84831851576083,45.228009428517055,82704800
2018-07-23,45.18791580200195,45.27045870835064,44.70445791879335,44.96858946147332,63957600
2018-07-24,45.515716552734375,45.67136701702628,45.29167618059886,45.386007832491124,74791600
2018-07-25,45.944942474365234,45.95201716965976,45.381298693402805,45.5298744916329,66839600
2018-07-26,45.80107879638672,46.213786098393896,45.65957771057542,45.89541045457952,76304000
2018-07-27,45.03934097290039,46.032198508380596,44.83181058429597,45.9850326745397,96096000
2018-07-30,44.786991119384766,45.32704644554842,44.5888925053046,45.25629591237076,84118000
2018-07-31,44.87660598754883,45.31289795197806,44.6525656268372,44.87896661776497,157492000
2018-08-01,47.52030563354492,47.58162086147488,46.53216569994232,46.96138309102007,271742800
2018-08-02,48.90935516357422,49.1428308876764,47.249094143303275,47.30333466964215,249616000
2018-08-03,49.050846099853516,49.2277206303756,48.45890370131914,48.824445117435765,133789600
2018-08-06,49.30556106567383,49.348009238803435,48.83389550544632,49.05321826366124,101701600
2018-08-07,48.843318939208984,49.40695904402814,48.76077604077673,49.364510878106664,102349600
2018-08-08,48.8763427734375,49.00840855209186,48.2325203032362,48.59334416224635,90102000
2018-08-09,49.260738372802734,49.472986375653505,48.86453754268723,49.41402819724811,93970400
2018-08-10,49.1140251159668,49.48558286476212,48.91049747261403,49.07379336928748,98444800
2018-08-13,49.43113327026367,49.92338610751572,49.154241726398546,49.535264164259196,103563600
2018-08-14,49.639404296875,49.831098200524664,49.28677981496923,49.73643570353363,82992000
2018-08-15,49.755367279052734,49.8736972019481,49.30334610691821,49.51397322522625,115230400
2018-08-16,50.48427963256836,50.60024064494456,50.04645747690956,50.11272194430814,114001600
2018-08-17,51.49245071411133,51.58001370324593,50.44641460805595,50.51267907731609,141708000
2018-08-20,50.990726470947266,51.87109768021594,50.90789408938502,51.615508252096106,121150800
2018-08-21,50.89132308959961,51.40014383914747,50.6522979855683,51.30784665925993,104639200
2018-08-22,50.89371109008789,51.203734974438845,50.60735102852676,50.6688849122958,76072400
2018-08-23,50.997833251953125,51.36702204650788,50.78720612628316,50.799036230072055,75532800
2018-08-24,51.15639114379883,51.33151711174363,50.90789759315165,51.26052204968089,73905600
2018-08-27,51.57765197753906,51.766980593315445,51.19662944732842,51.39068866042055,82100400
2018-08-28,51.994171142578125,52.192964560685056,51.80957673845841,51.83087525943924,91107200
2018-08-29,52.770408630371094,52.89110745651331,51.925534903087936,52.10066086863943,109019200
2018-08-30,53.25556182861328,54.019972076612355,52.63314531345547,52.83430761557534,195175200
2018-08-31,53.870880126953125,54.164336015200355,53.485123435107745,53.605818652582734,173360400
2018-09-04,54.04364013671875,54.23769932388201,53.634219632745676,54.05547385071295,109560400
2018-09-05,53.69101333618164,54.35366156833602,53.272128046000965,54.192734620702346,133332000
2018-09-06,52.79880905151367,53.80461332013757,52.372820639044484,53.539551857299855,137160000
2018-09-07,52.372833251953125,53.33603710572654,52.233204786532895,52.50299691088014,150479200
2018-09-10,51.66994094848633,52.50298455848554,51.229753521678255,52.28998854549572,158066000
2018-09-11,52.976314544677734,53.08281076636289,51.25106203103439,51.59421812808349,142996000
2018-09-12,52.318397521972656,53.24846904799571,52.02730329115404,53.23427003403245,197114800
2018-09-13,53.58214569091797,54.04126627646992,52.67337293396633,52.89819901966617,166825600
2018-09-14,52.973941802978516,53.68392137771475,52.66155266788886,53.42596299890154,127997200
2018-09-17,51.56344985961914,52.763313434962186,51.41908720503265,52.573984830581786,148780400
2018-09-18,51.64865493774414,52.50299727258675,51.38359340924579,51.54215509988807,126286800
2018-09-19,51.679412841796875,51.97523766891005,50.952868944201235,51.71017977938237,108495200
2018-09-20,52.07225799560547,52.60474257107298,51.86399620607935,52.12195814488498,106435200
2018-09-21,51.51137161254883,52.38701212784566,51.423805033219836,52.249749014031714,384986800
2018-09-24,52.252132415771484,52.363362846345964,51.26763007640745,51.31259603061541,110773600
2018-09-25,52.58345413208008,52.732550997350124,51.99416978895151,52.006003504013755,98217600
2018-09-26,52.16456604003906,52.95264380917307,52.008369665368996,52.30182919252401,95938800
2018-09-27,53.23664093017578,53.58926546229265,52.902949622381634,52.969217713082784,120724800
2018-09-28,53.4235954284668,53.44725924659931,53.016540200703474,53.198765683780366,91717600
2018-10-01,53.78331756591797,54.294503721470214,53.56795984146107,53.946613444314615,94403200
2018-10-02,54.26137161254883,54.43176699813006,53.634224437244896,53.78095239271763,99152800
2018-10-03,54.92165756225586,55.2529799345801,54.37970443970897,54.44360361549401,114619200
2018-10-04,53.95607376098633,54.98791072252861,53.65788007610717,54.616353071097365,128168000
2018-10-05,53.080448150634766,54.05548940832971,52.2024419311627,53.94899317401648,134322000
2018-10-08,52.957374572753906,53.201133924424155,52.112497192021806,52.588185792016155,118655600
2018-10-09,53.69101333618164,53.78567943285647,52.59764610036944,52.92660311263696,107564000
2018-10-10,51.2037239074707,53.56795704512589,51.13035993373505,53.35732992876048,167962400
2018-10-11,50.751705169677734,51.946838159353845,50.247622134232415,50.76827309287209,212497600
2018-10-12,52.564510345458984,52.74673940959206,51.3173121403392,52.16455469028346,161351600
2018-10-15,51.44038772583008,52.498257597389845,51.419089204933876,52.33969592325769,123164000
2018-10-16,52.5739860534668,52.77278307881881,51.29838956224378,51.81194102118885,116736000
2018-10-17,52.3467903137207,52.68994635769821,51.90896816755255,52.60948287919308,91541600
2018-10-18,51.12325668334961,52.003631525989235,50.40854299687499,51.55870989702403,130325200
2018-10-19,51.90186309814453,52.363349012038746,51.456941493394126,51.60603833139924,132314800
2018-10-22,52.218994140625,52.8603439191293,51.81430782182485,52.015466526416446,115168400
2018-10-23,52.71125030517578,52.83431444512656,50.81087189308462,51.07829869399411,155071200
2018-10-24,50.90317153930664,53.066242647781394,50.77300788610359,52.68048950792541,163702000
2018-10-25,52.01783752441406,52.3917605334903,51.2960242350942,51.52321928773726,119423200
2018-10-26,51.18952941894531,52.11013614750111,50.3304529551545,51.09486330644962,189033600
2018-10-29,50.228694915771484,51.9918103235721,48.7732344672493,51.8734803819594,183742000
2018-10-30,50.47954559326172,50.924463645690075,49.52580670807782,49.97072476050618,146640000
2018-10-31,51.795379638671875,52.17166796781139,51.265260226318844,51.32679410406147,153435600
2018-11-01,52.59055709838867,52.62368933605675,51.310226322888035,51.84034573672041,233292800
2018-11-02,49.1021842956543,50.562375125777734,48.61703088459364,49.59207191479913,365314800
2018-11-05,47.708251953125,48.3709001672699,46.89887580704983,48.349601650275304,264654800
2018-11-06,48.22417449951172,48.449000615453585,47.73192162049639,47.786352370196695,127531600
2018-11-07,49.686737060546875,49.712769789684685,48.30937854826853,48.74483182553473,133697600
2018-11-08,49.51337814331055,49.90047723917868,49.100151860589314,49.86722939737878,101450400
2018-11-09,48.558677673339844,48.924403878426105,48.03145938671116,48.81516253903021,137463200
2018-11-12,46.112579345703125,47.46149946228675,46.02233365648393,47.259635249162585,204542000
2018-11-13,45.6518669128418,46.82742019236441,45.46662838994701,45.5093776926308,187531600
2018-11-14,44.362327575683594,46.18621593379812,44.1557125614289,46.04847379887634,243204000
2018-11-15,45.45712661743164,45.59011799426368,44.386064076083116,44.73991897952376,185915200
2018-11-16,45.96057891845703,46.30255869558967,44.99401459922713,45.24099798063293,147713200
2018-11-19,44.13908004760742,45.28850964562058,43.93246870577776,45.122270426691934,167701200
2018-11-20,42.03020477294922,43.09651653057792,41.68110061533722,42.36030964576851,271300800
2018-11-21,41.98271942138672,42.81154577284252,41.92809872807263,42.6833014726776,124496800
2018-11-23,40.9163932800293,41.93995928124868,40.87127405903531,41.545732307356154,94496000
2018-11-26,41.46973419189453,41.548104874515914,40.434296833953724,41.37949212830179,179994000
2018-11-27,41.379493713378906,41.50536079593518,40.58154192418176,40.73115539333304,165549600
2018-11-28,42.970645904541016,43.05376369196034,41.54335510075574,41.97082991406699,184250000
2018-11-29,42.640541076660156,43.41236929244246,42.201191258179286,43.37912145271232,167080000
2018-11-30,42.41018295288086,42.82578279276526,42.042079512806076,42.81628133855752,158126000
2018-12-03,43.892093658447266,43.920590773009714,43.03477043251187,43.80659869101698,163210000
2018-12-04,41.961326599121094,43.314993644535846,41.86158309301077,42.97301383859059,165377200
2018-12-06,41.49348449707031,41.507733053331634,40.472295688010675,40.79052552365589,172393600
2018-12-07,40.013954162597656,41.43886790910072,39.96883131415951,41.20138228468355,169126400
2018-12-10,40.277557373046875,40.39392299254589,38.78852171429132,39.18512221335925,248104000
2018-12-11,40.04719924926758,40.79765101673973,39.6600965485078,40.766780351835095,189126800
2018-12-12,40.158817291259766,40.828524813618266,40.13981800799348,40.46754567904434,142510800
2018-12-13,40.59815979003906,40.98288889960045,40.2656814225094,40.48891845088322,127594400
2018-12-14,39.29912185668945,40.15407159200264,39.25162545444832,40.13507230635754,162814800
2018-12-17,38.933387756347656,39.98070006589324,38.64602860130792,39.2919896885735,177151600
2018-12-18,39.43922424316406,39.78595109238684,39.040246662989354,39.27535864543561,135366000
2018-12-19,38.20905303955078,39.76695779190644,37.78157829073558,39.42260444171222,196189200
2018-12-20,37.24488067626953,38.49880481202007,36.881527865554546,38.0927026933565,259092000
2018-12-21,35.796207427978516,37.56072751526206,35.53497541336422,37.251995476406,382978400
2018-12-24,34.870018005371094,35.990950549802086,34.81302014550831,35.18349717525792,148676800
2018-12-26,37.325618743896484,37.33986730293272,34.84389445485186,35.21912221236073,234330000
2018-12-27,37.08338165283203,37.23062521543055,35.639472134315575,37.00976168340444,212468400
2018-12-28,37.10237121582031,37.64621522429912,36.70339718009544,37.40397891761338,169165600
2018-12-31,37.460960388183594,37.84568570072735,37.161726368435524,37.64857232027545,140014000
2019-01-02,37.503726959228516,37.724590460067255,36.6274044817337,36.784145853458895,148158800
2019-01-03,33.76807403564453,34.60639781423897,33.72295119720163,34.19317161474013,365248800
2019-01-04,35.20960235595703,35.27847518696242,34.150418952054864,34.3237823692983,234428400
2019-01-07,35.13123321533203,35.34497236963013,34.649137872444925,35.31409809069179,219111200
2019-01-08,35.80097198486328,36.05508344249482,35.27137984842553,35.518363400672875,164101200
2019-01-09,36.40891647338867,36.69864919303754,35.534971211573676,35.929194550467045,180396400
2019-01-10,36.525291442871094,36.56566356603284,35.827083095118475,36.216559392156526,143122800
2019-01-11,36.166683197021484,36.50153878834281,35.98144470474648,36.30680246578782,108092800
2019-01-14,35.62283706665039,35.924444768462564,35.437598603803195,35.82470125952503,129756800
2019-01-15,36.35192108154297,36.42791458616587,35.634713583499995,35.68696070331559,114843600
2019-01-16,36.79601287841797,37.01924988238542,36.33529031682422,36.354289596283365,122278800
2019-01-17,37.014503479003906,37.4419782573986,36.39703950757352,36.62027653760977,119284800
2019-01-18,37.24249267578125,37.49422682619904,37.043002022319946,37.4039811406747,135004000
2019-01-22,36.40654373168945,37.22111761208294,36.24505163700586,37.14512410332922,121576000
2019-01-23,36.55378341674805,36.84351614102213,36.02656509052752,36.60840409054777,92522400
2019-01-24,36.26405715942383,36.68678131637326,36.03607297019486,36.59891278758119,101766000
2019-01-25,37.46574020385742,37.55361237108464,36.64879249483002,36.92427313422877,134142000
2019-01-28,37.11900329589844,37.1261275746307,36.49204140125868,36.997883309964045,104768400
2019-01-29,36.73427200317383,37.55360024747364,36.59890709133916,37.107126146086244,166348800
2019-01-30,39.24449157714844,39.45822714683114,38.052312966631995,38.76952042341593,244439200
2019-01-31,39.5271110534668,40.13507372055917,39.08063688443312,39.448740356323015,162958400
2019-02-01,39.54609680175781,40.130309255024635,39.405977566123646,39.65059102884413,130672400
2019-02-04,40.66940689086914,40.76677685151774,39.72658881786463,39.757463103861134,125982000
2019-02-05,41.365238189697266,41.578977394234336,40.93064275033117,41.05175909628241,144406400
2019-02-06,41.379493713378906,41.695350007409324,41.04938886264292,41.476860058781234,112958400
2019-02-07,40.595787048339844,41.30824381331951,40.45329424584691,40.94251397800082,126966800
2019-02-08,40.64348220825195,40.70310822980999,40.16885776650786,40.3048068425163,95280000
2019-02-11,40.40974807739258,40.834288725227694,40.36681908607748,40.796127195647315,83973600
2019-02-12,40.75797653198242,40.78421213565277,40.474155993899046,40.56955984328428,89134000
2019-02-13,40.588623046875,41.1371831649396,40.52661329551529,40.877214588225634,89960800
2019-02-14,40.736515045166016,40.846224930971815,40.397839543176595,40.47654636001206,87342800
2019-02-15,40.64588165283203,40.951166710090945,40.486084289992206,40.84384055765046,98507200
2019-02-19,40.76750946044922,40.889148896685995,40.42406656800364,40.476537768089266,75891200
2019-02-20,41.02985382080078,41.337526101224576,40.78181119563406,40.829511280556524,104457600
2019-02-21,40.798519134521484,41.1109589873407,40.617257291473365,40.97501351487574,68998800
2019-02-22,41.25406265258789,41.26121748586465,40.874841931781916,40.922542033388446,75652800
2019-02-25,41.5545768737793,41.94572353268566,41.487796003181955,41.53788347577221,87493600
2019-02-26,41.578426361083984,41.80977566356522,41.30176069059117,41.43055496170665,68280800
2019-02-27,41.70722198486328,41.73822869074752,41.19682321958781,41.311307838567444,111341600
2019-02-28,41.2969856262207,41.71675519338844,41.24213069934181,41.57603864043286,112861600
2019-03-01,41.7310676574707,41.773996653747055,41.234978633444705,41.56649922650965,103544800
2019-03-04,41.940956115722656,42.394112543739396,41.4925671504077,41.90279457840128,109744800
2019-03-05,41.864620208740234,41.97671741570895,41.62849986313485,41.96240775342075,78949600
2019-03-06,41.623741149902344,41.855090443606244,41.485408319904245,41.65951531314144,83241600
2019-03-07,41.1419677734375,41.60466642807359,41.0274867951546,41.468717309443846,99185600
2019-03-08,41.239742279052734,41.27790380614396,40.42644247442823,40.622017571308106,95997600
2019-03-11,42.66837692260742,42.720848109464065,41.82169038046762,41.85508080489609,128044000
2019-03-12,43.14777755737305,43.567543462773116,42.780479205774704,42.93073795318164,129870400
2019-03-13,43.338592529296875,43.71781327039466,43.1501722048348,43.46738317445445,124130000
2019-03-14,43.820350646972656,43.90859962533956,43.54130132888782,43.860895901126874,94318000
2019-03-15,44.3903923034668,44.678983933208535,43.822754887497275,44.08749464595025,156171600
2019-03-18,44.84354782104492,44.93179318512388,44.31168098754593,44.3140683580027,104879200
2019-03-19,44.48817825317383,45.07490005613711,44.34269057791804,44.92225754761337,126585600
2019-03-20,44.876922607421875,45.19413342841629,44.0588518292188,44.416607901715565,124140800
2019-03-21,46.52976989746094,46.825516329115906,45.2704683808724,45.320555849510406,204136800
2019-03-22,45.56621170043945,47.14987887158073,45.50181457067001,46.58939274805469,169630800
2019-03-25,45.0152702331543,45.78802127537282,44.50487154702467,45.67592404455743,175381200
2019-03-26,44.55017852783203,46.00267123954299,44.023086513229856,45.71169595103682,199202000
2019-03-27,44.95088195800781,45.25855074113513,44.49295438071244,45.01766283557475,119393600
2019-03-28,45.010501861572266,45.210844466944145,44.72668135098658,45.065356795101245,83121600
2019-03-29,45.30385208129883,45.3348587781949,44.96756043418868,45.27523275449241,94256000
2019-04-01,45.61153030395508,45.71646906225277,44.92940835895731,45.70693049851085,111448000
2019-04-02,46.27457046508789,46.37951286036313,45.56621293626409,45.575751499796354,91062800
2019-04-03,46.59178161621094,46.86605990037226,46.06706963719681,46.09092150507348,93087200
2019-04-04,46.67288589477539,46.835066998409054,46.06469947757885,46.45822993849623,76457200
2019-04-05,46.985313415527344,47.009165284142306,46.7301122506272,46.85413541671345,74106400
2019-04-08,47.72467803955078,47.755681101848495,46.82790017839874,46.84698094558115,103526800
2019-04-09,47.581573486328125,48.380563770007704,47.51717635283578,47.77714861794036,143072800
2019-04-10,47.84868621826172,47.87730918188847,47.26673569472371,47.38598773186565,86781200
2019-04-11,47.45038604736328,47.93932013983018,47.32875027655352,47.903545983498915,83603200
2019-04-12,47.43132019042969,47.734221486599644,46.79690190331519,47.51002699837706,111042800
2019-04-15,47.51717758178711,47.66505261953051,47.22620224726255,47.362151350453125,70146400
2019-04-16,47.521949768066406,48.027577378944855,47.35738132962048,47.57203723861774,102785600
2019-04-17,48.44734573364258,48.50697176693292,47.369306032753535,47.59111312973718,115627200
2019-04-18,48.62145233154297,48.69061692830525,48.30185766916621,48.44495796431432,96783200
2019-04-22,48.781246185302734,48.879033745551126,48.25892159292873,48.37578991902685,77758000
2019-04-23,49.48482894897461,49.54922607406308,48.630983846339284,48.757390726408396,93292000
2019-04-24,49.40851593017578,49.72333948607253,49.38228033057737,49.45621602782266,70162400
2019-04-25,48.96012496948242,49.55161416212724,48.92196343723849,49.32980707961694,74172800
2019-04-26,48.72639083862305,48.89334298926619,48.20644998172418,48.86949112233834,74596400
2019-04-29,48.800331115722656,49.12469688428121,48.62145301481061,48.750243646182206,88818800
2019-04-30,47.86061477661133,48.51172991614274,47.48854898259337,48.430639399863665,186139600
2019-05-01,50.20988082885742,51.352313790983374,49.90220852221569,50.05723836052837,259309200
2019-05-02,49.88313293457031,50.717897315952065,49.63986136370917,50.047701352042424,127985200
2019-05-03,50.50324630737305,50.52471080427624,50.140719033888494,50.29813262307989,83569600
2019-05-06,49.72334289550781,49.80920453287324,48.53559327802315,48.72400995039716,129772400
2019-05-07,48.38295364379883,49.47053202213597,47.89879049413808,49.103237220053025,155054800
2019-05-08,48.39248275756836,48.97443337179271,48.11820448511399,48.15397864611798,105358000
2019-05-09,47.8725471496582,48.10150906634315,46.90422100692585,47.79622408457386,139634400
2019-05-10,47.209346771240234,47.60918573031847,46.1534958760035,47.26680951074046,164834800
2019-05-13,44.465572357177734,45.36580015551606,43.778430559260165,44.942024719152,229722400
2019-05-14,45.16947555541992,45.41847349035006,44.39135198547642,44.63077462238211,146118800
2019-05-15,45.71055221557617,45.90927336789819,44.537383197089945,44.597238833814714,106178800
2019-05-16,45.50944900512695,46.08166888253502,45.21256366098968,45.46874760084426,132125600
2019-05-17,45.25088119506836,45.705782772217404,44.71457313979075,44.75527455220516,131516400
2019-05-20,43.83587646484375,44.13755123427518,43.16309964301399,43.93883006731114,154449200
2019-05-21,44.67625427246094,45.011444418513406,44.221349184762765,44.345849947567366,113459200
2019-05-22,43.76167678833008,44.46318713451809,43.70661059531946,44.21179259198245,118994400
2019-05-23,43.01467514038086,43.22536459286169,42.57174176662835,43.04819416600052,146118800
2019-05-24,42.849464416503906,43.608433644945144,42.76566504244201,43.143953201217286,94858800
2019-05-28,42.67228698730469,43.237324443115924,42.595673658588964,42.83748915813703,111792800
2019-05-29,42.468788146972656,42.94045102998245,42.13838374175984,42.238940810020374,113924800
2019-05-30,42.68906021118164,42.91172152723815,42.29880011361617,42.60526082042716,84873600
2019-05-31,41.91572189331055,42.61483553961218,41.896567644374954,42.193449369628034,108174400
2019-06-03,41.491943359375,42.5980747635717,40.76649306788243,42.042616150312135,161584400
2019-06-04,43.00986862182617,43.05535949284863,41.78402628112911,42.004294598391965,123872000
2019-06-05,43.704200744628906,44.290789049992995,43.36901055867717,44.12079739285381,119093600
2019-06-06,44.34585189819336,44.405707544999764,43.6108228018273,43.83348770766248,90105200
2019-06-07,45.526206970214844,45.94998600483363,44.477538442467015,44.65470883240894,122737600
2019-06-10,46.10800552368164,46.77599298149099,45.87815821635535,45.92364909565006,104883600
2019-06-11,46.64191436767578,46.92682783549049,46.35221507841626,46.65388622788541,107731600
2019-06-12,46.49346923828125,46.91964111865078,46.30193045250542,46.436006506558954,73012800
2019-06-13,46.48390579223633,47.11598143878726,46.35222625806714,46.61558897970521,86698400
2019-06-14,46.14631652832031,46.34982356084615,45.56212475815353,45.86140302948494,75046000
2019-06-17,46.42164611816406,46.67783004464345,46.009838968534694,46.18461643739985,58676400
2019-06-18,47.51341247558594,47.95394916644094,46.73768561849317,46.93879971823583,106204000
2019-06-19,47.37454605102539,47.85578778829949,47.240469987030195,47.80790034833085,84496800
2019-06-20,47.75523376464844,48.03056829541135,47.41285754434342,47.97310555578911,86056000
2019-06-21,47.59243392944336,48.08804056701421,47.44159649134794,47.59722340535266,191202400
2019-06-24,47.54454803466797,47.92283624223558,47.44638387600242,47.53496908327158,72881600
2019-06-25,46.823883056640625,47.707349446417524,46.75684136270738,47.50862823550264,84281200
2019-06-26,47.836631774902344,48.12154522701095,47.250047189954486,47.35060423423424,104270000
2019-06-27,47.82227325439453,48.26041706742118,47.78157184924549,47.953952766753574,83598800
2019-06-28,47.38652801513672,47.76481622109825,47.178231489393795,47.568487904600694,124442400
2019-07-01,48.2556266784668,48.95952972038265,48.04014414238902,48.64349012878817,109012000
2019-07-02,48.538143157958984,48.633914390891135,48.210135361751455,48.22210722253035,67740800
2019-07-03,48.94037628173828,48.94755866772957,48.528569102842056,48.6698275650695,45448000
2019-07-05,48.897274017333984,49.100784678008225,48.578841537594826,48.68658462459811,69062000
2019-07-08,47.88931655883789,48.21971731146836,47.503845969686104,48.07845883336478,101354400
2019-07-09,48.1814079284668,48.2460494035654,47.599609079485354,47.69298375237137,82312000
2019-07-10,48.65784454345703,48.77755582025273,48.258009317355175,48.3274439037437,71588400
2019-07-11,48.303504943847656,48.9355804014419,48.29392964821228,48.67700357970353,80767200
2019-07-12,48.67460632324219,48.84220138163717,48.41124005055131,48.471095689499386,70380800
2019-07-15,49.131900787353516,49.28991688643172,48.84219790799711,48.86374505969441,67789600
2019-07-16,48.96192932128906,49.34739991342239,48.72250668402115,48.98347648185129,67467200
2019-07-17,48.68658447265625,49.10317743545347,48.667430227322086,48.85417955270678,56430000
2019-07-18,49.23965835571289,49.292331625927645,48.77038839924491,48.84221591801951,74162400
2019-07-19,48.50461959838867,49.44076276284486,48.44955342792026,49.27077112361806,83717200
2019-07-22,49.61315155029297,49.615544461109494,48.74883581666229,48.75841111322735,89111600
2019-07-23,50.001014709472656,50.017776044989866,49.62990895028045,49.91003660607573,73420800
2019-07-24,49.9603157043457,50.07523753448428,49.60118178852593,49.720893093799184,59966400
2019-07-25,49.565277099609375,50.09679566493992,49.495842486559184,50.01299627768614,55638400
2019-07-26,49.7376594543457,50.21410815935007,49.59400441218691,49.6754072312038,70475600
2019-07-29,50.20213317871094,50.43198050122844,49.905251468195765,49.91004094351676,86693600
2019-07-30,49.986656188964844,50.31706058603145,49.634704632080684,49.981866713461145,135742800
2019-07-31,51.006587982177734,53.00097863500099,50.58999500539061,51.81583752155325,277125600
2019-08-01,49.90284729003906,52.201305551333476,49.49822619298105,51.21248911312201,216071600
2019-08-02,48.847007751464844,49.424013533999364,48.27478779132679,49.20853462057314,163448400
2019-08-05,46.28995895385742,47.56129222006281,46.10799911526764,47.40327609986838,209572000
2019-08-06,47.1662483215332,47.42243223605077,46.45755587635723,47.001046156589894,143299200
2019-08-07,47.65467834472656,47.77917913440648,46.404895585633525,46.78557668796127,133457600
2019-08-08,48.705745697021484,48.72968942224073,47.738479842936414,47.93241159599385,108038000
2019-08-09,48.304386138916016,48.729771632927324,47.89581833034356,48.378888558753715,98478800
2019-08-12,48.18181610107422,48.559139553712626,47.862173717775995,47.97513018657987,89927600
2019-08-13,50.22222900390625,50.98408177249858,48.18180694508748,48.31158840964559,188874000
2019-08-14,48.72737503051758,49.6142018262065,48.688920981443054,48.82591215607856,146189600
2019-08-15,48.484642028808594,49.30177042418164,47.98715238184237,48.89801389955404,108909600
2019-08-16,49.62861633300781,49.787236519570556,48.98933158147647,49.0950783725183,110481600
2019-08-19,50.553890228271484,51.12587848929439,50.47698214806522,50.61877729536903,97654400
2019-08-20,50.556297302246094,51.274892121646914,50.54668562484565,50.68127111152873,107537200
2019-08-21,51.104251861572266,51.34698612513652,50.85430792354824,51.18836961984207,86141600
2019-08-22,51.06100082397461,51.536857739537524,50.65003098745678,51.236442371877644,89014800
2019-08-23,48.7009391784668,50.96246709693238,48.30679433653748,50.33279395070405,187272000
2019-08-26,49.6262092590332,49.794441106144575,49.28253222326784,49.47479876304336,104174400
2019-08-27,49.06624221801758,50.1213008461803,48.91483169869876,49.955470975912974,103493200
2019-08-28,49.39549255371094,49.441156273048314,48.864360275642376,49.05181915815829,63755200
2019-08-29,50.23185729980469,50.30636340005424,49.66707854342665,50.10928913577256,83962000
2019-08-30,50.166961669921875,50.57792781692434,49.79684790345952,50.508233068974185,84573600
2019-09-03,49.436344146728516,49.743969139920104,49.08065343594684,49.61178566616297,80092000
2019-09-04,50.27510070800781,50.344795442434986,49.825680603113376,50.082834187024794,76752400
2019-09-05,51.25807189941406,51.42390177073253,50.83268270783798,50.950446853296846,95654800
2019-09-06,51.253265380859375,51.53205173117485,51.07301615444194,51.44312995297315,77449200
2019-09-09,51.471961975097656,52.0175172563899,50.72693413624486,51.63298415640306,109237600
2019-09-10,52.08000946044922,52.0992364848002,50.88075361239367,51.39746659829906,127111600
2019-09-11,53.735897064208984,53.764739433347756,52.32754966606249,52.40926543357923,177158400
2019-09-12,53.61573028564453,54.4160372602079,53.56045488514693,54.02670011962347,128906800
2019-09-13,52.57268524169922,53.062961469937115,52.156911432083696,52.8731005859375,159053200
2019-09-16,52.84906768798828,52.90434675357643,52.28669102458082,52.32754707272448,84632400
2019-09-17,53.04133605957031,53.07017842826459,52.661610598516674,52.86349251065767,73274800
2019-09-18,53.538822174072266,53.55804919622197,52.73851525459077,53.12785236837871,101360000
2019-09-19,53.103824615478516,53.77675209631372,52.96202577677849,53.35617058720185,88242400
2019-09-20,52.32754898071289,53.48835439269536,52.26506390489358,53.20476404800031,221652400
2019-09-23,52.56548309326172,52.83465410674232,52.3083257615272,52.620758497705765,76662000
2019-09-24,52.31552505493164,53.47152631609086,52.197764593494576,53.12063959985759,124763200
2019-09-25,53.12063980102539,53.2335962580172,52.1857474445808,52.52461681555622,87613600
2019-09-26,52.8466682434082,53.09901788679732,52.591916597251874,52.87310494256668,75334000
2019-09-27,52.589500427246094,53.10381125372127,52.21938673873344,53.00286848981505,101408000
2019-09-30,53.827213287353516,53.97381610371218,53.06295484016568,53.089391533842786,103909600
2019-10-01,53.976234436035156,54.84864192414011,53.882504978673644,54.091596589080204,139223200
2019-10-02,52.6231575012207,53.73349145834526,52.37561187967944,53.60851764627017,138449200
2019-10-03,53.070186614990234,53.103832994340806,51.70269507713419,52.49578882856634,114426000
2019-10-04,54.557830810546875,54.6731929479549,53.80799525329293,54.22857675291312,138478800
2019-10-07,54.569847106933594,55.25959957952468,54.27664143090137,54.3799862186076,122306000
2019-10-08,53.930564880371094,54.81018194958028,53.91374352685756,54.271839962271294,111820000
2019-10-09,54.5626335144043,54.74528471456468,54.22857181467111,54.5626335144043,74770400
2019-10-10,55.298057556152344,55.38217532730824,54.627532058419334,54.77893891244817,113013600
2019-10-11,56.768898010253906,57.11257146209531,55.83159977697895,55.985412312624774,166795600
2019-10-14,56.687171936035156,57.230325218831695,56.3987739424967,56.45404933835654,96427600
2019-10-15,56.554996490478516,57.11496750151027,56.449249695667106,56.812150134970125,87360000
2019-10-16,56.3266716003418,56.53576316392705,56.04548329122299,56.08633933608511,73903200
2019-10-17,56.54537582397461,56.754463724015515,56.12239235171388,56.49971210622329,67585200
2019-10-18,56.81695556640625,57.09814389578318,56.307448635792866,56.37954905370019,97433600
2019-10-21,57.80230712890625,57.917669247282575,57.03565034507903,57.083716060812975,87247200
2019-10-22,57.67013168334961,58.20847360771811,57.588415926532825,57.9585296667155,82293600
2019-10-23,58.44399642944336,58.45841944527722,57.97294725988833,58.18444081930115,75828800
2019-10-24,58.54013442993164,58.833340091019444,58.1147452876683,58.763641679499884,69275200
2019-10-25,59.26113510131836,59.297183477090634,58.37190638286585,58.43919912909384,73477200
2019-10-28,59.85474395751953,59.90280967116192,59.29476940899745,59.46300124033525,96572800
2019-10-29,58.47043991088867,60.02298808307294,58.29740403976976,59.835529194446124,142839600
2019-10-30,58.463226318359375,58.953506199746954,57.970548101650635,58.82372472112932,124522000
2019-10-31,59.78506088256836,59.88359800446322,57.0212394670206,59.41975843149152,139162000
2019-11-01,61.48180389404297,61.50823692360431,59.88119007430968,59.972513844449246,151125200
2019-11-04,61.885562896728516,61.969680662683295,61.37605963006652,61.84470318148446,103272000
2019-11-05,61.79664611816406,62.051397772076996,61.6019775398789,61.77741542672168,79897600
2019-11-06,61.82306671142578,61.883149774964124,61.37364656965626,61.71011025859934,75864400
2019-11-07,62.536582946777344,62.75835567028647,62.218390178586034,62.370255243239974,94940400
2019-11-08,62.7077522277832,62.7800654404132,61.91468299950218,62.35822120185219,69986400
2019-11-11,63.204307556152344,63.26938943205793,62.25937344945544,62.26419187702616,81821200
2019-11-12,63.146461486816406,63.346540292385484,62.89577079131736,63.04762853024531,87388800
2019-11-13,63.751502990722656,63.82622908514769,62.93192148786903,62.946384128313966,102734400
2019-11-14,63.31037139892578,63.850329538427395,63.18020029158952,63.57793757671805,89182800
2019-11-15,64.06246185302734,64.06728028085237,63.39956388635737,63.5610658168469,100206400
2019-11-18,64.38548278808594,64.46502731928551,63.69365943729218,64.07210837908097,86703200
2019-11-19,64.19022369384766,64.60242366565966,63.97327672744023,64.5783168124191,76167200
2019-11-20,63.442962646484375,64.13960443972219,62.77042035286797,64.0094406588,106234400
2019-11-21,63.15851593017578,63.64062358695327,62.95843713304087,63.5634845963379,121395200
2019-11-22,63.10307312011719,63.44054702045154,62.87648192495427,63.29832613946704,65325200
2019-11-25,64.20951080322266,64.22638633771652,63.281452038993585,63.327252857545794,84020400
2019-11-26,63.708126068115234,64.39994946222428,63.27663760333847,64.34691731931105,105207600
2019-11-27,64.56385040283203,64.59760146667433,63.95398456897874,64.01906644818817,65235600
2019-11-29,64.421630859375,64.60242121725912,64.09620674390789,64.2649473538178,46617600
2019-12-02,63.67679214477539,64.66270160521697,63.50564595427411,64.4264661607481,94487200
2019-12-03,62.541404724121094,62.560685789271204,61.7796739140875,62.26659989018467,114430400
2019-12-04,63.09342575073242,63.4718820212091,62.837909284948175,62.93192380768448,67181600
2019-12-05,64.0190658569336,64.09379930384016,63.332068402488204,63.58758484552913,74424400
2019-12-06,65.25567626953125,65.32558393574297,64.43368187672564,64.4770771543204,106075600
2019-12-09,64.34208679199219,65.27736940401036,63.85756627540826,65.08452929679349,128042400
2019-12-10,64.7181396484375,65.10141438333517,64.08657238840084,64.74706493312719,90420400
2019-12-11,65.27013397216797,65.34968584475796,64.72294450121728,64.7976705897848,78756800
2019-12-12,65.43647766113281,65.70163837389192,64.43851852305019,64.54940123697496,137310400
2019-12-13,66.32595825195312,66.3621148543044,65.3087108196568,65.43646905221725,133587600
2019-12-16,67.46129608154297,67.68548165037699,66.76706749035561,66.77188591685557,128186000
2019-12-17,67.59391021728516,67.9217399186146,67.20580969773938,67.39142586827938,114158400
2019-12-18,67.43238067626953,67.95305771312601,67.28292851276375,67.44684331426187,116028400
2019-12-19,67.49988555908203,67.77950886281938,67.24196357196422,67.3745402255633,98369200
2019-12-20,67.3600845336914,68.13386528761846,67.14795598094871,68.0326267960508,275978000
2019-12-23,68.45927429199219,68.51953773767175,67.58424788370439,67.62281737170464,98572000
2019-12-24,68.52437591552734,68.67383548324801,68.19895910016623,68.62562177025686,48478800
2019-12-26,69.88391876220703,69.9007942963268,68.62803033131719,68.65695561473434,93121200
2019-12-27,69.8573989868164,70.86259672343512,69.45243030638008,70.17559181703608,146266000
2019-12-30,70.27203369140625,70.55407000490683,68.753396990229,69.77546322180828,144114400
2019-12-31,70.78543853759766,70.79266985648837,69.7898852841712,69.88871821326251,100805600
2020-01-02,72.4005126953125,72.46077614730521,71.15667416341765,71.40977771923563,135480400
2020-01-03,71.6966323852539,72.45595040957373,71.47245410922795,71.6291376132339,146322800
2020-01-06,72.2679443359375,72.30651383633005,70.56851756430221,70.81921563866376,118387200
2020-01-07,71.92804718017578,72.53308721808551,71.70868733859578,72.27757077764687,108872000
2020-01-08,73.0850830078125,73.3864001786431,71.63152926998076,71.63152926998076,132079200
2020-01-09,74.63749694824219,74.83033706552648,73.81068409472688,74.06137477592067,170108400
2020-01-10,74.80622863769531,75.37030104945943,74.30483992947904,74.87131787710281,140644800
2020-01-13,76.40443420410156,76.43095395568463,75.00391177805751,75.12203317921409,121532000
2020-01-14,75.37271118164062,76.5514679630278,75.24977872842311,76.34175230410106,161954400
2020-01-15,75.04969024658203,76.05247495120804,74.61820187883205,75.17263004032235,121923600
2020-01-16,75.98981475830078,76.1007048279931,75.23049658770428,75.5920773695483,108829200
2020-01-17,76.83108520507812,76.83349074089385,75.93195182564011,76.23808752279956,137816400
2020-01-21,76.3104019165039,76.90097930249982,76.17299948734095,76.45985409290795,110843200
2020-01-22,76.58280944824219,77.13481745633268,76.48879491769239,76.79493065234263,101832400
2020-01-23,76.95160675048828,77.03115126719418,76.0886300322076,76.63582686293465,104472000
2020-01-24,76.72985076904297,77.93993845348767,76.53941616685312,77.19749582877215,146537600
2020-01-27,74.47356414794922,75.15333017904537,73.49247355216795,74.74113029786567,161940000
2020-01-28,76.58037567138672,76.75152179476333,75.25457988632637,75.35341281852345,162234000
2020-01-29,78.18341064453125,79.02951207503841,77.46989325521864,78.20993039532226,216229200
2020-01-30,78.07009887695312,78.12313101118072,76.8359045055242,77.26739289963146,126743200
2020-01-31,74.60855865478516,77.78323285410741,74.31447274556798,77.36138873428479,199588400
2020-02-03,74.4036636352539,75.5679502030693,72.85127664058147,73.35266528651083,173788400
2020-02-04,76.86000061035156,77.05043515977154,75.60169956180454,76.00666815397705,136616400
2020-02-05,77.48677062988281,78.28465836318001,76.88413594573808,77.98574655750554,118826800
2020-02-06,78.39312744140625,78.39554033416145,77.19991519206019,77.75674904636442,105425600
2020-02-07,77.32754516601562,78.141823360646,76.83704482888538,77.89294895065062,117684000
2020-02-10,77.69480895996094,77.69480895996094,75.83429386411699,75.91402717049185,109348800
2020-02-11,77.22605895996094,78.26263625107545,77.0085971005104,78.19015142253798,94323200
2020-02-12,79.05999755859375,79.06482742202022,77.67547849475221,77.67547849475221,113730400
2020-02-13,78.49700927734375,78.82320573508036,78.12974054369347,78.3327054260137,94747600
2020-02-14,78.51636505126953,78.76523951540129,78.0089490191431,78.4656182863691,80113600
2020-02-18,77.07865905761719,77.25987847546425,76.01791785904396,76.19913727689102,152531200
2020-02-19,78.1949691772461,78.42451672179727,77.32028463710277,77.32028463710277,93984000
2020-02-20,77.39277648925781,78.44385067885128,76.88777921917897,77.95576899229526,100566000
2020-02-21,75.64099884033203,77.42903672549149,75.02485563249914,76.98685711850104,129554000
2020-02-24,72.04800415039062,73.49775945094957,69.88545691802558,71.82571246698684,222195200
2020-02-25,69.60759735107422,73.09909512359589,69.13643119372864,72.71732938397975,230673600
2020-02-26,70.71183013916016,71.97553646481957,69.22583207719232,69.23308056046676,198054800
2020-02-27,66.08953857421875,69.10503360425979,65.95422860881692,67.9210677200737,320605600
2020-02-28,66.05085754394531,67.27107285671417,61.94563554811998,62.1606861550344,426510000
2020-03-02,72.20024871826172,72.83572613943491,67.10435837488609,68.20617210459764,341397200
2020-03-03,69.90721893310547,73.45428597286327,69.05669090258408,73.37455265692115,319475600
2020-03-04,73.14981842041016,73.3092923901448,70.82779719372856,71.6275782870545,219178400
2020-03-05,70.77706909179688,72.37904277817594,70.41221158595323,71.40529059680607,187572800
2020-03-06,69.83714294433594,70.26965542799252,67.95246362121284,68.13851293457299,226176800
2020-03-09,64.3135757446289,67.19375264320037,63.54761831737935,63.72883776125021,286744800
2020-03-10,68.9455337524414,69.21132371848606,65.0867678159455,66.96420578722295,285290000
2020-03-11,66.551025390625,67.9500415324096,65.68841908631278,67.02461750309321,255598800
2020-03-12,59.97880172729492,65.23899909398826,59.92322879744106,61.8417392125565,418474000
2020-03-13,67.16474914550781,67.63592258199654,61.11926832671573,64.00428573904365,370732000
2020-03-16,58.52421951293945,62.60044418179931,57.99022457275424,58.46139441002403,322423600
2020-03-17,61.0975341796875,62.24525368604919,57.60362153116066,59.804833950382424,324056000
2020-03-18,59.60186004638672,60.40647473225053,57.29433197423103,57.934642818544056,300233600
2020-03-19,59.14517593383789,61.09267971685388,58.62084827586573,59.775819556913696,271857200
2020-03-20,55.39033126831055,60.84866031438535,55.09071377836536,59.72509749228031,401693200
2020-03-23,54.213600158691406,55.21151627155354,51.372080998658355,55.11003383943649,336752800
2020-03-24,59.652610778808594,59.848327192203485,56.61295613694801,57.110704962845915,287531200
2020-03-25,59.323997497558594,62.399894457247456,59.029213577289134,60.58770003932158,303602000
2020-03-26,62.44580078125,62.503788640032134,59.526959345508246,59.565620375975534,252087200
2020-03-27,59.86041259765625,61.824829012114336,59.69369010665709,61.07095724785997,204216800
2020-03-30,61.568702697753906,61.74025873047765,60.26150553022684,60.585287078823825,167976400
2020-03-31,61.44304275512695,63.42437421285298,60.889721118005006,61.75957575160097,197002000
2020-04-01,58.2100944519043,60.09719207609643,57.78000065964953,59.56078230159109,176218400
2020-04-02,59.18143844604492,59.234596446659125,57.241182484383906,58.072376290076036,165934000
2020-04-03,58.330909729003906,59.36748322353769,57.7413419398106,58.66676958439928,129880000
2020-04-06,63.4195556640625,63.574192418824516,60.25667324880632,60.62394199347429,201820400
2020-04-07,62.685001373291016,65.64975569191732,62.58110401279755,65.43228649705053,202887200
2020-04-08,64.28939056396484,64.60350121398153,63.1199223551124,63.48477236807488,168895200
2020-04-09,64.75333404541016,65.25592013573771,63.95839000283478,64.92489377394622,161834800
2020-04-13,66.02427673339844,66.13301133720609,64.23140932290158,64.83064420547504,131022800
2020-04-14,69.35869598388672,69.64864994794841,67.18406337493083,67.65523672307218,194994800
2020-04-15,68.72566223144531,69.18475002856255,67.80748663721087,68.23516188327974,131154400
2020-04-16,69.27173614501953,69.63659364674618,68.22308052874929,69.43845862105105,157125200
2020-04-17,68.33179473876953,69.3345480225858,66.89653644635722,68.7884711835537,215250000
2020-04-20,66.91348266601562,68.06120610179272,66.89415583158684,67.15994589148215,130015200
2020-04-21,64.84515380859375,66.99079338426836,64.13477293897611,66.75641592219942,180991600
2020-04-22,66.7129135131836,67.14783719048366,65.77057396314187,66.11125999851906,116862400
2020-04-23,66.45439147949219,68.07811832327417,66.41573043870696,66.657356413235,124814400
2020-04-24,68.37288665771484,68.3825537591584,66.93037962499518,66.9787077583751,126161200
2020-04-27,68.42121887207031,68.7522452213369,67.64318307081028,68.09018514896542,117087600
2020-04-28,67.31214141845703,69.06392923095741,67.22032976851494,68.88270980207805,112004800
2020-04-29,69.52302551269531,69.99178036647727,68.59518290617446,68.79814778505363,137280800
2020-04-30,70.98969268798828,71.16608226501852,69.67283584195576,70.06185003558508,183064000
2020-05-01,69.84680938720703,72.24615310349837,69.06877359729275,69.16542249456992,240616800
2020-05-04,70.83504486083984,70.96310628408554,69.18232470328076,69.8709599457229,133568000
2020-05-05,71.89823150634766,72.72942553089366,71.14918943641094,71.2941665102439,147751200
2020-05-06,72.63999938964844,73.27063948300304,72.21473542323028,72.59891973995855,142333600
2020-05-07,73.3914566040039,73.73698728324429,72.96378136839786,73.26581377672255,115215200
2020-05-08,75.13829803466797,75.19159993074032,73.72338371341871,74.05046319414457,133838400
2020-05-11,76.32061004638672,76.81485582493812,74.4380900872954,74.64645469079235,145946400
2020-05-12,75.44841766357422,77.45449582037008,75.32727766040104,77.00385116379037,162301200
2020-05-13,74.53742980957031,76.54835795686193,73.46170617265714,75.6276896528906,200622400
2020-05-14,74.99534606933594,75.0559160635201,73.05468108965971,73.77667808210235,158929200
2020-05-15,74.55198669433594,74.59802049199271,72.73488645146278,72.76880920502032,166348400
2020-05-18,76.3084945678711,76.68160777866888,75.18431939181484,75.87481876052446,135178400
2020-05-19,75.86756896972656,77.17102926581177,75.83607138413613,76.32547436249678,101729600
2020-05-20,77.34304809570312,77.41330397310716,76.68646396339064,76.72522965116472,111504800
2020-05-21,76.76640319824219,77.74521626092047,76.52896618682993,77.20492931373624,102688800
2020-05-22,77.26065826416016,77.34303256146072,76.40298515469343,76.50473859508931,81803200
2020-05-26,76.73735046386719,78.5568683167511,76.68162339962899,78.37758347481825,125522000
2020-05-27,77.07168579101562,77.21705526702166,75.85544287582236,76.59440129810365,112945200
2020-05-28,77.1056137084961,78.36304756047794,76.47084126097369,76.74703662948228,133560800
2020-05-29,77.03050231933594,77.80821903420895,76.67435043039059,77.34788852176631,153532400
2020-06-01,77.97782135009766,78.09896135300481,76.8536385740957,76.98447184749915,80791200
2020-06-02,78.33881378173828,78.36304326033381,77.27035810172477,77.71130947324757,87642800
2020-06-03,78.77007293701172,79.03173947926652,78.08684155798949,78.65862620653965,104491200
2020-06-04,78.0916976928711,78.8912188000404,77.71858439241902,78.59321910796065,87560400
2020-06-05,80.31580352783203,80.37637351540958,78.31215100053369,78.34122341156335,137250400
2020-06-08,80.79068756103516,80.82461031040765,79.30309219050388,80.01297082329648,95654400
2020-06-09,83.34188079833984,83.73437314923221,80.439371619184,80.47086919688729,147712400
2020-06-10,85.48607635498047,85.95367499163955,83.8506863159115,84.28921253488384,166651600
2020-06-11,81.3818359375,85.05480096655532,81.2800824962617,84.63081104253492,201662400
2020-06-12,82.08444213867188,84.26496163650457,80.97480324748997,83.51874266162812,200146000
2020-06-15,83.09960174560547,83.75133543445982,80.57746645559173,80.73979728329574,138808800
2020-06-16,85.30193328857422,85.57329308072946,83.51875616005826,85.15172088189794,165428800
2020-06-17,85.18321990966797,86.10630607045023,85.06207991592963,86.04573607358105,114406400
2020-06-18,85.2171630859375,85.63388506004952,84.60903780557047,85.13963169684683,96820400
2020-06-19,84.73015594482422,86.38735014117718,83.62293464807695,85.92217671437545,264476000
2020-06-22,86.9469985961914,87.08994286977321,85.07659721287185,85.12263099176391,135445200
2020-06-23,88.80289459228516,90.22023417459731,87.77077935086206,88.18992644325299,212155600
2020-06-24,87.2353286743164,89.35043555341034,86.86221543627708,88.4321923624518,192623200
2020-06-25,88.3934326171875,88.43219830369976,86.63205971274161,87.39039728120305,137522400
2020-06-26,85.67747497558594,88.50972868089589,85.52968033530838,88.28925300034977,205256800
2020-06-29,87.65206909179688,87.74656185266537,85.10812877290344,85.58542072848591,130646000
2020-06-30,88.38374328613281,88.66963931267749,87.22080221413067,87.24018136135113,140223200
2020-07-01,88.21656799316406,89.00397799978875,88.16811642903573,88.46127316123845,110737200
2020-07-02,88.21656799316406,89.75747265090347,88.10270349025298,89.12270022857078,114041600
2020-07-06,90.57637023925781,91.04396881704737,89.61209327585406,89.64359085564888,118655600
2020-07-07,90.29532623291016,91.73204473813118,90.183879512503,90.95432807349727,112424400
2020-07-08,92.3983154296875,92.42981301031341,91.18449035546323,91.27171499364255,117092000
2020-07-09,92.79564666748047,93.34319433054527,91.74899550161554,93.28989244541889,125642800
2020-07-10,92.95797729492188,93.01612951561695,91.78050018746696,92.39104305128085,90257200
2020-07-13,92.5291519165039,96.86838742692706,92.31594434218474,94.26145236714936,191649200
2020-07-14,94.06034851074219,94.25174434945905,90.97854722279762,91.91131912379288,170989200
2020-07-15,94.7072525024414,96.18273684605151,93.51038868590005,95.93318873658312,153198000
2020-07-16,93.54188537597656,94.39713348994569,92.94345347342261,93.58065106367306,110577600
2020-07-17,93.35289764404297,94.14757567538506,92.88044872986721,93.99252033438566,92186800
2020-07-20,95.32022857666016,95.45832996558929,93.09609971897889,93.4401406081673,90318000
2020-07-21,94.00462341308594,96.18514302833793,93.75507535287011,96.11003683309417,103433200
2020-07-22,94.2686996459961,94.94950567634959,93.61939119040862,93.70660841856355,89001600
2020-07-23,89.9779281616211,94.07972590175224,89.16871402354269,94.00219454397538,197004400
2020-07-24,89.75504302978516,90.09908386887433,86.39219558540321,88.17780532258647,185438800
2020-07-27,91.88227081298828,91.97433840198715,90.59334674840196,90.81624022237884,121214000
2020-07-28,90.37286376953125,91.63029754160469,90.36801343757494,91.45343048257014,103625600
2020-07-29,92.10516357421875,92.28929873601002,90.81865739523712,90.85499791564365,90329200
2020-07-30,93.21965026855469,93.32382888856975,90.87195660039106,91.27898520449537,158130000
2020-07-31,102.97868347167969,103.12889587437893,97.71151174507618,99.70790378289954,374336800
2020-08-03,105.57351684570312,108.19013805785316,104.56078815454649,104.85878784183842,308151200
2020-08-04,106.2785415649414,107.36880152265259,105.04048696818748,105.76248400195036,173071600
2020-08-05,106.66375732421875,106.98356866072452,105.53473177113482,105.99991256912482,121776800
2020-08-06,110.38517761230469,110.87943083941089,106.40694450020551,106.995683074286,202428800
2020-08-07,107.87548828125,110.36333556331454,107.07937744727452,109.90702677912203,198045600
2020-08-10,109.4434585571289,110.46044277754098,106.79541676618443,109.31967059014084,212403600
2020-08-11,106.18862915039062,109.20559802488344,105.92892032538568,108.70803141114541,187902400
2020-08-12,109.71770477294922,109.97498398938008,107.08422600127558,107.2783964791796,165598000
2020-08-13,111.65946197509766,112.66188375277733,110.60849386446708,111.09635710424106,210082000
2020-08-14,111.55994415283203,111.64974819993897,109.75170070282874,111.48470252378944,165565200
2020-08-17,111.26868438720703,112.7055714063434,110.64247816985842,112.68129823978218,119561600
2020-08-18,112.19586181640625,112.62061629597079,110.68616274132592,111.02111317320909,105633600
2020-08-19,112.3366470336914,113.74926101178805,112.24199130496142,112.6036370753279,145538000
2020-08-20,114.8293228149414,114.94340001045877,112.36088962986535,112.37788158405773,126907200
2020-08-21,120.74676513671875,121.22976923366335,115.77592204362502,115.78805492165831,338054800
2020-08-24,122.19091796875,125.03313705599179,120.32685470533741,124.94817728665664,345937600
2020-08-25,121.1884994506836,121.53316057768988,119.46763816827539,121.06471891526844,211495600
2020-08-26,122.83655548095703,123.29286429117482,121.43850421682247,122.50403462016395,163022400
2020-08-27,121.36812591552734,123.77102105443406,120.22492431150832,123.43850018201364,155552400
2020-08-28,121.1715316772461,122.75889449051752,120.94822892350749,122.3414212260646,187630000
2020-08-31,125.28071594238281,127.1836224608346,122.32928572568825,123.8632579117057,225702700
2020-09-01,130.27096557617188,130.87291336835037,126.72730590113318,128.89233580510103,151948100
2020-09-02,127.57193756103516,133.96024518458114,123.30012802751692,133.58160758872046,200119000
2020-09-03,117.35844421386719,125.08654753719104,116.98951728236517,123.21278063679146,257599600
2020-09-04,117.43611145019531,120.09628586271513,107.65947772486805,116.57204011831335,332607200
2020-09-08,109.53325653076172,115.52350643380636,109.39733569135389,110.63033399373361,231366600
2020-09-09,113.90216064453125,115.66913897859283,111.90217621343139,113.84391097205425,176940500
2020-09-10,110.1837158203125,116.98949692716701,109.22255937183643,116.85357611251904,182274400
2020-09-11,108.73713684082031,111.87304145706314,106.7954022543771,111.23226548811466,180860300
2020-09-14,111.999267578125,112.55266171822818,109.51384932182032,111.37791301404883,140150100
2020-09-15,112.17401123046875,115.36816560750079,110.30023700342959,114.88273194668369,184642000
2020-09-16,108.86334991455078,112.62060910915572,108.7759754111815,111.87304453196484,154679000
2020-09-17,107.12548828125,108.93130194991431,105.54297733812126,106.52355532978139,178011000
2020-09-18,103.72745513916016,107.64975978247199,102.99930468969426,107.18374764280628,287104900
2020-09-21,106.87308502197266,106.97988102839547,100.09642732020315,101.49447874455225,195713800
2020-09-22,108.55265808105469,109.57207159281869,105.97986595474057,109.39731520243424,183055400
2020-09-23,103.9992904663086,108.84391540986971,103.65948104238039,108.36819258635005,150718700
2020-09-24,105.0672607421875,107.03812018263172,101.94106684060164,102.10611250444195,167743300
2020-09-25,109.00897216796875,109.16431448128618,104.53327361353669,105.2711347875361,149981400
2020-09-28,111.61089324951172,111.96040603666982,109.49440244155606,111.65943957272272,137672400
2020-09-29,110.76624298095703,111.95070223231198,110.26139526105185,111.21284844222973,99382200
2020-09-30,112.43614196777344,113.84390402616219,110.30994757365427,110.4749932403561,142675200
2020-10-01,113.38758850097656,114.29049535158379,112.45555681762868,114.21282419285578,116120400
2020-10-02,109.7274398803711,112.0089843955101,108.95075033675728,109.60122977390576,144712000
2020-10-05,113.1060562133789,113.25168781010125,110.24200024207266,110.59151311135399,106243800
2020-10-06,109.86334228515625,112.73710847512729,108.97984952644627,112.32933859803765,161498200
2020-10-07,111.72740936279297,112.18371817362878,110.80508099423795,111.28081129884058,96849000
2020-10-08,111.62059783935547,113.0089381653486,111.25166358040926,112.86330661087659,83477200
2020-10-09,113.5623550415039,113.59147987684435,111.57207401243367,111.92158685077898,100506900
2020-10-12,120.7759017944336,121.53317715466372,115.80505821466257,116.56233357489269,240226800
2020-10-13,117.57202911376953,121.73705073964729,116.16427448485399,121.62054399652054,262330500
2020-10-14,117.6594009399414,119.44579307201987,116.13513969852242,117.47493379758126,150712000
2020-10-15,117.1933822631836,117.66910513115165,114.70796452850907,115.26135855246798,112559200
2020-10-16,115.5526351928711,118.00893594757436,115.34875392683747,117.74679760043794,115393800
2020-10-19,112.60118103027344,116.91182635817701,112.29050382279274,116.46522833536906,120639300
2020-10-20,114.08660888671875,115.51378488263892,112.26137377590751,112.81476779400624,124423700
2020-10-21,113.46525573730469,115.25164788351834,113.05748587164362,113.27107784719725,89946000
2020-10-22,112.37789916992188,114.60118635769001,111.25168945435153,114.02837075211397,101988000
2020-10-23,111.6885757446289,113.15458745033783,110.95071451824744,112.99924512599237,82572600
2020-10-26,111.69827270507812,113.1545734839859,109.59148528217365,110.68856994284661,111850700
2020-10-27,113.20313262939453,113.86332273009963,111.20314823922772,112.12546926784462,92276800
2020-10-28,107.9604263305664,112.06719771840048,107.86334109500166,111.69827086040297,143937800
2020-10-29,111.96041107177734,113.52350793821675,108.9313025825577,109.09635564462052,146129200
2020-10-30,105.68862915039062,108.7274415434045,104.58184087142044,107.82453453612558,190272600
2020-11-02,105.60123443603516,107.4555945603439,104.19347979423505,105.9313331743507,122866900
2020-11-03,107.22257995605469,108.24198610997585,105.56239787070092,106.4653046968192,107624400
2020-11-04,111.6011962890625,112.22255078584597,109.07694271998845,110.81479612438059,138235500
2020-11-05,115.56233215332031,116.13514770518474,113.46526266207991,114.51379370413532,126387100
2020-11-06,115.4310531616211,115.92704441463144,112.94133971591968,115.07120982324268,114457900
2020-11-09,113.12612915039062,118.64044265473571,112.86354597300208,117.1913565886007,154515300
2020-11-10,112.78572082519531,114.36123445028848,110.99623930767311,112.37725487942362,138023400
2020-11-11,116.20906066894531,116.34521597780906,113.24281153166176,113.97221815196379,112295000
2020-11-12,115.93675231933594,117.22050769938583,115.31432591809406,116.33549817445764,103162300
2020-11-13,115.98538208007812,116.38412051420482,114.63354904794981,116.16043996869443,81581900
2020-11-16,116.99683380126953,117.66788289766848,114.90586651270257,115.65472076865481,91183000
2020-11-17,116.11184692382812,117.35670011994341,115.69365335764155,116.2674572832977,74271000
2020-11-18,114.78916931152344,116.53002096182686,114.75999422898965,115.35324564020682,76322100
2020-11-19,115.38243103027344,115.7908970620543,113.60267663763,114.36125853091154,74113000
2020-11-20,114.11810302734375,115.50883872913519,114.06948036722605,115.38241090893905,73604300
2020-11-23,110.72393798828125,114.39042656864258,110.62668524347754,113.96250558761568,127959300
2020-11-24,112.00768280029297,112.66901178958845,109.49852215679763,110.78228497711366,113874200
2020-11-25,112.84408569335938,113.54431736019659,112.00769869351593,112.37726952874067,76499200
2020-11-27,113.38871002197266,114.26399962865095,113.02887409805055,113.36926243956174,46691300
2020-11-30,115.7811508178711,117.64843004399634,113.60265096748358,113.75826127961471,169410200
2020-12-01,119.35039520263672,120.07980194572332,116.71480639467286,117.68734871878834,127728200
2020-12-02,119.70051574707031,119.98255392256038,117.57064559900594,118.66961579736986,89004200
2020-12-03,119.56436157226562,120.38129360308123,118.85440237603919,120.12843050881996,78967600
2020-12-04,118.89329528808594,119.48654668025314,118.18333614962214,119.23368360656494,78260400
2020-12-07,120.35211944580078,121.14960390007961,118.89330587676078,118.95165604515132,86712000
2020-12-08,120.96481323242188,121.54834457068203,119.71023272701726,120.95509315138429,82225500
2020-12-09,118.43619537353516,122.49169482167979,117.67761359703715,121.11068659164964,115089200
2020-12-10,119.85611724853516,120.4688236783502,116.85096494578069,117.19135328461722,81312200
2020-12-11,119.04889678955078,119.38928508279156,117.23996766557605,119.06834436920384,86939800
2020-12-14,118.43619537353516,119.9630864267169,118.20278730843776,119.2336797308675,79184500
2020-12-15,124.36871337890625,124.38816838110739,120.7216795566684,120.9259125603246,157243700
2020-12-16,124.30062866210938,124.84524997430788,123.08495079030278,123.91161767905837,98208600
2020-12-17,125.16619873046875,126.02204075578122,124.5243172114844,125.36070423445284,94359800
2020-12-18,123.18222045898438,125.55522622218948,122.65704668745983,125.41907088363601,192541500
2020-12-21,124.70909118652344,124.78689634893868,120.06034032088816,121.5872313887212,121251600
2020-12-22,128.25888061523438,130.71941139606707,126.09010064650239,127.99629004452623,168904800
2020-12-23,127.36412048339844,128.7937437238064,127.18905518795543,128.53116804036412,88223700
2020-12-24,128.34640502929688,129.79549835924004,127.50029800003861,127.71425848740788,54930100
2020-12-28,132.9368133544922,133.56895993255333,129.84412103088945,130.3109520335808,124486200
2020-12-29,131.16676330566406,134.979126993658,130.65131712079605,134.2594552546887,121047300
2020-12-30,130.04832458496094,132.25599920161764,129.7371040047212,131.85725339811574,96452100
2020-12-31,129.04660034179688,131.04031440956527,128.10323341470374,130.39843312807264,99116600
2021-01-04,125.8567123413086,129.94138734935098,123.27947356294186,129.85386209713596,143301900
2021-01-05,127.41276550292969,128.1227320895685,124.9036045069711,125.35098050896518,97664900
2021-01-06,123.12385559082031,127.45167334436817,122.90989509434218,124.21310565475042,155088000
2021-01-07,127.32518768310547,128.01569898285928,124.34921175194928,124.83548271690452,109578200
2021-01-08,128.4241943359375,128.9882705657379,126.65416049347947,128.79375026318803,105158200
2021-01-11,125.43849182128906,126.595819441527,124.97167570919714,125.64273221772613,100384500
2021-01-12,125.2634506225586,126.12901267192076,123.37671619500519,124.97168496595856,91951100
2021-01-13,127.29607391357422,127.84069528222409,124.96197809369782,125.22455385655589,88636800
2021-01-14,125.37041473388672,127.40302430824103,125.22452450445344,127.2085188421458,90221800
2021-01-15,123.6490249633789,126.64445696844105,123.51286963768597,125.2439937099894,111598500
2021-01-19,124.32007598876953,125.17591790643084,123.4545139910682,124.27144590893572,90757300
2021-01-20,128.40478515625,128.8521612360096,125.02034140959604,125.12732167824589,104319500
2021-01-21,133.1118621826172,135.83498363825382,129.9219245699571,130.12616498605254,120150900
2021-01-22,135.2515106201172,136.0100926840111,131.3127100023154,132.53810837326188,114459400
2021-01-25,138.9957275390625,141.1061423033731,132.79090363932372,139.14161777095364,157611700
2021-01-26,139.2291717529297,140.33786948106203,137.48831256904506,139.65709277779112,98390600
2021-01-27,138.1593475341797,140.3378474829839,136.55465878230473,139.49172564743122,140843800
2021-01-28,133.32579040527344,138.0912555090123,132.94649958704122,135.68907538027003,142621100
2021-01-29,128.3367156982422,132.98546769252428,126.63476631172155,132.1004504499765,177523800
2021-02-01,130.45681762695312,131.66277536673383,127.3349504556567,130.07752674070377,106239800
2021-02-02,131.2834930419922,132.56724118693242,130.91392221186754,132.0031648608857,83305400
2021-02-03,130.26229858398438,132.0420525079875,129.94135789213308,132.03231758895785,89880900
2021-02-04,133.61758422851562,133.6273043090521,130.8944628567243,132.55751669715318,84183100
2021-02-05,133.20358276367188,133.84642318456497,132.32699299844515,133.7782512464636,75693800
2021-02-08,133.34971618652344,133.39841892980013,131.41145995524053,132.49259546322395,71297200
2021-02-09,132.47311401367188,134.29449558670797,132.3172860388913,133.06725182462114,76774200
2021-02-10,131.86927795410156,133.4276770274743,130.90501685547775,132.9309297060643,73046600
2021-02-11,131.6160430908203,132.84327231685143,130.29140835043972,132.3660090757308,64280000
2021-02-12,131.84976196289062,132.00560480490336,130.2134567077312,130.85629728454018,60145100
2021-02-16,129.7264404296875,132.47309953309198,129.33683338034655,131.96663266193272,80576300
2021-02-17,127.43757629394531,128.78169493091983,126.10320712430666,127.83691804290048,97918500
2021-02-18,126.33695220947266,126.61940434141995,124.09675977564942,125.84020503461309,96856700
2021-02-19,126.49282836914062,127.31099612706664,125.4506606030865,126.85321691724961,87668800
2021-02-22,122.72344207763672,126.34670679460257,122.33384236261952,124.68116782712916,103916400
2021-02-23,122.58707427978516,123.41496896895947,115.31132670254333,120.54168521506156,158273000
2021-02-24,122.0903549194336,122.29489311702532,119.05149320550255,121.69102056156322,111039900
2021-02-25,117.84371948242188,123.17147632846172,117.40542445743719,121.43776543888308,148199500
2021-02-26,118.1067123413086,121.60335309106918,118.04826755034811,119.40212088348072,164560400
2021-03-01,124.46688079833984,124.60323956834041,119.59690349547498,120.53193824590555,116307900
2021-03-02,121.86634063720703,125.37272355528646,121.75920051926317,125.07078727617044,102260900
2021-03-03,118.88591003417969,122.44099574374602,118.67162979614048,121.56439814767528,112966300
2021-03-04,117.00608825683594,120.38585416346811,115.53536025738819,118.58396379730593,178155000
2021-03-05,118.26252746582031,118.76900926850234,114.51264641529035,117.83397451469976,153766600
2021-03-08,113.33412170410156,117.85346041822143,113.18802088680535,117.78528102761602,154376600
2021-03-09,117.94111633300781,118.8858931954571,115.7009310503409,115.93468789918522,129525800
2021-03-10,116.8599853515625,118.99303047984385,116.34376148572666,118.52551679323263,111943300
2021-03-11,118.78849792480469,120.00599237807343,118.10670400337277,119.35341713456053,103026500
2021-03-12,117.88268280029297,118.01904158578925,116.06131583787986,117.2690682655597,88105100
2021-03-15,120.76569366455078,120.77543569972144,117.28853020817765,118.25279105319385,92403800
2021-03-16,122.30463409423828,123.9117284110974,121.47673927373422,122.4312508542222,115227900
2021-03-17,121.51570892333984,122.58710273633017,119.15863361756394,120.82417284921884,111932600
2021-03-18,117.39567565917969,119.97676520351848,117.1911374972353,119.68456358302885,121229700
2021-03-19,116.86972045898438,118.27227638684158,116.56778422545804,116.78206442899135,185549500
2021-03-22,120.18132781982422,120.64884902153915,117.1327239795706,117.20090338075846,111912300
2021-03-23,119.3534164428711,121.0092059173222,118.96381673388366,120.12287382459728,95467100
2021-03-24,116.96713256835938,119.7040653634643,116.94765592524341,119.62614392900645,88530500
2021-03-25,117.45410919189453,118.49629146995656,115.90545997424265,116.43141841542507,98844700
2021-03-26,118.05799102783203,118.32097396831911,115.82754049090362,117.22035432205121,94071200
2021-03-29,118.23332977294922,119.39238695881983,117.59049651669116,118.48657071923124,80819200
2021-03-30,116.78206634521484,117.26906411360106,115.76911009525196,116.98660451621751,85671900
2021-03-31,118.97357177734375,120.3079410804402,117.9995761138878,118.48657394561577,118323800
2021-04-01,119.80146026611328,120.9507753854183,119.30472042335516,120.44430093685868,75089100
2021-04-05,122.62602996826172,122.87927086868106,119.86962103149284,120.64882037232358,88651200
2021-04-06,122.92798614501953,123.82406033078875,122.3825509764638,123.21044576616356,80171300
2021-04-07,124.57403564453125,124.59351228641088,121.88580577435263,122.55786509964642,83466700
2021-04-08,126.97006225585938,126.99928093380576,125.17791398584798,125.59672494440802,88844600
2021-04-09,129.54136657714844,129.58031984737067,126.10316457800722,126.42458478979508,106686700
2021-04-12,127.82720947265625,129.39534324785052,127.23307146188088,129.07392286215278,91420000
2021-04-13,130.93421936035156,131.15824904554103,128.49923039780398,128.99597765783932,91266500
2021-04-14,128.59661865234375,131.48938634080065,128.2362450900617,131.43094899145666,87222800
2021-04-15,131.00241088867188,131.48940869866695,130.16477406100063,130.34010100083557,89347100
2021-04-16,130.67124938964844,131.16798178060714,129.81412853121648,130.8076081751269,84922400
2021-04-19,131.33355712890625,131.9471790846723,129.87256379574342,130.0381412567294,94264200
2021-04-20,129.64852905273438,132.00559615119002,128.3823320528723,131.5088638445784,94812300
2021-04-21,130.02838134765625,130.27188018913125,127.8855945150741,128.91802722500978,68847100
2021-04-22,128.50897216796875,130.66149395921403,127.99275572778816,129.58035833012048,84566500
2021-04-23,130.8271026611328,131.60628729046172,128.72326849315886,128.72326849315886,78657500
2021-04-26,131.21665954589844,131.54781441014728,130.0868213316481,131.3237996328013,66905100
2021-04-27,130.895263671875,131.88874331170373,130.62254610203854,131.49913616765673,66015800
2021-04-28,130.10635375976562,131.5089100143574,129.619355885921,130.81736649421998,107760100
2021-04-29,130.00894165039062,133.50559750247544,129.00572727008065,132.92119413868548,151101000
2021-04-30,128.04147338867188,130.08685531571498,127.66161568350715,128.35314426527148,109839500
2021-05-03,129.0933380126953,130.5835645811877,128.40180963228673,128.6063403344398,75135100
2021-05-04,124.52532196044922,128.07067238199318,123.40522566029897,127.77847076247717,137564700
2021-05-05,124.76885986328125,127.05774092819507,124.64223566162377,125.84024625685937,84000900
2021-05-06,126.36618041992188,126.37591502452003,123.82404416158315,124.56428281581603,78128300
2021-05-07,127.03937530517578,128.0637957522919,126.3271401858517,127.66379062246624,78973300
2021-05-10,123.76119995117188,126.38569336703041,123.7221730582719,126.25886899143829,88071200
2021-05-11,122.8440933227539,123.19532046962064,119.78054551827158,120.4927732833166,126142800
2021-05-12,119.78053283691406,121.60500079746393,119.27319817304675,120.39519702699735,112172300
2021-05-13,121.92697143554688,123.07823863645709,121.23426088704589,121.54646856304096,105861300
2021-05-14,124.34658813476562,124.77587651193251,122.78554964091157,123.17581112527975,81918000
2021-05-17,123.1953125,123.83924502210618,122.12209907344122,123.73192293508849,74244600
2021-05-18,121.80990600585938,123.89779649597985,121.74161080080381,123.47826668103308,63342900
2021-05-19,121.65380096435547,121.87819629608094,119.86835967667767,120.16105765432343,92612000
2021-05-20,124.20999145507812,124.61001150333645,122.05380598133526,122.1806452374261,76857100
2021-05-21,122.37577819824219,124.8831983677244,122.16113401006866,124.70758107227505,79295400
2021-05-24,124.00511932373047,124.82466923282675,122.87336914136405,122.94166434682049,63092900
2021-05-25,123.80997467041016,125.19540319531397,123.24409593795775,124.70757079826137,72009500
2021-05-26,123.76119995117188,124.28805183989326,123.3416701570207,123.86852204574208,56575900
2021-05-27,122.22941589355469,124.53195020806949,122.03428889481324,123.36117332838509,94625600
2021-05-28,121.57575225830078,122.73677818956268,121.51721563777299,122.51237540484098,71311100
2021-06-01,121.25377655029297,122.29772171588232,120.92205913488071,122.03429950032661,67637100
2021-06-02,122.01477813720703,122.19039542274523,121.02937706510446,121.25377238108098,59278900
2021-06-03,120.53179931640625,121.80989840712398,120.13177925202119,121.64403969713835,76229200
2021-06-04,122.82457733154297,123.08800699874061,120.83425044759345,121.04889463757115,75169300
2021-06-07,122.83433532714844,123.24410653680496,121.7903901347652,123.09775754946514,71057600
2021-06-08,123.65387725830078,125.33200387040455,123.13678395621102,123.51728685562117,74403800
2021-06-09,124.03437805175781,124.63928371308171,123.43923097435068,124.1124318358548,56877900
2021-06-10,123.03922271728516,125.06857651400928,122.87336400291547,123.9270603510902,71186400
2021-06-11,124.2490234375,124.33683580636276,123.02946096276283,123.44899075181716,53522400
2021-06-14,127.30281066894531,127.36134728829198,123.9758479654745,124.70758548178374,96906500
2021-06-15,126.48324584960938,127.41987625518645,126.23933338731938,126.77594378180441,62746300
2021-06-16,126.98085021972656,127.70283662845416,125.33201411236685,127.19549442536886,91815000
2021-06-17,128.58087158203125,129.3223749059046,126.49298175181782,126.63933814390342,96721700
2021-06-18,127.28329467773438,128.30771518043744,127.06865050509046,127.52720715689915,108953300
2021-06-21,129.07847595214844,129.18579802932504,126.06372153950791,127.12717628510836,79663300
2021-06-22,130.71759033203125,130.8151612925248,128.41505560442437,128.91264666080772,74783600
2021-06-23,130.4444122314453,131.0493254021088,129.98585550457855,130.51271488266488,60214200
2021-06-24,130.1614532470703,131.36149842351492,129.69313058879897,131.1761225655203,68711000
2021-06-25,129.8687744140625,130.6297802366699,129.5760764313894,130.21025787505408,70783700
2021-06-28,131.49810791015625,131.9566646084623,130.1029355337376,130.1614721527149,62111300
2021-06-29,133.01034545898438,133.16645300747723,131.0785629298999,131.51760238370522,64556100
2021-06-30,133.62501525878906,134.06405473109936,132.5615455661884,132.85424351014055,63261400
2021-07-01,133.92745971679688,133.98599632611845,132.45421890843855,133.27377610064684,52485800
2021-07-02,136.55197143554688,136.5909908825578,134.39577852908815,134.54212006442484,78852600
2021-07-06,138.56178283691406,139.66425694043204,136.65926878574828,136.65926878574828,108181800
2021-07-07,141.04974365234375,141.36194394640904,139.18624836793538,140.04481034204434,104911600
2021-07-08,139.7521209716797,140.55214628534262,137.24469315334258,138.13253828734636,105575500
2021-07-09,141.57659912109375,142.10344367127877,139.17649311255218,139.27406408607257,99890800
2021-07-12,140.98143005371094,142.75712026323748,140.49360503622404,142.64979816390084,76299700
2021-07-13,142.09365844726562,143.86934850619764,140.1326074026889,140.5228614286861,100827100
2021-07-14,145.51815795898438,145.9279439651733,144.08395159902543,144.49373760521436,127050800
2021-07-15,144.8645477294922,146.34754030635762,143.50839445147628,145.60605146154572,106820300
2021-07-16,142.8253936767578,146.1133292004128,142.32781756831105,144.8449961921481,93251400
2021-07-19,138.98133850097656,140.56190161268026,138.2203326975493,140.24968646910114,121434600
2021-07-20,142.5912322998047,143.5181116494979,139.47892150687957,139.9667464752501,96350000
2021-07-21,141.85948181152344,142.57171691870616,141.108242148076,141.98632105555998,74993500
2021-07-22,143.22543334960938,144.59133749363102,142.25953442025497,142.3863736933565,77338200
2021-07-23,144.94256591796875,145.0986734955369,143.34250046599004,143.95716474814094,71447400
2021-07-26,145.36212158203125,146.181664137203,144.10352454843763,144.6596522812441,72434100
2021-07-27,143.19613647460938,145.57672455410125,142.00584243486344,145.48890475095865,104818600
2021-07-28,141.44972229003906,143.39127100475073,139.06913408549428,141.28386358886817,118931200
2021-07-29,142.09365844726562,142.98150347673163,141.05947187985987,141.16679397009463,56699500
2021-07-30,142.3083038330078,142.76686050541852,140.60091640214495,140.86434605990442,70440600
2021-08-02,141.97657775878906,143.37174997131473,141.71314811709883,142.7961201026742,62880000
2021-08-03,143.77178955078125,144.43522442777342,141.64486473611035,142.25952902121162,64786600
2021-08-04,143.3717498779297,144.191292221281,142.7180662311683,143.6839649919127,56368300
2021-08-05,143.47909545898438,144.2401013148973,142.61076750096896,143.40104166770632,46397700
2021-08-06,142.79510498046875,143.74290453377364,142.29678337483543,143.0003050001657,54126800
2021-08-09,142.74624633789062,143.34228507821692,142.18930041536296,142.8537292225246,48908700
2021-08-10,142.26748657226562,144.32919310328901,141.9743500451473,143.0882569205625,69023100
2021-08-11,142.52154541015625,143.3618622586966,142.19909668704307,142.7071990606952,48493500
2021-08-12,145.482177734375,145.63851920327534,142.5019837127135,142.84397881224007,72282600
2021-08-13,145.68739318847656,146.0196076628779,144.87638850599475,145.56036386786354,59375000
2021-08-16,147.66111755371094,147.72952253031957,143.1175540441941,145.1401675406519,103296000
2021-08-17,146.75242614746094,148.20831321235303,145.67759718518755,146.7915040599331,92229700
2021-08-18,143.0100555419922,147.27026274921596,142.80485554411644,146.37132185900873,86326000
2021-08-19,143.34225463867188,144.6125025756358,141.1926123120228,141.71048021632114,86960300
2021-08-20,144.79818725585938,145.10108950161558,143.42045616108942,144.06535347049768,60549600
2021-08-23,146.28338623046875,146.75239563031982,144.50503593715925,144.91542102572143,60131800
2021-08-24,146.19544982910156,147.40707372149436,145.73620613091066,146.02934262692168,48606400
2021-08-25,144.9642791748047,146.87942449217206,144.4170990582826,146.38108802855803,58991300
2021-08-26,144.16310119628906,145.7069399805224,144.13378902838653,144.95457445829595,48597200
2021-08-27,145.19879150390625,145.3453522818871,143.4692997760321,144.1044163600025,55802400
2021-08-30,149.61537170410156,149.97691325126357,145.20860233340446,145.5896753840009,90956700
2021-08-31,148.3549041748047,149.30270392723426,147.8272553901817,149.16590885521063,86453100
2021-09-01,149.019287109375,151.43275399237308,148.85317992388826,149.3319699829077,80313700
2021-09-02,150.13320922851562,151.17872592141705,148.91181958328025,150.34817499884036,71115500
2021-09-03,150.76834106445312,151.09078972052774,149.5860293255129,150.24069238740682,57808700
2021-09-07,153.10365295410156,153.660598936694,150.85629279363835,151.42301943650597,82278300
2021-09-08,151.559814453125,153.4456331023822,150.45567332943037,153.38700877891932,74420200
2021-09-09,150.54360961914062,152.53691096459315,150.4263460744376,151.93110647020356,57305700
2021-09-10,145.56033325195312,151.9213251437336,145.2965089144569,151.45231569560596,140893200
2021-09-13,146.1270751953125,147.9542695218118,145.34538275990522,147.18235774668085,102404300
2021-09-14,144.7297821044922,147.61227358439965,143.5474852815467,146.9087519585389,109296300
2021-09-15,145.6189422607422,146.01956159972383,143.01982179601146,145.1596986106003,83281300
2021-09-16,145.38446044921875,145.56034832894838,143.85040265204483,145.0424802595639,68034100
2021-09-17,142.71693420410156,145.41377207009813,142.42379770872697,145.41377207009813,129868800
2021-09-20,139.66839599609375,141.52490288983836,138.03662069464434,140.5087129385305,123478900
2021-09-21,140.1471405029297,141.29037444715544,139.51202378684255,140.6356964105484,75834000
2021-09-22,142.51174926757812,143.0784609405733,140.4109501394529,141.14378392401113,76404300
2021-09-23,143.4693145751953,143.71359250338787,142.30654925147212,143.29342671393508,64838200
2021-09-24,143.5572509765625,144.09466540021555,142.2283784515029,142.32609558654582,53477900
2021-09-27,142.0427703857422,142.6192778120824,140.52825867374906,142.1404875521175,74150700
2021-09-28,138.66192626953125,141.43691994614318,138.44696050068399,139.97125238193445,108972300
2021-09-29,139.56088256835938,141.14379894035906,138.77919013309102,139.2091217179658,74602000
2021-09-30,138.26136779785156,141.0754555318597,138.0464019343066,140.37193359835766,89056700
2021-10-01,139.3849639892578,139.64878829633227,135.9259954801677,138.65213028813756,94639600
2021-10-04,135.95529174804688,138.9550311706694,135.10520952513863,138.51531907374905,98322000
2021-10-05,137.8801727294922,138.98431324223716,136.1702279967805,136.29725723369026,80861100
2021-10-06,138.74984741210938,138.8964081885175,135.20292752763442,136.27775625309343,83221100
2021-10-07,140.01036071777344,140.9190825580318,139.45341467529775,139.78562915042673,61732700
2021-10-08,139.62925720214844,140.87995899645605,139.2970427994977,140.73339820397527,58773200
2021-10-11,139.5413360595703,141.49555969160025,138.56422424355534,139.0137022391212,64452200
2021-10-12,138.2710723876953,139.97125212650982,137.81182869231796,139.95170571768443,73035900
2021-10-13,137.68482971191406,138.163604960137,136.01396194464323,138.00727840066958,78762700
2021-10-14,140.46957397460938,140.58683751822448,138.27107262847971,138.8573456179309,69907100
2021-10-15,141.52484130859375,141.58346561937512,140.22528108462743,140.47933964406647,67940300
2021-10-18,143.1957244873047,143.47908032380766,139.88331637742027,140.16667221392322,85589200
2021-10-19,145.3551483154297,145.75576773810008,143.19573955238386,143.64520263819782,76378900
2021-10-20,145.8437042236328,146.32249438069462,144.72979735027167,145.29652399244392,58418800
2021-10-21,146.0586395263672,146.2149809625118,144.48548923531962,145.40397653574416,61421000
2021-10-22,145.28672790527344,146.7426146643611,145.23786934278849,146.26383951681254,58883400
2021-10-25,145.23788452148438,145.95117189778182,144.24122639888336,145.27696242983234,50720600
2021-10-26,145.90234375,147.38754297777294,145.5994265625498,145.91210950073977,60893400
2021-10-27,145.44309997558594,146.30294823636,145.0913391249601,145.94142163499626,56094900
2021-10-28,149.07794189453125,149.66419997930225,146.29316753585874,146.3908846714247,100077900
2021-10-29,146.37135314941406,146.5081482073945,143.0589446865979,143.85040287273776,124953200
2021-11-01,145.55055236816406,146.27360541935798,144.41709931929685,145.57986452377787,74588300
2021-11-02,146.5863037109375,148.10082985163274,145.2476505224247,145.25743118168475,69122000
2021-11-03,148.02268981933594,148.4916993652847,146.39091470548655,146.94786074576106,54511500
2021-11-04,147.50477600097656,148.94111635864294,147.19209312751175,148.1105804313896,60394600
2021-11-05,148.03321838378906,148.93347149692437,146.83940090236302,148.63012712450208,65463900
2021-11-08,147.21124267578125,148.3169952703634,146.93725326087116,148.16042562432813,55020900
2021-11-09,147.57327270507812,148.17996131979666,146.8393694074151,146.97636409239348,56787900
2021-11-10,144.74534606933594,146.90792172221626,144.67685617034908,146.80028193983205,65187100
2021-11-11,144.6963653564453,146.22288178403127,144.5104408038777,145.76298280044355,41000000
2021-11-12,146.7708740234375,147.1720631299846,144.3147348567186,145.2443426792842,63804000
2021-11-15,146.78065490722656,148.6203105600799,146.22288125155492,147.1427090779816,59222800
2021-11-16,147.7592010498047,148.23868992516853,146.13482479249984,146.72195341819835,59256200
2021-11-17,150.19577026367188,151.6733569463972,147.7494257967945,147.7592057993934,88807000
2021-11-18,154.48178100585938,155.26461435018126,149.76523586281957,150.41107449173293,137827700
2021-11-19,157.10426330566406,157.56417731455713,153.17053675502055,154.26649442831288,117305600
2021-11-22,157.56417846679688,162.14372871908944,157.54460352782965,158.21000213967926,117467900
2021-11-23,157.94578552246094,158.3274146566765,155.64621578340464,157.66200120676388,96041900
2021-11-24,158.4644317626953,158.66013635871653,156.2137915801923,157.2999692591092,69463600
2021-11-26,153.4445037841797,157.00638063396804,153.00416477836077,156.14527755829806,76959800
2021-11-29,156.80088806152344,157.7304958999759,155.38199643665857,155.94955010034442,88748200
2021-11-30,161.7523193359375,161.9675988704111,156.4877806077615,156.5562854284138,174048100
2021-12-01,161.23365783691406,166.64497001692308,160.99880341826756,163.88548659020162,152052500
2021-12-02,160.24533081054688,160.6758897940943,154.41325439149716,155.33308223247562,136739200
2021-12-03,158.36654663085938,161.4195945786872,156.29205136899398,160.49976670029744,118023100
2021-12-06,161.77183532714844,164.27688907224382,160.75414791114213,160.76392791139867,107497000
2021-12-07,167.506103515625,167.89752761795768,164.72705957992557,165.4511829707639,120405400
2021-12-08,171.32235717773438,172.18347500543942,167.0363579024001,168.4356743724208,116998900
2021-12-09,170.81353759765625,172.9565375380552,170.18727407030087,171.15603176332104,108923700
2021-12-10,175.5985870361328,175.77473158616564,170.94075296583623,171.4495967498973,115402700
2021-12-13,171.96823120117188,178.22108688608395,171.76273170193855,177.23275419312068,153237000
2021-12-14,170.58851623535156,173.92533410356964,168.51402063695375,171.48876932392616,139380400
2021-12-15,175.45184326171875,175.6475478496639,168.6118581679586,171.35176719309973,131063300
2021-12-16,168.56292724609375,177.25234826512832,167.0853404452438,175.4322672390144,150185800
2021-12-17,167.46693420410156,169.74692873915046,166.04805758616632,166.28289706807027,195432700
2021-12-20,166.10678100585938,166.91896912005944,163.86593615587674,164.66832933666538,107499100
2021-12-21,169.27725219726562,169.48273676499653,165.49030091905374,167.87793543850688,91185900
2021-12-22,171.870361328125,172.08564081700152,168.4552593739479,169.32615733120278,92135300
2021-12-23,172.49667358398438,173.05444739852442,171.50835560137864,172.07590942042998,68356600
2021-12-27,176.459716796875,176.54778161213417,173.26968906108772,173.2892490658333,74919600
2021-12-28,175.44203186035156,177.43825729141835,174.69834852343934,176.29336988152778,79144300
2021-12-29,175.53012084960938,176.75329313798875,174.3167285642682,175.48119097181373,62348900
2021-12-30,174.3754425048828,176.69458737092964,174.26780274374727,175.61818975957434,59773000
2021-12-31,173.75897216796875,175.38333364161016,173.45561289396153,174.26780109643352,64062300
2022-01-03,178.10365295410156,178.95499096160628,173.895952516217,174.01337226981713,104487900
2022-01-04,175.84326171875,179.013729963492,175.27570793184105,178.71038559647081,99310400
2022-01-05,171.16583251953125,176.3031560396219,170.89184312629723,175.7551772531539,94537600
2022-01-06,168.30848693847656,171.53766438344002,167.95621276391145,168.99346035254746,96904000
2022-01-07,168.47486877441406,170.40258963561612,167.35933616352636,169.1794172582698,86709100
2022-01-10,168.49441528320312,168.79775959259328,164.5606894006289,165.45116232460057,106765600
2022-01-11,171.32235717773438,171.42020197460204,167.1537925624587,168.62159889715696,76138300
2022-01-12,171.76271057128906,173.37729170304524,171.0679572091586,172.34004419476074,74805200
2022-01-13,168.49441528320312,172.82933029006384,168.10299122971512,172.0073621746904,84505800
2022-01-14,169.3555450439453,170.05029852382498,167.4180294399018,167.66266389110206,80440800
2022-01-18,166.1557159423828,168.83689986985863,165.77408681023036,167.82900716362772,90956700
2022-01-19,162.662353515625,167.40826837840387,162.37858408989868,166.3514456378891,94815000
2022-01-20,160.97927856445312,166.0383181560068,160.65635923759166,163.3962685823185,91420500
2022-01-21,158.92433166503906,162.76019814543096,158.81669190708894,160.89118731707072,122848900
2022-01-24,158.15126037597656,158.8166737850042,151.37978119467465,156.58560899416545,162294600
2022-01-25,156.35076904296875,159.26680751652682,153.65001008067688,155.56793581393717,115798400
2022-01-26,156.26271057128906,160.8618354481178,154.43284958250229,159.99093736491258,108275300
2022-01-27,155.8028106689453,160.32365113506773,154.88298262420264,158.96348400735147,121954600
2022-01-28,166.67434692382812,166.69392186078738,159.30595841103175,162.15350702087153,179935700
2022-01-31,171.02886962890625,171.24414918238276,165.87197021276285,166.5080288685089,115541600
2022-02-01,170.8625030517578,171.08756258764447,168.61186289898112,170.27537434014533,86213900
2022-02-02,172.06610107421875,172.10525095182186,169.6099763158955,170.99949834473722,84914300
2022-02-03,169.1891632080078,172.45749049022623,168.42590499267487,170.7352545735362,89418100
2022-02-04,168.90504455566406,170.5804825811808,167.22960653014735,168.20939100229583,82465400
2022-02-07,168.18983459472656,170.43353483823722,167.49418092340588,169.36557317059368,77251200
2022-02-08,171.29571533203125,171.80520742660315,167.96443926792173,168.25837758980256,74829200
2022-02-09,172.71644592285156,173.0789614781724,171.36433825115836,172.49109962767872,71285000
2022-02-10,168.6405029296875,171.93257943938036,168.08203354026793,170.6196718007765,90865900
2022-02-11,165.2309112548828,169.5811582426831,164.64303438343364,168.84631962853655,98670700
2022-02-14,165.46604919433594,166.15189551198674,163.19294145546075,163.98656469090872,86185500
2022-02-15,169.29698181152344,169.45375094241317,166.80833539753965,167.51378153621621,62527400
2022-02-16,169.0618133544922,169.83583650795123,166.612352178537,168.37596721528965,61177400
2022-02-17,165.46604919433594,168.43479571599676,165.06433386888028,167.5725803736195,69589300
2022-02-18,163.91793823242188,167.0924302194162,162.83037691642315,166.38699918366942,82772700
2022-02-22,160.9982147216797,163.3202994694817,158.87206895600934,161.6448612037598,91162800
2022-02-23,156.83412170410156,162.7911986729469,156.52058346872764,162.19352949330056,90009200
2022-02-24,159.4501190185547,159.55789590082478,148.92722915533128,149.49550590272597,141147500
2022-02-25,161.5175018310547,161.78203291625664,157.617948249187,160.5279097890242,91974200
2022-02-28,161.7820281982422,162.07596656799925,159.1464052349538,159.76367431641097,95056600
2022-03-01,159.90081787109375,163.23209394256236,158.69568719407653,161.37049453342058,83474400
2022-03-02,163.1929168701172,163.97674752234462,159.65589394659725,161.06678613054137,79724800
2022-03-03,162.86959838867188,165.4954290281514,162.20335200198932,165.06432138955572,76678400
2022-03-04,159.8714599609375,162.20335221808782,158.82309815688976,161.16478287844762,83737200
2022-03-07,156.07969665527344,161.68406601052743,155.8249430798264,160.05761991470098,96418800
2022-03-08,154.25729370117188,159.58732445146612,152.65044751471495,155.6094012673305,131148300
2022-03-09,159.65591430664062,160.10662184800367,156.18748303740642,158.2156295977199,91454900
2022-03-10,155.3154754638672,157.1476680762386,152.82681394352832,156.96150659042647,105342000
2022-03-11,151.60208129882812,156.060104640192,151.37673500562354,155.71717401765326,96970100
2022-03-14,147.57513427734375,151.0043799732345,147.06565710961667,148.38835719355112,108732100
2022-03-15,151.95477294921875,152.42508026860065,147.33999637401098,147.84947354452075,92964300
2022-03-16,156.36378479003906,156.76549997179433,151.3375011134131,153.875139056129,102300200
2022-03-17,157.3730010986328,157.74532403885397,154.4434546489776,155.40363939181822,75615400
2022-03-18,160.66502380371094,161.15491594906342,156.53033290091022,157.26517111893895,123511700
2022-03-21,162.0367431640625,162.98713519470292,159.71464405141342,160.20453623420445,95811400
2022-03-22,165.40724182128906,165.99510360566663,161.57628048257416,162.1641422669517,81532000
2022-03-23,166.76914978027344,169.1500192740017,164.2608885491977,164.59402668830268,98062700
2022-03-24,170.5511016845703,170.61967882805246,166.76913277034842,167.60194065734933,90131400
2022-03-25,171.18795776367188,171.73663471959298,169.25778100424003,170.36494232979024,80546200
2022-03-28,172.0501708984375,172.1775327221898,168.52294058057433,168.6895021580393,90371900
2022-03-29,175.34222412109375,175.39120138120336,172.77517880756406,173.11810933027303,100589400
2022-03-30,174.17628479003906,175.97908457885987,173.12790825883917,174.9405154603071,92633200
2022-03-31,171.08018493652344,174.43104638306448,170.87442359799343,174.2448849220912,103049300
2022-04-01,170.78623962402344,171.34472398421482,168.46415506398156,170.5119011506989,78751300
2022-04-04,174.83274841308594,174.8817406281064,170.9136104166494,171.0409871856376,76468400
2022-04-05,171.52108764648438,174.6955950948926,170.89402610794616,173.91176443413826,73401800
2022-04-06,168.35633850097656,170.11995323562857,166.69070817670823,168.8756229853016,89058800
2022-04-07,168.66009521484375,169.85543344405016,166.41639539463952,167.69991063657648,77594700
2022-04-08,166.65155029296875,168.30738857225097,165.77954264267717,168.30738857225097,76575500
2022-04-11,162.3992462158203,165.61293749392965,162.1543001430966,165.29941429501065,72246700
2022-04-12,164.27069091796875,166.43600652884118,163.2713064320056,164.62341397476007,79265200
2022-04-13,166.95530700683594,167.58236861722457,163.39869870978032,164.00616044006455,70618900
2022-04-14,161.94857788085938,167.80770011623432,161.70363174912274,167.17083120352376,75329400
2022-04-18,161.7330322265625,163.23210129361956,160.2633554980497,160.60627109784113,69023900
2022-04-19,164.01589965820312,164.4274222551572,160.59646173132168,161.68402299396155,67723800
2022-04-20,163.84938049316406,165.46603411276996,162.7422340206999,165.34844979022682,67929800
2022-04-21,163.0557403564453,168.06243992326603,162.55605562621574,165.49540922825548,87227800
2022-04-22,158.519287109375,164.4763771389046,158.2351562552314,163.09489270969436,84882400
2022-04-25,159.58731079101562,159.87144172970685,155.2566649146805,157.862880430984,96046400
2022-04-26,153.6302032470703,159.05820246882445,153.55181869779824,158.9700254572649,95623200
2022-04-27,153.40487670898438,156.55976925790796,152.23893068313222,152.75821530720194,88063200
2022-04-28,160.33192443847656,161.19413952588084,155.71713316880462,156.0306713643422,130216800
2022-04-29,154.46302795410156,162.84018882642286,154.07112011517893,158.568327600733,131747600
2022-05-02,154.76673889160156,155.03126989569458,150.17154800531014,153.54200848268903,123055300
2022-05-03,156.2560272216797,157.46117291588328,153.15991957685017,154.95291204808,88966500
2022-05-04,162.66384887695312,163.11454143572888,156.04049519291306,156.44221048032446,108256500
2022-05-05,153.600830078125,160.76305283929582,151.8176149978829,160.53770657596968,130525300
2022-05-06,154.326904296875,156.44635165846242,151.28510401095104,153.08074566682737,116124600
2022-05-09,149.20492553710938,152.90414437032265,148.6456356183626,152.02103374851995,131577900
2022-05-10,151.60891723632812,153.7970575708187,150.05858149525076,152.599963074193,115366700
2022-05-11,143.7493133544922,152.53126499841446,143.0722664113859,150.61788122808568,142689800
2022-05-12,139.88328552246094,143.45494014257622,136.1938888181264,140.08934914213407,182602000
2022-05-13,144.347900390625,145.31931779066926,140.4230033804494,141.87521108197208,113990900
2022-05-16,142.807373046875,144.7502078730768,141.47290744658727,142.81719487180055,86643800
2022-05-17,146.43792724609375,146.95797495332027,143.92598033573168,146.06505720231044,78336300
2022-05-18,138.17599487304688,144.59319436014727,137.27325546059197,144.09277542323014,109742900
2022-05-19,134.77113342285156,139.00020681352638,134.03521536260072,137.2536291483144,136095600
2022-05-20,135.00657653808594,138.05818309823013,130.12008629719486,136.47841221071587,137426100
2022-05-23,140.42298889160156,140.5701665253798,135.06549843768857,135.20286921997902,117726300
2022-05-24,137.72462463378906,139.30439614103204,134.7515166065387,138.16617251433556,104132700
2022-05-25,137.88160705566406,139.12775081330722,135.7425308510417,135.83083742178036,92482700
2022-05-26,141.0803985595703,141.62988165478208,134.56507119637524,134.81037721904417,90601500
2022-05-27,146.83035278320312,146.86959515379783,142.53258704704527,142.6601509529846,90978500
2022-05-31,146.04541015625,147.831245433681,144.0829617048982,146.27110250820675,103718400
2022-06-01,145.9178466796875,148.8909545900905,144.90717205322113,147.08549081541827,74286600
2022-06-02,148.3708953857422,148.429766433254,144.1025647736461,145.05435330119587,72348100
2022-06-03,142.65037536621094,145.19174238635256,141.74765092180013,144.14182533230215,88570300
2022-06-06,143.39608764648438,145.78046996633253,142.17936438712687,144.2693764860653,71598400
2022-06-07,145.9178466796875,146.20239508903217,141.39440285018887,141.63970888221743,67808200
2022-06-08,145.18190002441406,147.0560263615052,144.69128805686674,145.79025407304024,53950200
2022-06-09,139.9617919921875,145.17208908244996,139.85385675234653,144.3184289860741,69473000
2022-06-10,134.5552520751953,138.117085018381,134.48655920841233,137.64610169004794,91437900
2022-06-13,129.4038543701172,132.6615109809625,128.97211331960065,130.37525676148604,122207100
2022-06-14,130.2672882080078,131.37607607962988,129.0113227305463,130.63035125622758,84784300
2022-06-15,132.88719177246094,134.76133366612893,129.67859928442957,131.7685967366082,91533000
2022-06-16,127.61799621582031,129.9042500251396,126.61714350302216,129.60007296838003,108123900
2022-06-17,129.08982849121094,130.58129318016776,127.37268647196602,127.62781429709099,134520300
2022-06-21,133.3189239501953,134.48658311474856,130.8168142802015,130.91492771438774,81000500
2022-06-22,132.80865478515625,135.17339289715906,131.39569003815623,132.25915684954347,73409200
2022-06-23,135.67385864257812,135.9878425646897,133.0834276529192,134.25108671150673,72433800
2022-06-24,139.00021362304688,139.24551965514786,137.1457006192552,137.27324957478913,89116800
2022-06-27,139.00021362304688,140.79585557470105,138.32316657888146,140.02068012877845,70207900
2022-06-28,134.85946655273438,140.7271835163408,134.74172443104214,139.4614107912665,67083400
2022-06-29,136.61582946777344,138.02879459026983,134.1038981265762,134.87907356263912,66242400
2022-06-30,134.1529541015625,135.77196780465343,131.2583461315228,134.67300165333307,98964500
2022-07-01,136.32139587402344,136.42933107549655,133.11280528641177,133.48566009599494,71051600
2022-07-05,138.90206909179688,138.95113328697806,134.35899711370092,135.18323666479031,73353800
2022-07-06,140.23655700683594,141.41402301996357,138.4311081218874,138.69604284083624,74064300
2022-07-07,143.60215759277344,143.79839942455877,140.58979232323185,140.5995991745189,66253700
2022-07-08,144.27919006347656,144.7796239540416,142.2774994180926,142.5326123028861,64547800
2022-07-11,142.14988708496094,143.8866574028359,141.08035673653484,142.9348691192532,63141600
2022-07-12,143.121337890625,145.66270453987497,142.32654882035914,143.0232094985196,77588800
2022-07-13,142.75831604003906,143.70028289937923,139.45158026337106,140.30525550924634,71185600
2022-07-14,145.68231201171875,146.1532952862436,140.56032211285975,141.3747397374832,78140700
2022-07-15,147.35043334960938,148.0274804295402,145.41742051675783,146.96775651820843,76259900
2022-07-18,144.3086395263672,148.7241480973096,143.9455764182645,147.9097302753274,81420900
2022-07-19,148.16485595703125,148.3905333334654,144.1516525247905,145.14268358851726,82982400
2022-07-20,150.16656494140625,150.83380527169302,147.54669777582993,148.28261602365345,64823400
2022-07-21,152.4331817626953,152.6490522792443,149.08720372847873,151.59913522400217,65086600
2022-07-22,151.1968231201172,153.34570636779952,150.5295978961148,152.47241748797757,66675400
2022-07-25,150.07826232910156,152.12901764079308,149.42084380693566,151.1183577514027,53623900
2022-07-26,148.75357055664062,150.21558479499407,147.96858832963514,149.4011670445513,55138700
2022-07-27,153.8461151123047,154.37598449377768,149.3030578563077,149.71517016840275,78620700
2022-07-28,154.3956298828125,154.68017830567564,151.51082841353704,154.03256675700305,81378700
2022-07-29,159.45872497558594,160.55770616166393,156.50524578988953,158.21258113398608,101786900
2022-08-01,158.47752380371094,160.51847204780725,157.86916955763294,157.98691167692704,67829400
2022-08-02,157.00563049316406,159.36057683120032,156.63277559316523,157.09395202290318,59907000
2022-08-03,163.01077270507812,163.46212742924678,157.73178199101062,157.82008857109244,82507500
2022-08-04,162.69677734375,164.05087149041262,161.3426831970874,162.8930191834261,55474100
2022-08-05,162.47076416015625,162.96205765324038,160.16167874542583,160.3680286094797,56697000
2022-08-08,161.99911499023438,164.88792318870864,161.34078349494277,163.47299550022427,60276900
2022-08-09,162.04823303222656,162.93257025599664,160.40731467514888,161.16391080154307,63135500
2022-08-10,166.29306030273438,166.3913100252121,163.99379489901474,164.76021170255777,70170500
2022-08-11,165.55609130859375,168.0125588424397,165.26131220591463,167.09874512344325,57149200
2022-08-12,169.1032257080078,169.17199900038648,166.45022886043446,166.86292858705644,68039400
2022-08-15,170.17425537109375,170.37076978453467,168.36629877849532,168.53333677957454,54091700
2022-08-16,170.01702880859375,170.6851957704937,168.6708894053126,169.77138205657383,56377100
2022-08-17,171.51058959960938,173.08272003979997,169.56507124556938,169.76158567645695,79542000
2022-08-18,171.11752319335938,171.85446345688476,170.10545976423154,170.72449438338106,62290100
2022-08-19,168.53334045410156,170.71468497495962,168.32699056998192,170.01704154998163,70346300
2022-08-22,164.65213012695312,166.9022480242965,164.22960987091767,166.73521001384654,69026800
2022-08-23,164.31802368164062,165.7722632709113,163.74812140904885,164.17064162540487,54147100
2022-08-24,164.61280822753906,165.1827105189657,163.35509799580043,164.40647334198977,53841500
2022-08-25,167.06927490234375,167.17736007756102,165.41853585512217,165.84104108991514,51218200
2022-08-26,160.77088928222656,168.0715189036816,160.71193645776907,167.59988131493301,78961000
2022-08-29,158.56993103027344,160.06345281594784,157.03709735950218,158.3439251736945,73314000
2022-08-30,156.1429443359375,159.72938182049697,154.97366310325177,159.30687649740773,77906200
2022-08-31,154.48236083984375,157.78385443277264,154.40375206464415,157.51855169061037,87991100
2022-09-01,155.20947265625,155.66145434866903,151.97675253984187,153.91245042285962,74229900
2022-09-02,153.0968780517578,157.56765189981036,152.2715085702032,156.9682732301626,76957800
2022-09-06,151.8391876220703,154.3546082697241,151.01381803326322,153.74540904842692,73714800
2022-09-07,153.24429321289062,153.9419216691413,150.93520749298594,152.1241445003408,87449600
2022-09-08,151.77041625976562,153.63732582875608,150.0213973567108,151.94727474830393,84923800
2022-09-09,154.6297149658203,155.07189112050955,152.0553417641127,152.76280561990976,68028800
2022-09-12,160.58419799804688,161.39974706706778,156.52612358553827,156.81106723949068,104956000
2022-09-13,151.16119384765625,157.7445243311509,150.69937671737435,157.1156691952697,122656600
2022-09-14,152.60560607910156,154.36444545311878,150.93521094229624,152.09465656902455,87965400
2022-09-15,149.7167510986328,152.53678550750777,148.7439997285484,151.9570478807036,90481100
2022-09-16,148.0758514404297,148.71454195841454,145.7864220311532,148.57698038414023,162278800
2022-09-19,151.79002380371094,151.86863255679214,146.50371634850782,146.7100512063952,81474200
2022-09-20,154.16787719726562,155.32733752502483,150.41440307013318,150.72882307884146,107689800
2022-09-21,151.0432891845703,155.97588059110078,150.92538353116046,154.60024966459952,101696800
2022-09-22,150.080322265625,151.780193333908,148.28218651419172,149.72659039660394,86652500
2022-09-23,147.81057739257812,148.83247642204518,145.97314422465584,148.55735322020942,96029900
2022-09-26,148.14463806152344,151.09239889982268,147.0343100146429,147.05396595162924,93339400
2022-09-27,149.11741638183594,152.02588086273627,147.33893608818533,150.08036255735442,84442700
2022-09-28,147.2308349609375,148.01690757279204,142.31789987820665,145.06914652315353,146691400
2022-09-29,139.99899291992188,144.16516723784525,138.2303333041484,143.55596808972413,128138200
2022-09-30,135.7935333251953,140.60821907927374,135.59701890511008,138.8199033723931,124925300
2022-10-03,139.96951293945312,140.57872706512543,135.2924042908768,135.80335372086685,114311700
2022-10-04,143.5559844970703,143.67389015390162,141.74801279814906,142.50460908002574,87830100
2022-10-05,143.8507537841797,144.81369999304195,140.51978392175167,141.5613389023429,79471000
2022-10-06,142.8976593017578,144.9709190386039,142.6913243714458,143.271047261683,68402200
2022-10-07,137.65060424804688,140.60820060654387,137.02174919053795,140.05793931227225,85925600
2022-10-10,137.97488403320312,139.41928832461434,136.15710682488464,137.97488403320312,74899000
2022-10-11,136.55995178222656,138.88869341854974,135.8131909792421,137.46393012049913,77033700
2022-10-12,135.9310760498047,137.9159059012539,135.7542175942047,136.70732814205923,70433700
2022-10-13,140.50010681152344,141.08964995811803,132.03019750307845,132.63941157890508,113224000
2022-10-14,135.97039794921875,142.00348171103434,135.78370401470698,141.79713183786654,88598000
2022-10-17,139.93020629882812,140.41166429206842,137.82747089841786,138.6135434297954,85250900
2022-10-18,141.24688720703125,144.1455159806622,138.1615644966325,142.95659405664904,99136600
2022-10-19,141.35496520996094,142.42598143245377,139.03605931008337,139.22275323737964,61758300
2022-10-20,140.8931884765625,143.34965665907674,140.1660684970252,140.52963598333983,64522000
2022-10-21,144.70559692382812,145.27549920361895,140.1660346242772,140.38220497154572,86548600
2022-10-24,146.84764099121094,147.61405773965313,143.45771845108737,144.62699951406933,75981900
2022-10-25,149.6873321533203,149.83472923085242,146.7592264620596,147.47651092815792,74732300
2022-10-26,146.74937438964844,149.34340346890698,145.4621728259598,148.33134005875115,88194300
2022-10-27,142.27857971191406,146.45457384887203,141.6202483177286,145.49164292829627,109180200
2022-10-28,153.0281219482422,154.75746986477446,145.24603383421282,145.619406740808,164762400
2022-10-31,150.66989135742188,151.55422867895751,149.27461957607085,150.49303288896766,97943200
2022-11-01,148.02671813964844,152.74313850206963,146.53319676946654,152.37958612806426,80379300
2022-11-02,142.50457763671875,149.520247538893,142.47510122901483,146.35631650525693,93604600
2022-11-03,136.46170043945312,140.31344004952294,136.33395931941936,139.58632020230726,97918500
2022-11-04,136.19595336914062,140.41823769444377,132.25908536615194,139.84739003185524,140814800
2022-11-07,136.72743225097656,136.95379796987663,133.52872680415337,134.94600177423487,83374600
2022-11-08,137.2982635498047,139.19779504119253,135.31999290082103,138.1939045722533,89908500
2022-11-09,132.7413330078125,136.363259132224,132.46575346788492,136.31404528196006,74917800
2022-11-10,144.5519256591797,144.5519256591797,137.29825219484707,139.0107949405163,118854000
2022-11-11,147.33731079101562,147.6424157179768,142.09143135008082,143.51855829432515,93979700
2022-11-14,145.939697265625,147.90813128864986,145.10310679865555,146.61880940644215,73374100
2022-11-15,147.67193603515625,151.1659099557232,146.21529884381314,149.8175372526668,89868300
2022-11-16,146.4416046142578,147.504560513596,144.96527947928075,146.77624972516574,64218300
2022-11-17,148.3411865234375,149.0891860323431,143.8433076526517,144.11888720950952,80389400
2022-11-18,148.90216064453125,150.2899100074895,147.60300221173006,149.90606603666672,74829600
2022-11-21,145.6739501953125,147.99670287508093,145.3885338782466,147.790025718782,58724100
2022-11-22,147.80970764160156,148.04592513732047,144.6110022662971,145.7920747269315,51804100
2022-11-23,148.68568420410156,149.4336837921187,146.98297781162248,147.09124229312135,58301400
2022-11-25,145.77239990234375,146.5302512983949,144.7980195359923,145.9692403249909,35195900
2022-11-28,141.9437713623047,144.32557460653223,141.11703271911014,142.84924916455952,69246000
2022-11-29,138.94190979003906,142.5244590100729,138.13485967272496,142.01266197350824,83763800
2022-11-30,145.69363403320312,146.3727461321645,138.33169544585772,139.16827084330671,111380900
2022-12-01,145.96923828125,146.77630352615344,144.29607218523327,145.87082558028513,71250400
2022-12-02,145.47711181640625,145.66411544857186,143.35119950014382,143.65631938407483,65447400
2022-12-05,144.31576538085938,148.5380503426706,143.46933803189978,145.43777233013495,68826400
2022-12-06,140.65444946289062,144.9751613197971,139.68006926529813,144.74879562385667,64727200
2022-12-07,138.715576171875,141.10721678685633,137.79040959032307,139.94584768607433,69721100
2022-12-08,140.3985595703125,141.25483863673134,138.87303512029186,140.11314322681335,62128300
2022-12-09,139.91627502441406,143.27245818375033,138.67615214625445,140.09342685388958,76097000
2022-12-12,142.20950317382812,142.21933993621704,138.83363144766497,140.44774653895632,70462700
2022-12-13,143.174072265625,147.60304951034107,141.96348935709867,147.14046624112265,93886200
2022-12-14,140.9497528076172,144.34529916781915,138.93210452988586,143.05597702965818,82291200
2022-12-15,134.34564208984375,139.5619960317231,133.88305882406812,138.88288378971373,98931900
2022-12-16,132.38702392578125,135.47746472052233,131.61933586337778,134.5326248058533,160156900
2022-12-19,130.28082275390625,133.06615916355452,129.24740673369394,132.97758322204413,79592600
2022-12-20,130.2119140625,131.14691722297425,127.83994745250583,129.31627297471567,77432800
2022-12-21,133.31219482421875,134.6507305969255,130.65481182459862,130.88117753836192,85928000
2022-12-22,130.14300537109375,132.4362327068824,128.24347383297044,132.2295555538223,77852100
2022-12-23,129.7788848876953,130.33004413506166,127.59392142994787,128.8537182862033,63814900
2022-12-27,127.97771453857422,129.33593858388994,126.68839288069665,129.30641328011848,69007800
2022-12-28,124.05071258544922,128.96195335269854,123.88339749624971,127.62341762114275,85438400
2022-12-29,127.56436920166016,128.42063320760047,125.71404389802797,125.9699349180437,75703700
2022-12-30,127.87931823730469,127.8990067839709,125.41878304163788,126.38331908581098,77034200
2023-01-03,123.09602355957031,128.8340031338152,122.21022673136561,128.22379338136977,112117500
2023-01-04,124.36566162109375,126.62936374107429,123.10586505340991,124.88729543343348,89113600
2023-01-05,123.04681396484375,125.75341088924934,122.79092293482029,125.12351256937882,80962700
2023-01-06,127.57421875,128.2336424206293,122.91887596059405,124.02120184221346,87754700
2023-01-09,128.0958251953125,131.30438194257326,127.83993420444634,128.41078181603234,70790800
2023-01-10,128.6666717529297,129.1883055110105,126.09786503081405,128.20408860626057,63896200
2023-01-11,131.38316345214844,131.40283698381694,128.40098644639082,129.17851145026387,69458900
2023-01-12,131.30442810058594,132.14100375978632,129.3655188993163,131.7670114136582,71379600
2023-01-13,132.63308715820312,132.79056549396478,129.58202324711493,129.94617875784812,57809700
2023-01-17,133.79446411132812,135.12314807764807,132.01303370787318,132.7019826183309,63646600
2023-01-18,133.07598876953125,136.42232060237055,132.8988218980733,134.6605787592018,69672800
2023-01-19,133.13504028320312,134.0995687562006,131.65871475561192,131.96381962844052,58280400
2023-01-20,135.69400024414062,135.84164181281548,132.10161400912494,133.14488168206822,80223600
2023-01-23,138.88287353515625,141.0579999020067,135.72353008280908,135.94005904305521,81760300
2023-01-24,140.2804718017578,140.90053342355856,138.0856717213938,138.0955084866108,66435100
2023-01-25,139.62103271484375,140.18202862963406,136.61916767862735,138.6663409653264,65799300
2023-01-26,141.68788146972656,141.9732977828438,139.6603818984353,140.9103416541343,54105100
2023-01-27,143.62680053710938,144.90628582720518,140.82179068901345,140.900529862646,70555800
2023-01-30,140.74302673339844,143.2527830109075,140.59540019505755,142.67209860282117,64015300
2023-01-31,142.01266479492188,142.06187864867766,140.03439402480078,140.4477633640219,65874500
2023-02-01,143.1347198486328,144.2961041135033,139.0896010182318,141.69777094930987,77663600
2023-02-02,148.43963623046875,148.79393998354684,145.83145179927072,146.54992610628193,118339000
2023-02-03,152.06153869628906,154.8960886893848,145.496812581912,145.6936529941079,154357300
2023-02-06,149.33526611328125,150.6836538403975,148.4002628109197,150.1620199448286,69858300
2023-02-07,152.2091522216797,152.77999988075524,148.2624474794368,148.2624474794368,83322600
2023-02-08,149.52227783203125,152.14029923404468,148.78411491914525,151.45135018561032,64120100
2023-02-09,148.48880004882812,151.89419715713953,148.04590544398496,151.3528748543498,56007100
2023-02-10,148.85354614257812,149.1788354914484,147.08911426452642,147.32569243849323,57450700
2023-02-13,151.65298461914062,152.0571182724141,148.7648180243575,148.79438841262413,62199000
2023-02-14,151.0122833251953,151.57415087909246,148.70570240485208,149.94770404483108,61707600
2023-02-15,153.11183166503906,153.27940219693946,150.6968215839401,150.92353288699502,65573800
2023-02-16,151.5149688720703,154.09754945424802,151.16010920849044,151.31781291605773,68167900
2023-02-17,150.3715362548828,150.8151070910907,148.69581585093724,150.17439533222245,59144100
2023-02-21,146.3596649169922,149.1394018439348,146.29067235544917,148.05510409777494,58867200
2023-02-22,146.78353881835938,147.8086807909047,145.0585291708209,146.74410160351695,51011300
2023-02-23,147.2665252685547,148.1931042440918,145.1373820304515,147.94667430552937,48394200
2023-02-24,144.6149444580078,145.0880857046954,143.6390765358812,145.0092263234326,55469600
2023-02-27,145.8076629638672,147.039812645864,145.34437348016522,145.60067024018994,44998500
2023-02-28,145.30494689941406,146.95109701970668,144.7332276594082,144.95008720013072,50547000
2023-03-01,143.2349090576172,145.12748883698703,142.9391901768966,144.73320702328428,55479000
2023-03-02,143.8263702392578,144.61494903595985,141.84506394442167,142.31822024697658,52238100
2023-03-03,148.87326049804688,148.9521198871165,145.22610023869615,145.9259528752422,70732300
2023-03-06,151.63330078125,154.06803024605406,151.26858921507775,151.59386356059247,87558000
2023-03-07,149.4351043701172,151.83039589059405,148.9718149331636,151.50510660246357,56182000
2023-03-08,150.6869659423828,151.27840377958802,149.6618240709013,150.6278251668401,47204800
2023-03-09,148.43954467773438,152.33313497413033,148.08468493947933,151.3671337581158,53833600
2023-03-10,146.37939453125,148.78455331931613,145.50210448552664,148.0649820559655,68572400
2023-03-13,148.3212432861328,150.95311305935627,145.59079552733544,145.69922529511118,84457100
2023-03-14,150.41098022460938,151.209410853691,147.95654755608294,149.11968969699433,73695900
2023-03-15,150.80528259277344,151.06156433450928,147.77911548729296,149.03098388604963,77167900
2023-03-16,153.6244354248047,154.22572509887632,149.47454848721353,149.98712698991974,76161100
2023-03-17,152.78652954101562,154.50168696477587,152.07681026503803,153.85110845498198,98944600
2023-03-20,155.1522674560547,155.5662829465371,151.94867858194203,152.85555389921097,73641400
2023-03-21,157.00543212890625,157.1237136794573,154.30455474450915,155.07342994575768,73938300
2023-03-22,155.57615661621094,159.82460651427928,155.5564380089166,157.0251659140942,75701800
2023-03-23,156.66041564941406,159.2430113419942,155.4282660956086,156.5618527096425,67622100
2023-03-24,157.9616241455078,158.05033533240547,155.5959022495454,156.59147399792508,59196500
2023-03-27,156.01974487304688,158.47419284355544,155.6155961034445,157.65604352005258,52390300
2023-03-28,155.3987274169922,156.226743517172,153.7525770821358,155.71416498675424,45992200
2023-03-29,158.4741668701172,158.75016719414856,157.074446643704,157.09415020907082,51305700
2023-03-30,160.04148864746094,160.1499184415396,158.9670575321584,159.22333929957506,49501700
2023-03-31,162.5452117919922,162.64378980216873,159.59791880296052,160.12034916693244,68749800
2023-04-03,163.7970428466797,163.91532439911353,161.87489241518372,161.92418140899423,56976200
2023-04-04,163.26475524902344,164.45746763773894,162.75217680448466,164.22090454094308,46278300
2023-04-05,161.42147827148438,162.69306530915642,159.48947577581393,162.38749456021097,51511700
2023-04-06,162.3086395263672,162.60435849941234,159.6866210280676,160.11047335808198,45390100
2023-04-10,159.71617126464844,159.71617126464844,157.7940207437735,159.11488161033475,47716900
2023-04-11,158.50372314453125,160.04144339602837,158.21785602238293,160.03159161422226,47644200
2023-04-12,157.81375122070312,159.74575366976245,157.49831365463328,158.9177526201656,50133100
2023-04-13,163.19577026367188,163.43234843413578,159.11489082873655,159.3218986080038,68445600
2023-04-14,162.85073852539062,163.94488786146843,161.48058891002177,162.2395821576286,49386500
2023-04-17,162.8704833984375,163.02820218114718,161.6876226098968,162.73248322378927,41516200
2023-04-18,164.0927734375,165.01935243982652,163.2844759960185,163.72806193096773,49923000
2023-04-19,165.23619079589844,165.75862101045766,163.17602528319068,163.4323220199929,47720200
2023-04-20,164.27020263671875,165.47278202514906,163.19577163848064,163.71820194187683,52456400
2023-04-21,162.66348266601562,164.07305473489896,162.14105238473394,162.69305305620966,58337300
2023-04-24,162.96905517578125,163.23520373133107,161.54961626736943,162.643765839196,41949600
2023-04-25,161.4313201904297,163.93504162144998,161.3918829793584,162.83104036567903,48714100
2023-04-26,161.42147827148438,162.91977666468185,160.47519563222698,160.73147738017352,45498800
2023-04-27,166.00506591796875,166.1529178634098,162.83104713478986,162.83104713478986,64902300
2023-04-28,167.25694274902344,167.42452836533985,165.48265898999023,166.08394872105114,55275900
2023-05-01,167.16818237304688,168.01590182570695,166.23175176672046,166.86261170538234,52472900
2023-05-02,166.13320922851562,167.91737470896658,165.1474894240389,167.66107793363267,48425700
2023-05-03,165.05880737304688,168.47925690132791,164.7729551973071,167.0795363369228,65136000
2023-05-04,163.42245483398438,164.65460440159984,161.96359395737636,162.53531316165655,81235400
2023-05-05,171.0913848876953,171.8109560965244,168.32149974515366,168.5383592942621,113453200
2023-05-08,171.02236938476562,171.3673772990156,169.65221959190652,170.01693107088172,55962800
2023-05-09,169.31710815429688,171.06182151405454,169.14953757945023,170.5788283985824,45326900
2023-05-10,171.08151245117188,171.54480192353225,169.44521410372417,170.5492304195713,53724500
2023-05-11,171.26878356933594,172.0967844383617,169.71134476851833,171.36736154745756,49514700
2023-05-12,170.3409881591797,171.81173277353275,168.79126000437861,171.37741367125227,45533100
2023-05-15,169.847412109375,170.97268634600138,169.2551561693846,170.92332917405315,37266700
2023-05-16,169.847412109375,170.903583292935,169.58089543020992,169.76844364659667,42110300
2023-05-17,170.4593963623047,170.69628668546216,168.21871333171157,169.492059065459,57951600
2023-05-18,172.78890991210938,172.97645812210007,170.35081330561755,170.76538642479474,65496700
2023-05-19,172.89749145507812,174.11159953538055,172.68033195301507,174.11159953538055,55809500
2023-05-22,171.9498748779297,172.4532969038887,171.20956254487746,171.73271538863227,43570900
2023-05-23,169.34397888183594,171.1404774028389,169.0675968111729,170.89370662105455,50747300
2023-05-24,169.62037658691406,170.19288666082696,168.317434571077,168.88006417332414,45143500
2023-05-25,170.75555419921875,171.6537886011476,169.47234283142473,170.1830440486123,56058300
2023-05-26,173.16400146484375,173.49962120538788,170.87397623432938,171.08127033696854,54835000
2023-05-30,175.0098876953125,176.6780610308142,174.28932103938652,174.6742829582179,55964400
2023-05-31,174.96051025390625,177.03339115324283,174.47683402760893,175.03947872320146,99625300
2023-06-01,177.76380920410156,177.79342049505456,174.64462268903534,175.40468096744894,68901800
2023-06-02,178.61268615722656,179.4319669478336,176.94451328757913,178.69165461361322,61996900
2023-06-05,177.26040649414062,182.56103856696868,175.74028990045602,180.27101332814428,121946500
2023-06-06,176.8951873779297,177.79342164547316,175.13816542041533,177.64536518975015,64848400
2023-06-07,175.5231475830078,178.86935913776645,175.02960596689772,176.135134367242,61944600
2023-06-08,178.2376251220703,178.50412674833163,175.1677956906412,175.60209965770608,50214900
2023-06-09,178.62257385253906,179.8761586114367,178.29683460490384,179.15559212759166,48900000
2023-06-12,181.41600036621094,181.51471470308874,178.6324337942364,178.92856174317663,54274900
2023-06-13,180.94223022460938,181.77137654932005,180.08347260699438,180.43882318354116,54929100
2023-06-14,181.57394409179688,182.00826309164242,179.668880824476,181.00143405215442,57462900
2023-06-15,183.6073455810547,184.11076766616947,181.4061542027307,181.5838370156226,65433200
2023-06-16,182.53143310546875,184.57470266619666,181.88983501651188,184.31805138125782,101256200
2023-06-20,182.62025451660156,183.69618663444365,182.02801364300083,182.02801364300083,49799100
2023-06-21,181.58384704589844,183.01511479137184,180.23153270863293,182.51169267844918,49515700
2023-06-22,184.58456420898438,184.63392138287654,181.29757524213758,181.36667829792557,51245300
2023-06-23,184.26870727539062,185.13734541827677,182.62027993546528,183.1533133637622,53117000
2023-06-26,182.8768768310547,185.62096644420274,182.83738507538382,184.4167239450006,48088700
2023-06-27,185.630859375,185.9565986299679,183.27173119056016,183.48889069387212,50730800
2023-06-28,186.8054962158203,187.44709427325768,185.17681495512898,185.50253915791174,51216800
2023-06-29,187.14108276367188,187.61489349976054,186.49948476837957,186.6376758009822,46347300
2023-06-30,191.46453857421875,191.96794560784363,188.78953634841974,189.1547673916645,85213200
2023-07-03,189.9740447998047,191.37570117698604,189.28307449044232,191.27698682945007,31458200
2023-07-05,188.85862731933594,190.48730854754436,188.15779163185775,189.09553270560195,46920300
2023-07-06,189.33242797851562,189.53972207962792,186.756140199604,187.3878728511301,45094300
2023-07-07,188.21701049804688,190.1813114167851,187.7827065576724,188.9375920522482,46815000
2023-07-10,186.1737823486328,187.5359621262765,184.6240543335807,186.81538047079187,59922200
2023-07-11,185.65060424804688,186.85484691926047,184.18972537508213,186.71665587805697,46638100
2023-07-12,187.3187713623047,189.22383458950753,186.0355602702456,187.22992243297554,60750200
2023-07-13,188.0788116455078,188.72042471252908,187.32863389417258,188.0393349477294,41342300
2023-07-14,188.22689819335938,188.71055932283986,187.18059240914323,187.77283329330808,41616200
2023-07-17,191.4842529296875,191.8099921548826,189.3324039740118,189.42123783678522,50520200
2023-07-18,191.22764587402344,191.81990188608006,189.93456914478574,190.8525644573039,48288200
2023-07-19,192.5799560546875,195.66951651285706,190.1615899429346,190.60578947313948,80507300
2023-07-20,190.63539123535156,193.9322456468904,190.01352397351403,192.57006595398724,59581200
2023-07-21,189.4607696533203,192.4516308259383,188.75993388819955,191.5928731808388,71951700
2023-07-24,190.2602996826172,192.3924031537896,189.76675804919924,190.91177825353577,45377800
2023-07-25,191.11904907226562,191.92846454581797,190.42809382758358,190.83280156435973,37283200
2023-07-26,191.98764038085938,193.11291438010988,190.8228896893944,191.16835969676694,47471900
2023-07-27,190.72421264648438,194.65279947329122,190.06286872536143,193.48804855415668,47460200
2023-07-28,193.30050659179688,194.09017617119656,191.63233355900982,192.15548645475204,48291400
2023-07-31,193.91250610351562,193.9519978690126,192.73787459795656,193.52754422924545,38824100
2023-08-01,193.0833740234375,194.1889025518439,192.7576347116685,193.7052413515144,35175100
2023-08-02,190.0924835205078,192.65889079076135,189.37191700535638,192.52069974591456,50389300
2023-08-03,188.70068359375,189.8851803589987,188.22688789998924,189.09552588996192,61235200
2023-08-04,179.63929748535156,184.95967593788856,179.57019442385428,183.12370037395337,115956800
2023-08-07,176.53985595703125,180.76457131743229,175.0592309925441,179.77748800777417,97576100
2023-08-08,177.47755432128906,177.94148460917899,175.2862285117603,177.36897457174686,67823000
2023-08-09,175.8883514404297,178.59294967088076,174.72358547458126,178.53372709089916,60378500
2023-08-10,175.67123413085938,178.4153247814839,175.30601809212868,177.16172464458214,54686900
2023-08-11,175.73049926757812,176.5508864753638,174.5048729038775,175.2659575562626,52036700
2023-08-14,177.38119506835938,177.60852659340796,175.25609098331174,175.90844935818416,43675600
2023-08-15,175.39443969726562,177.40092323969566,174.99907927707545,176.8078826094104,43622600
2023-08-16,174.52464294433594,176.47180884084688,174.45544657600635,175.07815356283987,46964900
2023-08-17,171.9844207763672,175.4537562487029,171.47044012349116,175.08804707675128,66062900
2023-08-18,172.46876525878906,173.07169980381985,169.968073231539,170.30413115315332,61172200
2023-08-21,173.80308532714844,174.08973444525807,171.7274205434044,173.0420157807921,46311900
2023-08-22,175.17698669433594,175.62177093693052,174.2083431088137,175.00895776189057,42038900
2023-08-23,179.02194213867188,179.44696895877536,176.2642675025049,176.45206899868776,52722800
2023-08-24,174.33685302734375,179.00217866700072,173.9711287799832,178.57715186115848,54945800
2023-08-25,176.54103088378906,177.07476903438783,173.78335612196395,175.3252830926219,51449600
2023-08-28,178.1027374267578,178.4980979181981,176.48173528059502,178.00388976287974,43820700
2023-08-29,181.98715209960938,182.75811538578077,177.42067493043544,177.61835511729424,53003900
2023-08-30,185.47628784179688,185.67398314097,182.6000082560471,182.7976884731864,60813900
2023-08-31,185.69374084472656,186.92926105598286,185.30825914209595,185.66408956621913,60794500
2023-09-01,187.2653045654297,187.7199674857303,186.09896582677092,187.29495583927402,45766500
2023-09-05,187.50253295898438,187.77928826308653,185.4367469097816,186.09898389331408,45280000
2023-09-06,180.79119873046875,186.66239298088038,179.3678770840619,186.21759365485326,81755800
2023-09-07,175.50315856933594,176.14563807720947,171.5297216636145,173.1507234483217,112488800
2023-09-08,176.115966796875,178.15211655476327,175.7304851357375,176.2840107997074,65551300
2023-09-11,177.2823028564453,178.21141635408188,175.2856982178241,177.98408488615974,58953100
2023-09-12,174.25778198242188,178.04341790139725,172.79493020499618,177.4108321261293,90370200
2023-09-13,172.19198608398438,175.24618840249718,171.96463950783718,174.46533118918654,84267900
2023-09-14,173.7042694091797,174.06009984649242,171.5692867853032,171.98441978182902,60895800
2023-09-15,172.9827117919922,174.45545734300367,171.80650919609533,174.43568479625586,109259500
2023-09-18,175.90843200683594,177.3021024660386,174.12927983360214,174.4356864419302,67257600
2023-09-19,176.9956817626953,177.54919237650395,175.07815207769175,175.46363376102514,51826900
2023-09-20,173.45716857910156,177.61839243619755,173.3681996565953,177.1834868845125,58436200
2023-09-21,171.91519165039062,174.25774788080986,171.84601037143327,172.52801984046553,63149100
2023-09-22,172.76524353027344,175.0287248458324,172.03382526857388,172.6466384244914,56725400
2023-09-25,174.04031372070312,174.92000347180993,172.13266274999066,172.1820865728236,46172700
2023-09-26,169.9680633544922,173.17052232124786,169.6715354659317,172.79493440563715,64588900
2023-09-27,168.4557647705078,171.03553164114703,167.0917606780329,170.62039864934732,66921800
2023-09-28,168.71275329589844,170.03722730338785,165.67830850769053,167.37838547451082,56294400
2023-09-29,169.2267303466797,171.06518493104676,168.36679806748614,170.02734498983367,51861100
2023-10-02,171.73728942871094,172.28092127496365,168.94994891630552,169.2365980179806,52164500
2023-10-03,170.40292358398438,171.61868620307462,168.84123947337378,170.26454593815689,49594600
2023-10-04,171.64833068847656,172.19196251916273,168.9894891655102,169.10809426237566,53020300
2023-10-05,172.8838653564453,173.41760341955526,170.67968657288918,171.77682905786853,48527900
2023-10-06,175.43399047851562,175.92819856079907,171.17390414032383,171.78673241813826,57266700
2023-10-09,176.9166259765625,176.97592853708252,173.7635757979471,174.76187075811515,42390800
2023-10-10,176.32354736328125,177.6381425852869,175.88864186643335,176.03691333055846,43698000
2023-10-11,177.71722412109375,177.76664794425923,175.54271164011269,176.13575227199846,47551100
2023-10-12,178.61669921875,180.2278073787141,176.96603088257305,177.98411345020415,56743100
2023-10-13,176.77825927734375,179.82256817452978,176.07647707622922,179.31848129679557,51427100
2023-10-16,176.64971923828125,177.00554962273654,174.46531311220224,174.7025383958498,52517000
2023-10-17,175.09791564941406,176.35320838797153,172.77514673671925,174.60370757241088,57549400
2023-10-18,173.80308532714844,175.52293478970745,173.08154578913502,173.54610256783715,54764400
2023-10-19,173.4275360107422,175.77995662188818,173.16065937849837,174.00080421032325,59302900
2023-10-20,170.8773956298828,173.3879661145723,170.64017031492207,173.27923973046956,64244000
2023-10-23,170.99598693847656,171.99428177951037,167.96154224302492,168.93020088937016,55980100
2023-10-24,171.430908203125,171.6582397062376,169.46395453488128,171.04542648826694,43816600
2023-10-25,169.11801147460938,171.0552987076063,168.67321213575732,169.88897487497013,57157000
2023-10-26,164.95677185058594,169.39476582537458,163.75090293239452,168.3964558542296,70625300
2023-10-27,166.27137756347656,167.00281099505466,164.89747962237493,164.97655472973753,58499100
2023-10-30,168.31736755371094,169.18717852998205,166.91381853056686,167.06208999172168,51131000
2023-10-31,168.7918243408203,168.92030818010912,165.9550598323106,167.38827526603964,44846000
2023-11-01,171.9547576904297,172.2117404582064,168.14934950515965,169.01916053768616,56934900
2023-11-02,175.5130615234375,175.7206204672586,173.42750286114074,173.4868054165182,77334800
2023-11-03,174.60369873046875,174.77174274032964,171.34193765305042,172.22162738228718,79829200
2023-11-06,177.15382385253906,177.35150406781844,174.16881791314302,174.33684685023218,63841300
2023-11-07,179.7138214111328,180.32663456302825,176.89682951103612,177.1043884447924,70530000
2023-11-08,180.7714080810547,181.32491864766183,179.48646421884135,180.23767005812115,49340300
2023-11-09,180.29696655273438,181.98714947029399,179.7039109186948,180.84059837026544,53763500
2023-11-10,184.4834747314453,184.65174012268164,181.64298820237886,182.07846664625706,66133400
2023-11-13,182.8999481201172,184.11729742228064,182.31601793716675,183.9094650326421,43627500
2023-11-14,185.51280212402344,186.17591157835597,184.38452385663774,185.77012344749633,60108400
2023-11-15,186.07691955566406,187.55160515956638,185.84928859059917,185.91857611582427,53790500
2023-11-16,187.7594757080078,188.9966236513369,186.7103615664657,187.6209157424311,54412900
2023-11-17,187.7396697998047,188.42257785422723,186.63119011836693,188.29390964052354,50922700
2023-11-20,189.48158264160156,189.93685974559065,187.92773262314063,187.93762437034974,46505100
2023-11-21,188.67990112304688,189.55085808280586,187.78916067013205,189.44198846283598,38134500
2023-11-22,189.34300231933594,190.9463411053134,188.8679417719912,189.52115946327928,39617700
2023-11-24,188.01681518554688,188.93724609528368,187.30421669327737,188.90755574993122,24048300
2023-11-27,187.83863830566406,188.70959528304604,186.95778958150402,187.96730652329646,40552600
2023-11-28,188.44236755371094,189.11538388382388,187.45264920500045,187.82874701011957,38415400
2023-11-29,187.42294311523438,190.11497800569174,187.02706184977393,188.93721085337887,43014200
2023-11-30,187.99697875976562,188.36318478193425,186.2550800746654,187.888109148078,48794400
2023-12-01,189.2737274169922,189.59042941044567,187.2843840288066,188.37308016671426,45704800
2023-12-04,187.4823455810547,188.0959812462982,185.5227074160739,188.0266937107449,43389500
2023-12-05,191.43133544921875,192.4012552746417,188.22464232394302,188.25434777036742,66628400
2023-12-06,190.34266662597656,192.7575670481131,190.1348190989148,192.45075673351695,41089700
2023-12-07,192.27259826660156,192.9950884718347,191.59958189996593,191.63917909312914,47477700
2023-12-08,193.69773864746094,193.97485851110258,191.67870523875752,192.20325463078638,53406400
2023-12-11,191.19378662109375,191.50061200003438,189.45188773429211,191.12451418849048,60943700
2023-12-12,192.70806884765625,192.71796059458774,189.7488055095461,191.09482308550778,52696900
2023-12-13,195.92465209960938,195.96423418895137,192.8466274130704,193.08415015292962,70404200
2023-12-14,196.07308959960938,197.56755876987646,194.14314196862804,195.9840185786185,66831600
2023-12-15,195.5386505126953,196.36010340669733,194.97450383643803,195.4990533238864,128538400
2023-12-18,193.87591552734375,194.60831249977454,192.39133809002112,194.0738561652729,55751900
2023-12-19,194.91514587402344,194.9250376214273,193.87593852424982,194.14316672319833,40714100
2023-12-20,192.8268280029297,195.6475162401682,192.8268280029297,194.87553713507947,52242800
2023-12-21,192.6783447265625,195.0536776254948,191.51048442189503,194.08375795359612,46482500
2023-12-22,191.6094970703125,193.40088504018271,190.98596961710052,193.173238924369,37149600
2023-12-26,191.06512451171875,191.89648427525853,190.84738527337694,191.6193643540786,28919300
2023-12-27,191.16409301757812,191.5105004803971,189.12527563548673,190.5108903848591,48087700
2023-12-28,191.5896759033203,192.65857351066379,191.18388776405135,192.14391575114956,34049900
2023-12-29,190.5504608154297,192.40122918172025,189.758683164504,191.9063700376295,42672100
2024-01-02,183.73129272460938,186.50250680575422,181.99928581163158,185.2257618242656,82488700
2024-01-03,182.35562133789062,183.9688672168001,181.5440449736598,182.32593099304364,58414500
2024-01-04,180.03965759277344,181.2075179249861,179.0202489631632,180.27718031693732,71983600
2024-01-05,179.31715393066406,180.88091065327836,178.31754388665928,180.1188384374096,62379700
2024-01-08,183.65213012695312,183.6917273170526,179.63387614033877,180.21780632812883,59144500
2024-01-09,183.2364501953125,183.24634194188326,180.85122540618832,182.0289926299427,42841800
2024-01-10,184.275634765625,184.48346713133998,182.02897021466416,182.45455689524942,46792900
2024-01-11,183.6818084716797,185.12680377786887,181.73206228896322,184.6220377994394,49128400
2024-01-12,184.0084228515625,184.8199990991005,183.28593272766105,184.14698280822722,40477800
2024-01-16,181.74195861816406,182.36547081733983,179.06970738606304,180.28707165025173,65603000
2024-01-17,180.80174255371094,181.04917214343425,178.44622312883942,179.40625114511818,47317400
2024-01-18,186.6905975341797,187.1953485109901,183.91938283185837,184.17670419420983,78005800
2024-01-19,189.59042358398438,189.97641309339812,186.87860527237555,187.3833561379468,68903000
2024-01-22,191.89646911621094,193.3216657993532,190.28322355100102,190.32282073770045,60133900
2024-01-23,193.1732177734375,193.73736447446063,191.83710707958323,193.01487431695855,42355600
2024-01-24,192.5001983642578,194.36087349468033,192.3418398208385,193.41073733606618,53631300
2024-01-25,192.17361450195312,194.2520291241628,191.1245154438125,193.21282181305796,54822100
2024-01-26,190.44158935546875,192.7575265029299,189.96652881027472,192.27257421163478,44594000
2024-01-29,189.7587127685547,190.2238816447227,187.63082415775594,190.0358327243265,47145600
2024-01-30,186.1066436767578,189.82799457367844,185.54251203451676,188.97683613469175,55859400
2024-01-31,182.50404357910156,185.17629499887522,182.45456974695213,185.11689921687164,55467800
2024-02-01,184.9387664794922,185.02783750412453,181.93002942176474,182.0982797244824,64885400
2024-02-02,183.9391632080078,185.40394215196616,177.40701599262258,178.01074479617154,102551700
2024-02-05,185.75030517578125,187.30417000412038,183.92922730587782,186.21547393955785,69668800
2024-02-06,187.3536834716797,187.36357521832525,184.8496972971495,184.93876832266957,43490800
2024-02-07,187.46255493164062,189.0856924097343,186.67077723703076,188.67990426473503,53439000
2024-02-08,186.38377380371094,187.59121634154823,185.42374576060666,187.44276462432762,40962000
2024-02-09,187.1468048095703,188.2765227675386,186.30446474496694,186.9485964735415,45155200
2024-02-12,185.4621124267578,186.96840797825126,185.10535861511914,186.72066269575697,41781900
2024-02-13,183.37115478515625,184.53061609699293,181.85495475727518,184.0945819491523,56529500
2024-02-14,182.4891815185547,183.85674041023526,180.79461213824646,183.64864282656313,54630500
2024-02-15,182.20181274414062,182.82613576875198,179.71445525689393,181.8946109768474,65434500
2024-02-16,180.665771484375,183.18287207946292,180.0315441516518,181.76576116844507,49752500
2024-02-20,179.9225616455078,180.78471053407532,178.3766332434525,180.15048310961222,53665600
2024-02-21,180.6757049560547,181.24055639365764,179.03067248659073,180.2991272502037,41371400
2024-02-22,182.7071990966797,183.29188949706392,180.8144364958238,181.82522643308513,52292200
2024-02-23,180.8739013671875,183.3711632214272,180.58650833781007,183.34143499372246,45119700
2024-02-26,179.5261688232422,181.11172976770854,179.02075870271764,180.59643039937333,40867400
2024-02-27,180.98289489746094,182.2612539462515,177.94057546451762,179.4666949255866,54318900
2024-02-28,179.78379821777344,181.46846314665845,178.50543918901624,180.86396404098633,48953900
2024-02-29,179.119873046875,180.92346630197014,177.9108746304469,179.63518756564144,136682600
2024-03-01,178.03970336914062,178.90185225837237,175.78026722267666,177.93069482167198,73563100
2024-03-04,173.5208282470703,175.30458245485661,172.2226300679557,174.56134649455421,81510100
2024-03-05,168.58572387695312,170.48840604509627,168.0902332564625,169.21995126633416,95132400
2024-03-06,167.59475708007812,169.69564777442116,167.1587228770791,169.5172632726602,68587700
2024-03-07,167.47581481933594,169.1902079797121,166.97041987504164,167.62445594378354,71765100
2024-03-08,169.1902313232422,172.13344696276567,167.41638146834518,167.47583792632756,76267000
2024-03-11,171.19200134277344,172.8073055285168,170.49831753088682,171.3802901891083,60139500
2024-03-12,171.6676788330078,172.4604668624585,169.4676992338398,171.58839851794536,59825400
2024-03-13,169.5866241455078,171.62804307697533,169.21995080494636,171.21183277143888,52488700
2024-03-14,171.4397430419922,172.73792596009017,170.49831395125625,171.35055836544484,72913500
2024-03-15,171.06317138671875,171.06317138671875,168.75418335618096,169.62625165850892,121752700
2024-03-18,172.15325927734375,176.107279800922,171.95506605696912,173.98658058844927,75604200
2024-03-19,174.49197387695312,175.01719271038215,171.46947815172825,172.76766112194616,55215200
2024-03-20,177.05860900878906,177.05860900878906,173.51089450186836,174.1352174960067,53423100
2024-03-21,169.824462890625,175.88927881289044,169.29924400405602,175.45324461547284,106181300
2024-03-22,170.72625732421875,171.48931715990707,168.5262776263353,170.210942813777,71160100
2024-03-25,169.3091278076172,170.38929358279395,167.92174518816086,169.03165430796025,54288300
2024-03-26,168.179443359375,169.8740129173693,168.05061095138228,168.46682128354186,57388400
2024-03-27,171.74696350097656,172.0343565405087,168.57582642397568,168.87312383270142,60273300
2024-03-28,169.93345642089844,170.67669234048742,168.97220342186947,170.20102558587905,65672700
2024-04-01,168.4965362548828,169.70553455748254,167.9514935576168,169.6460781034487,46240500
2024-04-02,167.3172607421875,167.81275133793278,166.71276161053132,167.55510167176752,49329500
2024-04-03,168.11996459960938,169.14067408704202,167.05962251511946,167.2677201117247,47691700
2024-04-04,167.29745483398438,170.3694875068381,167.29745483398438,168.7541832986243,53704400
2024-04-05,168.05059814453125,168.85329051832247,167.42627513328318,168.06050251317026,42104800
2024-04-08,166.9307861328125,167.67402205960258,166.72268854116854,167.50555706407098,37425500
2024-04-09,168.13978576660156,168.5460917055098,166.83169838821917,167.17853275073267,42373800
2024-04-10,166.26683044433594,167.5650134431552,165.60287483124418,167.27763553824258,49709300
2024-04-11,173.46133422851562,173.87755961907308,166.6433941837476,166.82176353298163,91070300
2024-04-12,174.95773315429688,176.75140669942581,172.63884078505302,172.68837774790788,101670900
2024-04-15,171.13253784179688,175.03700600653332,170.94424900321735,173.7784557074799,73531800
2024-04-16,167.85238647460938,172.19287348566485,166.75239682964104,170.20100688366134,73711200
2024-04-17,166.48483276367188,169.1109267558204,166.48483276367188,168.08031301583728,50901200
2024-04-18,165.53350830078125,167.11908441586118,165.04793714543356,166.5145852231191,43122900
2024-04-19,163.51190185546875,164.89926951971245,162.6002009445124,164.7109957890585,68149400
2024-04-22,164.3443145751953,165.75150603037284,163.28397258003716,164.0272084619306,48116400
2024-04-23,165.39474487304688,165.54340111554177,163.4326064657252,163.85873621547074,49537800
2024-04-24,167.4956512451172,167.77312477902248,164.71099641624178,165.03800691456527,48251800
2024-04-25,168.3577880859375,169.07129572836638,166.63347542987228,168.00103426472305,50558300
2024-04-26,167.7731170654297,169.79471202253325,167.6541890412428,168.3478879652858,44838400
2024-04-29,171.9352264404297,174.4424074952563,171.5388400360099,171.80639405446584,68169400
2024-04-30,168.79383850097656,173.41181476528868,168.46681287321124,171.76678225756265,65934800
2024-05-01,167.7731170654297,171.15236652369296,167.58482822154218,168.05059058657778,50383100
2024-05-02,171.46949768066406,171.85597979307556,169.34879824722077,170.95418315705703,94214900
2024-05-03,181.72613525390625,185.31348231884328,181.01262758822543,184.9666328542693,163224100
2024-05-06,180.0712127685547,182.53874644704828,178.79283846563771,180.70544017490002,78569700
2024-05-07,180.7549591064453,183.2324120279765,179.68471275097576,181.79549235772294,77305800
2024-05-08,181.09190368652344,181.41892928578648,179.81352951475225,181.20091221961113,45057100
2024-05-09,182.90541076660156,182.99459544718977,180.4675903156434,180.91352883975787,48983000
2024-05-10,181.64515686035156,183.66949389545601,180.7322193628195,183.48094965782863,50759500
2024-05-13,184.85037231445312,185.6640864017181,183.20310853414878,184.01682262141375,72044800
2024-05-14,185.99154663085938,186.8548800445926,184.8602962551219,186.0709344816443,52393600
2024-05-15,188.2639617919922,189.1868170758504,185.93199122253947,186.46785537715886,70400000
2024-05-16,188.38302612304688,189.63336565724362,188.2044148419799,189.00819589014523,52845200
2024-05-17,188.4127960205078,189.34558420614056,187.7280891548122,188.05555831413108,41282900
2024-05-20,189.57382202148438,190.44707314635468,187.5594028379898,187.87695420764547,44361300
2024-05-21,190.873779296875,191.25085261805762,189.4547462309282,189.62343971650407,42309400
2024-05-22,189.43487548828125,191.3401532056599,188.80972090576984,190.7943713148317,34648500
2024-05-23,185.44577026367188,189.5341459487459,185.19768892080702,189.51429520164533,51005900
2024-05-24,188.52194213867188,189.11734333076396,186.59682877814635,187.37085638453854,36327000
2024-05-28,188.5319061279297,191.51880009814326,187.64873713728954,190.04022981736387,52280100
2024-05-29,188.82958984375,190.7745542503335,188.05557725890648,188.15481585355153,53068000
2024-05-30,189.8218994140625,190.70506832278696,189.16697622567534,189.29596821795033,49889100
2024-05-31,190.77455139160156,191.09210277636024,188.45251367186646,189.9707702687458,75158300
2024-06-03,192.54087829589844,193.49351725389894,191.04247253185534,191.41954585254337,50080500
2024-06-04,192.8584442138672,193.82100104656786,191.548567440495,193.1462119125533,47471400
2024-06-05,194.3667755126953,195.38886948576234,193.37445009094603,193.9003813531384,54156800
2024-06-06,192.98745727539062,194.99195900714616,192.67983879580981,194.1881777820001,41181800
2024-06-07,195.37892150878906,195.42854080055034,192.65002702042116,193.15610745634936,53103900
2024-06-10,191.6378936767578,195.78582209632464,190.67533674065893,195.38888281553446,97010200
2024-06-11,205.5601806640625,205.57011360777915,192.14395345618084,192.16378906024917,172373300
2024-06-12,211.43475341796875,218.51002232587345,205.3120931521647,205.7784872423207,198134300
2024-06-13,212.59576416015625,215.08649505325084,209.97602614095345,213.09192677850285,97862700
2024-06-14,210.85922241210938,213.5186471242216,209.67835280423736,212.20878551515116,70122700
2024-06-17,215.0071258544922,217.2696263789355,211.08744385812574,211.73244926121387,93728300
2024-06-18,212.64540100097656,216.95210469802018,211.36530791117931,215.92007781385274,79943300
2024-06-20,208.0707550048828,212.59577094768608,207.2471383568116,212.28813739547695,86172500
2024-06-21,205.89759826660156,210.26382387597764,205.5205097773767,208.77533580800622,241805100
2024-06-24,206.54261779785156,211.06761941054305,205.0045103276704,206.12584292738626,80727000
2024-06-25,207.46548461914062,209.75775393646785,207.0090082596573,207.54485732874397,55549700
2024-06-26,211.61337280273438,213.21101716086312,209.02340313251779,209.87680350658064,66213200
2024-06-27,212.4568328857422,214.08424561963437,210.72026377340742,213.04230112389732,49772700
2024-06-28,209.00357055664062,214.41175609103416,208.686034302842,214.1140554431902,82542700
2024-07-01,215.08653259277344,215.84069445328046,210.29359904602236,210.46229254870087,60402900
2024-07-02,218.57948303222656,218.6886394133838,213.44916340119858,214.49109278116705,58046200
2024-07-03,219.84967041015625,219.84967041015625,217.34900644671097,218.3115631866412,37369800
2024-07-05,224.60292053222656,224.71207692855523,219.94891212590596,219.94891212590596,60412400
2024-07-08,226.07156372070312,226.1013322692385,221.53662969916704,225.34715532852172,59085900
2024-07-09,226.92495727539062,227.63943274976205,224.63268810415036,226.180713251394,48076100
2024-07-10,231.1919403076172,231.29117889263895,227.49057123987387,227.54019053238477,62627700
2024-07-11,225.823486328125,230.60648662367137,224.03729767642758,229.61416127735984,64710600
2024-07-12,228.77066040039062,230.8545495178413,226.92493479803437,227.16309831312876,53046500
2024-07-15,232.60104370117188,235.40932611038664,231.3010999839828,234.66508213718535,62631300
2024-07-16,233.01785278320312,234.4567215545301,230.54695713829173,233.19646408342908,43234300
2024-07-17,227.12342834472656,229.6836295353235,224.9006141352506,227.68904591405493,57345900
2024-07-18,222.45950317382812,228.67146993188885,220.5641731481692,228.51269423226466,66034600
2024-07-19,222.5885009765625,225.0593965950336,221.56640705838353,223.09459660515446,49151500
2024-07-22,222.24119567871094,226.03187070395737,221.3778623137636,225.26777593230437,48201800
2024-07-23,223.28309631347656,225.19829189616587,220.9709766923272,222.6480087669316,39960300
2024-07-24,216.86277770996094,223.0747441599071,215.46361045876344,222.280880842846,61777600
2024-07-25,215.82083129882812,219.1550448561193,212.9728474396388,217.2497669876539,51391200
2024-07-26,216.28724670410156,217.80550332568987,214.35220009781358,217.02155779536062,41601300
2024-07-29,216.5650634765625,217.61692579686954,214.09416820479274,215.29488839449198,36311800
2024-07-30,217.12078857421875,218.63904514115285,214.46134877521007,217.50779485320817,41643800
2024-07-31,220.37559509277344,222.1022464925354,218.93672649714605,219.74050753338085,50036300
2024-08-01,216.6841583251953,222.7571844619209,215.35444602521784,222.64802807062824,62501000
2024-08-02,218.1726531982422,223.86860618805187,216.0391597412521,217.46809553371503,105568600
2024-08-05,207.66395568847656,211.86148819381572,194.49579244022425,197.5620745135683,119548600
2024-08-06,205.6395721435547,208.3783997216886,199.52685967053256,203.72439154098564,69660500
2024-08-07,208.20970153808594,212.00037630720823,204.80601788828693,205.31209833985366,63516400
2024-08-08,211.6729278564453,212.55609685346144,207.22731432081122,211.4744658055274,47161100
2024-08-09,214.58042907714844,215.1162780786914,210.3431957915856,210.47220292637738,42201600
2024-08-12,216.1103973388672,218.07747160820446,214.1929998012183,214.65993379251097,38028100
2024-08-13,219.82598876953125,220.44193777769505,217.58072790378117,217.58072790378117,44155300
2024-08-14,220.27304077148438,221.5744891931242,218.2662191901357,219.13055181670978,41960600
2024-08-15,223.25344848632812,223.87934187315213,221.30623303799138,223.1342364732981,46414000
2024-08-16,224.57479858398438,225.34970708383625,222.19045191126241,222.45869413327577,44340200
2024-08-19,224.41583251953125,224.51518597934856,221.58442566604344,224.2469437652095,40687800
2024-08-20,225.0317840576172,225.68748051768907,223.97870407222223,224.29662301984854,30299000
2024-08-21,224.9224853515625,226.4921759358446,223.58130467937312,225.04171252806572,34765500
2024-08-22,223.06471252441406,226.84984597984075,222.43881906323927,226.30343225653021,43695300
2024-08-23,225.359619140625,226.7306179936649,222.8660050723941,224.18732719786422,38677300
2024-08-26,225.69740295410156,225.79675641202357,222.4288803537143,225.28014571740593,30602200
2024-08-27,226.5418701171875,227.35652605602343,223.4223624308928,224.52511915345738,35934600
2024-08-28,225.01190185546875,228.35990394020044,224.2071752885293,226.43256221050876,38052200
2024-08-29,228.29037475585938,231.39995310375193,227.3863249726349,228.59836441740794,51906300
2024-08-30,227.50552368164062,228.89638108151303,225.9954391052015,228.68776005113654,52990800
2024-09-03,221.3162078857422,227.50554667965343,219.72664341730942,227.05848641015993,50190600
2024-09-04,219.4087371826172,220.33266071869627,216.06071952153204,220.21344869061124,43840200
2024-09-05,220.92874145507812,224.00850159902006,220.07435325324454,220.1836359939166,36615400
2024-09-06,219.37893676757812,223.77009004470926,218.33578603187902,222.48850009081283,48423000
2024-09-09,219.46832275390625,219.82597396405737,215.29573540828238,219.37891374117063,67180000
2024-09-10,218.67355346679688,220.03460793809228,215.31560663834654,217.49131703149231,51591000
2024-09-11,221.2069091796875,221.63409569372266,216.46803428284608,220.01474349397893,44587100
2024-09-12,221.3162078857422,222.09111639532034,218.38546260882887,221.04796566036197,37455600
2024-09-13,221.04795837402344,222.57790161811045,220.46181236980377,222.12091208096655,36766600
2024-09-16,214.90830993652344,215.80243050187988,212.52396316355507,215.12686027714844,59357400
2024-09-17,215.37522888183594,215.4845116318028,213.10018001697546,214.34202255786693,45519300
2024-09-18,219.249755859375,221.2565773677011,216.12030400107497,216.1302484418979,59894900
2024-09-19,227.3763885498047,228.32020097310811,223.16406850984052,223.52171975466862,66781300
2024-09-20,226.7107391357422,231.56882586153637,226.13452245924367,228.46919216926284,318679900
2024-09-23,224.99205017089844,227.95259834339626,224.33635371548323,225.8563676699032,54146000
2024-09-24,225.88616943359375,227.85325878901892,224.25687274556688,227.15781488965328,43556100
2024-09-25,224.8927001953125,225.80669443859438,222.55804543582803,223.462095237407,42308700
2024-09-26,226.0352020263672,227.00880227293717,223.9389713421174,225.81663654010723,36636700
2024-09-27,226.30340576171875,228.0221264682928,225.81661326820586,226.96904659349977,34026000
2024-09-30,231.4794464111328,231.4794464111328,228.15130238402674,228.53875664504176,54541900
2024-10-01,224.73373413085938,228.15127156053518,222.2798524228829,228.0221302637843,63285000
2024-10-02,225.30003356933594,225.8861795938886,221.56457676904253,224.41584231153624,32880600
2024-10-03,224.19725036621094,225.3298099915582,221.86259582618194,223.6707104185886,34044200
2024-10-04,225.3199005126953,226.5120662505933,222.66732681912907,226.41271278943105,37245100
2024-10-07,220.24322509765625,224.2171205854488,219.8855738973866,223.0348842523572,39505400
2024-10-08,224.296630859375,224.50525191173782,221.79307211654884,222.83622285599392,31855700
2024-10-09,228.0419921875,228.25062837641602,223.3627386107029,223.76012210676075,33591100
2024-10-10,227.54527282714844,228.00227752622936,225.68748134269669,226.29350107451606,28183500
2024-10-11,226.06500244140625,227.91286461183438,225.85636623992795,227.80358186995707,31759200
2024-10-14,229.79054260253906,230.21772915238438,227.1081657950345,227.2075041009655,39882100
2024-10-15,232.3238983154297,235.9401430278398,230.85354589755886,232.08545910083197,64751400
2024-10-16,230.26739501953125,230.60517253033711,228.34005309673006,230.0885769817669,34082200
2024-10-17,230.63497924804688,232.3238971476739,229.0156269629083,231.9066247344228,32993800
2024-10-18,233.4663848876953,234.63867690560429,232.4828401919167,234.63867690560429,46431500
2024-10-21,234.9366912841797,235.30428691612863,232.91994058587363,232.91994058587363,36254500
2024-10-22,234.32077026367188,234.67842149785605,231.0820505913223,232.36362533760988,38846600
2024-10-23,229.25404357910156,233.60546433739609,226.27362172475395,232.55238437433343,52287000
2024-10-24,229.06529235839844,229.31366084202813,226.91938502162782,228.4791312160334,31109500
2024-10-25,229.89981079101562,231.69799621804017,228.07182235817814,228.2407111108546,38802300
2024-10-28,231.87681579589844,233.19813797949908,231.032372026897,231.7973512193415,36087100
2024-10-29,232.14505004882812,232.80074647701065,230.80386934668286,231.57877779482254,35417200
2024-10-30,228.59835815429688,231.94636045913163,228.05194445904854,231.09197226998216,47070900
2024-10-31,224.43569946289062,228.330115454563,223.89921505082026,227.84330777090054,64370100
2024-11-01,221.4552764892578,223.87935529424118,218.83250593091054,219.5279346472888,65276700
2024-11-04,220.56114196777344,221.33605042122997,218.2761640538016,219.54780947276666,44944500
2024-11-05,221.99176025390625,222.48849724939907,219.69683776020295,220.3525342324639,28111300
2024-11-06,221.26651000976562,224.59465366535846,219.7464961432124,221.15722727351368,54561100
2024-11-07,225.99545288085938,226.39285156162418,223.10445516924474,223.16406118155706,42137700
2024-11-08,225.7269287109375,227.4176895436531,225.17991383614745,225.9357792784742,38328800
2024-11-11,223.01174926757812,224.47376393957063,220.29658566640109,223.77757009002366,42005600
2024-11-12,223.01174926757812,224.36436096493557,222.14648085284745,223.33001798502116,40398300
2024-11-13,223.89691162109375,225.4185978724207,221.54973296285615,222.79294167641658,48566200
2024-11-14,226.98007202148438,227.62653447284012,223.77756520755418,223.7974607959322,44923900
2024-11-15,223.77755737304688,225.6871240415238,223.05152776948486,225.1699449930133,47923700
2024-11-18,226.7811737060547,228.49183017609323,223.94665165924164,224.0262188410909,44633700
2024-11-19,227.03973388671875,228.90952454109907,225.42854034251505,225.7467938634959,36211800
2024-11-20,227.75584411621094,228.68078414631773,224.6627401240164,226.82094870348703,35169600
2024-11-21,227.27845764160156,228.90954693288327,224.48372676835862,227.63650237265796,42108300
2024-11-22,228.62110900878906,229.46649702017746,226.82094518602503,226.82094518602503,38168300
2024-11-25,231.6048126220703,231.98275293866183,228.49182822914253,230.20248468460477,90152800
2024-11-26,233.78292846679688,234.2901673751303,232.0623317186483,232.0623317186483,45986200
2024-11-27,233.6536102294922,234.40949083683986,232.53970008294309,233.19611792325418,33498400
2024-11-29,236.04058837890625,236.51797629056327,232.698842645531,233.5342752849028,28481400
2024-12-02,238.2882843017578,239.4817615684827,235.8714939748314,235.98089694287458,48137100
2024-12-03,241.33168029785156,241.441083276618,237.60205398884364,238.50711361537608,38861000
2024-12-04,241.68971252441406,242.78374225546824,239.9392801306149,241.55047375645148,44383900
2024-12-05,241.71954345703125,243.21139387343032,240.81449907142343,242.66439419479377,40033900
2024-12-06,241.52064514160156,243.3009285590703,240.76477968960373,241.5902721155965,36870600
2024-12-09,245.40939331054688,245.89673657618508,240.43655859300793,240.51612576959502,44649200
2024-12-10,246.42384338378906,246.8614552449502,244.00703794178958,245.54861966146674,36914800
2024-12-11,245.1508331298828,249.43741460876686,244.92207178593077,246.61284788068906,45205800
2024-12-12,246.6128387451172,247.3885997871069,244.34521203481492,245.54864477609476,32777500
2024-12-13,246.7819061279297,247.9355922748061,244.90217516923994,246.47359279661413,33155300
2024-12-16,249.67608642578125,250.01425073054844,246.3045049916291,246.6426692963963,51694800
2024-12-17,252.1028289794922,252.45093348613432,248.42293425963442,248.72130738305802,51356400
2024-12-18,246.70233154296875,252.89847930582897,246.39401822090946,250.79000225751088,56774100
2024-12-19,248.43289184570312,250.63089166027345,245.74756389880645,246.15534002348284,60882300
2024-12-20,253.1073455810547,253.61456925624782,244.35515348919105,246.6923766885693,147495300
2024-12-23,253.8831024169922,254.26102752773247,252.07298333460633,253.38581895601413,40858800
2024-12-24,256.7972106933594,256.80713572411884,253.90300191480816,254.10192745486222,23234700
2024-12-26,257.6127014160156,258.6868506395932,256.2302692406472,256.7872242633273,27237100
2024-12-27,254.2013702392578,257.29448932345014,251.68511699924173,256.42919055718573,42355300
2024-12-30,250.8297882080078,252.1227283114492,249.38766912858338,250.85962400320443,35557500
2024-12-31,249.05946350097656,251.90392569582917,248.07483671879714,251.0684930674946,39480700
2025-01-02,242.52516174316406,247.74663833648884,240.50619200781614,247.57754859678104,55740700
2025-01-03,242.03781127929688,242.853348279154,240.57579666249651,242.03781127929688,40244100
2025-01-06,243.6688995361328,245.98624232017474,241.8786760145675,242.9826459215422,45045600
2025-01-07,240.89405822753906,244.21590806857427,240.0387300769128,241.65986382248775,40856000
2025-01-08,241.38140869140625,242.38593107741448,238.74581220273618,240.6056476428208,37628900
2025-01-10,235.56321716308594,238.85523174451487,231.73412786407496,238.70603757812466,61710900
2025-01-13,233.1265106201172,233.39504797306242,228.4719441071402,232.26124214226888,49630700
2025-01-14,232.01258850097656,234.8371551382162,231.20699165927476,233.47460320476435,39435300
2025-01-15,236.57763671875,237.66172623332486,233.15632396556444,233.36518970349533,39832000
2025-01-16,227.0198516845703,236.7168796666606,226.79110553013876,236.06047699847062,71759100
2025-01-17,228.7305145263672,231.0279618693864,227.2386640256131,230.85888730040747,68488300
2025-01-21,221.43038940429688,223.20071739531107,218.1881065481907,222.783001089375,98070400
2025-01-22,222.61390686035156,222.90232457853583,218.59584816144178,218.59584816144178,64126500
2025-01-23,222.4448699951172,225.79655609657794,221.09225820038625,223.51900422998196,60234800
2025-01-24,221.56964111328125,224.40416321125562,220.207089142254,223.5587751677507,54697900
2025-01-27,228.6111602783203,230.88871192185238,222.76310174211312,222.80289291870474,94863400
2025-01-28,236.96551513671875,238.88503723433337,229.55599442275542,229.5957855991,75707600
2025-01-29,238.05955505371094,238.55683854812662,232.73861559310797,232.84801856891494,45486100
2025-01-30,236.29916381835938,239.48177510143526,235.9212386876704,237.37329797187644,55658300
2025-01-31,234.71780395507812,245.8470107317681,232.1717149504871,245.8470107317681,100959800
2025-02-03,226.7711944580078,230.5704473180637,224.4737473364884,228.7404478557844,73063300
2025-02-04,231.53521728515625,231.8634262398647,225.4186206897715,226.0153670030395,45067300
2025-02-05,231.2069854736328,231.4058958330951,227.0298072213747,227.2883891710869,39620300
2025-02-06,231.95291137695312,232.5297620441898,229.17806101517482,230.03338922164468,29925300
2025-02-07,226.39329528808594,232.72868233994458,226.02529517161955,231.33629458433444,39707200
2025-02-10,226.662109375,229.58935370973873,226.21406518332185,228.57379092662126,33115600
2025-02-11,231.61053466796875,234.2092091135714,227.1400288616486,227.20971719471092,53718400
2025-02-12,235.8420867919922,235.9317077791751,229.67894615315132,230.19669384296432,45243300
2025-02-13,240.48187255859375,241.28835511000761,234.54774465400956,235.8819260401158,53614100
2025-02-14,243.53855895996094,244.484433375407,239.94422402720738,240.2030902821229,40896200
2025-02-18,243.40911865234375,244.11602908498713,240.7905267294893,243.0905000064508,48822500
2025-02-19,243.80738830566406,244.94244069837237,242.10481731288857,243.59830810290342,32204200
2025-02-20,244.7632293701172,245.7091038330044,243.2299036494767,243.87709210808563,32316900
2025-02-21,244.4844207763672,247.6107939080121,244.155851012499,244.88267886995578,53197400
2025-02-24,246.02769470214844,247.7800515637824,243.35931688895815,243.8670982314444,51326400
2025-02-25,245.96795654296875,248.91511822751468,243.84721006662005,246.92379728169456,48013300
2025-02-26,239.31695556640625,243.91690216055417,238.0922974197643,243.26972892021308,44433600
2025-02-27,236.27023315429688,241.4078448384303,236.0312691715791,238.3710773588995,41153600
2025-02-28,240.79051208496094,241.03942718971118,229.20102541549332,235.92173324374943,56833400
2025-03-03,236.99705505371094,242.97101773746803,235.0853888180174,240.74073286620586,47184000
2025-03-04,234.9061737060547,239.02822274747484,233.6615980851158,236.6784633674393,53798100
2025-03-05,234.71701049804688,235.5234930679701,228.235250954078,234.39839184729655,47227600
2025-03-06,234.3087921142578,236.82781201573715,232.1482106078643,233.42265485870865,45170400
2025-03-07,238.03256225585938,240.32256924437755,233.74125275300776,234.08974000390756,46273600
2025-03-10,226.4928436279297,235.13518456664028,223.24699590534985,234.5178647329352,72071200
2025-03-11,219.88165283203125,224.8599551431671,216.50636447278404,222.8387656202518,76137400
2025-03-12,216.03842163085938,220.78772670269151,213.97741219492326,219.18471261137486,62547500
2025-03-13,208.7700653076172,215.89899741537764,207.51553867337546,215.01286026738592,61368300
2025-03-14,212.5635528564453,213.02154815111564,208.67051688888432,210.3332680009786,60107600
2025-03-17,213.07135009765625,214.28605714072168,209.0588394397278,212.3843419118567,48073400
2025-03-18,211.7670440673828,214.2163605039484,210.57225445008928,213.23066628615402,42432400
2025-03-19,214.3059539794922,217.81066771448715,212.82241448637808,213.29037609854922,54385400
2025-03-20,213.17091369628906,216.5462020975973,211.29906714235267,213.0613904363763,48862900
2025-03-21,217.32281494140625,217.89033350890864,210.36314278996363,210.64192650603025,94127800
2025-03-24,219.7721405029297,220.5188858867363,217.63147647971348,220.04097309502072,44299500
2025-03-25,222.77902221679688,223.12750944589686,219.12495024533285,219.81195837594151,34493600
2025-03-26,220.56866455078125,224.04352508950674,219.51326687455483,222.5400680439697,34466100
2025-03-27,222.8786163330078,224.0136687326393,219.60288467242046,220.42928473771144,37094800
2025-03-28,216.9544219970703,222.8387793372666,216.73537546649092,220.7080664246457,39818600
2025-03-31,221.1660614013672,224.6409066608951,215.29165561007284,216.0682695484103,65299300
2025-04-01,222.2214813232422,222.70934527111467,217.95008904171658,218.85614379144315,36412700
2025-04-02,222.91842651367188,224.21278818927524,220.06088576879955,220.3595869543347,35905900
2025-04-03,202.30824279785156,206.58958563447752,200.37665915579902,204.64803566499702,103419000
2025-04-04,187.56253051757812,199.01262630823254,186.52703508606032,193.0486144227304,125910900
2025-04-07,180.6725616455078,193.30748067285785,173.86223225537526,176.43103817745248,160466300
2025-04-08,171.67176818847656,189.51400113284038,168.4757067407598,185.88979780340043,120859500
2025-04-09,197.98709106445312,199.7394480269994,171.14407803694525,171.20381523449285,184395900
2025-04-10,189.59365844726562,193.9347385570105,182.205859833413,188.24952597387417,121880000
2025-04-11,197.29013061523438,198.67409816298056,185.25259829067514,185.29243322025624,87435900
2025-04-14,201.64117431640625,212.01595519155484,200.28707539108044,210.52246440005902,101352900
2025-04-15,201.26280212402344,202.62685207462172,198.93296032454862,200.98401841430368,51343900
2025-04-16,193.4269561767578,199.8290454554037,191.53519224238798,197.49920369317184,59732400
2025-04-17,196.12521362304688,197.96719174329118,193.5763250102755,196.34426016251078,52164700
2025-04-21,192.32179260253906,192.9590147372882,188.98632373298676,192.43131586910098,46742500
2025-04-22,198.8732452392578,200.715208155226,195.1196006832811,195.26894368988752,52976400
2025-04-23,203.71214294433594,207.09738254349836,201.9199510184256,205.10606155750318,52929200
2025-04-24,207.4657745361328,207.92378505310097,202.0593452871763,204.00088023313933,47311000
2025-04-25,208.371826171875,208.8397878176709,205.30519003897632,205.47445049920006,38222300
2025-04-28,209.22808837890625,210.5821872117057,206.55972563953335,209.088696522261,38743100
2025-04-29,210.29345703125,211.31898611202763,207.46576971677675,207.78438836336602,36827600
2025-04-30,211.57786560058594,212.65318081121782,205.77316280594096,208.39175489829196,52286500
2025-05-01,212.39431762695312,213.62892699621815,207.99348458901505,208.17271138967982,57365700
2025-05-02,204.45889282226562,206.0917754590827,201.2827333487594,205.19567188008233,101010600
2025-05-05,198.02691650390625,203.21431440062256,197.34987465543003,202.21865389928206,69018500
2025-05-06,197.6485595703125,199.77927242381972,196.16503515467957,197.3498735756035,51216500
2025-05-07,195.3983612060547,198.5745204381265,192.4113798882551,198.30568786560423,68536700
2025-05-08,196.6329803466797,199.18186857203315,193.83516182561291,196.8619779876493,50478900
2025-05-09,197.66848754882812,199.66975978270045,196.68277813613466,198.13644922219603,36453900
2025-05-12,210.15048217773438,210.62903686932515,206.12274573806786,210.32994399020487,63775800
2025-05-13,212.28399658203125,212.75257189298435,208.36592688565332,209.79158118866218,51909300
2025-05-14,211.68582153320312,213.29093762104833,209.94113079478424,211.78550901932945,49325800
2025-05-15,210.80848693847656,212.31391554357438,208.90427796298633,210.31000386923802,45029500
2025-05-16,210.6190643310547,211.92510277199543,209.1335944967917,211.71573318604425,54737900
2025-05-19,208.14657592773438,208.84444913775627,203.6402850091008,207.27922031045682,46140500
2025-05-20,206.232421875,207.83753801206538,204.40797196423648,207.03996203611737,42496600
2025-05-21,201.4768829345703,206.41186226922272,200.10108001028593,204.5475404614086,59211800
2025-05-22,200.7490997314453,202.1348820380274,199.09413231135568,200.1010778345708,46742400
2025-05-23,194.67758178710938,197.10020219746903,192.8730755135501,193.0824298832746,78432900
2025-05-27,199.60260009765625,200.1309909415137,196.83102019804124,197.6983910952664,56288500
2025-05-28,199.81195068359375,202.11494001836002,199.2935240345892,199.98143310081724,45339700
2025-05-29,199.3433837890625,203.19167383577107,197.90775006205254,202.9623758748587,51396800
2025-05-30,200.24066162109375,201.3472946799051,196.18300200128658,198.7651407343476,70819900
2025-06-02,201.08807373046875,201.51677709467234,199.51286535414474,199.67238359256916,35423300
2025-06-03,202.65330505371094,203.1517881077627,200.35031577799097,200.73913195165156,46381600
2025-06-04,202.20468139648438,205.6143037964219,201.48686455307688,202.29440469878628,43604000
2025-06-05,200.02133178710938,204.12882762641604,199.54277706238673,202.88261988754903,55126100
2025-06-06,203.30133056640625,205.07592905349443,201.4370087789868,202.3841235560851,46607700
2025-06-09,200.83883666992188,205.37503589356555,199.4131823149893,203.76991971327615,72862600
2025-06-10,202.05511474609375,203.73002568042446,199.96149509379936,199.9914028593682,54672600
2025-06-11,198.1769256591797,203.8795731269679,197.80805305990708,202.88260699920767,60989900
2025-06-12,198.5956573486328,199.07419684911244,196.7612432530472,198.47602627663701,43904600
2025-06-13,195.85398864746094,199.76209396079906,195.1062640673262,199.12403626091725,51447300
2025-06-16,197.81802368164062,198.08720880439395,195.96366601516638,196.701426450214,43020700
2025-06-17,195.0464630126953,197.7881200100286,194.61777485692886,196.60172782081946,38856200
2025-06-18,195.9835968017578,196.97059871241268,194.4781834746436,195.34553910938874,45394700
2025-06-20,200.39019775390625,201.08807102199273,196.2627584683704,197.63857663438114,96813500
2025-06-23,200.888671875,201.686247808318,198.3563846401482,201.01828233775666,55814300
2025-06-24,199.6923065185547,202.82277936444737,199.59260382672892,201.9753521214132,54064000
2025-06-25,200.94850158691406,203.05210084338043,200.01135094007643,200.83883469818846,39525700
2025-06-26,200.39019775390625,202.025221644493,198.85487656411598,200.81888589983927,50799100
2025-06-27,200.46995544433594,202.60346239871808,199.39323017588663,201.2774955925489,73188600
2025-06-30,204.5475311279297,206.76079706763053,198.65545787730727,201.39711462840114,91912800
2025-07-01,207.1894989013672,209.5523036527052,205.5145879695679,206.04297877714563,78788900
2025-07-02,211.7954864501953,212.69274987948137,207.5085290616707,208.2761972389462,67941800
2025-07-03,212.90213012695312,213.9987837940836,211.16740350258758,211.5063683517463,34955800
2025-07-07,209.3130340576172,215.57398008038285,208.16652910348648,212.03474730839852,50229000
2025-07-08,209.3728485107422,210.78853856973336,207.81758380403343,209.46258702266434,42848900
2025-07-09,210.4994354248047,210.6888614301138,206.59132988433592,208.8943192909964,48749400
2025-07-10,211.76556396484375,212.83230973607434,209.3927798795442,209.87131932773667,44443600
2025-07-11,210.51937866210938,211.48643705736623,209.2233196075129,209.931172276849,39765800
2025-07-14,207.98707580566406,210.27013683517245,206.91035052542594,209.29309904361602,38840100
2025-07-15,208.4755859375,211.24715053377864,208.28615994072268,208.5852528191871,42296300
2025-07-16,209.5224151611328,211.7556096589697,208.0070223143888,209.66198981724762,47490500
2025-07-17,209.38284301757812,211.1574416148312,208.95413964633332,209.93117746335784,48068100
2025-07-18,210.539306640625,211.1474566075158,209.06380098140497,210.23024956462245,48974600
2025-07-21,211.83535766601562,215.12534891613055,210.98794558852114,211.45652088357517,51377400
2025-07-22,213.74954223632812,214.29787667610697,211.5861274580158,212.49337032996837,46404100
2025-07-23,213.5002899169922,214.4972560435483,211.76557859278188,214.3477172095632,46989300
2025-07-24,213.11148071289062,215.03563331063384,212.8821827557749,213.25105536667797,46022600
2025-07-25,213.23110961914062,214.58698409364732,212.75255494872997,214.0486138925591,40268800
2025-07-28,213.40061950683594,214.1981955143971,212.41361748607306,213.38067592321022,37858000
2025-07-29,210.62904357910156,214.1582970701604,210.18041185237743,213.53020352524888,51411700
2025-07-30,208.415771484375,211.74563469104578,207.0898047125579,211.25711581327238,45512500
2025-07-31,206.94027709960938,209.20337937318874,206.5315173151756,207.85748415888986,80698400
2025-08-01,201.76602172851562,212.93203997684435,200.88868661623732,210.23025491744008,104434500
2025-08-04,202.7330780029297,207.24933356384108,201.06813110178,203.8895472057539,75109300
2025-08-05,202.3043670654297,204.71702329589334,201.54667827641916,202.78290655256814,44155100
2025-08-06,212.60302734375,214.72657006985978,204.96626313259566,205.00615029681612,108483100
2025-08-07,219.36245727539062,220.1799768073744,215.92292715514498,218.2159523061407,90224800
2025-08-08,228.65420532226562,230.29919347638386,218.58484056145957,220.16004899168945,113854000
2025-08-11,226.74781799316406,229.12329528601256,224.3324234952035,227.4864157407103,61806100
2025-08-12,229.21310424804688,230.36092560837628,226.63802588155738,227.57622481823222,55626200
2025-08-13,232.88612365722656,234.55294488479396,229.99163136972763,230.6304284784954,69878500
2025-08-14,232.33717346191406,234.67271834509882,230.41085227691244,233.61473725595164,51916300
2025-08-15,231.1494140625,233.834298979768,228.9036945156081,233.5548328767578,56038700
2025-08-18,230.45074462890625,232.67649791960375,229.6722297518056,231.2592012143754,37476200
2025-08-19,230.1213836669922,232.42698672077375,228.9136940815642,230.84001516813981,39402600
2025-08-20,225.5800323486328,230.0315543310328,225.3404986724704,229.54248102593337,42263900
2025-08-21,224.47213745117188,226.08906587116957,223.3542730460458,225.8395414786139,30621200
2025-08-22,227.3267059326172,228.65417758009713,224.98118568943215,225.73973438952316,42477800
2025-08-25,226.7278594970703,228.86378779922748,225.79962078901826,226.0491451945495,30983100
2025-08-26,228.87376403808594,229.0534295301293,224.26255788237486,226.43840339540802,54575100
2025-08-27,230.05152893066406,230.46073738560713,227.82576024347395,228.17510050695543,31259500
2025-08-28,232.11758422851562,232.9659733126178,228.90370861616245,230.3809040856524,38074700
2025-08-29,231.69837951660156,232.9360260407387,230.92984008944924,232.0676707602769,39418400
2025-09-02,229.28298950195312,230.4108447009183,226.53822101083426,228.81388239599917,44075600
2025-09-03,238.01634216308594,238.395624134605,233.9141603097862,236.75874463665696,66427800
2025-09-04,239.3238525390625,239.4436193831587,236.28964239378743,237.9963808412042,47549400
2025-09-05,239.2340087890625,240.86091270031892,238.03629475202086,239.54341659874092,54870400
2025-09-08,237.42745971679688,239.69313028194867,235.89038089866295,238.84475646782593,48999500
2025-09-09,233.9041748046875,238.3257397896772,232.9160527142261,236.54912730927947,66313900
2025-09-10,226.35855102539062,231.97784546194652,225.52015268533836,231.7482872752143,83440800
2025-09-11,229.59239196777344,230.01159113632517,226.21881717306923,226.44839058875493,50208600
2025-09-12,233.62472534179688,234.0638755168574,228.58432913969838,228.78394562468256,55824200
2025-09-15,236.24969482421875,237.7368657054393,234.58287368836292,236.54912714503797,42699500
2025-09-16,237.6969451904297,240.76111223381088,235.87043992435724,236.72878926810645,63421100
2025-09-17,238.5353546142578,239.6432435766681,237.27774187166392,238.5153883976145,46508000
2025-09-18,237.42745971679688,240.74113579799257,236.199788714976,239.5134800259323,44249600
2025-09-19,245.032958984375,245.83144010441063,239.7530294205925,240.77107799962133,163741300
2025-09-22,255.5928192138672,256.15178189089505,247.64797087114997,247.82763635806887,105517400
2025-09-23,253.9459686279297,256.8504363399061,253.0975947938589,255.39322235208516,60275200
2025-09-24,251.8300018310547,255.2534845023776,250.56241362070242,254.73446948849343,42303700
2025-09-25,256.3813171386719,256.6807646844572,251.2311452680336,252.72829161839874,55202100
2025-09-26,254.97401428222656,257.10994249251326,253.2972024297037,253.61660096533106,46076300
2025-09-29,253.9459686279297,254.5148915782133,252.52867184357527,254.0757261912774,40127700
2025-09-30,254.14559936523438,255.4331385813304,252.6284867333586,254.37515755125318,37704300
2025-10-01,254.9640350341797,258.29769267334166,254.44502000530687,254.55481135314994,48713900
2025-10-02,256.6408386230469,257.68882891050583,253.66649683440303,256.09186667190835,42630200
2025-10-03,257.5291442871094,258.7468246365968,253.46689477740222,254.18552630266564,49155600
2025-10-06,256.2016906738281,258.5771679771474,254.56481112131073,257.49920544747016,44664100
2025-10-07,255.99208068847656,256.91031341337026,254.94405994391948,256.3214394907812,31955800
2025-10-08,257.5690612792969,258.0281776413904,255.62275879770374,256.03198246417537,36496900
2025-10-09,253.55670166015625,257.50917476461467,252.65841993311406,257.3195337882977,38322000
2025-10-10,244.80340576171875,255.8922708493858,243.53581752909898,254.45500785015722,61999100
2025-10-13,247.18885803222656,249.2149949644775,245.09284695690994,248.90558714178317,38142900
2025-10-14,247.29864501953125,248.37659224814226,244.23447809703134,246.13087266264282,35478000
2025-10-15,248.8656463623047,251.3409393203658,246.99920876557604,249.01537013681215,33893600
2025-10-16,246.979248046875,248.56621957555782,244.66366953460536,247.7777291727393,39777000
2025-10-17,251.81002807617188,252.89796599708643,246.79958926324147,247.5481624372989,49147000
2025-10-20,261.7411193847656,263.87706298772724,255.14370850365398,255.4032084113237,90483000
2025-10-21,262.2701110839844,264.7853366806196,261.33189684706855,261.38182000576944,46695900
2025-10-22,257.9583435058594,262.349966966352,254.94406918261987,262.15033525743416,45015300
2025-10-23,259.0861511230469,260.12418111371363,257.51916110368444,259.4454820834593,32754900
2025-10-24,262.32000732421875,263.6275126875418,258.68691759501684,260.69310343226954,38253700
2025-10-27,268.2986145019531,268.60802232244004,264.1465248140549,264.37609822840903,44888200
2025-10-28,268.4882507324219,269.3765722048576,267.63986169210665,268.4782600095115,41534800
2025-10-29,269.1869201660156,270.8936584399069,266.6018207191691,268.76770579477784,51086700
2025-10-30,270.8836669921875,273.6184749716116,267.969239224885,271.4725408872279,69886500
2025-10-31,269.85565185546875,276.79244258078194,268.647962249571,276.4630533049319,86167100
2025-11-03,268.53814697265625,270.33474092754267,265.74348587775046,269.90556627002525,50194600
2025-11-04,269.5262756347656,270.9734988318123,267.11086611942017,267.8195068636227,49274800
2025-11-05,269.6260986328125,271.18312844251227,266.4221834255846,268.0989800730272,43683100
2025-11-06,269.25677490234375,272.8798740142925,267.38037702601645,267.38037702601645,51204000
2025-11-07,267.9592590332031,271.7719991063764,266.26248096015127,269.28671541495146,48227400
2025-11-10,269.1781311035156,273.4741297822401,267.20997142836535,268.7085692371889,41312400
2025-11-11,274.99267578125,275.65206242273547,269.5477586519058,269.55775905965567,46208300
2025-11-12,273.21435546875,275.4722525277038,271.4460210796085,274.74292397164845,48398000
2025-11-13,272.6948547363281,276.4413491841305,271.83564282199285,273.85374352181776,49602800
2025-11-14,272.15533447265625,275.70200347225597,269.3479639093673,270.7965900477885,47431300
2025-11-17,267.2099609375,270.2371271729127,265.48159771217263,268.5687054184609,45018300
2025-11-18,267.19000244140625,270.4569347049811,265.0719890725528,269.7376065335732,45677300
2025-11-19,268.3089294433594,271.9555110777923,265.2517925781922,265.2817633125939,40424500
2025-11-20,266.0010986328125,275.17250947675234,265.67142054546326,270.5768036466949,45823600
2025-11-21,271.2361755371094,273.0744516711978,265.4216397990326,265.70137680880595,59030800
2025-11-24,275.6620788574219,276.7410558404627,270.64675212306133,270.64675212306133,65585800
2025-11-25,276.7110900878906,280.1179060838009,274.9926967216935,275.012667049666,46914200
2025-11-26,277.29052734375,279.26868736786383,276.3714044558947,276.70108254872224,33431400
2025-11-28,278.5893249511719,278.73917862681736,275.73198274965245,277.0008150112318,20135600
2025-12-01,282.8353576660156,283.1550658399818,275.88187257202503,277.75011957449965,46587700
2025-12-02,285.9224548339844,287.1313151163589,282.36578537497866,282.7354345985028,53669500
2025-12-03,283.8843688964844,288.35019153510143,283.0351573834178,285.9324708384744,43538700
2025-12-04,280.4375915527344,284.46382276925783,278.32954829392816,283.83440686502166,43989100
2025-12-05,278.5193786621094,280.8771882481053,277.79005013345267,280.27774306596746,47265800
2025-12-08,277.6302185058594,279.4085531850005,275.8918244790692,277.86998437615557,38211800
2025-12-09,276.9208679199219,279.7682096639769,276.6611317163261,277.8999627322321,32193300
2025-12-10,278.5193786621094,279.48847306800184,276.1815698919154,277.490342786908,33038300
2025-12-11,277.77008056640625,279.3286197507982,273.5540244422053,278.83908758708685,33248000
2025-12-12,278.0198669433594,278.9589906850317,276.5612402656973,277.64021728323,39532900
2025-12-15,273.8537292480469,279.8880911943856,272.5849275039148,279.8880911943856,50409100
2025-12-16,274.353271484375,275.2424541197232,271.53593087885605,272.5649667835892,37648600
2025-12-17,271.58587646484375,275.90184538512057,271.38608172110213,274.75292651919426,50138700
2025-12-18,271.935546875,273.374203136776,266.7004552212896,273.35420232069225,51630700
2025-12-19,273.4141845703125,274.34330788170604,269.64768928264715,271.8955859651445,144632000
2025-12-22,270.7166748046875,273.62395794129594,270.25711338978425,272.6048920133635,36571800
2025-12-23,272.1053771972656,272.2452609569047,269.30800689497966,270.5868091030317,29642000
2025-12-24,273.55401611328125,275.17249671786806,271.9455359163183,272.085389177814,17910600
2025-12-26,273.1444091796875,275.1125687682936,272.6049054553,273.9037084592662,21521800
2025-12-29,273.50408935546875,274.10350406329195,272.0954038139857,272.4350823114352,23715200
2025-12-30,272.82470703125,273.82377221524894,272.02546707967076,272.5549704076282,22139600
2025-12-31,271.6058349609375,273.42414083736213,271.49595243002375,272.80472532736104,27293600
2026-01-02,270.75665283203125,277.58025431004916,268.7485221479618,272.0054842546519,37838100
2026-01-05,267.0101623535156,271.25618925068443,265.89121426121545,270.38700744645297,45647200
2026-01-06,262.1147155761719,267.2998660934885,261.8749496989937,266.7503924619391,52352100
2026-01-07,260.08660888671875,263.4334831315393,259.56710600115036,262.95395138764474,48309800
2026-01-08,258.7978515625,259.0476178563403,255.46096229095477,256.7797203952787,50419300
2026-01-09,259.1275329589844,259.9667440583015,255.98048371428257,258.8377955175017,39997000
2026-01-12,260.0067138671875,261.05572011368304,256.5599267903311,258.9177364764393,45263800
2026-01-13,260.8059387207031,261.56523797230057,258.148452318208,258.4781303943212,45730800
2026-01-14,259.71697998046875,261.57525710051715,256.4700180914029,259.247418118488,40019400
2026-01-15,257.9685974121094,260.7959687899761,256.8096782083212,260.40631875644857,39388600
2026-01-16,255.29112243652344,258.6579671912775,254.69167723491495,257.6589020182799,72142800
2026-01-20,246.46937561035156,254.55180921698133,243.19244305608962,252.49373739571587,80267500
2026-01-21,247.41848754882812,251.3248360900433,244.9507953165175,248.46750904444812,54641700
2026-01-22,248.1178436279297,250.76536025794266,247.9180183962477,248.96703988447874,39708300
2026-01-23,247.80812072753906,249.17685039145397,244.45126111041233,247.08880782235642,41689000
2026-01-26,255.17123413085938,256.32015295784896,249.5664780183616,251.24490015634893,55969200
2026-01-27,258.0285339355469,261.70511669708895,257.96859246831417,258.92771692213245,49648300
2026-01-28,256.2002868652344,258.61800761819165,254.27208306792676,257.409147241713,41288000
2026-01-29,258.0385437011719,259.4072580677027,254.17216647920577,257.75880668092503,67253000
2026-01-30,259.2374267578125,261.6551472598355,251.94423313215475,254.93144331105526,92443400
2026-02-02,269.7575988769531,270.2371306501278,258.9676766447768,259.7869174093499,73913400
2026-02-03,269.22808837890625,271.6258386480508,267.3598109321867,268.9483513556569,64394700
2026-02-04,276.23150634765625,278.68922850453845,272.03545112075,272.03545112075,90545700
2026-02-05,275.6520690917969,279.2387093202658,272.97458180817284,277.86999494352693,52977400
2026-02-06,277.8599853515625,280.6473855638201,276.67109542368036,276.8609202349588,50453400
2026-02-09,274.6199951171875,278.20001220703125,271.70001220703125,277.9100036621094,44623400
2026-02-10,273.67999267578125,275.3699951171875,272.94000244140625,274.8900146484375,34376900
2026-02-11,275.5,280.17999267578125,274.45001220703125,274.70001220703125,51931300
2026-02-12,261.7300109863281,275.7200012207031,260.17999267578125,275.5899963378906,81077200
2026-02-13,255.77999877929688,262.2300109863281,255.4499969482422,262.010009765625,56290700
2026-02-17,263.8800048828125,266.2900085449219,255.5399932861328,258.04998779296875,58469100
2026-02-18,264.3500061035156,266.82000732421875,262.45001220703125,263.6000061035156,34203300
2026-02-19,260.5799865722656,264.4800109863281,260.04998779296875,262.6000061035156,30845300
2026-02-20,264.5799865722656,264.75,258.1600036621094,258.9700012207031,42070500
2026-02-23,266.17999267578125,269.42999267578125,263.3800048828125,263.489990234375,37308200
2026-02-24,272.1400146484375,274.8900146484375,267.7099914550781,267.8599853515625,47014600
2026-02-25,274.2300109863281,274.94000244140625,271.04998779296875,271.7799987792969,33714300
2026-02-26,272.95001220703125,276.1099853515625,270.79998779296875,274.95001220703125,32345100
2026-02-27,264.17999267578125,272.80999755859375,262.8900146484375,272.80999755859375,72366500
2026-03-02,264.7200012207031,266.5299987792969,260.20001220703125,262.4100036621094,41827900
2026-03-03,263.75,265.55999755859375,260.1300048828125,263.4800109863281,38568900
2026-03-04,262.5199890136719,266.1499938964844,261.4200134277344,264.6499938964844,39803100
2026-03-05,260.2900085449219,261.55999755859375,257.25,260.7900085449219,49658600
2026-03-06,257.4599914550781,258.7699890136719,254.3699951171875,258.6300048828125,41120000
2026-03-09,259.8800048828125,261.1499938964844,253.67999267578125,255.69000244140625,38218500
2026-03-10,260.8299865722656,262.4800109863281,256.95001220703125,257.6499938964844,30590800
2026-03-11,260.80999755859375,262.1300048828125,259.54998779296875,261.0899963378906,26218900
2026-03-12,255.75999450683594,258.95001220703125,254.17999267578125,258.6600036621094,40794000
2026-03-13,250.1199951171875,256.3299865722656,249.52000427246094,255.47999572753906,36930000
2026-03-16,252.82000732421875,253.88999938964844,249.8800048828125,252.11000061035156,32074200
2026-03-17,254.22999572753906,255.1300048828125,252.17999267578125,252.9600067138672,32361600
2026-03-18,249.94000244140625,254.94000244140625,249.0,252.6300048828125,35757900
2026-03-19,248.9600067138672,251.8300018310547,247.3000030517578,249.39999389648438,34864100
2026-03-20,247.99000549316406,249.1999969482422,246.0,247.97999572753906,88331100
2026-03-23,251.49000549316406,254.60000610351562,250.27999877929688,253.97000122070312,40546100
2026-03-24,251.63999938964844,254.8300018310547,249.5500030517578,250.35000610351562,45152300
2026-03-25,252.6199951171875,255.0,251.60000610351562,254.10000610351562,28476700
2026-03-26,252.88999938964844,257.0,250.77000427246094,252.1199951171875,41796700
2026-03-27,248.8000030517578,255.49000549316406,248.07000732421875,253.89999389648438,47900000
2026-03-30,246.6300048828125,250.8699951171875,245.50999450683594,250.07000732421875,39446200
2026-03-31,253.7899932861328,255.47999572753906,247.10000610351562,247.91000366210938,49598100
2026-04-01,255.6300048828125,256.17999267578125,253.3300018310547,254.0800018310547,40059400
2026-04-02,255.9199981689453,256.1300048828125,250.64999389648438,254.1999969482422,31289400
