Date,Close,High,Low,Open,Volume
2018-01-02,78.87034606933594,79.20069364038586,78.45741510600642,79.03551985486091,22483800
2018-01-03,79.2374038696289,79.38422813157698,78.88870674895144,78.97129014557262,26061400
2018-01-04,79.93479919433594,80.4394988062116,79.4392778483941,79.45762737929611,21912000
2018-01-05,80.92585754394531,81.12773742775576,80.22845621831836,80.43951436983846,23407100
2018-01-08,81.0084457397461,81.2837377795754,80.38445651697141,80.93503359566263,22113000
2018-01-09,80.95338439941406,81.42137803359573,80.62303677539958,81.34796589471098,19484300
2018-01-10,80.58636474609375,80.92589078112827,80.21013962708186,80.62307083104099,18652200
2018-01-11,80.82490539550781,80.87078272519352,80.05409204654923,80.87078272519352,17808900
2018-01-12,82.21971893310547,82.3848927584566,81.16444210452701,81.36632200228588,24271500
2018-01-16,81.07268524169922,83.31170678485238,80.76069410914462,82.67853924988611,36599700
2018-01-17,82.7152328491211,82.84370059032273,81.43972670364279,81.74254652260387,25621200
2018-01-18,82.67852020263672,83.2015693933374,82.27476747710904,82.40323520809052,24159700
2018-01-19,82.58673095703125,83.14648602692824,82.27474000054515,82.71519864510952,36875000
2018-01-22,84.06417083740234,84.07334910705866,82.34819846203135,82.58678446631632,23601600
2018-01-23,84.33026885986328,84.69732256673645,83.99992122377415,84.33026885986328,23412800
2018-01-24,84.2568588256836,85.73424495709853,84.03662939643829,84.92673238255419,33277500
2018-01-25,84.72483825683594,85.55987849464731,84.35778460243885,84.85330598573,26383200
2018-01-26,86.31236267089844,86.31236267089844,84.95427282077745,85.44979436100053,29172200
2018-01-29,86.18386840820312,87.58784217343296,86.00034507978118,87.3033789140891,31569900
2018-01-30,85.10106658935547,85.94529212861116,84.51378351915717,85.6149445265038,38635100
2018-01-31,87.18409729003906,87.54197271331725,85.80765120021006,86.02788061431198,48756300
2018-02-01,86.49588012695312,88.15678961464799,85.87189091042659,86.98222332494329,47227900
2018-02-02,84.22016906738281,86.22978312628844,83.96323351666713,85.92696322681552,47867800
2018-02-05,80.75151062011719,85.55989406495328,80.75151062011719,83.10064323421102,51031500
2018-02-06,83.80720520019531,83.9448511917385,78.22800941724392,79.73292305592652,67998600
2018-02-07,82.22889709472656,84.21097599540016,81.85266510376105,83.03640968374656,41107600
2018-02-08,78.00780487060547,82.47666287879102,77.77839714530747,82.32066730582073,55628700
2018-02-09,80.91666412353516,81.60488705257374,76.9249725353045,79.19152116842608,63499100
2018-02-12,81.78842163085938,82.38488298503323,80.68726759312813,81.43054621854839,35720300
2018-02-13,82.43077087402344,82.58676641924995,80.56798159605506,81.60490180963755,26407700
2018-02-14,83.72149658203125,83.88744631597784,81.50884284121638,81.60103557477454,34960900
2018-02-15,85.42708587646484,85.48240010469493,83.5463247442474,84.09026674545404,27823900
2018-02-16,84.81859588623047,86.20150777567987,84.63421044784532,85.23346663952384,30596900
2018-02-20,85.4823989868164,85.79585565449312,83.90588019818914,84.33919373726903,30911700
2018-02-21,84.3484115600586,86.07244440485117,84.3484115600586,85.72210922645586,26922500
2018-02-22,84.5696792602539,85.49162056806333,84.22855844417698,84.86470019739876,24392800
2018-02-23,86.7177963256836,86.72701770815189,85.15049893105932,86.29370417224236,26329200
2018-02-26,87.97162628173828,87.99928339190234,86.89295678222163,87.03124936689498,30199800
2018-02-27,86.84687805175781,88.35886140220327,86.84687805175781,88.26666866792826,25869100
2018-02-28,86.45043182373047,88.23900018037723,86.32136060560687,87.43690872444873,31167300
2018-03-01,85.60226440429688,87.18800486407059,84.67110154661947,86.65327712133663,37135600
2018-03-02,85.78665161132812,85.87884434619906,83.76759765853701,84.43139660377545,32830400
2018-03-05,86.3305892944336,86.91140982514646,85.05831273645828,85.13206270030356,23901600
2018-03-06,86.03556060791016,87.11423022540504,85.6852254510928,86.9759376256061,22175800
2018-03-07,86.53340148925781,86.60715847329269,85.21502529351027,85.8880454635855,26716100
2018-03-08,87.05890655517578,87.67660546223755,86.45042199560828,86.91139258903104,25887800
2018-03-09,89.00421142578125,89.00421142578125,87.58442101992217,87.85178483341384,36937300
2018-03-12,89.21626281738281,89.62191926891275,88.54324955973114,88.96734174366952,26073700
2018-03-13,87.04047393798828,89.64956224430638,86.63481755044127,89.42829832103224,35387800
2018-03-14,86.5241928100586,87.96242607446733,86.20151474985138,87.69506224348015,32132000
2018-03-15,86.82844543457031,87.19722341875995,85.58382589255345,86.22918208949405,27611000
2018-03-16,87.21564483642578,87.93475791893404,86.58872447636789,87.2894018279276,49081300
2018-03-19,85.63912963867188,86.5702923520782,84.9200165262042,86.42277836292885,33344100
2018-03-20,85.8603744506836,86.45041620805524,85.7405246366043,85.78662450640157,23075200
2018-03-21,85.26114654541016,86.7085943092258,85.0122184203394,85.67601737538821,24457100
2018-03-22,82.7811279296875,84.58813242127275,82.66127806716412,84.14559740744218,38604700
2018-03-23,80.37481689453125,83.39878225788789,80.28262420103411,82.51371973938241,44068900
2018-03-26,86.45964813232422,86.66247633000248,83.34348928158158,83.53709609740535,56396800
2018-03-27,82.48607635498047,87.713481021518,81.60101368925872,87.5290956038541,56569000
2018-03-28,82.4123306274414,84.10870624376419,81.93292425574262,82.8087656600179,52501100
2018-03-29,84.14557647705078,85.0859605098336,81.49960953824944,83.1406638706839,45867500
2018-04-02,81.61026000976562,83.78604255312254,80.67910414174547,83.40805018866563,48515400
2018-04-03,82.70735168457031,83.02081537851065,81.02941883024158,82.58750184992319,37213800
2018-04-04,85.12281799316406,85.51925292209928,80.88189061185709,80.99251903509821,35560000
2018-04-05,85.16893768310547,85.80507945275836,84.26543911707367,85.22425894602364,29771900
2018-04-06,83.18677520751953,85.24270058044334,82.4953191609223,84.34841630142752,38026000
2018-04-09,83.68460083007812,85.89726114860306,83.54631527517608,83.93352889660831,31533900
2018-04-10,85.62991333007812,85.9986912909501,84.48670798184412,85.17816402078361,26812000
2018-04-11,84.68952941894531,86.00790577546188,84.33919425283784,84.82782202241147,24872100
2018-04-12,86.27525329589844,86.80998084352841,85.21501958148802,85.21501958148802,26758900
2018-04-13,85.81429290771484,86.82842687203943,85.22425107269495,86.70857704218815,23346100
2018-04-16,86.8192138671875,87.27097018591212,86.12775786563196,86.7270211404176,20288100
2018-04-17,88.57089233398438,89.00420583089262,87.47378003618294,87.58441551428291,26771000
2018-04-18,88.91199493408203,89.17013729634004,88.06380384313907,88.70916678263593,21043300
2018-04-19,88.6077880859375,89.49285098157216,87.89788927243008,88.91203043458353,23552500
2018-04-20,87.58441162109375,88.60776688800635,86.708570318424,88.42338146655575,31154400
2018-04-23,87.90709686279297,88.77372388943512,87.24329803675673,88.26665338792034,22331800
2018-04-24,85.85118103027344,88.93968314550202,85.19660351594204,88.7276335401405,34524800
2018-04-25,85.1043930053711,86.01711989082281,83.23285342696254,86.01711989082281,33729300
2018-04-26,86.90218353271484,87.72271067625822,85.8327283146091,86.24760609426191,42529000
2018-04-27,88.34041595458984,90.258055565599,86.57951171185313,89.98147035933371,48272800
2018-04-30,86.2199478149414,88.87514327704774,85.87883403349588,88.81060766700233,41523600
2018-05-01,87.58441162109375,87.85177540589419,85.54692246849697,85.934136073855,31408900
2018-05-02,86.2107162475586,87.7411348517627,85.91569537001006,87.57518516852586,27471000
2018-05-03,86.7270278930664,87.5198980659587,85.23348028122992,85.70367236837644,31142500
2018-05-04,87.73194122314453,87.92554806033306,85.66678755875853,86.03556550124561,22531300
2018-05-07,88.70918273925781,89.16093195446801,87.67660607063854,87.74114167281142,24242000
2018-05-08,88.3311996459961,88.6538847497928,87.63974362446784,88.36807814454014,23484600
2018-05-09,89.37299346923828,89.40065058331567,87.63052494382214,88.5155877635689,27327400
2018-05-10,90.26726531982422,90.30413677764604,89.47439533344654,89.85238756387139,22388100
2018-05-11,90.07365417480469,90.23038952757534,89.46517662859767,90.16585392367682,16778300
2018-05-14,90.37792205810547,90.98640681047684,89.71412306782955,90.27650793271025,19454100
2018-05-15,89.72332763671875,90.21195540358097,88.8198220617602,89.64957064409887,24594000
2018-05-16,89.95482635498047,90.18631072178981,89.46408062763942,90.14927237537925,17384700
2018-05-17,89.05665588378906,90.31593126301054,88.73257921950591,89.5937012499391,17246700
2018-05-18,89.22332000732422,89.75110399293281,88.89924336078228,88.89924336078228,17865800
2018-05-21,90.37149047851562,90.75112821033689,89.63074478358482,89.81592944123204,19422500
2018-05-22,90.27890014648438,90.89927653410018,90.00111608952761,90.44556916779003,15441200
2018-05-23,91.35296630859375,91.4177816291444,89.18626961641154,89.54738455438522,21251200
2018-05-24,91.02889251708984,91.61223752967211,89.63998658517531,91.41779154692499,26649300
2018-05-25,91.07520294189453,91.64928667124688,90.61223424335475,91.0196489586591,18363900
2018-05-29,90.75110626220703,91.5566670989239,90.0288763819753,90.59369157050153,28671000
2018-05-30,91.62149047851562,91.89927448657912,90.65852192973458,91.02889118803154,22158500
2018-05-31,91.51961517333984,92.5844442000164,91.306653606608,91.93629108691195,34140900
2018-06-01,93.32524871826172,93.39006406572013,91.82522730864048,91.92708100669556,28655600
2018-06-04,94.14004516601562,94.31597551653964,93.38077684992305,93.76041454013988,27281600
2018-06-05,94.6215591430664,94.75118983306672,94.010436977914,94.44562875049051,23514400
2018-06-06,94.89929962158203,95.0011532765522,94.35300007614208,94.89004533610479,21122900
2018-06-07,93.40856170654297,95.08451319241237,92.94559300982556,95.04747484895397,28232200
2018-06-08,94.10301971435547,94.39931941330698,93.09375129316945,93.60301264781064,22165100
2018-06-11,93.56596374511719,94.06596365315312,93.21410306214432,93.52892540668107,23490900
2018-06-12,93.80671691894531,93.93634759143626,93.28819422898155,93.6122709102089,18325200
2018-06-13,93.38076782226562,94.4548583952289,93.11224517902481,94.18633575198807,29492900
2018-06-14,93.90855407714844,94.47337636405945,93.51966212809711,94.12152275268069,25691800
2018-06-15,92.71410369873047,94.0104173930194,92.65854971868738,93.99190175445213,65738600
2018-06-18,93.39005279541016,93.62153716044651,92.05670059221131,92.60300736715503,23586000
2018-06-19,93.39005279541016,93.51968347468313,92.13077728446507,92.26966931635532,28653100
2018-06-20,94.32524108886719,94.92709471936823,93.6307880712047,93.86227241042553,26180800
2018-06-21,93.6492919921875,94.87152886776775,93.40854633150549,94.51967525934059,23198200
2018-06-22,92.973388671875,93.30671967592808,92.25115148078937,92.973388671875,38923100
2018-06-25,91.10296630859375,92.69557952368177,90.0936980876023,92.59372586008843,35433300
2018-06-26,91.74189758300781,92.66783516766229,91.43633648462948,91.50115183298156,26897200
2018-06-27,90.31593322753906,92.61225398241558,90.18630255900611,92.20484633745842,31298400
2018-06-28,91.32520294189453,91.7696560008571,90.05667322892003,90.16778119540439,26650700
2018-06-29,91.30667877197266,92.51040010160192,91.04741745527492,91.6029784288188,28053200
2018-07-02,92.6030044555664,92.64929708851285,90.74186824117552,90.83446057141037,19564500
2018-07-03,91.71410369873047,93.17707944421058,91.61225001802502,93.03819448355938,14670300
2018-07-05,92.37150573730469,92.51965202978053,91.69556840942492,92.13076006464794,18977400
2018-07-06,93.66780853271484,93.91780846304,92.28815704799806,92.49186435792082,19234600
2018-07-09,94.3067398071289,94.67711624688016,93.75117867967352,94.12155511942478,18212000
2018-07-10,94.55673217773438,94.91784720754868,94.31598646974422,94.44561714381386,19293100
2018-07-11,94.42709350585938,94.76042445070456,93.612264121474,93.65856381443818,19644600
2018-07-12,96.473388671875,96.67709596408967,95.12152135412421,95.15855262149101,24335900
2018-07-13,97.62158966064453,97.77899733819176,96.38082975303477,96.64009818377082,24635200
2018-07-16,97.14009857177734,97.98269795441155,96.77897647711477,97.5938059316573,21786900
2018-07-17,98.1030502319336,98.61231855254216,96.59377503574748,96.86229768985557,25901700
2018-07-18,97.33451843261719,98.1956402884137,96.96414214954578,98.09378663396056,29493900
2018-07-19,96.66788482666016,97.51048435154034,96.19565468254223,97.15863061407894,40171600
2018-07-20,98.39935302734375,100.18641228556255,98.2234297454103,100.07530433157109,56004000
2018-07-23,99.97344970703125,100.13085734990607,98.26972143061766,98.42713613783334,29707000
2018-07-24,99.68641662597656,100.76050025841461,99.31604028004091,100.52901592524748,26316600
2018-07-25,102.62163543701172,102.9179350984722,99.63085476860714,99.96419277079282,30702100
2018-07-26,101.50128173828125,102.77907307661069,101.39016668368352,102.53832732382054,31372100
2018-07-27,99.7049331665039,102.01977651912117,98.27898881357073,102.01977651912117,37005300
2018-07-30,97.56602478027344,99.56604585799884,97.00120241039384,99.25123053804845,34668300
2018-07-31,98.22343444824219,98.81603377903939,97.57527407344814,98.60306508312418,27655200
2018-08-01,98.40860748291016,98.56601511626263,97.61230090151005,98.1771231758599,23628700
2018-08-02,99.60305786132812,100.08454206579012,97.07524636096832,97.59377596308865,26104300
2018-08-03,100.03826904296875,100.04753039419745,98.90862438066563,99.81604606386784,18659600
2018-08-06,100.1216049194336,100.39012760350113,99.59382090298126,100.11235063209234,20265900
2018-08-07,100.8160400390625,101.01974735385444,100.15862547317771,100.51974041691244,16080200
2018-08-08,101.38088989257812,101.62163560871024,100.70495950697548,101.23274357334908,15487500
2018-08-09,101.54754638671875,102.00126076966394,101.48273105548961,101.58458472804129,13677200
2018-08-10,100.92716217041016,101.56606114565591,100.35307852132405,101.31605412736812,18183700
2018-08-13,100.19567108154297,101.46420768387846,100.09381741675409,101.14938533880175,18472500
2018-08-14,101.44570922851562,101.6216396123521,100.03828735085112,100.51977173774247,16788300
2018-08-15,100.07003021240234,101.30626052463754,99.28924608156966,100.84151026080478,29982800
2018-08-16,100.05143737792969,101.18542916932982,99.73541059883199,100.66491113715651,21384300
2018-08-17,99.99566650390625,100.29310638325525,99.16841161785665,99.79117525719266,18061500
2018-08-20,99.33574676513672,100.29313139392963,98.97324204339043,99.93062667218334,17914200
2018-08-21,98.50847625732422,99.7818875349177,98.38763664130025,99.38220199508629,22881900
2018-08-22,99.5123291015625,99.77258812742485,98.32256950246222,98.3876342589278,18000600
2018-08-23,99.9770736694336,100.55336654482637,99.33572313282315,99.59598214379854,18167700
2018-08-24,100.75787353515625,100.9065899540076,99.977089288723,100.07933492922648,17234000
2018-08-27,101.87325286865234,101.91043373944822,100.86010073268717,101.56651600323086,19662300
2018-08-28,102.48674774169922,102.70982592096776,102.04988128413306,102.1893078054987,19151500
2018-08-29,104.12262725830078,104.13192424753237,102.49600162749825,102.6633119760418,20818000
2018-08-30,104.0575942993164,104.671068128526,103.58355407659315,103.79733525354038,22798700
2018-08-31,104.41082000732422,104.82909250443879,103.65791958437894,103.8159401000143,23222700
2018-09-04,103.83451843261719,104.06689359885925,102.44956442744218,103.03514729342234,22634600
2018-09-05,100.8415298461914,103.56496720485693,100.47902513731849,103.18387560209231,32872400
2018-09-06,101.07388305664062,101.3062581831862,99.93060140529094,100.61842979423858,23477600
2018-09-07,100.58124542236328,101.05529264964477,99.67033892926251,100.59983940309439,22498600
2018-09-10,101.66876983642578,101.91044197035491,100.72068237489859,101.16683867743141,20727900
2018-09-11,103.39762878417969,103.72295252561413,101.21330412994755,101.22260112013873,24301800
2018-09-12,103.83451843261719,103.96464795839056,102.71912047126624,103.57425938107046,18891100
2018-09-13,104.94992065429688,105.71211089534839,104.21561429779784,104.21561429779784,26055600
2018-09-14,105.37748718261719,105.71210797104439,104.51305132776805,105.36819019084784,19122300
2018-09-17,104.23416900634766,105.68418728757622,103.97391004218099,105.67489738994522,20736500
2018-09-18,105.22877502441406,105.68422838883441,103.84382094560985,104.2806874160147,22170900
2018-09-19,103.8251953125,105.33098856376215,103.21172871559538,105.08002656764788,21728400
2018-09-20,105.56339263916016,105.77718091724019,104.03901208124306,104.3643359030801,23714500
2018-09-21,106.2047348022461,107.16211923386406,105.50760938991927,105.96306267367873,71229700
2018-09-24,106.58583068847656,106.79961894391707,104.30855708524608,105.06145029198666,27334500
2018-09-25,106.38134002685547,106.98551683058024,105.7306924483991,106.7066709076104,22668000
2018-09-26,105.94448852539062,106.94834385031953,105.72140326071552,106.39994186392958,19352000
2018-09-27,106.34416961669922,106.80891992791662,106.14896824544418,106.68808030842284,19091300
2018-09-28,106.30697631835938,106.49287358451261,105.66561869453632,106.13966594221102,21647800
2018-10-01,107.45954132080078,107.52460606484277,106.64158352548361,106.66017041312766,18883100
2018-10-02,107.0320053100586,107.67335596055385,106.37206067460555,107.17143183113232,20787200
2018-10-03,107.05058288574219,107.98938048162918,106.82750472635755,107.28295803679651,16648000
2018-10-04,104.83838653564453,106.6695040795343,103.7601623019018,106.53007755392582,34821700
2018-10-05,104.22489166259766,105.19157306280196,102.83993786136007,104.68964192664629,29068900
2018-10-08,103.03515625,104.13196741366653,101.63160813826356,103.78805667631049,29640600
2018-10-09,104.34574890136719,105.10793917953494,102.98867875202107,103.30470558104132,26198600
2018-10-10,98.67578887939453,103.63931876897108,98.33187109824287,103.39764662298539,61376300
2018-10-11,98.44342041015625,101.25050934312557,96.8539680070152,97.92289520718413,63904300
2018-10-12,101.84538269042969,103.3976470244834,99.56810900713062,101.32486461231034,47742100
2018-10-15,100.01423645019531,101.7617016504142,99.4100598031308,101.23188673347067,32068100
2018-10-16,103.17456817626953,103.55566683202471,101.26908908054749,101.81749813051985,31610200
2018-10-17,102.90499877929688,103.92744790379096,101.82678189448389,103.80661539259131,26548200
2018-10-18,100.8508071899414,102.73769212530257,100.22804353875323,102.33800661499014,32506200
2018-10-19,100.99955749511719,103.04445636106995,100.58127789194859,101.25051958379585,32785500
2018-10-22,101.90115356445312,102.74700255870667,100.60914823007694,101.61301063264362,26545600
2018-10-23,100.4790267944336,101.2876949768478,97.69982161673028,100.17228985370464,43770400
2018-10-24,95.10651397705078,100.84153175308053,94.427975326967,100.76717708458007,63897800
2018-10-25,100.66490936279297,101.56651891219347,98.66648182231513,99.03828344939666,61646800
2018-10-26,99.41938781738281,101.08319481754684,97.37448924159271,98.2389251223142,55523100
2018-10-29,96.52864837646484,101.03672545122272,94.46515564293364,100.48832343022666,55162000
2018-10-30,96.41707611083984,97.02124567567893,93.0522822320848,96.35201136886371,65350900
2018-10-31,99.27995300292969,100.51619045540677,97.9600639035989,98.00654176842419,51062400
2018-11-01,98.45271301269531,99.75401541854357,98.09020830491633,99.50305334836105,33384200
2018-11-02,98.67578887939453,99.75400590724453,97.57897786795421,98.97322879309732,37680200
2018-11-05,99.93060302734375,100.14438417598113,98.43410662077727,98.87097300041826,27922100
2018-11-06,100.12581634521484,101.16685258862607,98.78733307051179,99.80978242023106,24340200
2018-11-07,104.06686401367188,104.32712299122954,101.68734525711577,101.72452612412762,37901700
2018-11-08,103.87168884277344,104.29925825458824,103.0909117668142,103.91816670794907,25644100
2018-11-09,101.84538269042969,103.59284130377816,101.0924894572175,103.03514234986072,32039200
2018-11-12,99.33574676513672,102.20790065151546,98.62002722315607,101.7059694002834,33621800
2018-11-13,99.40078735351562,101.0738840257704,99.12193436237675,99.96778323504547,35374600
2018-11-14,97.99121856689453,101.0624884063688,97.52446036251543,100.9131223623283,39495100
2018-11-15,100.14762115478516,100.63305358832223,97.00167598206113,98.00986810909254,38505200
2018-11-16,101.09046936035156,101.6412404953964,99.69953222745895,99.96091562186417,33502100
2018-11-19,97.66447448730469,101.34252373884136,96.66561236578751,101.07180316655825,44773900
2018-11-20,94.94792175292969,96.12415403408403,92.74482318537956,95.03194190552203,64052500
2018-11-21,96.25483703613281,97.48707789309091,95.44267553775693,96.71225789003643,28130600
2018-11-23,96.21752166748047,96.90832171309945,95.21865954343103,95.37735560001741,13823100
2018-11-26,99.39144134521484,99.54080018919646,97.62709682257942,97.823134311521,32336200
2018-11-27,100.01693725585938,100.19430763451204,98.35527935742147,99.20477549915763,29124500
2018-11-28,103.73230743408203,103.9283449525572,100.68904307597685,100.71704741830726,46788500
2018-11-29,102.86415100097656,103.73232134041753,101.78126880461438,102.99484269748051,28123200
2018-11-30,103.51759338378906,103.59227637650852,102.08931497829984,103.3402230566209,33665600
2018-12-03,104.6378402709961,105.87941867856884,103.36826463569962,105.48734353580826,34732800
2018-12-04,101.30518341064453,105.15127304210343,101.01579564339751,104.49781449600886,45197000
2018-12-06,101.93061065673828,101.97728218176425,98.0191764781838,98.78465928579362,49107400
2018-12-07,97.8511734008789,102.1733510903353,97.36574808284126,101.17448898403917,45044900
2018-12-10,100.43698120117188,100.80105898696272,96.98297491263259,97.83247787587499,40801500
2018-12-11,101.37053680419922,103.57363595511151,100.29699870179948,102.50009785271178,42381900
2018-12-12,101.82794952392578,103.87234517328211,101.79060802100265,103.51761157875755,36183000
2018-12-13,102.17332458496094,103.49892273381163,101.40784174060359,102.29468622461007,31333400
2018-12-14,98.980712890625,101.99597308669344,98.48595048743795,101.05311981293988,47043100
2018-12-17,96.04948425292969,98.76601989854912,94.94793481758353,98.40194913893302,56957300
2018-12-18,97.05768585205078,97.56178548274922,95.70408301346318,96.85231113708137,49319200
2018-12-19,96.79629516601562,99.77420694276607,94.61186359716717,96.75895366408555,68198200
2018-12-20,94.76122283935547,97.37506368837504,92.21272071134459,96.19883851128947,70334200
2018-12-21,91.69927215576172,96.15213997014261,90.98046090738043,94.87322059296945,111242100
2018-12-24,87.87185668945312,91.456561758463,87.7318349900932,91.18584126943097,43935200
2018-12-26,93.87435913085938,93.99572075928221,87.71315545081991,88.81470452711191,51634800
2018-12-27,94.45317077636719,94.4625079327089,89.99096441493215,92.69816285878859,49498500
2018-12-28,93.7156753540039,95.60138175665949,92.90351382943496,95.3026497844539,38196300
2018-12-31,94.81723022460938,95.5920502988283,93.76235959300134,94.55584685551447,33173800
2019-01-02,94.39713287353516,94.98524534214235,92.36206787271878,92.93151315658217,35329300
2019-01-03,90.92446899414062,93.52897975146426,90.73776150201411,93.44495959946669,42579100
2019-01-04,95.15328979492188,95.69473080489634,92.3527416880828,93.09022021087655,44060600
2019-01-07,95.2746353149414,96.40418875666435,94.26644350456684,94.88256032634231,35656100
2019-01-08,95.96546173095703,97.05767390191076,94.9479254381183,96.18950360962789,31514400
2019-01-09,97.33773040771484,97.90717585578747,96.37620986750927,96.95499247172697,32280800
2019-01-10,96.71227264404297,96.85230149231991,95.57338179056309,96.35753906761607,30067600
2019-01-11,95.96546173095703,96.56291148885461,94.88257959341585,96.32953245460827,28314200
2019-01-14,95.26532745361328,96.03081042375756,94.52784882886306,95.12529860447991,28437100
2019-01-15,98.02853393554688,98.06587543659873,95.10662379716635,95.6947435360292,31587600
2019-01-16,98.37393188476562,99.1954306763425,97.98185680087477,98.26191450203291,29853900
2019-01-17,99.06472778320312,99.5408158503254,97.7951453598856,98.01918722218798,28393000
2019-01-18,100.54904174804688,100.72641212754344,98.86871664909708,100.31566266856794,37427600
2019-01-22,98.6539535522461,99.97954432627019,97.8884708537938,99.65281520903335,32371300
2019-01-23,99.61550903320312,99.92357107672707,98.33658932419233,99.0647379149298,25874300
2019-01-24,99.13939666748047,99.88621231872824,98.33657233514577,99.75552064808416,23164800
2019-01-25,100.04491424560547,100.70770979225229,99.13940252962695,100.11026008479142,31225600
2019-01-28,98.09388732910156,99.40081147781764,97.70181222113582,99.19543676731266,29476700
2019-01-29,96.09615325927734,97.99118987463487,95.37734184659234,97.90716971892232,31490500
2019-01-30,99.30743408203125,99.30743408203125,97.3937304673391,97.66445097444586,49471900
2019-01-31,97.48709106445312,98.22456967182605,96.32019588610918,96.89897845854644,55636400
2019-02-01,95.9467544555664,97.17899504814203,95.54534236968857,96.88027027182552,35535700
2019-02-04,98.7099609375,98.76597672984002,95.93741780904602,96.03077508889254,31315100
2019-02-05,100.09159088134766,100.13826241001911,98.91535867752958,99.00870885703466,27325400
2019-02-06,98.980712890625,99.88622466498445,98.51395483144283,99.88622466498445,20609800
2019-02-07,98.271240234375,98.56996511219202,97.35639841200666,98.19656435654291,29760700
2019-02-08,98.64466857910156,98.74735594485962,97.32841426136581,97.44976881991427,21461100
2019-02-11,98.25257110595703,99.49414924825398,97.9911877332972,99.13940856636185,18914100
2019-02-12,99.78352355957031,100.01690255697265,98.46726971774525,99.0833865673633,25056600
2019-02-13,99.70886993408203,100.61438185021078,99.615519732063,100.35299843569194,18394900
2019-02-14,99.7928695678711,100.15694026634826,98.63531163225558,99.24209138160923,21784700
2019-02-15,101.02511596679688,101.09979896595313,100.22229153127412,100.73572824776988,26606900
2019-02-19,100.97843170166016,101.4358597044565,100.61436100370382,100.6236981586203,18038500
2019-02-20,100.45341491699219,101.1940429022667,99.64716202935554,101.11904097025912,21607700
2019-02-21,102.57218933105469,102.63781424386248,100.19093125511925,100.21905519595416,29063200
2019-02-22,104.03470611572266,104.250327794187,102.95657626566077,103.17220509670517,27763200
2019-02-25,104.6159439086914,105.16907433232286,104.30657339140473,104.77532483571842,23750600
2019-02-26,105.33781433105469,106.16281421347584,104.22218371922284,104.30656268988359,21536700
2019-02-27,105.15969848632812,105.33782632600104,103.95031888805423,104.709701100158,21487100
2019-02-28,105.0284652709961,105.82534143088519,104.74721864828379,105.03784230419402,29083900
2019-03-01,105.49717712402344,105.956551441852,104.69092423411655,105.83467866642995,23501200
2019-03-04,105.24404907226562,106.1721746893448,103.87529606703018,105.95654593357007,26608000
2019-03-05,104.71907806396484,105.36595739700034,104.27845767969917,105.23470755443952,19538300
2019-03-06,104.76593780517578,105.6190687856414,104.46593719555047,104.8784407160023,17687000
2019-03-07,103.49095916748047,104.5784661182301,103.00346073780064,104.43783923286344,25339000
2019-03-08,103.60343170166016,103.79092939207018,102.00030284514571,102.33780440994647,22818400
2019-03-11,105.77847290039062,105.89096869092162,104.04409365475703,104.05346353558076,26491600
2019-03-12,106.51909637451172,106.86596791643288,105.60971729500295,105.76909109278189,26132700
2019-03-13,107.34407806396484,107.81282949655858,106.66907485661719,106.99719942891696,35513800
2019-03-14,107.428466796875,108.0003442068541,107.18472116341992,107.38159593778612,30763400
2019-03-15,108.66597747802734,109.92222807998866,107.42846663657721,108.1315938950846,54681100
2019-03-18,110.22222900390625,110.25972998275344,108.7972275706145,108.90972335457573,31207600
2019-03-19,110.29722595214844,111.03785415743714,109.67847055814269,110.70972239557224,37588700
2019-03-20,110.17534637451172,111.32847817984663,109.41597125427903,110.05347356280156,28113300
2019-03-21,112.70659637451172,113.26909666698754,109.77220780858772,109.81908581320208,29854400
2019-03-22,109.73472595214844,112.11597721149982,109.72534891968735,112.03160537709023,33624500
2019-03-25,110.30660247802734,110.63472708580538,109.05034478350287,109.27534349275352,27067100
2019-03-26,110.5409927368164,111.29099091700783,109.54723459800589,111.20661907217594,26097700
2019-03-27,109.47221374511719,110.82222025013559,108.30033508522753,110.51284256730558,22733400
2019-03-28,109.62222290039062,110.23160126325322,108.87221766108588,110.1003514192619,18334800
2019-03-29,110.569091796875,110.92534031583367,109.65033582866252,110.69096459617101,25399800
2019-04-01,111.58158874511719,111.66596772298894,110.71908781897977,111.51596383014106,22789100
2019-04-02,111.74098205566406,112.01285877715333,111.11284962546054,111.6191020910702,18142300
2019-04-03,112.47222137451172,112.90347183991517,111.70346930095263,112.36909548576531,22860700
2019-04-04,111.90034484863281,112.71597493294888,110.98158887483152,112.59409498033213,20112800
2019-04-05,112.39723205566406,112.71598678921438,111.90973365165667,111.92848056418075,15826200
2019-04-08,112.43472290039062,112.51909472801536,111.2253433030464,112.32221997764483,15116200
2019-04-09,111.82535552978516,112.06910830996647,111.1691062976588,111.215977155622,17612000
2019-04-10,112.67847442626953,112.82847116904648,112.0690961183983,112.2753478982236,16477200
2019-04-11,112.80970764160156,113.29720592454264,112.42532808080438,113.00658236082266,14209100
2019-04-12,113.3909683227539,113.41909941678662,112.84722209863477,113.10034472429547,19745100
2019-04-15,113.48472595214844,113.9816013318026,113.03472142472658,113.38160006362634,15792600
2019-04-16,113.22221374511719,114.04722081399223,112.5940885650084,114.03784378296073,14071800
2019-04-17,114.15970611572266,114.23470805194421,113.00658174477401,113.66283080526688,19300900
2019-04-18,115.65973663330078,115.80035634779995,113.71910589483697,114.55348291290336,27991000
2019-04-22,116.02534484863281,116.25034351077039,114.9097142632124,114.9565922627562,15648700
2019-04-23,117.60037231445312,117.73162215522176,116.09099199303388,116.34411464235058,24025500
2019-04-24,117.19725036621094,117.98474944177441,116.73786875288543,117.92850155139992,31257000
2019-04-25,121.0784683227539,123.1597254670076,120.77847489659305,121.93159921538572,38033900
2019-04-26,121.77225494384766,122.36288636709969,120.95663197281159,121.59412709841233,23654900
2019-04-29,121.65975952148438,122.0441248517792,121.26601000656512,121.78162517516637,16324200
2019-04-30,122.4378662109375,122.53160790386856,121.3034815767639,121.6972310194508,24166500
2019-05-01,119.88786315917969,122.48474293418654,119.71911235828031,122.37224716863975,26821700
2019-05-02,118.322265625,120.00039703560451,117.67538619590401,119.98165012070335,27350200
2019-05-03,120.84413146972656,121.34100691733582,119.29725723549556,119.40038313812167,24911100
2019-05-06,120.14100646972656,120.52538614173719,118.2285066003512,118.49100630192896,24239800
2019-05-07,117.67534637451172,119.23160443016765,116.45659704609282,118.5566012808508,36017700
2019-05-08,117.66596984863281,118.47222277003422,116.953465769878,117.60034494352239,28419000
2019-05-09,117.6566162109375,117.92849291547154,115.84723529306453,116.52223853844838,27235800
2019-05-10,119.18473052978516,119.93473564428773,116.08159849487404,117.10348028456933,30915100
2019-05-13,115.6409912109375,117.70350205952812,115.35036757581624,116.3534954788201,33944900
2019-05-14,116.93473815917969,118.01286075639663,115.96910417809224,116.12848510472882,25266300
2019-05-15,118.5814437866211,119.2307176153611,116.3983861709636,116.92533606374717,24722700
2019-05-16,121.31966400146484,121.7431134147513,118.99546630033817,119.2683493813166,30112200
2019-05-17,120.51044464111328,122.75937001525946,120.3692900462168,120.73626901996914,25770500
2019-05-20,118.7696304321289,120.05875903447827,118.33678365084577,119.05191806563253,23706900
2019-05-21,119.40950775146484,120.00231831892629,119.10839659638116,119.90822242903567,15293300
2019-05-22,120.13404846191406,120.67041008558014,119.05192783042168,119.14603089502997,15396500
2019-05-23,118.73200988769531,118.83551752380504,117.37700605429986,118.7508261946896,23603800
2019-05-24,118.7884521484375,119.8988007872087,118.53439254880298,119.41890963467064,14123400
2019-05-28,118.71318817138672,120.44457549822678,118.60968053999343,119.48478594600999,23128400
2019-05-29,117.565185546875,117.98862058514813,116.7183082912735,117.97920884368165,22763100
2019-05-30,118.3085708618164,118.33679891090138,117.4146419594739,117.86631228200201,16829600
2019-05-31,116.37957763671875,117.26409483301896,116.04082667554235,116.89711582158729,26646800
2019-06-03,112.76622772216797,117.02884245744448,111.98522540230312,116.53953236067598,37983600
2019-06-04,115.89024353027344,116.00315570094416,113.52839917999799,114.12120961318308,29382600
2019-06-05,118.40264892578125,118.44028871191313,116.8782698931886,117.57458798899036,24926100
2019-06-06,120.27521514892578,120.4163625893954,118.18625313133505,118.97667449053073,21459000
2019-06-07,123.64388275146484,124.44371577949308,120.68922723847285,121.56433985157184,33885600
2019-06-10,124.7730712890625,126.16570781937743,124.20848153882234,124.58486513357326,26477100
2019-06-11,124.30256652832031,126.3162486192499,123.53096160581532,125.97749769002289,23913700
2019-06-12,123.72856903076172,124.18023213843705,122.99461109649758,123.64387053210716,17092500
2019-06-13,124.50958251953125,125.1494374129066,123.79443368798024,124.1896407147318,17200800
2019-06-14,124.63188934326172,125.89278990311317,123.86970339824869,124.45310214961953,17821700
2019-06-17,125.00830841064453,125.83635514955378,124.70719006332259,124.80129313638896,14517800
2019-06-18,127.18195343017578,127.25723301641315,125.68580934375441,126.2692081894529,25934500
2019-06-19,127.6806869506836,127.90651138457795,125.911652308564,127.03141298700714,23744400
2019-06-20,128.86630249023438,129.534399912638,127.70890924438677,129.33678918377893,33042600
2019-06-21,128.88507080078125,129.600205099889,128.40517974773493,128.51809191124977,36727900
2019-06-24,129.64727783203125,130.2306765831175,128.91331993288702,128.91331993288702,20628800
2019-06-25,125.55404663085938,129.46849857155732,124.8953682653841,129.14857113091384,33327400
2019-06-26,126.02458953857422,127.72776384488832,125.71408088034043,126.41981109256214,23657700
2019-06-27,126.23155975341797,126.75851685096869,125.62933742861564,126.22215518953972,16557500
2019-06-28,126.05276489257812,126.65498711228183,125.29998352842092,126.62675906746058,30043000
2019-07-01,127.67122650146484,128.6310231076823,127.00314362433801,128.5651624552563,22613500
2019-07-02,128.51808166503906,128.52748622521275,127.35127008868045,128.08522780922803,15237800
2019-07-03,129.3461456298828,129.60961690235635,128.24519466363074,128.72510004843485,13629300
2019-07-05,128.9697723388672,129.2238390991918,127.70887181565809,127.91588704879513,18141100
2019-07-08,128.8756561279297,129.00739176106342,127.37949828820928,128.34869923728758,16779700
2019-07-09,128.4051971435547,128.88508826161473,127.78415144386977,127.97234319459272,19953100
2019-07-10,129.71316528320312,130.40007171969035,128.93215578062745,129.03566341007993,24204400
2019-07-11,130.23068237304688,131.0022872725657,129.73196773627933,130.04249060866292,22327900
2019-07-12,130.701171875,130.91760604906926,129.86370630043865,130.6541347014395,18936800
2019-07-15,130.701171875,131.3033941493125,130.2871557273758,131.20930544407994,16651500
2019-07-16,128.98861694335938,130.8423354248371,128.46167421203603,130.75765127689854,22726100
2019-07-17,128.22642517089844,129.7884298095519,128.17937363810682,129.57200998844476,20211000
2019-07-18,128.3675537109375,128.55574546683906,126.72085072010519,127.54891167580483,30381800
2019-07-19,128.55577087402344,132.36671570617833,128.39580713198706,131.94328058218633,48992400
2019-07-22,130.25889587402344,130.97404460017884,129.22383410643957,129.29911367540907,25074900
2019-07-23,131.0681610107422,131.72685378899644,129.88253985448742,131.51041959814708,18034600
2019-07-24,132.4137725830078,132.43259607051033,130.6541569915451,130.70119417313032,20738300
2019-07-25,131.91500854492188,132.31021548607612,131.0963666209673,132.14083287809078,18356900
2019-07-26,132.99713134765625,133.31705874810743,132.01852566447917,132.0843863136969,19037600
2019-07-29,132.7054443359375,133.15710743495026,131.14342543580088,133.1477028722185,16605900
2019-07-30,132.0655517578125,132.8841935831162,131.54801379315217,131.8679411319942,16846500
2019-07-31,128.22642517089844,132.19733332223063,127.10666473777279,132.04677416054224,38598800
2019-08-01,129.91075134277344,132.62075862086454,128.84744708416753,128.91332209684015,40557500
2019-08-02,128.81924438476562,130.15543916148184,127.27604868290362,129.9390049556382,30791600
2019-08-05,124.40605163574219,126.024512051176,123.06045272557274,125.43170880092082,42749600
2019-08-06,126.73963928222656,127.67119324260456,125.34700344253878,125.90217399481953,32696700
2019-08-07,127.29486846923828,127.64302400000143,124.04851341521257,125.89281306576213,33414500
2019-08-08,130.6917266845703,130.78582971866123,127.9064405579001,128.5369050417165,27496500
2019-08-09,129.58143615722656,131.15285980519363,128.40521956221116,130.42830636239256,23466700
2019-08-12,127.77473449707031,129.7225557603184,127.2572107641165,128.97919330814278,20484300
2019-08-13,130.4188995361328,130.6070913164481,127.03139005800762,128.0194148523035,25154600
2019-08-14,126.49140930175781,129.26708525356443,126.19873853509822,128.7383878162536,32527300
2019-08-15,126.20816802978516,127.05787264469028,124.85810245681584,126.87849007912395,28074400
2019-08-16,128.52120971679688,128.83276655962823,127.19001622631394,127.34107670876318,24449100
2019-08-19,130.67381286621094,130.8059872290479,129.23876663689148,130.145115414863,24355700
2019-08-20,129.58804321289062,130.95700905919645,129.56917145658028,130.48495584486227,21170800
2019-08-21,131.03256225585938,131.69344846909365,130.2867243031656,130.80598586816757,14970300
2019-08-22,130.0789794921875,131.41960886026482,128.67225576083516,130.90979773952802,18697000
2019-08-23,125.93437957763672,130.61715468124206,125.3773601376089,129.5219875610384,38508600
2019-08-26,127.87916564941406,127.98301789444629,126.41579834429278,127.44488491994511,20312600
2019-08-27,128.15301513671875,129.07823542714786,127.13337843860616,128.7666785688978,23102100
2019-08-28,127.98310089111328,128.1719193483704,126.08545162590303,127.34111525525404,17393300
2019-08-29,130.40000915527344,130.7021302056867,129.25764814746918,129.57864095908982,20168700
2019-08-30,130.154541015625,131.40075428023866,128.6534149264152,131.37243223371954,23940100
2019-09-03,128.436279296875,129.53144661299442,128.11528645088603,128.97442707332073,18869300
2019-09-04,129.9373779296875,129.9940220128763,128.85164684685714,129.62582106622773,17995900
2019-09-05,132.2221221923828,132.5336790754862,131.00421670334944,131.33465975068032,26101800
2019-09-06,131.3252410888672,132.34486359607237,130.4755364582972,132.20325336060617,20824500
2019-09-09,129.8335418701172,131.9388955253425,128.8327911929049,131.78783501400997,25773900
2019-09-10,128.47401428222656,129.23873824247855,126.99176016199735,129.15377211487765,28903400
2019-09-11,128.51177978515625,128.65340441210148,127.5393511850081,128.31352547572484,24726100
2019-09-12,129.8335418701172,130.68323203599695,129.21986394505,130.1450987725193,27010000
2019-09-13,129.6446990966797,130.3433286200784,128.93661928939468,130.07897997783232,23363100
2019-09-16,128.70999145507812,129.05930611606257,128.0774420716582,128.2379383863245,16731400
2019-09-17,129.71080017089844,129.8335386340373,128.8044515314171,129.3048412634744,17814200
2019-09-18,130.77764892578125,130.919259151961,128.89887162489774,129.6824818235801,23982100
2019-09-19,133.1851043701172,134.41243123548338,132.24099791619165,132.45813836693657,35772100
2019-09-20,131.64625549316406,133.7327234696343,130.52276608771396,133.12849568929894,39167300
2019-09-23,131.3629913330078,131.82560875167962,130.7021195962791,131.4479574693179,17139300
2019-09-24,129.70138549804688,132.82637642893943,129.22933213915857,132.51481948336212,29773200
2019-09-25,131.57066345214844,132.13713303286846,128.42678753158395,129.81462503902017,21382000
2019-09-26,131.74063110351562,132.34485876264458,130.70212246753474,131.64622908529395,17456600
2019-09-27,130.03179931640625,132.51480430973803,129.01216244925013,132.3165355831006,22477700
2019-09-30,131.25912475585938,131.4385072947318,130.0789916379322,130.3339044250626,17280900
2019-10-01,129.40867614746094,132.41092770026117,129.3425817820733,131.85390836022654,21466600
2019-10-02,127.12397003173828,128.7478348185671,126.11378328516886,128.63454661676425,30521700
2019-10-03,128.66281127929688,129.1065424130071,125.77384817449042,127.40714811432109,24132900
2019-10-04,130.40000915527344,130.5227476327444,128.79503069124559,129.10658762226254,22897700
2019-10-07,129.45590209960938,130.4566528657822,129.36150007607725,129.47478826668564,15303700
2019-10-08,128.0869140625,130.06009298883106,128.03970586113044,129.4181075491507,25550500
2019-10-09,130.5133056640625,130.94758664636785,129.3142862107932,129.776903645437,19749900
2019-10-10,131.3252410888672,131.86337438956303,130.522744672094,130.7493354547642,17654600
2019-10-11,131.8727569580078,133.14730618564113,131.70282474414654,132.28816602200442,25446000
2019-10-14,131.75006103515625,132.4486906045742,131.7217389934729,131.88223536498572,13304300
2019-10-15,133.6571502685547,133.86484042358296,131.99551378096498,132.23154038150483,19695700
2019-10-16,132.56201171875,133.10959527775475,131.73119329737403,132.9207624322249,20751600
2019-10-17,131.88226318359375,133.5155636908473,131.24971344270278,133.07183240298096,21460600
2019-10-18,129.72970581054688,132.1749387194344,128.92720934880884,131.94834792406806,32273500
2019-10-21,130.69265747070312,130.75875184135003,129.35202795309812,130.71154363459112,20078200
2019-10-22,128.74781799316406,132.18436558936338,128.6439656864414,131.2025010215596,27431000
2019-10-23,129.56922912597656,129.76748349692141,128.03033035241077,129.22935008414385,29844600
2019-10-24,132.1182861328125,132.57145328850186,130.9192666606702,131.5990245971663,37029300
2019-10-25,132.86410522460938,133.2511923514394,131.41962341563107,131.55179775089962,25959700
2019-10-28,136.1307373046875,137.52801108363448,135.48873730511255,136.3289916296993,35280100
2019-10-29,134.8467254638672,136.42338150059607,134.67677881244143,136.0268585218308,20589500
2019-10-30,136.5272674560547,136.8954684847076,134.80898638505795,135.4981946331433,18496600
2019-10-31,135.3565673828125,136.8293714690805,134.99781664764748,136.80104942172338,24605100
2019-11-01,135.68698120117188,136.3478528401246,134.97890135816795,136.19679234952932,33128400
2019-11-04,136.4706268310547,136.89547196631688,136.10242579303747,136.73497555548116,16912000
2019-11-05,136.3856964111328,136.91439399847698,135.86643470715953,136.8671857697651,18250200
2019-11-06,136.00799560546875,136.44229098363357,135.19606334657902,136.30066634891907,16575800
2019-11-07,136.19677734375,136.78213307883354,135.734174450412,135.80025440406615,17786700
2019-11-08,137.80177307128906,137.8300951101143,135.72472751797048,135.93243207330235,16732700
2019-11-11,137.9434356689453,138.23610645193605,136.6405637643538,137.21646944911558,14362600
2019-11-12,138.84976196289062,139.32181525400387,137.89620509505104,138.10390969561473,18641600
2019-11-13,139.07635498046875,139.21797962831948,138.10392623677834,138.53822165522573,16919200
2019-11-14,139.784423828125,140.11486690743746,138.78367311604555,138.80255928210093,19729800
2019-11-15,141.58763122558594,141.6065173863453,139.9826533031139,140.60575254897546,23485700
2019-11-18,141.9369659423828,142.13523464345982,140.65298054252128,141.68206756289746,21534000
2019-11-19,141.9841766357422,142.8716390549211,141.80479409493938,142.44679400907984,23935700
2019-11-20,141.7378387451172,142.89356887432504,140.63895988786788,142.39149105072767,25696800
2019-11-21,141.605224609375,141.90837359464282,140.67685613813595,141.52943736305804,18576100
2019-11-22,141.70947265625,142.38207563417407,140.98004729526477,142.1641962701748,15901800
2019-11-25,143.26309204101562,143.37678018506864,142.02210608510487,142.09789336282512,22420900
2019-11-26,144.0209503173828,144.39040426181063,143.34836171711572,143.3862481284912,24620100
2019-11-27,144.295654296875,144.46616479892097,143.53779611513806,144.30512228423004,15184400
2019-11-29,143.40518188476562,144.2767137945009,143.3104441849264,144.08725284976603,11977300
2019-12-02,141.6715850830078,143.83147163906838,140.50638654867225,143.81252120824163,27418400
2019-12-03,141.4442138671875,141.55788753469812,138.92434156779072,139.72010060519244,24066000
2019-12-04,141.9557647705078,142.26836733521912,141.3399987178796,142.23048093356795,17574700
2019-12-05,142.03155517578125,142.4010235261113,141.6052644434032,142.14524330470715,17869100
2019-12-06,143.7556610107422,143.86933466734416,142.3536329112005,143.0357037606945,16403500
2019-12-09,143.38619995117188,144.1914268580623,142.95990930544062,143.11148380990429,16687400
2019-12-10,143.16836547851562,143.8883229178125,142.81784752028668,143.31992557551058,16476100
2019-12-11,143.70831298828125,143.86935551011177,142.4104903709191,143.55673845422552,18856600
2019-12-12,145.16720581054688,145.35666676790927,143.06415593745186,143.6609572303962,24612100
2019-12-13,146.38922119140625,146.73025664985508,144.77878159231992,144.9398241067343,23845400
2019-12-16,147.33653259277344,147.68703602021847,146.66394415335506,146.9386603212284,24144200
2019-12-17,146.54080200195312,147.50707158481424,146.31344020159077,147.26075935401926,25425600
2019-12-18,146.23764038085938,147.28916512798332,146.05764744455877,146.17133556245182,24129200
2019-12-19,147.5071258544922,147.56396271175797,145.65037327243536,145.8872031476751,24958900
2019-12-20,149.11749267578125,150.1405989675378,148.0564855278811,149.06065584650722,53477500
2019-12-23,149.11749267578125,149.79008109544574,148.98486858916138,149.79008109544574,17718200
2019-12-24,149.08912658691406,149.40174371258172,148.84281430035668,149.18384985063534,8989200
2019-12-26,150.31114196777344,150.3679788093413,149.1080424864569,149.25961703393423,14520600
2019-12-27,150.58584594726562,151.14476073019574,149.8848246306629,151.05002304108064,18412800
2019-12-30,149.28797912597656,150.64265264363044,148.4732843093639,150.61423423356922,16348400
2019-12-31,149.3922119140625,149.4585311862097,148.2080630966477,148.51121213227788,18369400
2020-01-02,152.1584014892578,152.26260717686054,149.98904693545595,150.41533767385138,22622100
2020-01-03,150.26377868652344,151.52371505612567,149.73328220562672,149.97959446814662,21116200
2020-01-06,150.65213012695312,150.7184493912366,148.26488234672686,148.8048610818125,20813700
2020-01-07,149.27853393554688,151.2584272318134,149.03223619242732,150.92687424549183,21634100
2020-01-08,151.6562957763672,152.32889862891633,149.62903368740584,150.55740226330082,27746500
2020-01-09,153.5509796142578,153.67413574703286,152.54682348378634,153.3141497927336,21385000
2020-01-10,152.84042358398438,154.62138769177605,152.6888490950364,154.24246592434494,20725900
2020-01-13,154.6782684326172,154.70668685049705,152.7646797173632,153.23833928861814,21626500
2020-01-14,153.5888671875,154.98142757393325,153.20046284462947,154.7824841808954,23477400
2020-01-15,154.58351135253906,155.3034830617299,154.00566062481232,154.05301501204548,21417900
2020-01-16,157.41603088378906,157.48235016664844,155.38876835912026,155.6919174437164,23865400
2020-01-17,158.29701232910156,158.6475157371676,156.71497686229213,158.60014689568655,34371700
2020-01-21,157.7285919189453,159.3295631226846,157.66227265964778,157.89910237724382,29517200
2020-01-22,156.97079467773438,158.66650420670973,156.9518442456102,158.58123448962317,24138800
2020-01-23,157.93699645996094,158.01278370093718,156.56338704774458,157.4349186365642,19680800
2020-01-24,156.34556579589844,158.70439597949334,155.78665089637408,158.68544554672874,24918100
2020-01-27,153.73095703125,154.77301392246096,151.76053138101526,152.66048172072817,32078100
2020-01-28,156.74342346191406,157.0276076258131,154.4793314082179,155.15191986936853,24899900
2020-01-29,159.1875,159.86010294143955,156.96130872089228,158.99803906528018,34754500
2020-01-30,163.67779541015625,164.88089473268496,161.7926251689453,164.88089473268496,51597500
2020-01-31,161.26211547851562,163.31779605239475,160.6463638869867,163.13781757767464,36142700
2020-02-03,165.1935272216797,165.30720090044179,161.423186386706,161.45160480639652,30107000
2020-02-04,170.63108825683594,171.12369816863662,167.02180529379913,167.8080817735197,36433300
2020-02-05,170.4226837158203,174.49615834021887,169.0111876454054,174.3351158434909,39186300
2020-02-06,173.95619201660156,174.13618493879304,170.5742562594861,171.4363200158027,27751400
2020-02-07,174.20252990722656,175.85087054547617,172.86680634459037,173.21732428358098,33529100
2020-02-10,178.75912475585938,178.89174886166035,173.5962381626121,173.90885522377374,35844300
2020-02-11,174.72354125976562,180.65375376260124,173.8330589718601,180.60638491548957,53159900
2020-02-12,174.97930908203125,176.05925222698292,172.26997600540625,175.80347203464285,47062900
2020-02-13,174.03201293945312,176.41924686578838,173.23625384239782,173.43519723039753,35295800
2020-02-14,175.5856170654297,175.64245390384997,173.02784369696806,173.59624099105812,23149500
2020-02-18,177.36656188964844,177.81180305026547,175.727703793834,175.83190947940273,27792200
2020-02-19,177.89849853515625,178.75340863724387,177.12907654439266,178.63942448881184,29997500
2020-02-20,175.1817626953125,177.86999994787422,172.0280805137108,177.5850250864562,36862400
2020-02-21,169.643798828125,174.3078432347574,168.3709275932466,173.99437234955488,48572600
2020-02-24,162.32952880859375,165.80619024009897,155.05324119911742,159.36582502799183,68311100
2020-02-25,159.6508331298828,166.08169133903291,159.2518595430359,165.47375160376006,68073300
2020-02-26,161.6456298828125,164.58083826118965,159.78382076998352,161.20868089476,56206100
2020-02-27,150.25619506835938,158.66287293546242,150.06621667754132,155.13872812835803,93174900
2020-02-28,153.8943634033203,155.50921622258826,144.38580353335962,144.7752687189207,97012700
2020-03-02,164.1343536376953,164.25784613285873,154.17933661297113,157.02905638868572,71030800
2020-03-03,156.26914978027344,166.23367652237985,154.13185965355714,165.0937913536831,71677000
2020-03-04,162.00653076171875,162.14901091633647,157.3234849228682,160.04972600139223,49814400
2020-03-05,157.9409942626953,162.310556474439,157.39004662621815,157.7320136249134,47817300
2020-03-06,153.47642517089844,154.93927504171984,148.18543814642317,154.46432171432747,72821100
2020-03-09,143.07492065429688,149.84775902864055,142.48598322850134,143.435889783358,70419300
2020-03-10,152.8590087890625,152.9634991224944,144.93678912699198,150.23727109717373,65354400
2020-03-11,145.93418884277344,149.80030204844616,143.57840950209692,149.25886270019677,56371600
2020-03-12,132.09402465820312,145.7821838160187,131.6380734962404,138.0214477414232,93226400
2020-03-13,150.87364196777344,153.799355549348,133.68032956461008,140.1112002373312,92727400
2020-03-16,128.63636779785156,141.86857610037168,128.2374087100847,132.98694236601375,87905900
2020-03-17,139.22781372070312,140.111219878546,128.23738768544888,132.98692056268771,81059800
2020-03-18,133.36692810058594,138.6864127433065,128.25643863790086,131.08715725052258,81593200
2020-03-19,135.56118774414062,142.62848121921525,132.03702760813172,135.61817982543892,85922700
2020-03-20,130.46966552734375,139.7312540410922,129.05429960314783,138.6863510776693,84866200
2020-03-23,129.16830444335938,133.52838705805826,125.88163549437337,130.14670715023314,78975200
2020-03-24,140.90914916992188,142.10604082694735,134.19331668258258,136.5490811192796,82516700
2020-03-25,139.56028747558594,146.59909944242216,137.20452297118143,141.4506069839255,75638200
2020-03-26,148.28990173339844,148.81235319825882,140.9376203324005,140.96611636735446,64568100
2020-03-27,142.20101928710938,147.1310370046496,141.7260659731949,144.1483307730437,57042300
2020-03-30,152.20352172851562,152.5549970065621,142.49547567385673,144.8037561165446,63420300
2020-03-31,149.80978393554688,156.52561640437477,148.71738259294858,151.41511399644187,77927200
2020-04-01,144.49029541015625,149.84776812499067,143.2649222575526,145.33571171552185,57969900
2020-04-02,147.4824981689453,147.69147878711792,142.82796147930063,144.25282142442757,49630700
2020-04-03,146.12411499023438,149.49628588002253,144.56626894886142,147.33050027358752,41243300
2020-04-06,156.99110412597656,158.15948545558706,149.68631836450496,152.2890682680744,67111700
2020-04-07,155.3002166748047,161.48410268308842,155.08172774695498,161.09463754501482,62769000
2020-04-08,156.8581085205078,158.3209585589881,155.30975585753413,157.37105179533347,48318200
2020-04-09,156.8675537109375,158.98584107836996,155.14822532115448,158.02644076267168,51385100
2020-04-13,157.2190399169922,157.2760464896753,154.1698477747721,156.11715925033957,41905300
2020-04-14,164.99874877929688,165.04624700105933,159.58428487008902,160.53419132764907,52874300
2020-04-15,163.26995849609375,164.87530304245226,160.76220553744395,162.62401444151914,40940800
2020-04-16,168.17144775390625,168.39943054189166,164.23883525130512,165.56871310625135,50479600
2020-04-17,169.6533203125,170.98318372145278,167.06006492340595,170.50823043333762,52765600
2020-04-20,166.29066467285156,169.79582271685595,166.2241787409171,167.78202514998281,36669600
2020-04-21,159.41334533691406,164.97029069532127,157.7889985432716,164.8088082997189,56203700
2020-04-22,164.82777404785156,165.28372509311845,162.26302948839455,162.8044686369448,34620200
2020-04-23,162.83297729492188,166.29063651962912,162.34853017767068,165.38822820580504,32790800
2020-04-24,165.80618286132812,165.81567670835807,162.1585453714661,163.44091045280888,34277600
2020-04-27,165.33123779296875,168.03846276162992,164.61880788104367,167.74399405047532,33194400
2020-04-28,161.3036346435547,166.87008780328102,160.90467561776978,166.7940935372614,34392700
2020-04-29,168.54190063476562,168.7793772559572,163.26993123985068,164.54280245077612,51286600
2020-04-30,170.23277282714844,171.36314953679909,167.40204064561368,170.98319268415977,53875900
2020-05-01,165.8251953125,169.69130747870238,165.29323546301947,166.99357632410124,39370500
2020-05-04,169.8813018798828,170.03329042260975,165.09377873938547,165.74921664727339,30372900
2020-05-05,171.7051239013672,174.4503535890993,170.88820358800612,171.57213754777004,36839200
2020-05-06,173.39593505859375,174.97278340842882,172.53153111485707,172.95898616297717,32139300
2020-05-07,174.40284729003906,175.3052556080261,173.4339385566434,174.94428648306186,28316000
2020-05-08,175.42877197265625,175.73274909057017,174.17490259732813,175.71374689709387,30877800
2020-05-11,177.38552856445312,178.11694606558416,173.69039320218363,173.9753535301975,30892700
2020-05-12,173.36746215820312,177.67053823942587,173.16798987319115,177.4425699136979,32038200
2020-05-13,170.74569702148438,174.83029795760064,167.69649071381875,173.405438177171,44711500
2020-05-14,171.48663330078125,171.63862183186455,166.87958060148486,168.64640741566177,41873900
2020-05-15,173.98487854003906,177.6895081033715,168.13345100384268,170.09025608059895,46610400
2020-05-18,175.64723205566406,176.87260518633394,174.74482368880803,176.44515011723627,35264500
2020-05-19,174.43133544921875,177.25255891726619,174.29834911883097,175.76119875309638,26799100
2020-05-20,176.85084533691406,177.0318325808868,175.21245438645676,176.04117015118126,31261300
2020-05-21,174.72665405273438,177.81292860726518,174.5932973177432,176.6031831674777,29119500
2020-05-22,174.80287170410156,175.7078080395273,173.87889478725262,174.49806251858578,20826900
2020-05-26,172.95486450195312,177.65093863777014,172.50716392276382,177.49852683745266,36073600
2020-05-27,173.18348693847656,173.35495386661088,168.22069886726882,171.6498775472554,39517100
2020-05-28,172.79298400878906,175.41250287324576,171.82139111320652,172.16431052776355,33810200
2020-05-29,174.55516052246094,175.5267676685074,171.8499162297259,174.0598293942111,42130400
2020-06-01,174.15512084960938,174.317052979787,172.85012898389996,173.87887257152337,22622400
2020-06-02,176.1364288330078,176.22215504170484,172.74534536425864,175.50774089964386,30794600
2020-06-03,176.5650634765625,177.11754545638277,174.86952184719328,176.0506917214427,27311000
2020-06-04,174.24081420898438,177.02226437046897,173.65023660617592,175.55534065114813,28761800
2020-06-05,178.31777954101562,178.82263107426536,173.3740310033493,173.95508846130764,39893600
2020-06-08,179.42274475097656,179.60373200642374,175.688741626046,177.1175700198365,33211600
2020-06-09,180.79437255859375,181.65166354492257,178.37488233842032,179.07977605114604,29783900
2020-06-10,187.50035095214844,189.10064603035806,181.9469704923257,182.0612866274209,43872300
2020-06-11,177.43186950683594,186.47157890859128,177.24136200907282,183.9663769701649,52854700
2020-06-12,178.8321533203125,182.62330696543887,176.39360750554295,181.49928782354135,43373600
2020-06-15,179.9752197265625,181.7660225607909,175.27912969897213,175.82209144395165,32770200
2020-06-16,184.3855438232422,186.3001685905178,182.37565801817837,183.73780074282863,42556700
2020-06-17,185.0237274169922,187.00503755358736,184.49982084857658,185.77623718995878,25687800
2020-06-18,187.0050506591797,187.166982785349,184.79512262836676,184.79512262836676,23061600
2020-06-19,185.8905487060547,189.83411407758476,185.14755918205572,189.1673304707642,44441100
2020-06-22,191.05340576171875,191.2343784743109,185.96676585995345,186.50019277764127,32818900
2020-06-23,192.3297882080078,194.2729879977729,191.87255275823534,192.50124060057937,30917400
2020-06-24,188.45286560058594,193.6061749005564,187.23360032365088,192.03447006952268,36740600
2020-06-25,190.8343048095703,191.0914979740535,186.19538023333627,188.41482860990715,27803900
2020-06-26,187.01454162597656,190.405624524162,185.63334409067616,190.25321271114927,54675800
2020-06-29,189.02444458007812,189.1101707823293,184.3664653054702,186.49065245840316,26701600
2020-06-30,193.85386657714844,194.7016373382491,188.3576515970513,188.4910083054899,34310300
2020-07-01,194.98739624023438,196.5591157993737,192.1964257889842,193.50141740962292,32061200
2020-07-02,196.47340393066406,198.1499050400059,195.27319343767005,195.92092193188483,29315800
2020-07-06,200.70274353027344,201.1123485300744,198.21658173292928,198.92147558606962,31897600
2020-07-07,198.36898803710938,204.48437118224155,198.12132970713935,200.46459988972657,33600700
2020-07-08,202.73165893554688,203.1412493492164,198.7880939445461,200.1026204531434,33600000
2020-07-09,204.15098571777344,206.11324083997917,201.4362062503847,206.06561032506502,33121700
2020-07-10,203.53184509277344,203.9223950181679,201.06473816174983,203.48421457154092,26177600
2020-07-13,197.2449951171875,205.56077192573022,196.70203337523782,204.30339601897944,38135600
2020-07-14,198.46426391601562,198.94054003337126,192.4441268159393,196.34959679217306,37591800
2020-07-15,198.16893005371094,201.30283456368667,195.30175350046605,199.61681329766185,32179400
2020-07-16,194.2444610595703,195.9400029714762,192.71085129264486,195.6542343777719,29940700
2020-07-17,193.25379943847656,195.3113011914256,191.8344913952592,194.76835398301196,31635300
2020-07-20,201.56004333496094,202.22682694154088,193.37760921523997,195.27319325053878,36884800
2020-07-21,198.8452606201172,203.78900858696974,198.1594219117219,203.52229514868182,37990400
2020-07-22,201.70291137695312,202.22681794982566,198.50233567288583,199.27390056439273,49605700
2020-07-23,192.92994689941406,200.91234025702528,192.5584520636787,197.3593240552694,67457000
2020-07-24,191.74876403808594,193.23474316986903,188.13858299901412,190.91051343665205,39827000
2020-07-27,194.17776489257812,194.2920665013878,191.32962868313254,191.91068608590263,30160900
2020-07-28,192.43463134765625,194.98746468926353,192.16791785031805,193.9491861078544,23251400
2020-07-29,194.37777709960938,194.93977934418533,192.42504240875613,192.8917981652364,19632600
2020-07-30,194.22537231445312,194.7588137132413,190.1008344071993,191.46297696813315,25079600
2020-07-31,195.28271484375,195.36845558536268,189.56740183239614,194.7016574395373,51044000
2020-08-03,206.26565551757812,207.3134687948011,200.45509557830556,201.48385374099897,78983000
2020-08-04,203.1698455810547,204.57963325518696,200.3312441892674,204.0080961402909,49280100
2020-08-05,202.83648681640625,204.79874220686773,201.53149483115251,204.70348116401652,28806400
2020-08-06,206.0846710205078,206.10371159915528,201.5124176259521,202.26492745672695,32656800
2020-08-07,202.39830017089844,205.4655196114251,200.92184126067818,204.6558589111581,27820400
2020-08-10,198.36898803710938,201.8267570415429,196.55914474048373,201.62671469191105,36716500
2020-08-11,193.73011779785156,197.797506207498,193.50149998220348,197.33076481922848,36446500
2020-08-12,199.26438903808594,200.30266740602258,195.03505511443325,195.54942688645932,28013100
2020-08-13,198.79763793945312,201.321909948508,198.27373133117436,199.50253178830027,22588900
2020-08-14,198.98812866210938,199.6453919392723,197.6640818192709,198.85477194897427,17958900
2020-08-17,200.3026885986328,201.169514645871,199.00721694022218,199.65496003682452,20184800
2020-08-18,201.4552764892578,202.28399227877523,199.28345856619634,200.54081995254023,21336200
2020-08-19,200.23306274414062,202.52472316744996,199.80338096787293,201.9422611156425,27627600
2020-08-20,204.89273071289062,205.29376795305888,199.47870611572912,200.08025469101796,26981500
2020-08-21,203.40318298339844,206.48736005046817,203.24085940828198,204.20525755571333,36249300
2020-08-24,204.0428924560547,205.79027821365773,202.83976627250055,205.09322382892614,25460100
2020-08-25,206.69744873046875,206.83112783843276,203.47959226523687,203.47959226523687,23043700
2020-08-26,211.16610717773438,212.06367291034857,207.5472143423268,208.04374285673754,39600800
2020-08-27,216.3509979248047,220.71467669554357,209.49513302411248,212.82758145339662,57602200
2020-08-28,218.57586669921875,220.22776180857778,216.35105274838202,217.8788120424369,26292900
2020-08-31,215.34841918945312,218.37530740038187,214.18349507421502,216.7520570238805,28774200
2020-09-01,217.0098419189453,217.18170877943533,214.29804337071027,215.3292882434317,25725500
2020-09-02,221.19210815429688,222.34748887077873,217.08624417836464,217.6782494908161,34080800
2020-09-03,207.48995971679688,218.95776110393626,205.2556028872172,218.9195733210918,58400300
2020-09-04,204.57762145996094,208.5020748978359,195.92664012521107,205.38925379080658,59664100
2020-09-08,193.51083374023438,200.5481073710305,193.07159422026004,197.17747185074967,52924300
2020-09-09,201.7512664794922,205.14100397041202,197.3684863965206,198.22786446784107,45679000
2020-09-10,196.09849548339844,205.04549349225732,194.8953838654287,203.76597718370772,35461500
2020-09-11,194.81903076171875,199.21136882938845,192.15499218362683,197.8459188393803,33620100
2020-09-14,196.13671875,199.75561186121092,194.81901452553066,195.019540434878,30375800
2020-09-15,199.35458374023438,200.3094385390936,197.58809653437365,199.01083542984793,21823900
2020-09-16,195.79302978515625,201.14020929230014,195.40153572013475,201.11156480656018,26328100
2020-09-17,193.7495574951172,195.1054493284995,190.93273923569984,191.0186726560724,34011300
2020-09-18,191.3433380126953,194.4561591751333,187.3902400287708,193.64454139976738,55225300
2020-09-21,193.3963165283203,193.55865469250566,187.5144210679195,188.28785125169392,39839700
2020-09-22,198.0559844970703,198.70529334933173,192.9570632684131,195.8025265449776,33517100
2020-09-23,191.5343475341797,198.70531740653215,190.99963110283127,198.5143347639677,30803800
2020-09-24,194.0169219970703,196.28948076547937,190.20704663295967,190.82771090807543,31202500
2020-09-25,198.4379425048828,199.60285202097856,193.39629547770284,194.360708203797,29437300
2020-09-28,199.9847869873047,202.97348710410114,198.66708273160546,201.35978019848167,32004900
2020-09-29,197.90318298339844,200.5863369712553,197.47350127563882,199.89884041086924,24221900
2020-09-30,200.83462524414062,202.41012994138174,197.21571715131006,198.35199677037934,33829100
2020-10-01,202.86846923828125,204.32939600324374,201.77993528458512,203.8519685749572,27158400
2020-10-02,196.88148498535156,201.4647902745246,196.2608207134227,198.60976959147385,33154800
2020-10-05,200.88235473632812,200.91099921434176,197.63583971881565,197.86501011285242,21331600
2020-10-06,196.61419677734375,200.6914171417746,195.57340832290672,199.3928283273856,28554300
2020-10-07,200.35714721679688,200.62450534554185,197.38754875759162,197.7121958325069,25681100
2020-10-08,201.0733184814453,201.6557804718175,198.91535195429182,201.006471654224,19925800
2020-10-09,206.06719970703125,206.1149453581554,201.69396323673163,201.69396323673163,26458000
2020-10-12,211.40484619140625,213.75379540238984,207.02206617071406,208.9126745888685,40461400
2020-10-13,212.79891967773438,215.04283405759003,210.47861517325316,212.66524060212126,28950800
2020-10-14,210.88922119140625,214.09753374216916,209.23732654938445,212.93260977868263,23421700
2020-10-15,209.74343872070312,210.41183426186026,206.25820946264153,207.29901241593984,22733100
2020-10-16,209.74343872070312,212.25469729461707,209.41879153927394,210.2113083145481,26057900
2020-10-19,204.5489959716797,212.26422448710105,204.0715685727298,210.46909280467258,27625800
2020-10-20,204.95960998535156,207.55681662503048,203.47003858875664,206.05770192407343,22753500
2020-10-21,205.10279846191406,207.1270858226362,203.49863494271912,203.49863494271912,22724900
2020-10-22,205.18870544433594,206.30588358356997,202.14271692381126,204.2720386129535,22351500
2020-10-23,206.46824645996094,206.5159921132841,203.53684984099252,205.32242362984323,18879600
2020-10-26,200.5959014892578,206.57328739211215,198.70529303319933,204.19570822507853,37111600
2020-10-27,203.62277221679688,204.97866419195947,200.83459813928872,202.0377098600853,36700300
2020-10-28,193.52996826171875,199.4118774599647,192.97616528668934,198.29469906700677,51195600
2020-10-29,195.4778594970703,197.99867537575767,194.1887997967496,194.8572097568725,31432600
2020-10-30,193.32943725585938,195.06726527827394,190.60809546277156,194.3129364566058,36953700
2020-11-02,193.1957550048828,196.01257348222182,191.08551968739417,195.067262075214,30842200
2020-11-03,197.1106719970703,198.72437896176254,193.95010489814203,194.6853471835195,27512000
2020-11-04,206.6210479736328,208.46392547796825,202.83027291474843,204.35804655865567,42311800
2020-11-05,213.2095184326172,214.00204965218953,211.16612977646565,212.0159499519229,36080100
2020-11-06,213.6201171875,214.2312236771775,208.18699104009195,212.22602276764897,25231900
2020-11-09,208.53073120117188,217.8214639696989,208.04376051699998,214.30760543386708,44395000
2020-11-10,201.48390197753906,206.72605996738244,200.252145721527,204.81635040648283,44045100
2020-11-11,206.7738494873047,208.19657408725112,202.6202244831886,202.80164926115162,29440800
2020-11-12,205.7139434814453,209.21825924150826,204.77818975222849,207.40404074630203,21593900
2020-11-13,206.73562622070312,207.60454766415813,204.49172597949683,206.59240381570694,18621100
2020-11-16,207.42312622070312,207.9101115453344,204.83547759620686,205.16966806985056,24953300
2020-11-17,204.7781524658203,207.85277130198583,204.41530300487557,206.34411364526463,24154100
2020-11-18,202.0784454345703,205.99402291526192,201.93483345505712,204.53883958302632,28372800
2020-11-19,203.36126708984375,203.94525399369454,200.9774488217173,202.3656247103316,24792700
2020-11-20,201.4178466796875,204.194169355236,201.0444789459679,203.15065627997777,22843100
2020-11-23,201.1497344970703,203.23676008683347,199.28289633006455,201.95390869084682,25683500
2020-11-24,204.73985290527344,205.11322061050996,199.95307996220436,200.65194472163236,33979700
2020-11-25,204.74945068359375,206.10889264226566,203.39959162135418,205.93657580336972,21012900
2020-11-27,206.0514678955078,207.04712506021036,204.91221335516298,205.68768300785575,14512200
2020-11-30,204.9408721923828,205.6014344858804,201.84860683020858,204.96959165696663,33064800
2020-12-01,206.98965454101562,208.0523187829212,204.2516196677861,205.3621399555571,30904500
2020-12-02,206.18545532226562,206.2811966253991,203.72506159891105,205.71636091789838,23724500
2020-12-03,205.10365295410156,207.15239119571092,204.53880264294833,205.4578694783947,25120900
2020-12-04,205.21853637695312,206.19504217699352,204.08885033218635,205.08450731483558,24666000
2020-12-07,205.1515350341797,206.34822842550528,203.90698559365995,205.22812516419336,24620000
2020-12-08,206.79818725585938,207.69810302754718,203.8112452120222,204.845190059829,23284100
2020-12-09,202.76771545410156,206.05143485387185,202.20287972305044,205.9844276253421,32440600
2020-12-10,201.5423126220703,203.9931382813653,201.38913236634608,202.73900597977865,26733300
2020-12-11,204.1654052734375,204.2228588113638,200.1923901389423,201.09230566154903,30979400
2020-12-14,205.06536865234375,206.98966090003364,203.80166807637727,204.0122872737172,28798400
2020-12-15,204.9983673095703,206.23334844937955,203.18896750450304,205.9940097735343,27000600
2020-12-16,209.92874145507812,210.72334762421664,205.56320627702797,205.59192574993037,35023300
2020-12-17,210.06275939941406,211.47007192934876,208.6267273980989,210.49356607819405,32515800
2020-12-18,209.26812744140625,210.32122328894448,206.8077338457158,209.26812744140625,63354900
2020-12-21,213.09756469726562,214.44743823854384,208.01401392274173,208.27250376445025,37181900
2020-12-22,214.38999938964844,216.00793106077268,212.3891317075916,213.19330609539352,22612200
2020-12-23,211.5945587158203,214.02623344268295,211.38393949442968,213.59542671095656,18699600
2020-12-24,213.25070190429688,214.07402730854196,211.76679959793927,211.97741874377425,10550600
2020-12-28,215.3665008544922,216.39086269746974,213.50923056206076,214.87824065113975,17933500
2020-12-29,214.59103393554688,217.4918172885593,214.0453493940068,216.65892343712179,17403200
2020-12-30,212.22640991210938,216.00797314516714,212.02537358002763,215.6250224515526,20272300
2020-12-31,212.93482971191406,213.49009718851218,210.3116725862071,212.2455331622111,20942100
2021-01-04,208.40652465820312,213.4900752334204,205.64933874293737,213.04011740396882,37130100
2021-01-05,208.6075897216797,209.20115958747942,206.5014122383252,207.99488327910248,23823000
2021-01-06,203.19851684570312,207.2577056684526,202.9017392526193,203.12192672360536,35930700
2021-01-07,208.98092651367188,209.98615175233365,204.59625535727284,204.9121695160989,27694500
2021-01-08,210.25424194335938,211.17330891527592,207.7746966889817,209.35432615637777,22956200
2021-01-11,208.21507263183594,209.5745145115379,207.4874737327891,209.1532761190525,23031300
2021-01-12,205.76425170898438,207.84172439484524,204.22292456798172,207.26730569518543,23249300
2021-01-13,207.1140899658203,207.51617714350778,204.80686188159456,204.8930348974412,20087100
2021-01-14,203.93568420410156,208.1863410325463,203.66762608051243,206.70243845748877,29480800
2021-01-15,203.58143615722656,205.36211617781012,202.98788101972235,204.41434453670772,31746500
2021-01-19,207.20985412597656,207.7268192377233,203.56233504710266,204.63456763921351,30480900
2021-01-20,214.77296447753906,216.161125965196,208.02361046256806,208.41612942216207,37777300
2021-01-21,215.37606811523438,216.64935150148284,212.93481093432405,215.11757827987228,30709400
2021-01-22,216.31423950195312,220.2585498505108,216.17064217472952,217.39605472727075,30172700
2021-01-25,219.7416229248047,219.98096159958953,214.6580718096666,219.34910399221997,33152100
2021-01-26,222.42222595214844,224.1933234360386,220.26817781179568,221.97226806085106,49169600
2021-01-27,222.96792602539062,230.18638936387475,220.32563204875703,227.85044132559767,69870600
2021-01-28,228.74073791503906,232.29253006928437,225.0644995906523,225.5623280954357,49111200
2021-01-29,222.06800842285156,227.86957571864957,221.4840214563199,225.92614679568288,42503100
2021-02-01,229.43003845214844,232.15850507669126,222.51793663750792,225.0357840681807,33314200
2021-02-02,229.29605102539062,231.97664748212338,228.51102765773396,231.00972435872023,25916300
2021-02-03,232.63714599609375,234.63801341662528,229.0566348687711,229.35342703773466,27158100
2021-02-04,231.68939208984375,232.86694881954378,230.11933105831628,232.31168137316456,25296100
2021-02-05,231.87130737304688,232.9052522107318,230.16721716132736,231.9000268456431,18054800
2021-02-08,232.12977600097656,233.2881669112596,230.5405638250113,232.78077013104104,22211900
2021-02-09,233.37435913085938,234.32213093396786,231.0862819839314,231.5553764374058,23565000
2021-02-10,232.46487426757812,235.43266505998918,230.61717210831472,234.55190049274034,22186700
2021-02-11,234.06365966796875,234.69550267810723,231.82343853140517,234.34128610793087,15751100
2021-02-12,234.54232788085938,234.839105493822,232.3786969588708,233.52751965114385,16561100
2021-02-16,233.3073272705078,235.6337066860198,232.56059180579354,234.5806107188213,26728500
2021-02-17,234.324462890625,234.43001503747345,231.19630371213563,231.56094106337903,21653500
2021-02-18,233.93104553222656,234.06538330037233,231.1195427268476,232.02153115942008,16925600
2021-02-19,231.22506713867188,233.99819366694103,230.4670068908638,233.89264153022282,25262600
2021-02-22,225.0263214111328,228.30801355738436,223.00165002550102,227.81864342177664,36446900
2021-02-23,223.8365020751953,225.33341290970458,219.48009270633426,221.015394129365,30228700
2021-02-24,225.06471252441406,225.68842042273627,219.73915368791364,220.70830363621744,26339700
2021-02-25,219.7295684814453,225.1030937109058,218.66445668933272,222.69460427185766,39542200
2021-02-26,222.98245239257812,225.85152606966585,220.25729214925016,222.16682092029995,37819200
2021-03-01,227.35804748535156,227.86661288751642,223.7213085056627,226.36009733043844,25324000
2021-03-02,224.4121856689453,227.70348251561026,224.00917241783225,227.42520204873816,22812500
2021-03-03,218.35739135742188,224.1339445433861,218.06952053441296,222.77137159897669,34029500
2021-03-04,217.56094360351562,223.08801625993092,215.19083022458815,217.57054857019696,44727800
2021-03-05,222.23399353027344,223.8364561921573,217.3018581200775,220.23810794614715,41872800
2021-03-08,218.19424438476562,223.93240636504976,217.94476417404604,222.01328727476053,35267400
2021-03-09,224.32583618164062,225.86113735770795,222.30116489353895,223.46223842117595,33080500
2021-03-10,223.0208282470703,227.41561273111648,222.65619093371328,227.41561273111648,29746800
2021-03-11,227.54037475585938,229.4978699157633,224.83440963059357,225.4581321614422,29907600
2021-03-12,226.21617126464844,226.28334746335574,223.79807702037834,224.54653232236623,22653700
2021-03-15,225.31419372558594,225.67883106928048,222.4355148439166,225.4581364547002,26034900
2021-03-16,228.096923828125,230.3518801512368,226.39849920018347,226.7247459571365,28092200
2021-03-17,227.45399475097656,228.90293907696545,223.79807512037002,226.5999873166399,29562100
2021-03-18,221.3895721435547,224.71924482700015,221.01534451892877,223.15515813452234,34833000
2021-03-19,221.03457641601562,223.06883823635602,220.07501674352017,221.67747963958135,46430700
2021-03-22,226.4464874267578,227.31967558191016,220.83305760883877,220.95780504888268,30127000
2021-03-23,227.97219848632812,231.3018718634521,227.48282830347065,227.88584162612725,31638400
2021-03-24,225.93785095214844,228.3751252583499,225.8035132288415,228.23119721256163,25620100
2021-03-25,222.94406127929688,227.35804104512198,222.20521097132493,225.78436397622824,34061900
2021-03-26,226.91664123535156,227.13735047675794,222.18601962035427,222.18601962035427,25479900
2021-03-29,225.726806640625,227.22371728101677,222.50268578373593,227.02220332170978,25227500
2021-03-30,222.47390747070312,224.3930267427671,221.7542377436791,224.08596063121217,24792000
2021-03-31,226.23536682128906,229.4307019873928,222.9920507477263,223.49102583020917,43623500
2021-04-01,232.54930114746094,233.01947603379585,228.42319147370623,228.82620479415866,30338000
2021-04-05,238.9974822998047,239.85148963557137,232.88507856867108,232.94264979373384,36910600
2021-04-06,237.83645629882812,239.31417172284125,236.89609193809252,237.5965663854565,22931900
2021-04-07,239.7939453125,240.78229055854658,237.19354691855074,237.78846920288845,22719800
2021-04-08,243.0084686279297,243.8624760860077,241.8090191282854,242.54788411974718,23625200
2021-04-09,245.5033416748047,245.63767943978883,242.23123976274744,242.64384338315648,24326800
2021-04-12,245.56088256835938,247.2497167100151,244.32304257664887,244.40941406195913,27148700
2021-04-13,248.03652954101562,248.70823291456193,246.44365723287845,246.85629007953642,23837500
2021-04-14,245.25384521484375,248.36280908207007,244.84124159709435,247.06742699301665,23070900
2021-04-15,249.00567626953125,249.41827980334187,247.30726659192428,247.49916091109114,25627500
2021-04-16,250.19554138183594,250.4450362292379,247.1825396982639,248.97691132612795,24878600
2021-04-19,248.2764129638672,250.90562587805667,247.39363463217305,249.66778593713443,23209300
2021-04-20,247.81588745117188,249.6774355364168,246.45329984767133,247.39367885760478,19722900
2021-04-21,250.04200744628906,250.13796925520947,246.8466871216118,248.4683450570387,24030400
2021-04-22,246.76998901367188,251.19354531946155,245.30184915421924,249.68702951310874,25606200
2021-04-23,250.58897399902344,250.9344306690591,246.86587820955702,247.4512247703219,21462600
2021-04-26,250.97276306152344,251.826785030205,249.64859561529482,251.0783298286712,19763300
2021-04-27,251.3758087158203,252.54647250197712,249.60061774649762,251.00156644683852,31014200
2021-04-28,244.26553344726562,246.1654723396502,242.72064162722455,245.7240537600382,46903100
2021-04-29,242.2984161376953,245.74324661060515,238.9303668400057,245.12912898431568,40589000
2021-04-30,241.9817657470703,242.84537828932935,239.50611452773182,239.6404523042984,30945100
2021-05-03,241.6746826171875,244.06399130382755,240.96460323871534,243.1523979660195,19626600
2021-05-04,237.76927185058594,241.0509786364311,235.821366992888,240.8206790565612,32756100
2021-05-05,236.5026397705078,239.4101039903154,235.87893192942408,238.98789545222698,21901300
2021-05-06,239.63079833984375,239.7555457646202,234.79462473056245,236.4834442394811,26491100
2021-05-07,242.2504425048828,244.01602879660211,241.01260232215404,241.9529667059604,27032900
2021-05-10,237.18394470214844,241.54994399092692,237.126373466444,240.72472211515404,29299900
2021-05-11,236.27235412597656,236.62740113121535,232.76037714863403,234.6603010402085,33641600
2021-05-12,229.33477783203125,234.49721391795194,228.44239430196552,232.37658045045393,36684400
2021-05-13,233.2017822265625,235.66785757262463,231.65689059340738,232.02152794835033,29624300
2021-05-14,238.11471557617188,239.10306082061462,235.5622980961346,235.64865494854968,23901100
2021-05-17,235.2648468017578,236.61782953063303,233.6719887828889,236.57945358391547,24970200
2021-05-18,233.249755859375,236.44509117389674,233.07702751284302,236.31075341180204,20168000
2021-05-19,233.8268280029297,233.93262388279754,229.47961380869796,230.16246611695865,25739800
2021-05-20,237.0583953857422,238.4722063912413,234.53854854557304,234.63473195533908,21800700
2021-05-21,235.79844665527344,238.83766010110827,235.38489032383154,238.10671616214,21863100
2021-05-24,241.19400024414062,241.5594795417082,238.04899101242594,238.31828691309914,21411500
2021-05-25,242.09808349609375,243.0887108966254,241.23249158269627,242.14617519695508,17704300
2021-05-26,241.8768768310547,243.27144808873797,241.16515782189026,241.81915798529013,17771600
2021-05-27,239.78021240234375,241.86726317029425,239.72250822888856,241.56911515709095,24426200
2021-05-28,240.1360626220703,242.44433227006198,240.02065427610526,241.4056131297948,18270200
2021-06-01,237.9432373046875,241.68454316855704,237.52006843974277,241.62683899040678,23213300
2021-06-02,237.84703063964844,239.74172912294227,236.4428322679461,238.64530588633542,19406700
2021-06-03,236.31784057617188,236.92374910031265,233.71142277848813,235.84656534581532,25307700
2021-06-04,241.20362854003906,242.0307559108141,238.04900663185686,238.28945046434345,25281100
2021-06-07,244.1082000732422,244.3774959981243,240.2610986600382,240.42459870903608,23079200
2021-06-08,242.9156036376953,246.22411314134618,242.85788479009744,245.40659823560296,22455000
2021-06-09,243.8966064453125,245.76245296444787,243.531141793228,244.10819819545324,17937600
2021-06-10,247.40704345703125,247.61863517541653,243.97351361873402,244.56980954753342,24563600
2021-06-11,248.03225708007812,248.6092988045353,246.8011564650918,248.12841113345158,18999700
2021-06-14,249.95579528808594,250.0134994576514,246.98388380020114,248.04184249398912,19150500
2021-06-15,248.48426818847656,250.05196672313224,247.83026798722594,249.84037496966238,18038900
2021-06-16,247.5417022705078,250.6193652575854,244.69484126039774,249.4844775814327,27220000
2021-06-17,250.92715454101562,251.74466936618765,246.22408887442882,246.2817930408126,27565500
2021-06-18,249.51336669921875,252.27365719884,248.85936651938206,249.70573350554895,37202200
2021-06-21,252.591064453125,253.44702925067534,248.0611107803367,249.88847807213403,26696100
2021-06-22,255.36090087890625,255.63019671671424,252.36976523474544,252.67754029253888,24694100
2021-06-23,255.130126953125,256.6304940947321,254.32223921157143,255.82260635317851,19518700
2021-06-24,256.49591064453125,257.6115737475346,255.32254335956736,255.98617080317328,21446900
2021-06-25,254.88963317871094,257.03440227482747,254.63959160480792,256.053402213252,25611100
2021-06-28,258.4483337402344,258.6214462995146,255.7457467220235,256.0150427090354,19590000
2021-06-29,261.02581787109375,261.26626170283777,257.7365626894256,258.59252746788644,19937800
2021-06-30,260.544921875,260.9873302929651,259.2946257303389,260.3429572810892,21656500
2021-07-01,261.2181701660156,261.44898683933064,259.2946196189184,259.3042174129385,16725300
2021-07-02,267.0369567871094,267.3735840761219,262.0838189235368,262.391594122123,26458000
2021-07-06,267.0465393066406,268.69116688821424,263.8149589636492,267.4023914794495,31565600
2021-07-07,269.229736328125,269.9606949040537,266.55600233060557,268.71999662413555,23260000
2021-07-08,266.815673828125,268.0755969208778,264.3631295960202,266.3155319677022,24618600
2021-07-09,267.3157958984375,267.42157707974224,264.79594962280595,265.1806538246266,23916700
2021-07-12,266.7195129394531,269.07584463447415,266.0077793129093,268.4891758346326,18931700
2021-07-13,270.2397155761719,272.0382312315157,266.7869447336287,266.9119509053127,26120100
2021-07-14,271.711181640625,272.8172174966731,269.82608069615287,271.5572940522361,23113700
2021-07-15,270.28778076171875,271.71121913746225,269.1336383650554,271.22070421622124,22604200
2021-07-16,270.0184326171875,273.24038594694457,268.77773418312665,271.28798313803793,26186800
2021-07-19,266.42132568359375,269.65287588063586,263.95918381411985,268.267917410176,32935600
2021-07-20,268.64312744140625,270.2300510737556,265.7000968938325,267.4024288847443,26259700
2021-07-21,270.6435852050781,270.75899355414396,266.69070249429734,268.23914676268924,24364300
2021-07-22,275.202392578125,275.4716884823561,272.58636264371466,272.99029182453523,23384100
2021-07-23,278.5974426269531,278.9051883924715,275.5486022461029,276.38534199654606,22768100
2021-07-26,278.0011901855469,278.61674057999716,275.68333711241416,277.95311315206845,23176100
2021-07-27,275.5871276855469,278.5109037300761,272.13435756738795,278.36664329219724,33604100
2021-07-28,275.27935791015625,279.0591282119056,272.9807006010522,277.9434652186941,33566900
2021-07-29,275.54864501953125,277.5876041189694,275.1446864474467,275.29857402961915,18168300
2021-07-30,274.0194396972656,275.7025466900229,273.0576642728328,274.26951069995624,20944800
2021-08-02,273.932861328125,275.8083056438092,272.89412751695914,275.41397422948273,16267400
2021-08-03,276.1448974609375,276.2507079980633,273.14416345994005,274.509897191702,17879000
2021-08-04,275.55828857421875,276.59699312691515,273.7693710071133,275.2793654804813,16191300
2021-08-05,278.45318603515625,278.558996585167,275.1639308070006,275.91411439860224,13900200
2021-08-06,278.3955078125,278.4339870480046,276.6258445430264,277.4818387644274,16589300
2021-08-09,277.30865478515625,280.40557237439197,276.8085422037399,278.67438860321397,16117600
2021-08-10,275.49090576171875,278.1934918740184,274.29831384057627,277.7606812698353,18616600
2021-08-11,275.9814453125,277.62607292416914,274.9330843638876,276.23148694196493,13955900
2021-08-12,278.7320861816406,278.88597374560374,275.3947248502605,275.6736478943844,14561300
2021-08-13,281.65582275390625,281.7038997648772,278.24150379468085,278.4146456064741,18249000
2021-08-16,283.3390197753906,283.55061152329273,278.93407230117066,281.98291302988906,22507600
2021-08-17,281.8770751953125,282.21370240044297,279.953524710054,281.21347728086533,20075300
2021-08-18,280.1522521972656,284.09344038644264,279.7089674078397,281.4145875343293,21813000
2021-08-19,285.97247314453125,286.6470164928712,278.13829528997536,278.1864643546096,29850500
2021-08-20,293.28631591796875,294.7124789833826,287.21554348054167,288.8151504653693,40817600
2021-08-23,293.5657958984375,294.2885083597371,290.8676811391506,292.21673851879405,22830200
2021-08-24,291.60968017578125,294.52943759174974,291.0122425287296,293.92235436740765,18175800
2021-08-25,291.0218200683594,293.5079376265004,289.48967340701506,293.2284806156416,20006100
2021-08-26,288.2080383300781,291.42651371995913,288.0731473198594,290.0389036898351,17666100
2021-08-27,288.815185546875,289.92333882072455,286.0303192932978,288.11173480081567,22605700
2021-08-30,292.5443115234375,293.1513945858638,290.10636310625455,290.1641777400818,16348100
2021-08-31,290.89654541015625,293.42121586283224,290.53036644546444,293.3441394842218,26285300
2021-09-01,290.8484191894531,294.0861866329376,290.5207930363041,291.8505888037755,18983800
2021-09-02,290.1930847167969,292.3226688129112,289.2583755946985,291.2048996220678,16285600
2021-09-03,290.1835632324219,291.59043545834663,289.3355757842756,290.03899719361317,14747900
2021-09-07,289.2584228515625,290.13531748316177,287.3504808113143,290.05824109463697,17180400
2021-09-08,289.28729248046875,289.67273318736136,286.6469927606512,288.8729444557402,15046800
2021-09-09,286.43499755859375,291.1470962428215,286.1940934395369,289.87511543646343,19927000
2021-09-10,284.9510192871094,289.007865815786,284.6330387898814,287.5624411048134,19633400
2021-09-13,286.1844177246094,287.67804074980387,283.38029054523867,286.72404054188644,23652900
2021-09-14,288.882568359375,290.42436047852436,287.25405429322365,288.6609260010995,21853400
2021-09-15,293.7296142578125,294.21142254991946,290.83876450517084,292.2263747390184,28356300
2021-09-16,294.1150817871094,294.20180375871473,289.81735966426726,292.70820968009997,19550800
2021-09-17,288.959716796875,293.4212665400656,288.6320906685241,293.1032859884223,41372500
2021-09-20,283.5923156738281,287.8515134151559,278.98623011838976,285.5484559338163,38278700
2021-09-21,284.0741882324219,286.7145179579363,283.3707668698969,284.93182120134657,22364100
2021-09-22,287.7166442871094,289.29698969688434,283.7947469001605,285.9339770236081,26626300
2021-09-23,288.6609802246094,289.9522229123692,286.70483974436394,287.9768206871402,18604600
2021-09-24,288.4586486816406,288.8922585277224,286.12668346058666,287.3794027439531,14999000
2021-09-27,283.4670715332031,285.6833776639269,282.28181268174734,285.36539716620223,23571700
2021-09-28,273.2044982910156,280.2003624362763,272.4625242845209,279.2560078220888,43186200
2021-09-29,273.6671447753906,276.3363524670483,272.713173645824,274.7271290344914,26353700
2021-09-30,271.662841796875,277.3577907998415,271.37373913316804,275.314928034874,32343600
2021-10-01,278.58160400390625,279.4295914359694,271.0557596552188,271.85554860617674,30086300
2021-10-04,272.8094482421875,277.2806428364156,270.05351921774275,276.94337118609593,31350700
2021-10-05,278.25390625,279.83422199721866,273.7152514221425,273.7152514221425,24993000
2021-10-06,282.44561767578125,282.94671707548684,275.1221558151547,275.38232168306524,28002600
2021-10-07,284.122314453125,285.84719612226604,283.22615821775884,284.44029494052455,20430500
2021-10-08,284.122314453125,285.84719612226604,283.0719760578184,285.44246427651734,17685700
2021-10-11,283.5249328613281,287.12884966284184,282.0987696561335,282.26259742313226,19298600
2021-10-12,282.2240295410156,284.69088564097564,281.7133139283031,284.5945181012245,17974100
2021-10-13,285.52923583984375,286.4639451294158,282.81182993730505,284.1801784650092,23416300
2021-10-14,291.73492431640625,292.2359943595076,286.99391772689086,288.32371333397117,27262900
2021-10-15,293.1418151855469,293.37310318030734,289.5860673662888,291.3398567409262,25384800
2021-10-18,296.1097106933594,296.99622136989956,291.67706908893643,292.52505628022925,22729300
2021-10-19,297.01556396484375,298.0466114077476,296.0423017598198,297.13119325509496,17682100
2021-10-20,296.225341796875,298.4320317414315,294.9726227448066,297.95983967544254,16537100
2021-10-21,299.4533996582031,299.7039198899631,295.2134645701464,295.99402079876546,16918100
2021-10-22,297.91168212890625,299.7714549252828,296.6011483907177,299.10655718444485,17449300
2021-10-25,296.9191589355469,298.14294131253496,295.309906430058,298.10438841823645,17554500
2021-10-26,298.82708740234375,301.03377733794736,297.3720465392761,299.68472017039693,28107300
2021-10-27,311.4119873046875,314.2353768644904,304.50284339356364,304.50284339356364,52588700
2021-10-28,312.5490417480469,313.0501117800628,309.667808194034,312.5297505959251,26297900
2021-10-29,319.5544738769531,319.92065282329474,312.11535390609777,312.33699627026226,34766000
2021-11-01,317.38641357421875,319.429276181663,314.49556360355314,319.30400131110804,27073200
2021-11-02,321.0096130371094,321.31797741681345,317.9934882764792,318.2922070795532,26487100
2021-11-03,321.8479309082031,322.71517993039924,318.61980955207633,321.75156337079386,21500100
2021-11-04,324.1991882324219,324.2955557789169,317.52133190249214,320.77836088619716,23992200
2021-11-05,323.8330383300781,326.46372260907503,322.25272217294105,326.19391109896634,22570100
2021-11-08,324.72918701171875,325.3651775717721,322.2719761541362,325.0279058404524,20897000
2021-11-09,323.7270202636719,326.39622775578675,322.35867170289976,324.84478968180053,21307400
2021-11-10,318.764404296875,322.45507286139434,317.91644627184024,322.39725820985217,25500900
2021-11-11,320.33502197265625,321.62626453740313,318.4848947841872,319.197961574822,16849800
2021-11-12,324.468994140625,324.96044803422893,321.6456044610585,321.7708793286239,23831000
2021-11-15,323.8426208496094,325.5867644516325,321.87683485459274,325.25913835367027,16723000
2021-11-16,327.157470703125,328.27526945186895,323.30300442769504,323.4668027763442,20886800
2021-11-17,327.3794860839844,330.34320817217764,326.2982657750648,327.2057248474174,19053400
2021-11-18,329.4551086425781,330.5942790410435,325.44878891319365,326.472089004235,22463500
2021-11-19,331.2312927246094,333.15241765352346,330.35282344689676,330.7775927153273,21963400
2021-11-22,328.0648193359375,337.5641771329389,327.7945143229195,332.68899421749467,31031100
2021-11-23,325.9893798828125,327.69812064888646,322.0120206003462,325.38118601428096,30427600
2021-11-24,326.21136474609375,326.4527096021285,322.34984704953825,324.63779157098065,21661300
2021-11-26,318.26629638671875,326.23067700890783,316.7603067714065,322.77463147147154,24217200
2021-11-29,324.9756774902344,327.29258219620067,323.15109625287187,323.34418392046973,28563500
2021-11-30,319.144775390625,326.08585570049416,317.60016244351027,323.7110306026671,42885600
2021-12-01,318.6524963378906,327.53400074702796,317.98641149520125,323.52768116178333,33337600
2021-12-02,318.0828857421875,321.94440378728416,316.4513920112506,318.864840789436,30766000
2021-12-03,311.8272705078125,321.18180108322787,307.01966954803913,320.4963603630018,41779300
2021-12-06,314.8971252441406,316.1135127790288,308.1780925192748,312.7346847030442,30032600
2021-12-07,323.32489013671875,324.1743992838451,318.6717542353688,320.1584467996634,31021900
2021-12-08,323.3731384277344,323.88478833070934,319.3474933714662,323.7013638880352,24761000
2021-12-09,321.56793212890625,324.84055346464856,320.62184956942644,322.832576975175,22214200
2021-12-10,330.68109130859375,331.1251576149035,323.1994004295398,323.38282488539363,38095700
2021-12-13,327.6498107910156,331.88784112335867,327.3408822668036,328.8854954268182,28899400
2021-12-14,316.9726867675781,323.0545950116288,312.88912106633165,321.68374322246143,44438700
2021-12-15,323.0643005371094,323.5856138077835,313.26570278294963,317.2333990836734,35381100
2021-12-16,313.6517639160156,325.1011790200771,311.83684591434667,324.0875129645706,35034800
2021-12-17,312.5898742675781,313.67112406852533,306.2666502470529,309.7709825901244,47750300
2021-12-20,308.83453369140625,311.62446489459614,306.5755493846343,308.9696714904224,28326500
2021-12-21,315.958984375,316.3837536037562,308.7282737271069,312.09746735797034,24740600
2021-12-22,321.6643981933594,322.06017778513547,314.47231054235743,316.9340160008676,24831500
2021-12-23,323.1028747558594,324.7440317285957,321.2107391407732,321.2300361252478,19617800
2021-12-27,330.59423828125,330.6231984892731,323.8172549933941,323.8462152014172,19947000
2021-12-28,329.4356994628906,331.9070682140661,328.5379037481907,331.26991431494497,15661500
2021-12-29,330.1114807128906,332.3800986179056,327.9200507320242,329.4839605661863,15042000
2021-12-30,327.5726013183594,331.2506951069542,327.08991153548817,330.0729308583066,15994500
2021-12-31,324.6764831542969,327.61121600779853,324.22275355126135,326.79066689386144,18000800
2022-01-03,323.1607971191406,326.29828058631676,318.3628596847403,323.7400307283668,28865100
2022-01-04,317.6195373535156,323.5952391659229,314.82957629356036,323.2380239826921,32674300
2022-01-05,305.4267883300781,314.78131857507753,305.0406424002805,314.57856765657084,40054300
2022-01-06,303.0133361816406,307.6664726573991,300.7060649286775,302.30859850808565,39646100
2022-01-07,303.16778564453125,305.5426109592931,299.35452484498177,303.27396324795524,32720000
2022-01-10,303.3897705078125,303.82420301804177,294.14144890781034,298.77525819873097,44289500
2022-01-11,304.0752258300781,305.64876956592934,299.1614480285225,302.53061283786786,29386800
2022-01-12,307.2513122558594,312.21337685592107,306.1025083336208,308.602867078053,34372200
2022-01-13,294.2476501464844,309.7709684945666,293.4753583562799,309.37515937724777,45366000
2022-01-14,299.4607849121094,300.0593155927295,293.2340742667173,293.71676410090123,39846400
2022-01-18,292.1721496582031,299.0746083692824,291.29365062791317,293.5430017450747,42333200
2022-01-19,292.8285827636719,303.0423154877073,292.2204183595071,295.68612760781065,45933900
2022-01-20,291.158447265625,300.86049892883005,290.71438096885566,298.36983291707537,35380700
2022-01-21,285.7812194824219,293.5814708945945,285.37574723274486,292.21064885161906,57984400
2022-01-24,286.1094970703125,286.82386842126607,266.49297997417904,282.08388134377833,85731500
2022-01-25,278.5023498535156,284.77731721920185,275.2973119894379,281.42744884707827,72848600
2022-01-26,286.437744140625,297.8195767322565,282.8851546395586,297.32722375809846,90428900
2022-01-27,289.4594421386719,296.6611663626569,287.6155633991125,292.18181992971034,53481300
2022-01-28,297.58795166015625,297.8003363696797,284.2560605432438,289.8359539541243,49743700
2022-01-31,300.2137756347656,301.56530125918164,295.7633601067022,298.25405611410014,46444500
2022-02-01,298.0705871582031,299.875842129487,294.5662548205134,299.66345745868625,40950400
2022-02-02,302.6078796386719,304.2104133019044,298.1864540558619,298.9104887522053,36636000
2022-02-03,290.820556640625,300.4550540690847,289.57520891247447,298.7752738080084,43730000
2022-02-04,295.34814453125,298.10911517984084,289.58482894873913,289.8165105525263,35096500
2022-02-07,290.5309143066406,297.18236241397534,289.51724835738645,295.5701954690197,28533300
2022-02-08,294.0159912109375,294.98137075377906,289.5656056597399,290.82058728101566,32421200
2022-02-09,300.43572998046875,301.1308043619736,296.7480028768317,299.1421250545375,31284700
2022-02-10,291.9114685058594,298.41811714419794,290.289637957717,293.5140020692782,45386200
2022-02-11,284.82562255859375,293.75538439550695,284.0340041683453,292.69346087944797,39175600
2022-02-14,284.7869567871094,286.48603416022104,281.26332745127445,283.59952937825824,36359500
2022-02-15,290.0675964355469,290.3861587262389,286.7370251821731,289.62353008877903,27058300
2022-02-16,289.72900390625,291.0543038082839,284.09887060149885,288.635864710569,29982100
2022-02-17,281.2451171875,287.1170646088115,280.53892237568306,286.6914169855192,32461600
2022-02-18,278.53643798828125,284.2729679755153,276.96929430412916,283.48939613343924,34264000
2022-02-22,278.33331298828125,282.02869492098785,275.21836232867406,275.70205013593005,41736100
2022-02-23,271.12640380859375,282.18353159730316,270.9619664555194,280.71310149282795,37811200
2022-02-24,284.9791564941406,285.530567636646,262.66179572392394,263.6195175824751,56989700
2022-02-25,287.6104736328125,287.92004094921725,282.1351235020053,285.51128484773926,32546700
2022-02-28,289.0422058105469,289.3807932241622,283.4410920061188,284.7083518645938,34627500
2022-03-01,285.3274230957031,290.1836376065008,282.6187539107419,286.73009989470324,31217800
2022-03-02,290.3965148925781,291.63475461259384,284.118256021791,285.7240737108103,31873000
2022-03-03,286.2658386230469,293.24060936073806,284.45682121195006,293.0084486328815,27314500
2022-03-04,280.4034729003906,286.0142690066233,277.80125973691753,284.6889691786735,32356500
2022-03-07,269.8107604980469,280.23906938127266,269.4431530078945,279.1169100246889,43157200
2022-03-08,266.8505554199219,274.69595707889357,261.1914024621827,268.736920057862,48159500
2022-03-09,279.08782958984375,280.1519485359989,271.6196896067693,274.1929119594873,35204500
2022-03-10,276.2727355957031,277.2497941919624,271.42617541831936,273.7865737445616,30628000
2022-03-11,270.9328918457031,280.0649198872489,270.31375729009164,278.56546999148014,27209300
2022-03-14,267.4212646484375,276.0889401837973,266.82149660889957,271.1940228987204,30660700
2022-03-15,277.78192138671875,278.4300760838003,269.6366346705724,271.2037785530538,34245100
2022-03-16,284.7857360839844,284.9598566183486,273.960800034903,279.67796423359994,37826300
2022-03-17,285.5886535644531,285.96591473369335,279.92949985014275,283.7216255602985,30816600
2022-03-18,290.628662109375,291.1800733202025,283.17988724924487,285.7337436372442,43390600
2022-03-21,289.40008544921875,290.3481241566419,285.27905598306444,289.1389046674614,28351200
2022-03-22,294.1402282714844,295.04956371485423,289.02280298221535,290.01919868863627,27599700
2022-03-23,289.71929931640625,293.33730401444876,288.0070551895243,290.7060412894904,25715400
2022-03-24,294.178955078125,294.2756985521243,288.5875247357409,289.3807798917864,24484500
2022-03-25,293.77264404296875,295.5332748935633,289.5258800923185,295.27209408375734,22566500
2022-03-28,300.5635681152344,300.66028204395406,294.401361618458,294.401361618458,29578200
2022-03-29,305.11993408203125,305.5165616109736,298.9674100649689,303.6688707174927,30393400
2022-03-30,303.6205139160156,305.6423550476428,301.41489856711223,303.52379996649006,28163600
2022-03-31,298.2515869140625,304.858779193998,297.84530566978634,303.6592133025089,33422100
2022-04-01,299.325439453125,300.01226801972274,295.57201654501256,299.27705294890603,27110500
2022-04-04,304.69427490234375,304.8296921264754,299.605870116793,299.9734775453708,24289600
2022-04-05,300.73779296875,304.59761295783267,299.76073396521116,303.0498057758005,23156700
2022-04-06,289.72900390625,296.98432119939486,287.03001760705087,295.23337365440614,40110400
2022-04-07,291.5379943847656,293.7436096818607,286.6817792585373,286.9816633477329,31411200
2022-04-08,287.2815246582031,291.2961273756615,286.6140331520905,290.6383190722913,24361900
2022-04-11,275.9535827636719,283.06377005501855,275.70205565183903,282.27054447193905,34569300
2022-04-12,272.8579406738281,281.2547532210791,271.3391540006482,279.80368992052826,30966700
2022-04-13,278.2366027832031,279.1652752180004,272.12278108336227,273.5061508141746,21907200
2022-04-14,270.70074462890625,278.9041016621508,270.2074030686159,278.691277815096,28221600
2022-04-18,271.3681335449219,273.24484416168775,269.25926228177804,269.8106733388797,20778000
2022-04-19,275.9922790527344,276.8339207213191,269.3270757429713,270.2654313652648,22297700
2022-04-20,277.0176696777344,280.24873024308215,276.05997725645005,279.95849984253823,22906700
2022-04-21,271.64874267578125,283.73125459736195,270.9232109682988,279.1652405373938,29454600
2022-04-22,265.0899353027344,273.9607825716903,264.4611470651918,272.49035276111147,29405800
2022-04-25,271.5616455078125,271.93890659301337,261.93624768786924,264.3740527877632,35678900
2022-04-26,261.4042663574219,269.2786893101123,261.19144251967543,268.4467603674442,46518400
2022-04-27,273.98016357421875,281.47732570453576,270.0526203554486,272.89670744793256,63477700
2022-04-28,280.1810302734375,281.4869933800965,272.27755777079875,275.8858797797823,33646600
2022-04-29,268.4660949707031,280.4228740335642,267.4793823797048,279.1942879944,37073900
2022-05-02,275.1893615722656,275.6440293239036,267.2085121919129,268.6498925117606,35151100
2022-05-03,272.587158203125,274.86049729139387,271.01033088824136,274.69603041183086,25978600
2022-05-04,280.51959228515625,281.39022443680767,267.7018653489587,273.37067229887913,33599300
2022-05-05,268.3015441894531,277.00792185148873,265.38973510212577,276.2243502236616,43260400
2022-05-06,265.7671203613281,270.13964762879215,262.41997938914824,265.8444974229105,37780300
2022-05-09,255.94822692871094,263.4744080237602,254.72935373016503,261.2494559206379,47726000
2022-05-10,260.7077331542969,264.8190795955056,256.42226618437826,262.8262881528178,39336400
2022-05-11,252.04969787597656,262.5070256300987,250.84047838986658,257.01233937048545,48975900
2022-05-12,247.01939392089844,251.40160471462247,241.86327960551176,249.2830495439515,51033800
2022-05-13,252.60108947753906,254.45846345397297,247.0193433899871,248.95409441787507,34925100
2022-05-16,252.9687042236328,257.1477736501881,247.43531494271934,251.47893762285955,32550900
2022-05-17,258.11517333984375,259.5758904699336,253.8974002308721,257.42831538498064,28828800
2022-05-18,246.36326599121094,255.59413551227334,245.09305474022761,255.01235236440064,31356000
2022-05-19,245.4518280029297,249.8442599742027,244.23010107031448,246.1887405470746,32692300
2022-05-20,244.88941955566406,250.6878097739671,238.95529670794807,249.42727472265636,39199300
2022-05-23,252.73370361328125,253.55789389015007,245.73298352377535,247.73043098596386,33175400
2022-05-24,251.73504638671875,253.39310349464947,245.8009223450929,250.05760735374935,29043900
2022-05-25,254.5469207763672,256.5443535711688,249.32063736572647,250.29997184139762,28547900
2022-05-26,257.8241882324219,258.99743032281145,253.4899480572439,254.30443237054243,25002100
2022-05-27,264.9413757324219,265.03834453491794,259.4338910030426,260.32596255899296,26910800
2022-05-31,263.61297607421875,266.4248936649032,260.7622650462861,264.2529346305631,37827700
2022-06-01,264.1463317871094,269.256265704975,261.8386101497742,266.8418990866048,25292200
2022-06-02,266.2405700683594,266.3084511624684,253.65481157001867,256.41825860478133,44008200
2022-06-03,261.8191833496094,265.14503294554464,260.25809503355293,262.1003840143202,28059000
2022-06-06,260.58770751953125,265.85278414550214,259.10417682407206,263.7971760802352,22400300
2022-06-07,264.22381591796875,264.8346867223125,257.86305412954965,258.54180604342474,22860700
2022-06-08,262.19732666015625,264.7086616945771,261.4216058677899,263.4578322605081,17372300
2022-06-09,256.7480163574219,264.42745982638615,256.59287219967115,259.647196979162,26439700
2022-06-10,245.30636596679688,252.6658293283701,244.86033026242538,252.6658293283701,31422800
2022-06-13,234.90225219726562,241.45695191998857,234.1944273628666,237.66570001230667,46135800
2022-06-14,237.06455993652344,238.27659598406217,234.17505534653057,236.45368903404812,28651500
2022-06-15,244.1137237548828,247.54621774471534,238.93590988722116,240.76850759522998,33111700
2022-06-16,237.5299530029297,239.90554045067185,235.6391799239251,238.5092727014499,33169200
2022-06-17,240.12855529785156,242.892003168209,236.61850393867869,237.26815342919429,43084800
2022-06-21,246.03363037109375,247.01295018583383,241.93208967216776,242.6593113115765,29928300
2022-06-22,245.442138671875,249.35944724213846,242.76595376071094,244.23979365415195,25939900
2022-06-23,250.99806213378906,251.49258222219643,245.9269231515667,247.8080051297893,25861400
2022-06-24,259.56964111328125,259.84113599314713,253.77125024741073,253.85851328836165,33923200
2022-06-27,256.8450012207031,260.151409571475,255.28388337930917,260.06414652554236,24615100
2022-06-28,248.6903839111328,258.8036043245108,248.53523976557486,255.9625992863611,27295500
2022-06-29,252.35560607910156,254.01366307535287,247.9922615951773,249.76668411063616,20069800
2022-06-30,249.0297393798828,251.64774884681984,245.21910548593416,249.24305888897192,31730900
2022-07-01,251.6961669921875,251.88039878467896,246.87712669121078,248.60307912881825,22837700
2022-07-05,254.86695861816406,254.9930151078675,247.00326776042925,248.38013900318634,22941000
2022-07-06,258.12481689453125,259.85075458930794,254.43053435913447,255.73953886483227,23824400
2022-07-07,260.248291015625,260.8882493950364,256.9709418562369,257.0679106271867,20859900
2022-07-08,259.53082275390625,259.9574617514012,255.29355004720045,256.7479931048278,19658800
2022-07-11,256.4764709472656,258.4351100703667,254.21721973412835,257.58183216621444,19455200
2022-07-12,245.96571350097656,257.8630619352438,244.3852139665222,257.8048865798043,35868500
2022-07-13,245.04458618164062,245.84937984355258,240.57459691919928,242.59142655470853,29497400
2022-07-14,246.36326599121094,247.39107006314066,238.47048883303972,242.95987452362783,25102800
2022-07-15,248.92306518554688,252.462203796879,247.03229230010422,247.95343654733435,29774100
2022-07-18,246.52810668945312,252.91795652335915,245.60696234722735,251.86106474959863,20975000
2022-07-19,251.64773559570312,251.83196741615714,245.9754017765108,249.75694779239916,25012600
2022-07-20,254.3045196533203,256.8255603020686,251.04658128193176,252.00650426801573,22788300
2022-07-21,256.7964782714844,256.8449774641106,249.2236799929457,251.89986485024778,22404700
2022-07-22,252.45254516601562,257.27160158111917,251.20174529455522,257.184338538277,21881300
2022-07-25,250.96896362304688,253.55788506793914,249.01032445605983,253.07307075614577,21056000
2022-07-26,244.24951171875,251.98716092140094,241.99028942269476,251.96774940551714,39348000
2022-07-27,260.5780944824219,261.8483061368068,250.98847882070677,253.22831949924682,45994000
2022-07-28,268.01507568359375,269.40163763919867,259.734438202384,261.55734491443076,33459300
2022-07-29,272.213623046875,273.4353649978129,268.22846224992406,269.26597233236413,32152800
2022-08-01,269.56646728515625,272.7371422807074,267.46236011948673,269.38223547656554,21539600
2022-08-02,266.4733581542969,269.45012527255744,264.1074618325668,267.6175128829661,22754200
2022-08-03,273.8910217285156,274.8897381119249,268.20898212498906,268.3544501034442,23518900
2022-08-04,275.0351867675781,275.18062516074315,271.6608976832657,273.2413676766203,18098700
2022-08-05,274.317626953125,275.0351426380941,270.21608737963913,270.6718139989153,16774600
2022-08-08,271.80633544921875,277.23626231037696,270.83670670939483,275.4230317107007,18739200
2022-08-09,273.7261962890625,274.4825055635908,269.1786348849365,271.1470097408237,23405200
2022-08-10,280.37786865234375,281.00812145710677,278.22529152278446,279.4179456049466,24687800
2022-08-11,278.3028869628906,282.3656345778986,277.80839632650554,282.01658236397975,20065900
2022-08-12,283.0443115234375,283.0443115234375,278.22525580031515,279.7184922528835,22619700
2022-08-15,284.5569763183594,285.2454045080501,281.29900803496633,282.16199190447594,18085700
2022-08-16,283.8200378417969,285.1096607169614,281.5996091944976,283.12190392197317,18102900
2022-08-17,283.07177734375,285.0443001640645,281.27415101307326,281.53649574752995,18253400
2022-08-18,281.9543762207031,283.64510179006146,280.89521149700556,281.9737992817374,17186200
2022-08-19,278.0482482910156,281.0604841294193,277.47495647991065,280.72038772526247,20570000
2022-08-22,269.8860778808594,274.4627155790174,269.3710849309905,274.09346975580286,25061100
2022-08-23,268.6131591796875,270.96462513583367,267.6025963871895,268.6131591796875,17527400
2022-08-24,267.9815368652344,269.38076836522134,267.32076724046834,267.61229110085856,18137000
2022-08-25,270.9548645019531,271.12003464855854,266.7474441390709,269.4778816182688,16583400
2022-08-26,260.49957275390625,272.40273889149455,260.3927014141226,271.17840374249715,27549300
2022-08-29,257.7205505371094,259.82909469537367,256.379617748924,258.32299172518486,20338500
2022-08-30,255.52452087402344,259.4889906204249,253.2799263703164,259.11977448485726,22767100
2022-08-31,254.06695556640625,259.54725384491036,253.93090517707998,257.8759809716696,24791800
2022-09-01,253.02723693847656,253.5033836351562,248.1785292927467,251.54055731974114,23263400
2022-09-02,248.8101043701172,257.24433815979296,247.2651260113318,254.29043181956823,22855400
2022-09-06,246.07969665527344,250.53000941495102,244.80678924426493,248.94618474623337,21328200
2022-09-07,250.7826690673828,251.501707885987,246.05055859753543,247.4886510615093,24126700
2022-09-08,251.2004852294922,253.05641075595742,247.57609726538706,250.21910163068787,20319900
2022-09-09,256.97235107421875,257.72056908719554,252.92043264804659,253.1244786272513,22084700
2022-09-12,259.1003112792969,259.8776786073918,257.65250725767163,258.254948403488,18747700
2022-09-13,244.85537719726562,253.02725242179903,244.46669355719365,251.51142329243044,33353300
2022-09-14,245.07887268066406,247.03195802459214,242.78569098884205,246.35178015556986,23913000
2022-09-15,238.4324951171875,244.28203857038505,237.11100056818427,242.69819927892917,31530900
2022-09-16,237.8106231689453,238.35476538269543,235.20649494015973,237.3442028485052,39791800
2022-09-19,237.59690856933594,238.19934976268587,234.03081907088773,235.60494726087535,26826900
2022-09-20,235.58547973632812,236.6154654509246,232.85504199150714,235.21624880625103,26660300
2022-09-21,232.18458557128906,240.64798513191113,232.13599826014462,237.35396708033133,28625600
2022-09-22,234.1571044921875,236.9555675025579,230.8436634388637,231.1351576468061,31061200
2022-09-23,231.1837615966797,234.3028832870533,228.54077185815763,232.7578897399294,34176000
2022-09-26,230.72705078125,234.61379837015886,230.19262002242195,230.33838195306527,27694200
2022-09-27,229.71653747558594,234.9539300461441,227.860611664373,233.18545251040797,27018700
2022-09-28,234.24456787109375,235.46888802626256,228.0840616627681,230.10517219200622,29029700
2022-09-29,230.77560424804688,233.15623383177936,227.77309573435863,232.12624824404912,27484200
2022-09-30,226.305908203125,233.7295966782487,226.1407231836993,231.54330081392445,35694800
2022-10-03,233.92388916015625,234.76925194456734,228.01603154626426,228.74479665745017,28880400
2022-10-04,241.8334197998047,243.27151213771026,238.04383231681499,238.15071845977334,34888400
2022-10-05,242.14431762695312,243.48524998956427,237.1887244563139,239.02521168796036,20347100
2022-10-06,239.8026123046875,243.25210389130189,239.11272288342423,240.9103348181627,20239900
2022-10-07,227.6079559326172,234.4875013005094,226.56824378188696,234.0793797349826,37769600
2022-10-10,222.7592010498047,227.91885563531727,220.3105461386793,226.45161389079223,29743600
2022-10-11,219.02793884277344,222.5745899538486,217.76474295842993,221.17535850206903,30474000
2022-10-12,219.3582763671875,221.40853593316947,217.6189636674979,219.01818008552556,21903900
2022-10-13,227.6079559326172,229.41529424813774,212.92576556200996,213.62538135038992,42551800
2022-10-14,222.0887451171875,230.52299472511268,221.8749728230323,228.8711152108653,30198600
2022-10-17,230.80482482910156,232.19434502671416,228.48249336232118,229.1432482691855,28142300
2022-10-18,231.747314453125,237.02356694835538,228.7059298585046,236.3531154742312,26329600
2022-10-19,229.78448486328125,232.8258692197208,227.6564884494634,230.32862708609497,19985700
2022-10-20,229.4638671875,234.477775405208,228.220109078315,229.094636228901,21811000
2022-10-21,235.26483154296875,236.1199207742884,227.86058198177213,228.09379217943177,26299700
2022-10-24,240.2495880126953,240.8228797300147,234.4680538752151,236.85839536600284,24911200
2022-10-25,243.56301879882812,243.9322497035884,238.8697697379953,240.2592747562869,34775500
2022-10-26,224.7706298828125,231.55300056663893,223.54629485034351,224.62486794587923,82543200
2022-10-27,220.32998657226562,227.0734954795491,219.38744917013727,224.49851650888635,40424600
2022-10-28,229.19178771972656,229.9011298424008,219.64982993170372,219.83445281769383,40647700
2022-10-31,225.55767822265625,228.26867807032616,224.605414413329,227.14151774097857,28357300
2022-11-01,221.7097930908203,229.0654698713663,220.89357967203034,227.95774742393274,30592300
2022-11-02,213.86830139160156,224.7511921525638,213.80998772072712,222.9632917416644,38407000
2022-11-03,208.18389892578125,214.16949323044878,207.9215393357344,213.85854633457637,36633900
2022-11-04,215.1217498779297,215.31608428144708,207.38711607311453,211.39047595404304,36789100
2022-11-07,221.41827392578125,221.9429931186714,215.01486125373305,215.7047654290473,33498000
2022-11-08,222.38998413085938,225.09127262477088,219.44577390313017,222.22479913107526,28192500
2022-11-09,218.15341186523438,222.15677181548412,217.97851534706965,220.93243688127146,27852900
2022-11-10,236.10047912597656,236.44057547213717,228.34642180511014,228.764240055821,46268000
2022-11-11,240.113525390625,240.96861451794143,235.0801800640539,236.11018052503232,34620200
2022-11-14,234.7109832763672,237.00416504738854,232.4372393956365,235.13852790216598,31123300
2022-11-15,235.1190643310547,240.0066479183107,233.2339895014383,238.7045911196065,31390100
2022-11-16,235.54779052734375,237.5648577519869,234.27129594257252,236.58067882132508,24093300
2022-11-17,235.4990997314453,237.02895459171626,231.55268915517976,231.69884700298584,23123500
2022-11-18,235.0508575439453,237.50641331153858,232.9168638897255,237.2822848010197,27613500
2022-11-21,235.85960388183594,238.41259294492656,235.02159768171916,235.25545019525578,26394700
2022-11-22,238.76339721679688,239.03623507377168,234.55388823165154,237.36022259889907,19665700
2022-11-23,241.24818420410156,241.93027884608753,238.0228392859944,238.84135285637757,19508500
2022-11-25,241.1605224609375,242.33956874564888,240.4199497182592,240.9851181755742,9200800
2022-11-28,235.57704162597656,240.34198047417644,234.64160171816698,239.78656581676748,24778200
2022-11-29,234.18359375,236.58067124825368,232.1178172281639,235.2262209095606,17956300
2022-11-30,248.6148681640625,248.80001134833023,233.72565090628407,234.41749940509243,47594200
2022-12-01,248.17637634277344,249.56979735290415,244.50278888285192,247.37734047819936,26041500
2022-12-02,248.49790954589844,249.51130517453961,243.30422163631067,243.43090166559634,21528500
2022-12-05,243.80120849609375,247.32863821310553,241.7159389367775,245.56491592032455,23435300
2022-12-06,238.8511199951172,245.4187517382797,237.54539368771614,244.4053559887348,22463700
2022-12-07,238.12030029296875,239.86452986599542,236.01555299377063,238.5685424627585,20481500
2022-12-08,241.0727996826172,242.37854081110692,236.84379768747013,238.57827343420877,22611800
2022-12-09,239.1434326171875,241.9595208718469,237.91566220853431,238.44184527837177,20609700
2022-12-12,246.0521240234375,246.081355592582,240.84869655601585,241.12153444706453,30665100
2022-12-13,250.34933471679688,257.1703110963209,246.59779176063924,254.99733220148903,42196900
2022-12-14,250.64166259765625,255.87432140305884,247.80608156750714,250.55396789409684,35410900
2022-12-15,242.6416473388672,247.69891720696873,241.0143588134877,247.2311972093182,35560400
2022-12-16,238.4320831298828,243.45036651127674,237.28225376561704,242.19336465845336,86102000
2022-12-19,234.30055236816406,238.93882615281237,232.60506192023936,238.59777136210013,29696400
2022-12-20,235.61602783203125,236.69764045155708,232.32246573736623,233.2773983167744,25150800
2022-12-21,238.1787567138672,239.33832514030232,233.9692473656318,235.5088410448142,23690600
2022-12-22,232.09835815429688,235.8011771653982,227.88883383804284,235.08983601075406,28651700
2022-12-23,232.62454223632812,232.76096118037862,227.9570517012324,230.07155276829016,21207000
2022-12-27,230.89979553222656,232.81939944393886,229.7986903288203,232.59528581734625,16688600
2022-12-28,228.5319366455078,233.58920571685437,228.18114298539857,230.83158066876882,17457100
2022-12-29,234.84625244140625,235.73298309418124,229.6233318774667,229.6233318774667,19770700
2022-12-30,233.68666076660156,233.8230797011239,230.60747353761346,232.1178355853205,21938500
2023-01-03,233.4528045654297,239.46500660940322,231.32854977617055,236.86329296068058,25740000
2023-01-04,223.2408447265625,226.91441744415422,220.18114984436647,226.3395100790415,50623400
2023-01-05,216.6244659423828,221.7304593927792,216.0885291034545,221.3894046220388,39585600
2023-01-06,219.1774444580078,219.98621912634763,213.74016514069575,217.29681103305526,43613600
2023-01-09,221.3114776611328,225.32612015800373,220.61964399862748,220.658614469924,27369800
2023-01-10,222.99720764160156,225.3942852499652,221.51607720978163,221.93507289887148,27033900
2023-01-11,229.74026489257812,229.91565431558936,225.19943927297896,225.37482869599023,28669300
2023-01-12,232.41017150878906,233.76462207264603,227.58676927741644,229.2432893034318,27269500
2023-01-13,233.1117401123047,233.24815904771603,228.91196981298216,230.93877604519966,21333300
2023-01-17,234.20310974121094,234.74878549049157,231.02647397875015,231.8839729382192,29831300
2023-01-18,229.77919006347656,236.18117037516788,229.49661331481735,235.3918883901205,30028700
2023-01-19,225.99842834472656,229.49662609495516,224.7803968509481,227.80112090293807,28623000
2023-01-20,234.07644653320312,234.583151851916,228.51247153332469,228.85352633542087,35389800
2023-01-23,236.3760528564453,238.89981040711766,233.52097945722034,234.9339078087108,31934000
2023-01-24,235.84986877441406,237.71102447414427,234.2907973761476,236.2981109084017,40234400
2023-01-25,234.45645141601562,237.07765762154605,224.9947760426561,228.48322009420318,66526600
2023-01-26,241.657470703125,241.95954016253594,235.81091899256552,237.41871476554942,33454500
2023-01-27,241.81336975097656,243.44065810829167,240.51738240492458,242.62214447980068,26498900
2023-01-30,236.5027313232422,239.31881937180844,236.00576498796437,238.25668467337113,25867400
2023-01-31,241.47232055664062,241.60873949787776,236.73661321290928,237.22382584140612,26541100
2023-02-01,246.28598022460938,248.65382642873757,239.19216564342997,241.65746031930018,31259900
2023-02-02,257.83294677734375,257.9206414880855,250.67091469575902,252.20076959193378,39940400
2023-02-03,251.74278259277344,257.4431765540325,250.52475096588475,252.9023510805395,29077300
2023-02-06,250.2031707763672,251.6940402792033,248.26407396693392,250.8560488043869,22518000
2023-02-07,260.7171325683594,261.8961784103339,253.4284233676941,253.86692648216754,50841400
2023-02-08,259.90838623046875,269.68186761331265,259.4016662079421,266.2129170553421,54686000
2023-02-09,256.8779296875,266.9729887774278,256.07889400099884,266.79756966634966,42375100
2023-02-10,256.3713073730469,257.3359789229723,253.99370721574917,254.8414524853322,25818500
2023-02-13,264.38104248046875,267.5771558270563,260.3176764646167,260.7951650159258,44630900
2023-02-14,265.2093200683594,267.93769873660716,262.3932169633668,265.69653266891055,37047900
2023-02-15,263.08953857421875,264.46692310846817,260.02216525434795,262.112672647368,28922400
2023-02-16,256.08538818359375,260.569199060256,255.8411717100615,257.91212263576193,29603600
2023-02-17,252.0900115966797,254.0730481798603,250.07767022898236,253.3892599372768,30000100
2023-02-21,246.82472229003906,249.57949147395604,245.7697052561427,248.5928473067925,28397400
2023-02-22,245.6915283203125,248.45606050673507,244.5485970470492,248.2118440405047,22491100
2023-02-23,248.8761444091797,250.89824919216971,244.68538110016482,249.64786195781076,29219100
2023-02-24,243.4545440673828,245.1933643431698,242.3604589246293,244.1774302685833,24990900
2023-02-27,244.3727569580078,246.97122361499612,243.62056610345024,246.61955132378125,21190000
2023-02-28,243.64988708496094,245.6720066203372,242.9758472398355,243.30799296891402,22491000
2023-03-01,240.57276916503906,245.12495292682374,240.10386280126266,244.95888751265778,27565300
2023-03-02,245.30079650878906,245.5840810609681,239.9280340639678,240.8462903940092,24808200
2023-03-03,249.38409423828125,249.7064617806796,245.57432311137507,246.35581882878407,30760100
2023-03-06,250.92755126953125,254.1023656002355,250.0581411721239,250.49772786752465,24109800
2023-03-07,248.27044677734375,251.7285601912726,247.5280341065123,250.37070236682902,21473200
2023-03-08,247.83087158203125,248.65143534651415,245.00772977586786,248.1630024049233,17340200
2023-03-09,246.48281860351562,253.55531839675493,245.75993244925678,249.90184935839267,26653400
2023-03-10,242.83908081054688,246.94191444562173,241.8719931478548,245.2714821705408,28333900
2023-03-13,248.04579162597656,251.94349199727765,240.04525738823747,241.67662167942007,33339700
2023-03-14,254.7568359375,255.03035716432163,249.94087987551168,250.81028982629238,33620300
2023-03-15,259.2992858886719,260.3152347680269,253.21340062279128,253.96560644232494,46028000
2023-03-16,269.81036376953125,270.1620211712839,257.1892436798215,259.07458764401633,54768800
2023-03-17,272.96563720703125,276.7754083374073,269.9275985016487,271.8227207737094,69527400
2023-03-20,265.9322204589844,271.0607665452562,263.607274796688,270.57233358465885,43466600
2023-03-21,267.44635009765625,268.6381277112385,263.28489174322317,268.5209085708176,34558700
2023-03-22,265.9908142089844,274.5383905110529,265.8833434620223,267.0751210074597,34873300
2023-03-23,271.2366027832031,274.55794104511676,268.83352089762093,271.51012405626466,36610900
2023-03-24,274.0792541503906,274.1378637154936,268.9116255422268,270.82627422927686,28172000
2023-03-27,269.9862060546875,274.9486717802247,269.1460858667074,274.0108888501196,26840200
2023-03-28,268.86285400390625,269.75180568788846,265.7563973042853,269.40989660765126,21878600
2023-03-29,274.02069091796875,274.63612126718954,271.96926635776106,272.5065307325749,25087000
2023-03-30,277.478759765625,277.8792783804837,274.9682369436602,277.65461829253616,25053400
2023-03-31,281.6303405761719,282.5779014007047,276.4529648204184,277.16608744063706,32766000
2023-04-03,280.5852355957031,281.6011547846993,277.3811162661027,279.8916392622568,24883300
2023-04-04,280.5363464355469,283.7307170583828,279.0612991751383,280.585207618267,25824300
2023-04-05,277.7619934082031,280.506983678301,276.3748607894706,279.2370701753402,22064800
2023-04-06,284.85406494140625,285.32294143233264,275.50545235305464,276.6581468086852,29770300
2023-04-10,282.69525146484375,282.9003849670169,278.123496163904,282.5193929371124,23103000
2023-04-11,276.2869873046875,279.36413893859026,275.1245442349261,279.1394490348436,27276600
2023-04-12,276.9317321777344,280.3703195694183,275.4371283935577,278.20167586183015,27403400
2023-04-13,283.13482666015625,283.1934362329106,276.61914739244156,277.02941440172174,24222700
2023-04-14,279.5204162597656,281.8062788337825,277.1270829372931,280.36050660414264,20987900
2023-04-17,282.118896484375,284.8541392450977,279.53998567684334,283.22275986400075,23836200
2023-04-18,281.69879150390625,285.01038094044696,280.37026829939435,284.82477404987856,20161800
2023-04-19,281.7769775390625,282.363073223057,277.9574283365994,279.3738659883608,17150300
2023-04-20,279.4910888671875,282.34355041766946,278.48491818075087,278.6509985011603,23244400
2023-04-21,279.1492004394531,279.6473817610795,276.511650666874,278.41655103724565,21676400
2023-04-24,275.25146484375,278.3579207345042,272.27203608801597,275.5640690535179,26611000
2023-04-25,269.04840087890625,275.08542457289633,268.9995397003019,273.04377855903545,45772200
2023-04-26,288.5368347167969,292.6396828327942,285.9579246128152,289.83608287187946,64599200
2023-04-27,297.7779846191406,298.13945000191654,288.4196235003883,289.12296805921983,46462600
2023-04-28,300.1518249511719,301.78317430412875,296.2931927346846,296.9770107869876,36469600
2023-05-01,298.49114990234375,301.460830664017,298.0906312953761,299.8685344351108,21294100
2023-05-02,298.3446350097656,302.0274089293755,296.87933607669675,300.6402759672235,26404400
2023-05-03,297.3580017089844,301.47059918400157,297.05517563669,299.5266454015473,22360800
2023-05-04,298.3446350097656,300.6402759672235,296.38112489974674,299.15542063563385,22519900
2023-05-05,303.46337890625,304.7528490194279,297.2309698374708,298.6474372845863,28197100
2023-05-08,301.5096435546875,303.02380353381574,299.00886932285215,302.95541576842186,21318600
2023-05-09,299.8978576660156,302.8675386103428,299.22381775082977,300.8747236518984,21340800
2023-05-10,305.0850524902344,305.7590924911963,300.55240924095284,301.4804141586859,30078000
2023-05-11,302.93585205078125,303.922496091225,299.17494240713177,302.92610366423224,31680200
2023-05-12,301.8222351074219,303.463362538451,299.50706787229524,303.3656699936466,19774700
2023-05-15,302.3009338378906,302.73075724835036,300.4741992492285,301.94927639928727,16336500
2023-05-16,304.5281677246094,306.452594750173,302.66235026842685,302.66235026842685,26730300
2023-05-17,307.4064636230469,307.8274270875237,304.2149092490743,305.7323794637119,24315000
2023-05-18,311.83148193359375,312.34058172844885,307.1322876651915,307.925276324525,27276000
2023-05-19,311.65533447265625,312.0567286735725,309.7267003191957,310.0889260945517,27546700
2023-05-22,314.4356384277344,315.8160338813464,311.33222095812204,311.90982815472574,24115700
2023-05-23,308.6399841308594,315.94332604860966,308.63018455651456,313.3098099504378,30797200
2023-05-24,307.2596130371094,309.8539609209706,306.04563091509715,308.1211390989395,23384900
2023-05-25,319.076171875,320.03557419335544,313.2804700336066,316.4524252321356,43301700
2023-05-26,325.8997497558594,326.3990200914225,317.07893868101803,317.2159833240213,36630600
2023-05-30,324.2549743652344,328.6898485415911,323.57946115693045,328.19057825304765,29503100
2023-05-31,321.4942626953125,328.88571082280095,320.4564937937518,325.31236192591416,45950600
2023-06-01,325.5963439941406,326.52640747916024,317.901405640536,319.0859892292781,26773900
2023-06-02,328.3570861816406,330.4129952384752,325.5669260242761,327.2312404695121,25873800
2023-06-05,328.8857116699219,331.4506903935802,327.6325911531441,328.18082951193753,21307100
2023-06-06,326.67315673828125,328.32767137670015,325.19488504565373,328.2885029579965,20396200
2023-06-07,316.5894775390625,327.4661687531418,315.7279515267093,324.6858083621168,40717100
2023-06-08,318.4300537109375,319.7810806302074,316.5601571652422,317.1377644945266,23277700
2023-06-09,319.92791748046875,323.0607044418597,317.59788906515115,318.1656968052279,22529000
2023-06-12,324.8816223144531,325.1263726657708,318.33210052305157,321.6802685980965,24260300
2023-06-13,327.2703857421875,329.90390189326365,323.4522862648796,327.44659882342825,22951300
2023-06-14,330.2563171386719,331.9206314111561,325.82144214687054,327.3193130414061,26003800
2023-06-15,340.7904052734375,342.4938582086499,330.1192956143464,330.393414820895,38899100
2023-06-16,335.14154052734375,344.08962778195877,334.769545086919,343.94278354537636,46552000
2023-06-20,330.9513854980469,334.89675963715365,328.8073702091856,332.1849367263642,26375400
2023-06-21,326.5556640625,330.63811253956635,325.09696171811146,329.306655264913,25117800
2023-06-22,332.5765380859375,332.9779322220441,326.3403043071654,327.1039241601426,23556800
2023-06-23,327.9850158691406,330.86328217867896,326.44800648245837,327.33887140406574,23146900
2023-06-26,321.6998596191406,329.0521396707675,321.59215393137123,326.7123419071995,21520600
2023-06-27,327.54449462890625,329.0913036434743,322.38513830210024,324.8913794122553,24354100
2023-06-28,328.7976379394531,330.88291577640626,326.80046664644476,327.6326238415943,20259500
2023-06-29,328.014404296875,329.05214338180554,325.6354380857654,327.6815474089493,16997000
2023-06-30,333.3891296386719,335.5331449952425,330.11926869973666,330.65770749403055,26832800
2023-07-03,330.8927307128906,333.7416288636086,329.5025652160325,332.06754454627674,12508700
2023-07-05,331.04931640625,334.4758212956056,327.701148359632,328.05357452169636,18172400
2023-07-06,334.10382080078125,335.7877045236946,328.4549930763807,330.2171837710964,28161200
2023-07-07,330.13885498046875,334.61289857162126,329.92347347630437,332.19476390626494,21214800
2023-07-10,324.8619689941406,328.1905971184104,320.71101328852956,327.5738215556575,32791400
2023-07-11,325.488525390625,325.87032031712397,320.1333877100086,324.1081301336385,26698200
2023-07-12,330.1192626953125,334.4758007177013,328.62139184518895,329.53185591792584,29995300
2023-07-13,335.4646301269531,336.52193851467035,331.90105061768867,332.42971974992344,20567200
2023-07-14,337.9904479980469,344.0504693091922,337.07998382815504,340.29110736020874,28352700
2023-07-17,338.47015380859375,339.70367521642703,335.0142801736607,338.4211858141297,20363900
2023-07-18,351.94122314453125,359.0781521098167,334.98494066726425,338.56805969742885,64738600
2023-07-19,347.6238098144531,354.84884504828324,345.03926161088305,354.15376240808007,39732900
2023-07-20,339.586181640625,350.4531022216543,338.11767966688456,346.1455024073654,33778400
2023-07-21,336.55133056640625,342.9442090840303,332.6940623159266,341.81836334887606,69405400
2023-07-24,337.8631896972656,339.63520987985777,335.1219974773937,338.5876711156817,26678100
2023-07-25,343.6098937988281,344.5007885845888,337.8239924166346,339.82113359671973,41637700
2023-07-26,330.6772766113281,337.43240985586726,326.11512671611416,334.2702247265649,58383700
2023-07-27,323.7752990722656,334.16248813756204,322.1403538163887,333.330360964953,39635300
2023-07-28,331.26470947265625,332.8702861605579,326.17391995680913,326.6634206723763,28484900
2023-07-31,328.86614990234375,330.6087711275723,326.35987893485446,329.8451512620621,25446000
2023-08-01,329.2773742675781,331.4311896055557,326.69282573876103,328.1515284723082,18311900
2023-08-02,320.6229248046875,326.62420753627333,319.50684898513873,326.62420753627333,27761300
2023-08-03,319.800537109375,322.9529221835479,319.10545461953365,319.15439272906985,18253700
2023-08-04,320.89715576171875,328.1026233545068,320.36848651161864,324.91106845353534,23741500
2023-08-07,323.17816162109375,324.15716309321493,320.64255139351025,321.47470862016405,17741500
2023-08-08,319.20343017578125,321.8467462017524,316.2174875229385,320.0943251345085,22327600
2023-08-09,315.4636535644531,320.2411556284152,314.30840912670357,319.61461022525367,22373300
2023-08-10,316.14886474609375,321.3669581107543,314.4356125680555,319.1739750066774,20113700
2023-08-11,314.2691955566406,315.6397913083232,312.50697541012306,313.53494463144494,24355500
2023-08-14,317.235595703125,317.2551649738709,313.35872896949473,314.64124818370647,18836100
2023-08-15,315.1013488769531,318.26353387975075,314.1615159801267,316.2174247167932,16966300
2023-08-16,314.3361511230469,318.2800883607637,313.7475006460735,314.72857479436016,20698900
2023-08-17,310.88275146484375,315.77830142047725,310.2254186741254,314.47348610040007,21257200
2023-08-18,310.49041748046875,312.3544527359379,305.65369823641936,308.53805918730814,24755000
2023-08-21,315.78814697265625,316.6612873829202,311.03975175794454,311.91289216820854,24040000
2023-08-22,316.357177734375,319.9086615433213,315.3761035356602,319.33965168167043,16084600
2023-08-23,320.8112487792969,322.96962389693414,317.33823788637403,317.69144015108157,21166400
2023-08-24,313.9142761230469,326.67805954758404,313.9044558013969,326.5505151261544,23281400
2023-08-25,316.8673095703125,319.20224067535247,312.76639725943465,315.3858781640861,21684100
2023-08-28,317.57373046875,319.97734429438725,315.63119277463596,319.4966275172615,14808500
2023-08-29,322.194580078125,322.7537995550599,315.7881667802801,315.7881667802801,19284600
2023-08-30,322.5673828125,323.5680676815254,320.2716728612012,322.4496587032038,15222100
2023-08-31,321.5568542480469,324.64723165247267,320.5953908586677,322.9696033369281,26411000
2023-09-01,322.4398498535156,325.7068137627579,320.5954255688949,325.039690493004,14942000
2023-09-05,327.23724365234375,328.512657905709,322.4398070250058,322.77336861557694,18553900
2023-09-06,326.5799865722656,328.13007064456224,323.9310742393436,327.0705236753987,17535800
2023-09-07,323.6661682128906,326.77615642313435,322.8028181923794,325.02005529596454,18381000
2023-09-08,327.9436340332031,329.79787848396427,323.2246699296337,323.8427514132207,19530100
2023-09-11,331.54425048828125,332.0151769294796,329.0817444207828,330.8574865040351,16583300
2023-09-12,325.490966796875,330.41597829482106,325.2064768442106,329.46433515175244,17565500
2023-09-13,329.6997375488281,330.4747944190724,324.9023010902351,325.03963588622577,16544400
2023-09-14,332.2898254394531,334.40891924896704,330.20013271673093,332.7312908414323,20267000
2023-09-15,323.9703063964844,331.0144115945299,323.4110869464427,330.54351516502703,37679800
2023-09-18,322.8322448730469,324.14688059021836,320.1833327948617,321.59608191122635,16834200
2023-09-19,322.42999267578125,323.15600785929996,318.36836152476627,319.9969481018416,16505900
2023-09-20,314.69915771484375,323.35223927183466,314.44409878418986,323.27376651009695,21436500
2023-09-21,313.4826354980469,319.19249448338184,309.0383706041025,313.2177562445035,35560400
2023-09-22,311.01031494140625,315.36628640951005,310.16657563325697,315.23874198409163,21447900
2023-09-25,311.5302734375,311.65781785899316,309.0383368775715,310.59824108043864,17836000
2023-09-26,306.2325134277344,309.9017213341856,304.1526109858872,309.1659156883459,26297600
2023-09-27,306.87017822265625,308.3515797645924,303.82884250383796,306.3894315511619,19410100
2023-09-28,307.7040710449219,309.5092436550282,303.5933684920157,305.10420093112447,19683600
2023-09-29,309.774169921875,313.42376704064515,309.0187535875625,311.73631826659,24147300
2023-10-02,315.7096252441406,315.79794825806266,309.21491966040423,310.29410713051254,20570000
2023-10-03,307.4588623046875,315.30745601689233,305.3200977637049,314.75802691222975,21033500
2023-10-04,312.92340087890625,313.9829777218184,308.0572815033295,308.0867125300766,20720100
2023-10-05,313.31585693359375,313.92414811592056,308.9402741782087,313.0509776654909,16965600
2023-10-06,321.06634521484375,322.9598111936179,310.3137506624104,310.55901920701876,25673600
2023-10-09,323.5778503417969,324.0487467241728,317.06350427889305,318.6037977229235,19891200
2023-10-10,322.1749267578125,324.83362909225707,321.4685522330149,324.6962643518777,20557100
2023-10-11,326.128662109375,326.5210857572993,322.91074029238723,324.9415409038971,20063200
2023-10-12,324.8924865722656,327.3157406777027,322.49866349078104,324.31365647453015,19313100
2023-10-13,321.5274353027344,327.5119635418574,320.1833385954494,326.0894240178062,21072400
2023-10-16,326.3445129394531,329.7782723940854,324.34311333126567,324.78457872571454,22158000
2023-10-17,325.7755126953125,327.1490106557738,321.2135234259186,323.3522581029233,18338500
2023-10-18,323.86236572265625,329.2386627175147,322.0866239478229,326.1973269355328,23153600
2023-10-19,325.0494689941406,330.50423844384994,324.6472250314816,325.86374730098373,25052100
2023-10-20,320.487548828125,325.638188807879,319.2906370066579,325.441961975503,25027700
2023-10-23,323.08734130859375,326.4328077015871,318.25065300887303,319.31019990102027,24374700
2023-10-24,324.2744445800781,325.5596493490343,321.3999044443215,325.02986091343166,31153600
2023-10-25,334.2225341796875,339.64787287454516,331.2302401447983,338.4901826566504,55053800
2023-10-26,321.6844482421875,335.1643987741883,320.75241573436665,334.0950314410102,37828500
2023-10-27,323.568115234375,330.3473422977212,322.18479686683145,324.1763765151363,29856500
2023-10-30,330.9261474609375,333.02566069281073,325.54984988044805,327.09996393650596,22828100
2023-10-31,331.71099853515625,332.5841689842252,328.3557413843758,332.4370138355085,20265300
2023-11-01,339.5203552246094,340.84481138122624,333.22184569359115,333.3592104526516,28158800
2023-11-02,341.72772216796875,342.2280495770279,338.24489130724083,340.66814542171755,24348100
2023-11-03,346.1229248046875,347.68285894520625,340.7564483684525,343.0129367253001,23637700
2023-11-06,349.7823486328125,350.7732430573265,346.66254017187435,346.76065357014403,23828300
2023-11-07,353.70660400390625,355.6000696167938,350.86149542423027,352.59798560610096,25833900
2023-11-08,356.3261413574219,356.9834442680157,353.7262709217689,354.8348894957631,26767800
2023-11-09,353.8636779785156,357.8860884409739,353.53990670562916,355.4431931692312,24847300
2023-11-10,362.6737060546875,363.09556076737016,354.236462100994,354.64849649105355,28042100
2023-11-13,359.74029541015625,361.49642668428953,358.97505869997684,361.2511581241037,19986500
2023-11-14,363.2623596191406,364.91058714916625,360.3976395136401,363.98837493903653,27683900
2023-11-15,363.40985107421875,366.811249439612,360.89317569316484,364.9925721919471,26860100
2023-11-16,369.7997131347656,369.97665770103697,363.91113117269197,364.6779209606421,27182300
2023-11-17,363.5867004394531,368.0301447124906,360.78495838643414,367.28300549814645,40157000
2023-11-20,371.0481262207031,372.4539022365623,364.71718402251497,364.93345956347554,52465100
2023-11-21,366.752197265625,369.8488471174716,364.8352078331243,369.30817317536815,28423100
2023-11-22,371.4512634277344,373.35841268345206,368.62003030581224,371.5987172360064,23345300
2023-11-24,371.0383605957031,371.56922430315524,368.7871624674301,370.9400480571713,10176600
2023-11-27,372.1983947753906,374.19404643508545,369.82923344697656,370.3993982063347,22179200
2023-11-28,376.2190856933594,376.51399327002497,371.7559610282717,371.9427458270835,20453100
2023-11-29,372.434326171875,377.792014506202,371.0482003824139,377.2611808001932,28963400
2023-11-30,372.49334716796875,373.6533572420955,369.11159949363696,372.0804464632099,30554400
2023-12-01,368.1678466796875,371.75602952719976,365.0220252786822,370.37974391455106,33040500
2023-12-04,362.8887939453125,363.2623336149724,356.7544451480774,362.84946292716745,32063300
2023-12-05,366.21148681640625,366.76200100247496,359.4283420231669,360.24430304947185,23065000
2023-12-06,362.5545349121094,367.84343196383037,361.79758529719794,367.214285660699,21182100
2023-12-07,364.6680908203125,365.15962347811006,360.11649360898355,361.9941519618629,23118900
2023-12-08,367.8925476074219,368.11863343182006,361.99415565369594,362.9477302195792,20154400
2023-12-11,365.0121765136719,365.30711413857625,359.90025435719485,362.2399548445349,27708800
2023-12-12,368.03997802734375,368.0793090380866,364.186348995361,364.5697588483691,24838300
2023-12-13,368.0302429199219,371.24488644941226,364.4912009612432,369.6522950674222,30955500
2023-12-14,359.7331237792969,367.430542857679,357.9636180145618,366.98815141610726,43277500
2023-12-15,364.4517822265625,366.09348435441314,360.07712996825825,360.6374843475571,78502300
2023-12-18,366.3393249511719,366.6834038503824,362.43655401042764,363.1935335888459,21802900
2023-12-19,366.9389953613281,366.9389953613281,363.5768985428581,365.19895042864266,20603700
2023-12-20,364.3437194824219,369.66210727216645,364.2552471902659,368.649551038678,26316700
2023-12-21,367.2142333984375,368.06949543921024,363.77350472816454,366.25081857048275,17708000
2023-12-22,368.23663330078125,368.8264785553031,366.3983057581292,367.35188041938636,17107500
2023-12-26,368.31524658203125,370.5566342519059,367.17488724110945,368.6494851818368,12673100
2023-12-27,367.7352600097656,368.70848509896524,366.49658807749455,367.36169037934906,14905400
2023-12-28,368.9247741699219,370.0847841167637,367.82374574574834,369.01324645392424,14327000
2023-12-29,369.6719665527344,370.77299513504465,367.15532122151694,369.6326355317151,18730800
2024-01-02,364.5894470214844,369.5342646061022,360.55887302589025,367.5288028618132,25258600
2024-01-03,364.32403564453125,366.93899315410624,362.26943260145976,362.760965291212,23083500
2024-01-04,361.70904541015625,366.78166590955874,360.95209593669983,364.3928244536736,20901500
2024-01-05,361.52227783203125,365.75928703620065,360.29344616027043,362.72161874370073,21004600
2024-01-08,368.3447265625,368.8460994479234,362.7609230571881,363.0459903834981,23134000
2024-01-09,369.4261779785156,369.6227730702436,364.90407085789354,365.71019173607624,20830000
2024-01-10,376.2879333496094,377.6642489138574,369.94717950336036,369.99632077317983,25514200
2024-01-11,378.116455078125,384.063988833949,373.9384270676175,379.4632498955057,27850800
2024-01-12,381.8913879394531,382.0978232574525,378.13607119839037,378.9618424711607,21661200
2024-01-16,383.6609191894531,387.3572546583597,381.0558019045163,386.9935252639614,27202300
2024-01-17,382.8744812011719,383.50362745457204,378.29339285307435,381.4097233605343,22234100
2024-01-18,387.1999816894531,387.31794474262756,383.51348627386955,385.08639698467385,23392100
2024-01-19,391.9186706542969,391.9186706542969,386.83620966747424,389.05794692680297,29331100
2024-01-22,389.79522705078125,393.83561098518595,386.9246632087036,393.24576581207174,27016900
2024-01-23,392.144775390625,392.61665757487873,387.2589392356876,389.04812543344485,20525900
2024-01-24,395.7427978515625,398.7608157750505,393.66854429552797,394.7400819620146,24867000
2024-01-25,398.0137023925781,400.1174768477645,395.7133328486228,397.4730283974927,21021200
2024-01-26,397.0895690917969,399.2916558179086,395.61497110591324,397.52212023438454,17803300
2024-01-29,402.78155517578125,403.03716177894273,397.48281829193445,399.1835322269837,24510200
2024-01-30,401.6706848144531,406.05514806143475,399.56694047651416,405.27854800251134,33477600
2024-01-31,390.8470764160156,408.2866746871425,390.4833470666394,400.0682334385884,47871100
2024-02-01,396.942138671875,401.0906757831929,394.9956584155895,395.02514917701313,30657700
2024-02-02,404.25616455078125,405.6619409058491,396.72587980855803,396.9716461643717,28256700
2024-02-05,398.7804870605469,404.19718719885634,397.14859484100157,402.95851515251775,25352300
2024-02-06,398.6231384277344,401.0611511691438,396.0868431570583,399.0065482946539,18382600
2024-02-07,407.0382080078125,407.28397435246177,400.5008292402968,400.54016025565755,22340500
2024-02-08,407.09716796875,408.5226246925269,405.5439379531735,407.03818644922006,21225300
2024-02-09,413.42816162109375,413.69360849220726,408.060632682177,408.21792675374667,22032800
2024-02-12,408.2277526855469,413.61493194410616,407.7263797250581,413.43798737008973,21202900
2024-02-13,399.4391174316406,403.1256124684785,396.55874317637694,398.08248245796057,27824900
2024-02-14,403.29986572265625,403.6445808998677,398.454256564083,401.9013482236895,20401200
2024-02-15,400.4141540527344,402.94531135993617,398.17847977076707,401.97028650604454,21825500
2024-02-16,397.9519348144531,402.11800189970467,397.3413119912312,401.7929735865366,22296500
2024-02-20,396.701171875,398.3754555316585,391.99343067715284,397.1443513475326,24307900
2024-02-21,396.10040283203125,396.2087556364425,391.2153895315718,394.12080761512743,18518900
2024-02-22,405.4272155761719,406.5893706886108,402.393788153555,403.98929433440406,27009900
2024-02-23,404.1370544433594,409.57360004080124,402.7877689820269,409.3864998448466,16295900
2024-02-26,401.3793640136719,405.92952022656453,401.2020621700657,405.24008986741234,16193500
2024-02-27,401.3203125,402.14761097779564,397.7451808256374,401.8225826130769,14835800
2024-02-28,401.556640625,403.1127430930959,399.1929265964819,402.00967855020446,13183100
2024-02-29,407.3871765136719,407.9387088030321,399.7838756031993,402.46275960420144,31947300
2024-03-01,409.2190246582031,409.58342668223145,404.66886847100426,405.0529573414313,17823400
2024-03-04,408.6478271484375,411.04108655942895,406.0871243373175,407.19018891902937,17596000
2024-03-05,396.56329345703125,407.9879468638669,394.5836982689815,407.7023222632256,26919200
2024-03-06,396.0116882324219,399.0352869153598,392.36763837140995,396.87839027044646,22344100
2024-03-07,402.9552001953125,403.58550992875143,396.15948083378726,399.98083315410713,18718500
2024-03-08,400.0793151855469,404.21583727335775,398.2178712291556,401.793002594602,18002200
2024-03-11,398.4049987792969,399.5474670630361,395.19429952187465,397.65650787745375,16120800
2024-03-12,409.0023193359375,409.28794389731524,400.64067006988586,401.4581099515854,22457000
2024-03-13,408.8250732421875,411.85850065118984,405.2302551257752,411.7797232101297,17115900
2024-03-14,418.7921142578125,421.3528170705886,411.6713965625505,413.88738417925487,34157300
2024-03-15,410.1251525878906,416.2117246963819,406.55002108975805,412.9517630950902,45079900
2024-03-18,411.0115051269531,414.3699607798189,407.52500983634934,407.9879061886506,20106000
2024-03-19,415.0396728515625,415.295752126201,409.2682411150174,411.5137738248201,19837900
2024-03-20,418.80194091796875,419.5208864985866,414.3010169757645,415.62075700500156,17860100
2024-03-21,422.8793029785156,424.30739566871944,420.70271948004165,423.33234084355416,21296200
2024-03-22,422.2588806152344,423.36194516542855,419.62925888508494,423.2043902779049,17648500
2024-03-25,416.4677734375,420.94901086959675,415.23666920718586,418.81180070101897,18060500
2024-03-26,415.2760009765625,419.5503905165624,414.9805480350016,419.1761300864183,16725600
2024-03-27,415.0593566894531,418.0337234540762,412.67595596490696,418.02386500319915,16705000
2024-03-28,414.360107421875,415.4927172172239,412.78428811448583,414.5964697982947,21871200
2024-04-01,418.1518859863281,421.4217055688743,415.83740435240986,417.5412631842415,16316000
2024-04-02,415.0692443847656,415.9950371448598,411.52365828826186,413.7593326884334,17912000
2024-04-03,414.0942077636719,416.8617275140834,412.75475080677563,413.3850905644336,16502300
2024-04-04,411.5630798339844,422.18998013142357,411.25776838460877,418.56558637813976,19370900
2024-04-05,419.0875244140625,420.06257930400153,411.9963827991793,413.6608379545396,16554800
2024-04-08,418.1716003417969,420.8209388461148,416.9010924581036,418.7428494922185,14272400
2024-04-09,419.8360290527344,421.2739501766581,415.2464695179833,419.9936139789009,12496900
2024-04-10,416.8617858886719,417.6201353380603,413.35560315041494,415.80795336540854,16216600
2024-04-11,421.4610900878906,422.8793243997448,415.9752830660833,419.3830008173104,17966400
2024-04-12,415.52227783203125,418.75269400595073,413.4244714952131,417.6397710155257,19253800
2024-04-15,407.3871765136719,420.36793227353456,407.1803293629701,420.15125672726765,20273500
2024-04-16,408.31292724609375,412.0751888679084,407.4758004410801,408.3030988508173,16765600
2024-04-17,405.6142883300781,412.5478743857738,404.1271050989649,410.94250998116144,15855500
2024-04-18,398.15875244140625,405.66358827577534,397.8436126348303,404.4226257260466,21029900
2024-04-19,393.0866394042969,399.35051316442866,391.7570408652649,397.9224202787546,30565800
2024-04-22,394.89886474609375,396.76030891740095,389.7676303217292,394.0321624900094,20286900
2024-04-23,401.408935546875,402.02941689941457,396.9671017838586,398.12925698523895,15734500
2024-04-24,402.8763427734375,406.2347982871372,400.6308101493401,403.36878440202247,15065300
2024-04-25,393.0078125,393.84496925671834,382.1642385201122,388.0735378998874,40586500
2024-04-26,400.17779541015625,406.7568087350332,399.6262631587446,405.9393688090581,29694700
2024-04-29,396.1693420410156,400.1778246357648,393.1556012841848,399.1239921991836,19582100
2024-04-30,383.4446105957031,396.0806804506466,383.2870557136592,395.4207954000411,28781400
2024-05-01,388.9698181152344,395.6473257764034,384.4098035661703,386.6750231640028,23562500
2024-05-02,391.8259582519531,393.88436068854867,388.68417820234623,391.6486864760746,17709400
2024-05-03,400.51263427734375,400.99521746175435,395.7851765465019,396.1988407447482,17446700
2024-05-06,407.2886047363281,407.67269355299646,400.2269790058507,402.58086426809314,16996600
2024-05-07,403.1521301269531,408.4015749957849,402.90590929968624,408.3917165446932,20018200
2024-05-08,404.333984375,405.9984394987751,400.5618646353196,401.99981584395204,11792300
2024-05-09,406.0870361328125,406.48098338981964,402.9157111210937,404.3634905841881,14689700
2024-05-10,408.47052001953125,409.1008598045123,405.5749605018169,406.6977419727187,13402300
2024-05-13,407.4659423828125,412.0259571204268,404.60978666771797,411.6911003868472,15440200
2024-05-14,410.2630310058594,411.1789653639721,405.3287555020644,405.7916519071735,15109300
2024-05-15,417.4360046386719,418.15627711467357,411.7035137509103,412.32511422725236,22239500
2024-05-16,415.3739013671875,419.7448271840896,414.74245474989345,416.1730933998144,17530100
2024-05-17,414.6042785644531,417.27814812423264,412.45336756995647,416.90321260748334,15352200
2024-05-20,419.6658935546875,421.0768099021397,414.3872573782501,414.6043237478942,16272100
2024-05-21,423.3164978027344,427.1940633042462,419.1823911367933,421.1359581260157,21453300
2024-05-22,424.7767333984375,426.6415347292138,421.43197259260825,424.3524769437673,18073700
2024-05-23,421.3037109375,427.8156712738496,419.7448017896618,427.194070817087,17211700
2024-05-24,424.42156982421875,425.30955759417924,418.7482761527639,421.49118910602255,11855300
2024-05-28,424.5794372558594,425.0727671383065,420.9090617260336,423.8986396092449,15718000
2024-05-29,423.44476318359375,425.19114003957617,420.0111765352336,420.0111765352336,15517100
2024-05-30,409.13824462890625,418.63975349144664,408.7139580183881,418.63975349144664,28394500
2024-05-31,409.5920715332031,411.19045552886206,399.1137496856911,411.19045552886206,47995300
2024-06-03,408.0035400390625,410.8747236026411,403.4649291544174,409.9867358256656,17484700
2024-06-04,410.5195617675781,410.88462108617875,404.21479101509067,406.9281055414635,14348900
2024-06-05,418.3536376953125,418.42268099839066,410.746468843911,412.23633479956106,16988000
2024-06-06,418.8567810058594,419.6362506295676,414.9693392305099,418.35360501475236,14861300
2024-06-07,418.1957702636719,420.59334639709124,417.3571033955117,420.51442686018504,13621700
2024-06-10,422.162109375,422.36929949498546,418.2352227759558,419.0344147777948,13982900
2024-06-11,426.9079284667969,427.04607528322305,419.57705383558175,419.8039964152252,14551100
2024-06-12,435.1761779785156,437.48495834500466,427.47036718999846,429.51276024474697,22366200
2024-06-13,435.689208984375,437.4750908737884,433.508699318619,434.9689666213265,15960600
2024-06-14,436.666015625,437.22841891267086,430.89405002785384,432.43323683903066,13582000
2024-06-17,442.3886413574219,444.92436422206765,434.84070005199675,436.68574902549324,20790000
2024-06-18,440.3857421875,444.1350675846114,438.95510350912195,443.71078097637735,17112500
2024-06-20,439.7543029785156,440.5732173975681,435.383377000911,440.3462747944722,19877400
2024-06-21,443.77984619140625,444.569161991758,440.5534794666223,441.4118686798834,34187100
2024-06-24,441.697998046875,446.71021649298933,440.45479708566984,443.7995580906483,15913700
2024-06-25,444.9342346191406,445.3979659147229,440.7902515475345,442.27024120018433,16413400
2024-06-26,446.1280517578125,447.54884412889345,442.21101156026344,443.01020350518843,16507000
2024-06-27,446.80889892578125,450.08461670642896,445.74328947401983,446.1478236075156,14806300
2024-06-28,440.98760986328125,449.3051447547128,440.4548051400977,447.02596302446955,28362300
2024-07-01,450.6371154785156,451.2685620568994,439.71478489170136,442.6747641221356,17662800
2024-07-02,453.153076171875,453.45893827703065,447.0653724350894,447.15419830732895,13979800
2024-07-03,454.62322998046875,454.86989493305913,451.7717987859675,452.07766091834213,9932800
2024-07-05,461.3226318359375,462.1021014719612,452.8472281684966,453.478674753155,16000300
2024-07-08,460.0202331542969,461.4607780718062,458.26398000009,460.326095268591,12962300
2024-07-09,453.4096374511719,461.09569535136285,451.89017298008986,460.77011087707854,17207200
2024-07-10,460.0301208496094,460.2373109717691,452.73869064735504,455.0672233776237,18196100
2024-07-11,448.6342468261719,458.5797648874454,445.5262442034591,456.8037891977259,23111200
2024-07-12,447.49951171875,450.2720231711714,444.6382045032453,448.2691051092715,16324300
2024-07-15,447.9040832519531,451.1600787227488,445.40783511291056,447.25288415779397,14429400
2024-07-16,443.5232849121094,448.23951736513413,440.7014524487549,448.1605978328616,17175700
2024-07-17,437.60333251953125,438.9156068819966,433.3212327097638,436.68574615539535,21778000
2024-07-18,434.4953308105469,438.7182331565263,428.60497114914784,438.41237105587203,20794800
2024-07-19,431.2788391113281,435.2551069043024,426.23702212212055,427.3223538949878,20940400
2024-07-22,437.0311279296875,438.6689869372741,433.05488983341314,435.89647509426356,15808800
2024-07-23,438.91558837890625,442.4083722657051,437.1889338456379,437.97824958808866,13107100
2024-07-24,423.17840576171875,435.5906035987281,421.88588376058476,434.5743451525585,26805800
2024-07-25,412.8184509277344,424.066366533815,411.94033937034624,423.0797067418699,29943800
2024-07-26,419.5968017578125,423.19813411147953,411.7035233681291,412.6211398648851,23583800
2024-07-29,421.0373229980469,426.38500194360023,419.0344049240428,425.8225986635412,15125800
2024-07-30,417.2781677246094,423.32636688783225,411.7923116419938,422.0141226280364,32687600
2024-07-31,412.76910400390625,416.1533396507724,406.7109988096176,414.8904164009859,42891400
2024-08-01,411.545654296875,421.7575892383458,407.57929274476925,415.1765852410534,30296400
2024-08-02,403.0406494140625,409.46381430513844,398.9460172931046,406.98728858808795,29437900
2024-08-05,389.8785705566406,395.6900105848848,380.43623009500715,383.97836487999916,40709200
2024-08-06,394.27911376953125,400.2582999432438,393.18393582915473,394.6639255499671,24946500
2024-08-07,393.11480712890625,404.6093863218842,392.1676222717273,403.1886240913476,20650900
2024-08-08,397.3179931640625,400.4456875209913,394.60467901527096,397.0713282414451,20203000
2024-08-09,400.60357666015625,402.6064947272633,396.89375651412195,398.64013341356633,19276700
2024-08-12,401.383056640625,403.30705522680034,398.84733381774834,401.6297215819056,16762900
2024-08-13,408.4870300292969,409.41449264240543,404.10625814496586,404.1259805010332,19414300
2024-08-14,411.2989807128906,412.14752377963794,406.9478375879701,409.26646397851016,18267000
2024-08-15,416.1621398925781,416.24120167718553,412.8311079388872,414.94635003046426,20752100
2024-08-16,413.6316833496094,416.46849580465874,412.4751975268654,415.7370612802868,22775600
2024-08-19,416.65631103515625,416.87376862371895,411.64492262923585,414.11601787893187,15234000
2024-08-20,419.8885192871094,420.93626132598814,416.7650812391523,416.82438511571235,16387600
2024-08-21,419.2362060546875,421.47005594621174,416.844172261588,419.1768720092263,16067300
2024-08-22,410.7454833984375,421.8555493177983,409.8163490739685,419.45362155809136,19361900
2024-08-23,411.97113037109375,414.41257372157986,407.32545916499066,412.15893602611095,18493800
2024-08-26,408.7092590332031,412.4554478665689,406.58412315782203,411.55596557862424,13152800
2024-08-27,409.05523681640625,409.5692137906275,405.5067475085558,408.0865565785304,13492900
2024-08-28,405.85272216796875,410.2018441208808,402.6007521142328,410.08323636580656,14882700
2024-08-29,408.3435363769531,417.17028122626607,405.85268326493673,410.142500929111,17045200
2024-08-30,412.31707763671875,412.663006834999,407.36499317358016,410.7948745382869,24308300
2024-09-03,404.70611572265625,415.02541234976394,402.32397617802485,413.0781880012741,20313600
2024-09-04,404.17236328125,406.4853049884444,399.6947395600007,401.2169427939581,15135800
2024-09-05,403.6682434082031,408.3237783354607,401.4343636867301,402.9071267784607,14195500
2024-09-06,397.05560302734375,405.9021060614487,396.165984591682,404.33049307771034,19609500
2024-09-09,401.02911376953125,403.9252302108811,397.5003824546475,402.5315288470681,15295100
2024-09-10,409.4111022949219,411.5164502597468,402.9862541865475,403.48047327180706,19594300
2024-09-11,418.1488952636719,419.08789343392027,404.84449566929334,410.6960629554886,19266900
2024-09-12,422.0630798339844,422.42879711427406,414.89690341994134,418.415740735589,17395700
2024-09-13,425.611572265625,426.83722589839596,420.5408798146308,420.9065970976519,15874600
2024-09-16,426.3528747558594,428.51755654874484,423.26895279469,425.62144023461013,13834700
2024-09-17,430.1188659667969,436.741413807479,427.2721591954558,435.1401487897844,18874200
2024-09-18,425.8290710449219,430.9887198071655,425.43370178624906,429.97062963783105,18898000
2024-09-19,433.6179504394531,436.3954593302787,431.84863763952944,436.1285918792357,21706600
2024-09-20,430.2375183105469,434.1616194799282,429.1996701847735,432.1649850181173,55167100
2024-09-23,428.4978332519531,431.41370770372646,425.4139110417271,429.2589197702658,15128900
2024-09-24,424.2080078125,428.33967197864655,421.1734954974966,427.9937125983331,17015800
2024-09-25,427.1140441894531,428.1123764897723,423.61499445013624,424.86040615195157,13396400
2024-09-26,426.3232421875,430.2671006249204,424.1684543301705,430.0595370663028,14492000
2024-09-27,423.0712585449219,426.85699330507344,422.52762966372916,426.5307918445686,14896100
2024-09-30,425.32489013671875,425.44352804368714,420.45189768334603,423.2590581868764,16807300
2024-10-01,415.8260192871094,423.52596039492926,413.9677508658884,423.4963084590475,19092900
2024-10-02,412.3072509765625,417.9314670176148,411.8920936401559,417.6942213262076,16582300
2024-10-03,411.72406005859375,414.69923855591765,409.5000740881514,412.8014540867281,13686400
2024-10-04,411.24957275390625,414.8969119270876,410.172178794162,413.40436067339476,19169700
2024-10-07,404.8049621582031,412.287415913181,404.2711971193028,411.190264062665,20919800
2024-10-08,409.91522216796875,410.8542505804291,403.45085766918714,406.1492748122983,19229300
2024-10-09,412.6333923339844,415.51964507918063,409.50992407936405,411.051885220099,14974300
2024-10-10,411.0321350097656,412.5246863355552,408.37323385448985,410.4292021904471,13848400
2024-10-11,411.5065612792969,412.3071937353824,408.4720490414364,411.3286496589972,14144900
2024-10-14,414.2939758300781,419.137316675548,412.692680707405,412.9397902420181,16653100
2024-10-15,413.8985900878906,417.5953693595967,410.4588445581101,417.29881980944174,18900200
2024-10-16,411.3088684082031,411.5460839058675,405.7340930599272,410.36987028679,15508900
2024-10-17,411.9019470214844,417.61511832115826,410.78500708577025,417.4767225011017,14820000
2024-10-18,413.3253173828125,414.79808063402476,411.44729085370335,412.3171212877513,17145300
2024-10-21,413.9381103515625,414.1160219717621,408.9662678666254,411.30886136013186,14206100
2024-10-22,422.5672302246094,425.6017126142665,413.20671913798,413.65149823512496,25482200
2024-10-23,419.69085693359375,426.0959170295647,417.64478266305224,425.8784594235447,19654400
2024-10-24,419.8193359375,421.0548835944768,417.5162582126422,420.4123746810587,13581600
2024-10-25,423.19976806640625,427.5192377532194,421.63804913504384,421.8258547879259,16899100
2024-10-28,421.6578674316406,426.9460180768045,421.3712118943836,426.6692565747174,14882400
2024-10-29,426.9558410644531,428.16173672961014,420.8769227357868,423.05149857942604,17644100
2024-10-30,427.5291442871094,433.43012114532394,427.10412312962825,432.38237913794643,29749100
2024-10-31,401.6518859863281,411.348462734814,401.6024459753444,410.5576940417458,53971000
2024-11-01,405.6253662109375,410.69605883957496,402.78855349489004,404.2811047814158,24230400
2024-11-04,403.7374572753906,405.6748178590432,400.88088657331804,405.06196083886334,19672300
2024-11-05,406.7027282714844,410.1029577159873,403.36180269923256,403.64845819160416,17626000
2024-11-06,415.3218994140625,415.588796997366,405.7735840748554,407.6516405324137,26681800
2024-11-07,420.5111999511719,421.9147952799536,415.02538074069076,416.40918800268514,19901800
2024-11-08,417.6546325683594,421.568838898406,416.90340997880253,420.4024892096892,16891400
2024-11-11,413.1770324707031,419.89839969038087,411.1902621762221,417.6348679260246,24503300
2024-11-12,418.13897705078125,419.5326784209289,412.37639607879026,413.41424403977334,19401200
2024-11-13,420.28387451171875,424.36609835467016,413.37467197125,416.76503743687516,21502200
2024-11-14,421.9543762207031,423.21957584577814,415.14402288993426,420.086213638624,30246900
2024-11-15,410.2018127441406,417.91161788162964,408.8575514031372,414.96609164012756,28247600
2024-11-18,410.95306396484375,413.56252505276035,407.33537663624696,410.0733395128572,24727000
2024-11-19,412.9595642089844,413.10782389174204,406.79168992363145,408.3336509537854,18133500
2024-11-20,410.6861267089844,412.4653333453386,405.8328921341125,412.0501760807684,19191700
2024-11-21,408.9132995605469,415.7570819396626,406.3580380143849,415.47976649879917,20780200
2024-11-22,413.00372314453125,413.39988374041405,407.1206461090675,407.4276728377604,24814600
2024-11-25,414.7765808105469,417.0446130867062,410.8743369468268,414.3705063731925,27691100
2024-11-26,423.888427734375,424.92838338966095,414.83603494213827,415.5689336176803,23458900
2024-11-27,418.9363098144531,423.1356967701012,417.97560449920036,421.03598817971914,18332400
2024-11-29,419.40185546875,420.8082605091315,413.796093210805,416.06415596091114,16271900
2024-12-02,426.8497619628906,428.85039263641124,417.27242003383,417.5299380247713,20207200
2024-12-03,427.0676574707031,428.32547569363487,423.6407942127541,425.72067515411175,18302000
2024-12-04,433.2280578613281,435.4564952904926,428.483953715763,428.8801143248133,26009400
2024-12-05,438.3782043457031,440.3986627358307,431.9900352112823,433.72326431540773,21697800
2024-12-06,439.319091796875,441.8248445475462,437.5363238090719,438.06124339003895,18821000
2024-12-09,441.74560546875,444.03346541962105,436.2785166631167,438.3583975889403,19144400
2024-12-10,439.08135986328125,445.3110884832869,437.36795856004716,440.1312292230723,18469500
2024-12-11,444.6871643066406,446.034146674654,439.7945036123786,439.7945036123786,19200200
2024-12-12,445.251708984375,451.7884649521135,444.8060093995974,444.8060093995974,20834800
2024-12-13,442.983642578125,447.10377945438483,441.30983602760955,444.142443353527,20177800
2024-12-16,447.2622375488281,447.8465797272876,441.01271109813007,442.9836304987913,23598800
2024-12-17,450.104736328125,450.92679906279125,445.26161469090005,446.6878170659997,22733500
2024-12-18,433.1983642578125,448.31210217470453,432.83188469873346,446.994861295181,24444500
2024-12-19,432.8417663574219,438.93282241461935,432.13857903304347,437.38777493352876,22963700
2024-12-20,432.41595458984375,439.4875143941051,424.5223319655796,428.95937961527454,64263700
2024-12-23,431.078857421875,433.4558513948008,428.6820357713906,432.5545685943141,19152500
2024-12-24,435.1197509765625,435.38718282685113,430.02902490868655,430.48460812290455,7164500
2024-12-26,433.91143798828125,436.71433412405435,432.4456406431818,434.8721433787049,8194200
2024-12-27,426.4040832519531,431.04913980352325,422.2641488688207,430.4350863105853,18117700
2024-12-30,420.7586669921875,423.45260132830686,417.8567536350218,421.97689027997586,13158700
2024-12-31,417.46063232421875,422.6405224628075,416.62868593663666,422.0165551158413,13246500
2025-01-02,414.568603515625,421.9868450538027,410.8743686174563,421.45201157982797,16896500
2025-01-03,419.2928771972656,419.96635323692743,415.51939233739597,417.0446121521978,16662900
2025-01-06,423.749755859375,430.1577525838614,421.4024733118246,423.8983123069827,20573600
2025-01-07,418.322265625,426.52291408196885,416.76730426764124,424.8887326935554,18139100
2025-01-08,420.4913024902344,422.87821031177674,417.5002550030301,419.4018380991605,15054600
2025-01-10,414.9350280761719,420.6398068835906,411.0426680414125,420.5605868581897,20201100
2025-01-13,413.1919250488281,414.48936844362913,408.3388895039501,411.2606004893305,17604800
2025-01-14,411.6864929199219,415.7174656234234,406.783918522941,413.80596878606093,16935900
2025-01-15,422.2244873046875,424.04685017409594,414.2615295855494,415.1133035563719,19637800
2025-01-16,420.51104736328125,425.3739962723433,420.32289602505284,424.59158895645874,15300000
2025-01-17,424.91845703125,430.31623990051855,424.06671321451194,429.9299628963343,26197500
2025-01-21,424.3935546875,426.770548715405,421.52135231106814,426.07727516253885,26085700
2025-01-22,441.9239196777344,442.98364251820686,431.82165779523024,433.366705345479,27803800
2025-01-23,442.4289855957031,442.46861072225846,437.26892363486763,437.7641319289048,18389300
2025-01-24,439.80438232421875,442.3695576290663,437.16987060502294,440.8938466028509,15549500
2025-01-27,430.39544677734375,431.0293279263355,419.4414413066827,419.9465634582157,35647800
2025-01-28,442.9143371582031,444.08302154903276,427.24593852989443,430.43508134605355,23491700
2025-01-29,438.09100341796875,442.5974175154718,436.17950645057016,442.40923592540474,23581400
2025-01-30,411.01300048828125,418.8075747745586,409.20055129765046,414.75677425796516,54586300
2025-01-31,411.08233642578125,416.6583870568431,410.933779971825,414.964783031506,34161900
2025-02-03,406.9820251464844,411.42898625512174,404.7436738342851,407.6555012178145,25679100
2025-02-04,408.4181213378906,409.9532853263689,405.81332063447735,408.73506192939664,20532100
2025-02-05,409.3293151855469,409.8641184268012,406.4669964929513,408.39832109505767,16316700
2025-02-06,411.8350524902344,414.19224891795665,410.0324869601977,410.0324869601977,16309800
2025-02-07,405.8232116699219,414.63791357819275,404.1890302854019,412.48872643025265,22886800
2025-02-10,408.26953125,411.4784713555885,406.982001762604,409.7452423090315,20817900
2025-02-11,407.49700927734375,408.53693461973535,405.37750324031913,405.71427148321067,18140600
2025-02-12,405.1200256347656,406.813629604169,400.4947666868975,403.30754628100544,19121700
2025-02-13,406.6056213378906,407.0612044905901,402.465657162982,403.0995382668374,23891700
2025-02-14,404.515869140625,404.99128001840967,401.99031874797896,403.8820181953633,22758500
2025-02-18,405.7142639160156,406.6650553734785,402.6043413346739,404.08996621044764,21423100
2025-02-19,410.7950744628906,411.50817561028913,403.74331324145845,403.9711199361536,24114200
2025-02-20,412.968505859375,416.1243389128722,409.40578409861945,412.134891295379,23508700
2025-02-21,405.1086120605469,414.87384893021425,404.791066280818,414.1692516421462,27524800
2025-02-24,400.9306335449219,406.25983043716724,396.2861968407472,405.4063787741937,26443700
2025-02-25,394.876953125,398.8664306026397,393.6860882830661,398.05265327493277,29387400
2025-02-26,396.6930847167969,400.53367776380867,391.25470780563023,394.9861511086002,19619000
2025-02-27,389.54779052734375,402.6574203650982,389.19054012926085,398.22137954122604,21127400
2025-02-28,393.973876953125,394.6090291195634,383.6330593862238,389.67678725566606,32845700
2025-03-03,385.5384521484375,395.7899873220531,383.2261675615013,395.7899873220531,23007700
2025-03-04,385.65753173828125,389.59737098453536,378.10536303990614,380.48712304915495,29342900
2025-03-05,397.9732666015625,398.61835249883035,385.85603973587394,386.3820118850688,23433100
2025-03-06,393.87469482421875,399.09471206990673,389.69665794124984,391.28450820827493,23304600
2025-03-07,390.32183837890625,391.80050846371955,382.61088158953936,389.33936956128906,22034100
2025-03-10,377.2717590332031,383.4643412864511,374.3540930979484,382.90859827837613,32840100
2025-03-11,377.5595703125,383.0673924681545,374.0464567305875,376.1205744700273,30380200
2025-03-12,380.3581237792969,382.2933209136247,376.0709676751301,380.0405779726452,24253600
2025-03-13,375.89227294921875,382.3925273041687,374.58232470495466,380.24893433302753,20473000
2025-03-14,385.6079406738281,387.2652662935844,376.6267095180303,376.8946473094157,19952800
2025-03-17,385.7468566894531,389.72637004614455,382.6406320765131,383.7620517263702,22474300
2025-03-18,380.606201171875,384.42695690697013,378.20460404859546,384.1292482671326,19486900
2025-03-19,384.87359619140625,386.71945055064447,381.08261086681347,382.60098568305693,19185500
2025-03-20,383.9010009765625,388.8134057411041,380.36805030146087,382.8093521082507,18470500
2025-03-21,388.28741455078125,388.76374837124365,379.8916675364793,380.30848991510493,39675900
2025-03-24,390.09356689453125,392.39594799568545,386.8484215764684,392.39594799568545,21004500
2025-03-25,392.1578063964844,393.34867131877104,389.65696280253144,390.9272368910712,15775000
2025-03-26,387.0072326660156,392.30665877239477,385.61787512073846,391.99901639757354,16108400
2025-03-27,387.6125793457031,389.259971232933,384.4567464670721,387.1660163642304,13766800
2025-03-28,375.92205810546875,386.1735929782764,374.06627026028934,385.1315521729189,21632000
2025-03-31,372.5379943847656,374.20522334023684,364.449889664545,369.7096411618319,35184700
2025-04-01,379.2863464355469,379.9413357760227,370.3944277527412,371.80362246362756,19689500
2025-04-02,379.2367248535156,382.1543604865691,373.7586433966847,375.0983928958324,16092600
2025-04-03,370.2752990722656,374.61212363444304,366.54388609690864,371.9425583652147,30198000
2025-04-04,357.1061706542969,371.74410993496775,356.7489202327306,361.36358655898334,49209900
2025-04-07,355.14117431640625,368.1813588125757,342.17049555544185,348.2142236601539,50425000
2025-04-08,351.8662414550781,370.8112022714622,347.5889889390993,365.46216834014683,35868900
2025-04-09,387.52325439453125,390.24245792204835,350.41733953240174,350.85399906862426,50199700
2025-04-10,378.4527282714844,380.9833427250372,365.0056552003408,379.1573256201752,38024400
2025-04-11,385.4988098144531,387.08662977771354,376.01144319106686,377.74814777589194,23839200
2025-04-14,384.8636474609375,391.651677567929,381.29099206627785,390.23254912743425,19251200
2025-04-15,382.7994689941406,388.91267269542334,381.24138963056953,385.558347033726,17199900
2025-04-16,368.7867126464844,378.71073856569086,365.2041538267982,377.7779079921512,21967800
2025-04-17,364.9858093261719,371.4761304955969,364.10258680355696,370.9104537724408,21120200
2025-04-21,356.3916015625,361.71089501866106,352.9678309109542,360.0635031391147,20807300
2025-04-22,364.0331115722656,364.9758758256959,357.12596800122816,360.6192443688487,19485000
2025-04-23,371.54559326171875,377.50000836988784,370.1859763720142,373.20288850682186,20545500
2025-04-24,384.35748291015625,385.49877003384853,372.33950296048084,372.8456379358323,22232300
2025-04-25,388.8729553222656,389.1805976978566,381.67803664886475,384.05979677325973,18973200
2025-04-28,388.18817138671875,389.75615403464093,383.70252292195136,388.9820812843996,16579400
2025-04-29,391.04632568359375,392.0982700078575,387.41412856396244,388.32712198825146,14974000
2025-04-30,392.2570495605469,393.6464071015826,381.5192464831796,387.3347110069874,36461100
2025-05-01,422.16802978515625,433.669971462135,421.67182852064957,427.8346397458207,58938100
2025-05-02,431.9729919433594,436.1013902925972,426.7231738378541,428.4598783453456,30757400
2025-05-05,432.8562316894531,436.1609188409604,428.827049490993,429.58128511716615,20136100
2025-05-06,430.0179443359375,434.4043769104007,427.8942186382879,428.91639204817295,15104200
2025-05-07,430.0576477050781,434.79139692835327,427.83464541633373,430.54391525930873,23295300
2025-05-08,434.841064453125,440.2992788018954,432.35012421343623,434.6028672327044,23491300
2025-05-09,435.39678955078125,437.3914981181206,432.5684361749063,436.65712990925,15324200
2025-05-12,445.84674072265625,445.95589045656413,436.4387544599253,442.5519572732001,22821900
2025-05-13,445.7276916503906,447.24606632617565,441.9763809723924,444.37800844651383,23618800
2025-05-14,449.4988098144531,450.45150777480933,444.73528972695,444.73528972695,19902800
2025-05-15,450.512939453125,453.55526390744575,447.82852124457236,448.16655392379437,21992300
2025-05-16,451.6463623046875,451.735838870633,446.13838030321216,449.4391826540583,23849800
2025-05-19,456.2197570800781,456.9355998797858,448.1963586877965,448.27591363294266,21336500
2025-05-20,455.5238342285156,455.69283539558984,451.69606398891386,452.9587181303489,15441800
2025-05-21,449.9561462402344,455.1360468945702,449.2005259832327,451.944595050179,19216900
2025-05-22,452.2329406738281,457.5918252828005,451.27849365115543,452.32244757902833,18025600
2025-05-23,447.5799865722656,451.06972434232773,446.3173323563206,447.38115987330883,16883500
2025-05-27,458.02923583984375,458.2877438900054,453.48562310372705,453.8435596609756,20974300
2025-05-28,454.718505859375,459.8487079553447,454.29099660337516,458.5562282330538,17086300
2025-05-29,456.0308837890625,459.05333474747385,452.68035209769624,458.884303233251,13974800
2025-05-30,457.7011413574219,459.0135248792732,452.90900269221845,457.0648535034259,34770500
2025-06-02,459.3018798828125,459.44105553120437,454.2512329224997,454.49978904014216,16626500
2025-06-03,460.2961120605469,461.4593680607732,458.1982826150306,458.8047753297213,15743800
2025-06-04,461.1908874511719,463.00038321907994,460.3457906064832,461.3201414833542,14162700
2025-06-05,464.9788818359375,466.93750520910584,461.3499686746429,462.2745901279283,20131700
2025-06-06,467.6632995605469,470.6061954238558,466.0725343793748,467.37496597576217,15285600
2025-06-09,470.0196228027344,470.69568816704816,465.9134708467471,466.98725027602023,16469900
2025-06-10,468.2001953125,470.06931180763127,464.26304461137784,468.4686249933991,15375900
2025-06-11,469.8903503417969,472.72389606625393,466.9474544926898,467.30536072753216,16399200
2025-06-12,476.104248046875,477.6453141185156,470.7851412769109,472.2764779222473,18950600
2025-06-13,472.2168273925781,476.4124557062983,470.0295518485209,473.6584649544854,16814500
2025-06-16,476.3727111816406,477.91374692205306,472.25660744971805,472.4653860858625,15626100
2025-06-17,475.279052734375,475.97499162724574,471.3419021646973,472.65428568792316,15414100
2025-06-18,477.4663391113281,478.2219594008936,471.71972301658775,475.2392860574369,17526500
2025-06-20,474.64276123046875,480.667759158903,474.1158234691147,479.44488246554124,37576200
2025-06-23,483.19305419921875,484.9329468840925,469.78097686904323,475.4480376949825,24864000
2025-06-24,487.2793273925781,489.009298556199,483.9884469122188,486.1260537385937,22305600
2025-06-25,489.4268493652344,491.70363180611855,486.5635084927723,489.1981971647186,17495100
2025-06-26,494.57696533203125,495.1635541172166,489.9637493151316,490.13278082199906,21578900
2025-06-27,493.07568359375,496.4162632322767,490.1824867596744,494.6763704185467,34539200
2025-06-30,494.5372009277344,497.86785899517616,492.4691970236715,494.1693427257206,28369000
2025-07-01,489.2081298828125,495.17347659984546,488.14433277768,493.602615314542,19945400
2025-07-02,488.2536926269531,490.6497772469701,485.87751191483574,487.1600396387865,16319600
2025-07-03,495.9589538574219,497.2415119784696,490.59014753996934,490.9580057562307,13984800
2025-07-07,494.84539794921875,495.8694479262707,492.36978876052433,494.50736527479916,13981600
2025-07-08,493.7517395019531,495.3226311177228,491.25622643335066,494.36815380384166,11846600
2025-07-09,500.6019592285156,503.8530622357068,496.85371365827956,497.41047691930333,18659500
2025-07-10,498.58367919921875,501.52657502305914,494.87521114411277,500.14458849842043,16492100
2025-07-11,500.4130554199219,502.1131707269345,494.9249170598048,495.59106078877636,16459500
2025-07-14,500.1147766113281,501.05930198422453,498.1362796464767,498.6234399223271,12058800
2025-07-15,502.89862060546875,505.36427783294863,499.88612172349406,500.11477392946824,14927200
2025-07-16,502.6997375488281,503.7933904598671,498.99129994586445,502.26227638441253,15154400
2025-07-17,508.7446594238281,510.40499725185873,502.6997578215743,502.75940886082554,17503100
2025-07-18,507.10418701171875,511.6677041033988,504.499323712682,511.50859420333654,21209700
2025-07-21,507.1141052246094,509.132409924825,502.630143381304,503.7834473494323,14066800
2025-07-22,502.3517761230469,508.2475501614973,502.3517761230469,508.01886761548803,13868600
2025-07-23,502.9483337402344,503.8630336136484,497.80821016060554,503.8232561388069,16396600
2025-07-24,507.92938232421875,510.70324664183266,504.370041868975,505.83155299665924,16107000
2025-07-25,510.74310302734375,515.2966076642933,507.41241445610984,509.51021364184703,19125700
2025-07-28,509.5400390625,512.0256002286585,507.17377997770546,511.110930710653,14308000
2025-07-29,509.6096496582031,514.6304711522027,508.60547322287385,512.5525759685828,16469200
2025-07-30,510.2757568359375,512.9701269930791,506.49771598970693,512.1946027794743,26380400
2025-07-31,530.4187622070312,552.2420017670738,528.8280273057109,552.0232408256204,51617300
2025-08-01,521.0830078125,532.7054950837879,517.8517780654563,531.9101275902764,28977600
2025-08-04,532.54638671875,535.141297909759,525.0797515616827,525.218957545317,25349000
2025-08-05,524.701904296875,534.196734767709,524.194840165689,534.077432699505,19171600
2025-08-06,521.908203125,528.6291703469228,521.0034855448089,527.8338028961505,21355700
2025-08-07,517.8319091796875,525.0400367197672,514.5608717763297,523.757448292983,16079100
2025-08-08,519.0249633789062,521.629826851029,516.4101479520375,519.5817267008259,15531000
2025-08-11,518.7565307617188,524.5429245664681,516.7183220142601,519.2834381856256,20194400
2025-08-12,526.183349609375,527.9132904806338,519.6811434112465,520.7250669698358,18667000
2025-08-13,517.5734252929688,529.6234217995657,516.3703917601634,529.0368026236954,19619200
2025-08-14,519.4623413085938,522.9123315064297,517.1358902118243,519.5418962511537,20269100
2025-08-15,517.1657104492188,523.0614541020369,516.0820397908819,519.7507304052322,25213300
2025-08-18,514.1134033203125,519.8003983365775,511.0512359172718,518.5775217659684,23760600
2025-08-19,506.8258056640625,512.1846598699071,505.61285057663105,512.0256106523992,21481000
2025-08-20,502.7991943359375,508.0486982628479,501.52658824278717,506.925219770199,27723000
2025-08-21,502.15185546875,505.5278315490841,500.6381609615915,501.6041452591809,18443300
2025-08-22,505.1295166015625,508.6150227226763,500.32946944945456,502.1618461633245,24324200
2025-08-25,502.17181396484375,506.0855321115255,502.0323791323648,504.5319946732823,21638600
2025-08-26,499.96099853515625,502.88882606141556,496.4456179190968,502.2713680297872,30835700
2025-08-27,504.6415100097656,505.1892506185915,497.82983904056124,499.9211487290224,17277900
2025-08-28,507.5295104980469,508.9734875719172,503.4066403395377,504.9900522378754,18015600
2025-08-29,504.59173583984375,507.4896888132377,502.40083415821226,506.5535790393771,20961600
2025-09-02,503.0282287597656,503.90458943006223,494.75264396148896,498.3974910813857,18128000
2025-09-03,503.2572937011719,505.68719181229375,500.2398424947412,501.70375627159575,16345100
2025-09-04,505.866455078125,506.04570238922344,501.0664078062513,502.2116394820944,15509500
2025-09-05,492.9501647949219,509.8498918622262,490.3310509759443,506.9619070760115,31994800
2025-09-08,496.13690185546875,499.1244784694731,492.9800158612091,496.04724781279185,16771000
2025-09-09,496.3460388183594,500.17013335375145,495.6389875077243,499.3535217605099,14410500
2025-09-10,498.29791259765625,501.1460848531792,494.6630336933239,500.8971201283455,21611800
2025-09-11,498.9352722167969,501.08633106619584,495.8182290284252,500.17012751524385,18881600
2025-09-12,507.7884521484375,510.42747218178897,501.7635178992086,504.55191069082485,23624900
2025-09-15,513.225830078125,513.3353599697668,504.9004642300766,506.68306017742736,17143800
2025-09-16,506.9320068359375,515.0880630075219,506.4938265025834,514.7395367165727,19711900
2025-09-17,507.9079284667969,509.1726886784055,503.8348693472275,508.5054498653079,15816600
2025-09-18,506.3444519042969,510.9453149965379,505.55771489166153,509.37184097126715,18913700
2025-09-19,515.78515625,517.1494779837726,508.1967168320822,508.44568153944795,52474100
2025-09-22,512.319580078125,515.5959337012963,510.4174557013089,513.4548737162081,20009300
2025-09-23,507.1212463378906,512.4590659268906,505.2091838485409,511.67229848312854,19799600
2025-09-24,508.0373840332031,510.35772177145367,504.82077941210207,508.26644250853604,13533700
2025-09-25,504.9303283691406,507.89799878212006,502.94857891661616,506.1950582100621,15786500
2025-09-26,509.34197998046875,511.8117209714621,504.52202659403474,507.94778361103766,16213100
2025-09-29,512.4689331054688,514.7096154882738,506.77264973451184,509.3817950243417,17617800
2025-09-30,515.8051147460938,516.0142062084105,507.54943619028296,511.11459757878936,19728200
2025-10-01,517.557861328125,518.3545363078492,509.5710533372991,512.6681599915194,22632300
2025-10-02,513.604248046875,519.439966484546,508.5652045551738,515.496404228155,21222900
2025-10-03,515.20751953125,518.3345307125708,512.8672756929882,514.9585548343116,15112300
2025-10-06,526.3811645507812,528.8309994124726,516.0541122577388,516.4623876768178,21388600
2025-10-07,521.8101196289062,527.6060256392368,519.2806599401652,526.1022689962125,14615200
2025-10-08,522.676513671875,524.7678538085896,520.923853084141,521.1130687043808,13363400
2025-10-09,520.2366943359375,522.158694647609,515.2574000210162,520.1769452354545,18343600
2025-10-10,508.84405517578125,521.4118200258811,507.5195762105422,517.4881335274953,24133800
2025-10-13,511.9212341308594,514.2714464494894,509.56105349845876,514.2714464494894,14284200
2025-10-14,511.4432373046875,513.1461778212379,503.9045785101632,508.11707238992415,14684300
2025-10-15,511.3038024902344,515.0482414945574,507.888013925759,512.8274957075639,14694700
2025-10-16,509.4913330078125,514.7096236704256,506.02576365101777,510.4573477017149,15559600
2025-10-17,511.4532470703125,513.3453425707617,505.2091921192977,506.93203901166436,19867800
2025-10-20,514.6498413085938,516.5519656323323,511.30377036778043,512.4788764440519,14665600
2025-10-21,515.5162963867188,516.5420602391357,510.91543308707116,515.3569857054445,15586200
2025-10-22,518.3843994140625,523.0549803520576,515.5661623300699,518.9919195722497,18962700
2025-10-23,518.404296875,521.7802730707533,516.4623598997719,520.2964530626382,14023500
2025-10-24,521.441650390625,523.1744351060786,518.5536961256696,520.6250388201142,15532400
2025-10-27,529.3189697265625,532.3662956890146,526.819354031342,529.577902779321,18734700
2025-10-28,539.8252563476562,551.4269763883988,538.5306518978505,547.7224103521172,29986700
2025-10-29,539.307373046875,544.0078586434945,534.507325873603,542.6833492925585,36023000
2025-10-30,523.582763671875,532.7545848667123,519.9578228356851,528.2831883129468,41023100
2025-10-31,515.6656494140625,527.1279940743384,512.9668501497666,526.6898137654194,34006400
2025-11-03,514.888916015625,522.7860691817526,512.4590180581705,517.657371934483,22374700
2025-11-04,512.2001342773438,513.4150529816625,505.73698923396887,509.6407695643784,20958700
2025-11-05,505.0597839355469,512.6980347767452,504.4821687767013,511.17434154282535,23024300
2025-11-06,495.04144287109375,503.6058351018555,493.75677643867937,503.5659922381216,27406500
2025-11-07,494.7626037597656,497.31199999791255,491.2073803526309,494.89207027354036,24019800
2025-11-10,503.9045715332031,504.7510576229119,496.73437575016374,497.9692613740871,26101500
2025-11-11,506.573486328125,507.48968986721945,500.26971300797675,502.70954902224156,17980000
2025-11-12,509.0233154296875,509.5511194130969,497.05307240824305,507.2506574723947,26574900
2025-11-13,501.205810546875,511.3735209246628,499.2140928412288,508.1967287528611,25273100
2025-11-14,508.0672607421875,509.4813936811572,495.3800287197931,496.166765720741,28505700
2025-11-17,505.3883972167969,509.9992285471841,502.8190947602184,506.34444359286346,19092800
2025-11-18,491.74517822265625,500.89712400975867,484.76419755903834,493.31862192366924,33815100
2025-11-19,485.1027526855469,493.13934080841636,480.8305097576304,488.0704229659532,23245300
2025-11-20,477.3404846191406,492.4460215630244,474.41716428973194,491.5879641710541,26802500
2025-11-21,471.04486083984375,477.8293938228302,467.20362215472323,477.4103368698009,31769200
2025-11-24,472.92059326171875,475.8139832068258,466.9542001322548,473.9183160323131,34421000
2025-11-25,475.90374755859375,478.0588322743821,463.8313270788984,472.9904142849383,28019800
2025-11-26,484.3943786621094,487.1979770584782,480.10418316215106,485.2025316262965,25709100
2025-11-28,490.88958740234375,491.5081706450152,485.54177754838196,486.48962635446395,14386700
2025-12-01,485.6315612792969,488.7444513856018,483.5463243869077,487.32770213243884,23964000
2025-12-02,488.8841552734375,492.3761849539621,485.2125428025972,485.6116258193264,19562700
2025-12-03,476.64208984375,483.13724409881166,474.1178525596479,475.23529714339696,34615100
2025-12-04,479.7449951171875,480.2239129901724,475.40489514051177,478.6674679630734,22318200
2025-12-05,482.0597229003906,482.299166614698,477.78947078944657,481.4211657314621,22608700
2025-12-08,489.9018249511719,491.17890888246444,483.2769615726175,483.7858099301447,21965900
2025-12-09,490.8995361328125,490.99931449735556,487.3875630167038,487.9862027558801,14696100
2025-12-10,477.4701843261719,483.14722906115725,473.99809828560024,482.92772884397027,35756200
2025-12-11,482.3690185546875,484.92318635563356,474.7763326037194,475.5445986070271,24669200
2025-12-12,477.4402770996094,481.3513637649093,475.2552617920193,478.72734800157895,21248100
2025-12-15,473.73870849609375,479.6252664455081,471.44392797474177,479.0066832317436,23727700
2025-12-16,475.3051452636719,476.80172935648005,469.8076832860371,470.8353364785088,20705600
2025-12-17,475.0357360839844,478.9069051052783,473.9182915104317,475.8239455574328,24527200
2025-12-18,482.87786865234375,488.4850656489584,476.8017407441929,477.10104539067044,28573500
2025-12-19,484.8134460449219,486.73904362092316,481.39123391446003,486.2501387748106,70836100
2025-12-22,483.81573486328125,487.6170561484318,481.5908021440126,485.01298390813173,16963000
2025-12-23,485.7413330078125,486.71908182827985,483.63612214595605,483.8755963136496,14683600
2025-12-24,486.90863037109375,488.04604888584674,483.7258924615979,484.5739628623746,5855900
2025-12-26,486.599365234375,487.00843522519267,484.85335038112265,485.601642461088,8842200
2025-12-29,485.9907531738281,487.23790659993216,483.0773893732932,483.7558335295542,10893400
2025-12-30,486.3699035644531,488.56487537463653,484.39440153201394,484.82341501264875,13944500
2025-12-31,482.5186767578125,487.0284031238816,482.1993981667827,486.7290680267604,15601600
2026-01-02,471.8630065917969,483.5563186075122,469.0893385249197,483.2869444224563,25571600
2026-01-05,471.773193359375,474.9858617296903,468.4308161640092,472.98042932285466,25250300
2026-01-06,477.4203186035156,477.64977534720424,468.68025764779384,472.72102257015473,23037700
2026-01-07,482.3690185546875,488.5848422406915,476.86159994291296,478.6674756822987,25564200
2026-01-08,477.0212097167969,481.5608665012806,474.7763335277468,480.14408679814625,18162600
2026-01-09,478.1885681152344,478.72734693664125,471.1247042989064,472.9804540365218,18491000
2026-01-12,476.09332275390625,479.89464390147504,474.59673866594744,475.5845048686955,23519900
2026-01-13,469.5981750488281,474.6965236309785,464.888922501957,473.5990225282599,28545800
2026-01-14,458.3338928222656,467.13381499707015,456.1289340170423,465.39775666549855,28184300
2026-01-15,455.6200866699219,463.1927988881192,454.8618076165624,463.0630900555096,23225800
2026-01-16,458.8127746582031,462.13520850615447,455.4404972994736,456.78739866953146,34246700
2026-01-20,453.48492431640625,455.7597309230742,448.2568669541529,450.1924514863621,26130000
2026-01-21,443.0986328125,451.65911099901973,437.68100562513575,451.56931960591265,37980500
2026-01-22,450.1126403808594,451.8087507279656,443.6873036586902,446.600636936346,25349400
2026-01-23,464.888916015625,470.0271819611143,449.50401819491054,450.8409629929935,38000200
2026-01-26,469.20904541015625,473.1700058760031,460.94790240319116,464.25036221183507,29291200
2026-01-27,479.485595703125,481.7703893732875,472.0825097961169,472.62128861771004,29213900
2026-01-28,480.533203125,482.63838346935967,476.9114647448887,482.10959164059926,36875400
2026-01-29,432.5128173828125,441.49232224197124,420.06122635013605,438.98802836564175,128855300
2026-01-30,429.31011962890625,438.5989157576861,425.47886802078926,438.1699022937122,58566800
2026-02-02,422.4058837890625,429.7590957240154,421.28843915961005,429.2602343395754,42219900
2026-02-03,410.2735595703125,421.0888704228976,407.6296003977664,421.0489834358989,61424100
2026-02-04,413.2467956542969,418.84400576689177,408.3080557741746,410.0640575889883,45012400
2026-02-05,392.7735290527344,407.37018733348754,391.4265972483441,406.51216038211834,66289200
2026-02-06,400.22650146484375,400.87501513504304,392.0252195920243,398.2609865133262,53515300
2026-02-09,412.65814208984375,413.94521298339265,399.9571203178888,403.9280678877113,45480500
2026-02-10,412.328857421875,422.7151545880433,411.76017861216997,418.66440278178237,44857900
2026-02-11,403.4491271972656,415.51159110220135,400.096793508188,415.2322299614449,42491000
2026-02-12,400.9248962402344,405.2749831551046,397.1036315998776,404.07770370563327,40802400
2026-02-13,400.4060974121094,404.61648859375555,397.1435245648219,403.528974460687,34091600
2026-02-17,395.95623779296875,399.60790672873594,393.6315571718042,398.31087932693146,32078800
2026-02-18,398.69000244140625,401.6432531481791,395.41747315874426,397.2233488345012,23223400
2026-02-19,398.4599914550781,404.42999267578125,396.6700134277344,400.69000244140625,28234000
2026-02-20,397.2300109863281,400.1199951171875,395.1600036621094,396.1099853515625,34015200
2026-02-23,384.4700012207031,395.3599853515625,383.1000061035156,395.0,43238300
2026-02-24,389.0,389.3599853515625,381.7099914550781,384.1400146484375,33884700
2026-02-25,400.6000061035156,401.4700012207031,390.1600036621094,390.5299987792969,43625500
2026-02-26,401.7200012207031,407.489990234375,398.739990234375,404.7099914550781,34405900
2026-02-27,392.739990234375,396.82000732421875,389.8800048828125,390.8800048828125,51367200
2026-03-02,398.54998779296875,401.19000244140625,390.6300048828125,392.8599853515625,35474900
2026-03-03,403.92999267578125,406.70001220703125,392.6700134277344,393.1400146484375,38199200
2026-03-04,405.20001220703125,411.0299987792969,400.30999755859375,401.2699890136719,35808000
2026-03-05,410.67999267578125,411.6099853515625,404.3999938964844,404.4200134277344,39001300
2026-03-06,408.9599914550781,413.04998779296875,408.510009765625,409.20001220703125,31123900
2026-03-09,409.4100036621094,410.2099914550781,403.5,404.9200134277344,30131900
2026-03-10,405.760009765625,410.20001220703125,402.92999267578125,410.0299987792969,31706400
2026-03-11,404.8800048828125,409.010009765625,401.5899963378906,405.57000732421875,25512100
2026-03-12,401.8599853515625,406.1199951171875,401.7099914550781,404.6300048828125,27263900
2026-03-13,395.54998779296875,404.79998779296875,394.25,401.0,26848000
2026-03-16,399.95001220703125,400.6300048828125,394.7900085449219,398.07000732421875,27733700
2026-03-17,399.4100036621094,404.3999938964844,397.75,400.2699890136719,26228300
2026-03-18,391.7900085449219,398.0,391.0,397.1300048828125,25908500
2026-03-19,389.0199890136719,392.489990234375,387.05999755859375,390.1000061035156,25138800
2026-03-20,381.8699951171875,387.0,380.1199951171875,386.7900085449219,50853200
2026-03-23,383.0,387.2099914550781,381.67999267578125,383.8999938964844,29680100
2026-03-24,372.739990234375,382.4700012207031,371.8500061035156,382.3599853515625,42733600
2026-03-25,371.0400085449219,377.05999755859375,369.6300048828125,376.9200134277344,31181200
2026-03-26,365.9700012207031,374.7200012207031,365.19000244140625,370.82000732421875,36836600
2026-03-27,356.7699890136719,362.45001220703125,356.510009765625,361.8999938964844,37883400
2026-03-30,358.9599914550781,365.3599853515625,356.2799987792969,361.8999938964844,44797000
2026-03-31,370.1700134277344,372.8999938964844,363.07000732421875,364.54998779296875,45244400
2026-04-01,369.3699951171875,373.989990234375,368.20001220703125,373.489990234375,29417200
2026-04-02,373.4599914550781,373.6400146484375,364.1499938964844,367.2099914550781,24099100
