Date,Close,High,Low,Open,Volume
2018-01-02,150.22213745117188,150.26004442775297,148.0231567768886,148.3928112654183,32573300
2018-01-03,151.6818389892578,151.81453514023718,150.33591675423952,150.36435061067826,29383600
2018-01-04,151.9471893310547,152.40214537123438,151.72919167095904,152.20310843112716,24776100
2018-01-05,153.4732208251953,153.57748310381623,152.383217927353,152.6675709111186,26992300
2018-01-08,154.0703887939453,154.14621723432313,153.41638115063336,153.47324886521767,23159100
2018-01-09,154.07986450195312,154.53482068903153,153.61543518321764,154.37369067408287,24782400
2018-01-10,153.71963500976562,153.74808332144462,152.71493378164303,153.39737508051724,34004000
2018-01-11,154.77171325683594,154.7812008472504,153.74806588739162,153.98502424310917,20473500
2018-01-12,155.9091339111328,156.07026386676313,154.43998912853863,154.63902605963855,37762700
2018-01-16,155.4636688232422,157.73846364449494,154.99922515950294,156.94228690333574,41231800
2018-01-17,157.1413116455078,157.37827002359023,155.444696022066,156.20296572448808,33849900
2018-01-18,157.1697998046875,157.5299667959894,156.52526533223966,156.8949199172569,26432200
2018-01-19,157.6626434326172,157.91856256374317,156.90437363178057,157.63420958058026,38937600
2018-01-22,159.3497772216797,159.3497772216797,157.42567620671264,157.6057669013891,26081400
2018-01-23,160.66726684570312,160.8094505620659,159.76682782657687,159.8426562494118,37989700
2018-01-24,159.62466430664062,161.35920157646174,158.70526453308307,161.0084933004039,54287400
2018-01-25,159.56776428222656,160.78098991983535,159.05592612907853,160.72412222788344,28925000
2018-01-26,162.01316833496094,162.0321290539717,160.14594970194736,160.45872202027394,32038200
2018-01-29,161.22647094726562,161.9942137054199,160.8852503366648,161.67195381284975,37277800
2018-01-30,159.8995361328125,160.5819775275258,159.0654523436693,159.75736686841137,44987700
2018-01-31,160.56298828125,161.12222103506798,159.55828709051298,160.79994665501974,42449200
2018-02-01,159.19810485839844,160.87575956983684,158.68626672120809,159.33080095641262,38037900
2018-02-02,156.02288818359375,158.9516905122908,155.89019205920337,158.57256286054488,68478100
2018-02-05,149.8714599609375,157.10343571737928,149.75772454507344,154.5632483444523,105372200
2018-02-06,153.8428497314453,154.0324135347721,147.0089784439532,147.681932115182,118537900
2018-02-07,151.85247802734375,155.01823983532353,151.84299043199434,153.3500428871778,91028300
2018-02-08,145.445068359375,152.41165135988317,145.445068359375,152.24103378497605,94184800
2018-02-09,147.95680236816406,149.03733188641527,142.29823570440928,147.5018319142129,113836600
2018-02-12,150.58229064941406,151.60595247747554,148.29802310132982,149.4733272847117,63050600
2018-02-13,151.35958862304688,151.66288793199294,149.49235479629598,149.71984012510305,31785600
2018-02-14,154.1935577392578,154.43051613101065,149.75770358778533,150.4685787630438,52107400
2018-02-15,157.0559844970703,157.0559844970703,153.9660529572038,155.57736677292817,51633900
2018-02-16,156.3546142578125,158.06070291920886,156.0892075826804,156.54417805765755,62256300
2018-02-20,156.6674346923828,157.9849230307314,155.73856166389126,155.8049169687526,36785600
2018-02-21,156.221923828125,158.97063518273274,156.1271346933628,157.4351495465662,41161800
2018-02-22,156.20297241210938,157.7384581397299,155.8048840554223,156.90435998507564,37074400
2018-02-23,159.3971710205078,159.3971710205078,156.81906253223366,157.4635968856985,50096900
2018-02-26,161.51084899902344,161.51084899902344,160.0132845516403,160.14598068480566,39266700
2018-02-27,159.51092529296875,161.8236418101301,159.4351113250437,161.5582495340094,42209900
2018-02-28,158.48724365234375,160.94212891148004,158.38298139030985,160.42081760131043,42936300
2018-03-01,155.89962768554688,159.30236045455953,154.49683835618828,158.57252471458426,76809900
2018-03-02,157.33091735839844,157.60578276128518,153.5111487945248,154.02297261682202,57445100
2018-03-05,159.07492065429688,159.48248217509507,156.0039344711269,156.59160115936658,38540200
2018-03-06,159.74789428710938,160.28816646819095,158.743192823479,159.85215657839905,29480900
2018-03-07,160.11749267578125,160.25020323884107,158.25027414441274,158.5251394725461,34609400
2018-03-08,160.99899291992188,161.1127283076122,160.1364609958279,160.78099527258513,25828400
2018-03-09,164.1268310546875,164.1268310546875,161.9089044232757,162.14586276755787,38310500
2018-03-12,164.99888610839844,165.37801378921114,164.24061628397905,164.61027083474934,37635000
2018-03-13,162.7525177001953,166.0699353792937,162.3354685922046,165.37800642158484,55638900
2018-03-14,162.72409057617188,163.72880649571093,162.0132152666499,163.60558348063265,40536400
2018-03-15,162.58189392089844,163.52972750731436,161.9847541333627,162.8378130388127,28810400
2018-03-16,162.0985107421875,163.21694747854787,162.02268231658442,162.85678053542495,31176700
2018-03-19,158.6399688720703,160.65263163158704,157.2538802354402,160.5387116976546,71395100
2018-03-20,159.16207885742188,159.53233305288518,158.1747391649381,158.70638472906438,34075700
2018-03-21,158.46905517578125,160.21589488576797,157.7760181850404,158.74438096424763,43863500
2018-03-22,154.55760192871094,157.37723496183366,154.35822764446155,156.275961123484,66607300
2018-03-23,150.4848175048828,155.03231347806772,150.40886607365744,154.37724505922134,80110400
2018-03-26,156.07664489746094,156.26653075738153,151.10194827069787,153.53233662060612,57481500
2018-03-27,151.02598571777344,157.23486754614297,149.69685722735747,157.23486754614297,78889100
2018-03-28,149.28868103027344,151.69058996998365,148.13993504393952,150.16210114596254,89369700
2018-03-29,152.0228271484375,153.5228355037262,148.7000276805369,150.09560461595564,68692600
2018-04-02,147.63673400878906,151.65258526531605,146.08926855280865,150.94055674999305,85549400
2018-04-03,149.2981414794922,149.92473008158134,146.62092165841895,148.92788721212276,64090000
2018-04-04,151.652587890625,152.11777059081768,146.2411594914853,146.41205387097497,65768700
2018-04-05,152.51644897460938,153.39937155841147,151.40568661660197,153.1620288027795,43054900
2018-04-06,148.70004272460938,152.33613681998574,147.98801419516576,150.83612831294025,59870900
2018-04-09,149.74432373046875,152.7348518701893,149.48800392217566,149.98166654379946,41810400
2018-04-10,153.04815673828125,153.54181939414784,151.01650269469533,152.09878541910547,48296800
2018-04-11,152.16522216796875,153.79814187018226,151.99434229707123,152.0892707299291,41622100
2018-04-12,153.99754333496094,154.52918900864083,153.00070045368207,153.08614040418246,30467900
2018-04-13,153.20004272460938,154.9943539101142,152.53548570891434,154.76651406830817,44604900
2018-04-16,154.36778259277344,154.92790819547514,153.30447686257358,154.2728396661685,28180800
2018-04-17,157.69058227539062,158.032356530537,155.6114567637717,155.92475103817725,35536100
2018-04-18,158.0133514404297,158.54499701681692,156.94055730405546,157.69056869565964,29573900
2018-04-19,156.56082153320312,157.58614425573325,156.01967294926106,157.21589003534092,34705700
2018-04-20,154.0829620361328,156.27600738075213,153.54181345174302,156.16208746246215,49197100
2018-04-23,153.69371032714844,155.44054994185572,152.86776197931246,154.83295292429426,33040600
2018-04-24,150.4373321533203,154.66203012517383,149.421498249371,154.42468737971856,70256800
2018-04-25,150.61773681640625,151.24432529230822,148.54811453002438,150.703191234942,52089300
2018-04-26,153.78868103027344,154.3013352214178,152.07030659732152,152.56398379023483,43005500
2018-04-27,153.8836212158203,156.08617002428463,153.0102011840615,156.04818705240942,51043400
2018-04-30,152.79180908203125,155.2032056481879,152.41205189577263,154.2443459146138,35615300
2018-05-01,154.53866577148438,154.55765725446156,152.03232601000693,152.39309175528817,36513500
2018-05-02,153.62728881835938,155.28868878909026,153.4469059323073,154.8045000978435,38646800
2018-05-03,153.60830688476562,154.17792107553498,151.15892675155803,152.84880681081412,60337100
2018-05-04,156.52285766601562,156.88362343265845,152.8298035092902,152.9437379276425,41543200
2018-05-07,157.823486328125,158.33614044383222,157.13043486570265,157.2538577673338,32500200
2018-05-08,157.66209411621094,158.00385386737238,156.5133485029797,157.49119975437424,26040200
2018-05-09,159.38043212890625,159.4943520304696,157.38674693402376,157.94687243171552,29122700
2018-05-10,161.03236389160156,161.14629830435564,159.76969825665134,159.8931211678611,27067600
2018-05-11,160.88047790527344,161.26022065681394,160.17793788004033,160.84249493836495,24688800
2018-05-14,161.1558074951172,162.1716419243376,160.88998464165482,161.25075043689333,21821700
2018-05-15,159.3709259033203,159.96903434686527,158.5259861826594,159.88359442243134,49361600
2018-05-16,160.42474365234375,160.79499784627689,159.50385241605406,159.57980385150896,22941200
2018-05-17,159.8076629638672,161.02285699518038,159.02917159173393,159.86462292060756,27480200
2018-05-18,158.98175048828125,159.74123606451644,158.74440762414307,159.19059888136476,26217900
2018-05-21,159.8741455078125,160.91845989158284,159.1905969086644,160.21591980738657,22954600
2018-05-22,159.66525268554688,160.87095825044787,159.38045289453206,160.60513545466347,19477700
2018-05-23,161.013427734375,161.03240473609972,158.4311358462498,158.4501128479745,26557800
2018-05-24,160.96588134765625,161.2506955898503,159.34245030752814,160.96588134765625,27696500
2018-05-25,161.12733459472656,161.70645179800357,160.64316033740042,160.94695168917573,27460500
2018-05-29,160.41525268554688,161.31715242752367,159.45639298941964,160.39626120541178,41220500
2018-05-30,161.5640106201172,161.84882492453784,160.6526222294798,160.99439649753313,22665800
2018-05-31,161.45957946777344,162.53235915637518,161.0418537895543,161.56399640107222,35670900
2018-06-01,163.9944305419922,164.08935899584705,162.21909606842678,162.2665675384836,45543300
2018-06-04,165.4754180908203,165.51338656831763,164.30769546488318,164.41211239956485,20459600
2018-06-05,165.98806762695312,166.26339340466507,165.25706218683416,165.86465921380315,24779300
2018-06-06,166.9564208984375,166.98490087572253,165.32350126490581,166.15895256194668,25036600
2018-06-07,165.59886169433594,167.02291892630066,164.76342463557293,166.9849504407357,39600300
2018-06-08,165.60833740234375,166.02606310604946,164.41212025332163,164.8203574587638,31780300
2018-06-11,166.05453491210938,166.46275761119756,165.45642636704363,165.48490634668903,22319700
2018-06-12,166.92796325683594,167.08935464513098,166.1020148325446,166.2823832173989,22511800
2018-06-13,166.91844177246094,168.17160415179833,166.5481731188738,167.1842645343281,37858600
2018-06-14,168.6083221435547,168.88363340328092,167.5640080833776,167.68743096855874,35916000
2018-06-15,168.0197296142578,168.35201536573092,167.19378121396173,167.97225815172501,49615700
2018-06-18,167.92269897460938,168.06540367674748,166.43851200331838,166.96178677326424,31633200
2018-06-19,167.4469451904297,167.48499492674256,165.2682384843528,165.80102189628815,38236000
2018-06-20,168.63619995117188,169.33072015130037,168.0653522826563,168.21758026322834,33038000
2018-06-21,167.1710662841797,169.23560953087159,166.8475781560477,169.06434940218276,43469400
2018-06-22,166.80003356933594,167.79899542079593,166.20064484465013,167.73240473875433,30073200
2018-06-25,163.0419464111328,165.5346324325362,161.55775988142082,165.28725833274464,77799700
2018-06-26,163.70799255371094,164.6498726433185,163.04199854953652,163.6413873463879,39008100
2018-06-27,161.48167419433594,165.14458261891465,161.3675104465816,164.40248922398766,52843500
2018-06-28,162.87069702148438,163.4225125548123,160.94885871813665,161.28185560597112,46407700
2018-06-29,163.30836486816406,164.51665108130692,163.0705140515677,163.6508706247533,36408500
2018-07-02,164.40252685546875,164.45009993367643,161.42462927030377,161.77664391796318,31770000
2018-07-03,162.4996795654297,165.02089239525947,162.3379427534464,165.02089239525947,25512700
2018-07-05,164.5166473388672,164.64984321244071,162.7184957869936,163.555735287891,31626200
2018-07-06,167.075927734375,167.1996148041911,164.59276463519973,164.89722064789729,37005600
2018-07-09,168.57916259765625,168.6172123442159,167.27574464835791,167.94172409262484,27362100
2018-07-10,168.70285034179688,169.08340587794035,168.122493712957,168.89312810986863,23902500
2018-07-11,167.84657287597656,168.46499374766353,167.25670745992488,167.38038002045215,30280600
2018-07-12,170.7388458251953,170.7388458251953,168.47450128297294,168.58866503560176,27930100
2018-07-13,170.88157653808594,171.15747715470772,170.2536467684801,170.72934849989093,28049800
2018-07-16,170.47242736816406,171.2050119355035,170.18701800697085,170.9195880570488,21405300
2018-07-17,171.50955200195312,171.87107554240387,168.66484966400412,168.66484966400412,31034100
2018-07-18,171.18600463867188,171.67122965761226,170.66274438907018,171.52851043905065,23220800
2018-07-19,170.32974243164062,171.13844109479385,170.12995585564676,170.56759327171355,31094100
2018-07-20,170.2917022705078,171.41435133055936,170.1014099739274,170.84351799261015,35897300
2018-07-23,170.8339385986328,170.9100525888311,169.1023925027149,169.78740389724,22184700
2018-07-24,171.53802490234375,173.20298074537237,170.83398120536273,172.59408318918383,36900300
2018-07-25,173.93557739257812,174.040217830508,171.52851342312215,171.6141507626544,35026600
2018-07-26,171.30014038085938,172.12785647738195,171.07179839821933,171.57604090728023,40873500
2018-07-27,168.98822021484375,172.49890010620544,168.01779946944635,172.3847363755139,59456100
2018-07-30,166.6002197265625,169.09289153676497,165.80104449970906,168.997759924384,60193000
2018-07-31,167.87510681152344,168.5220685945954,166.32432932800285,167.2567004828956,47285100
2018-08-01,168.51258850097656,169.01683121023467,167.5421673533095,168.2652288095201,37101900
2018-08-02,170.80545043945312,171.00525154011203,167.2471965139282,167.32331052764283,47178200
2018-08-03,171.32872009277344,171.33822890022984,170.37731672565494,171.1289189980827,28934400
2018-08-06,172.3372039794922,172.38477705092544,171.00524508294015,171.21455498343593,24808800
2018-08-07,172.96511840820312,173.2885920377655,172.45135250971046,172.82239920650542,29895700
2018-08-08,173.1744384765625,173.48840331805096,172.26108489066306,172.72727774934523,22680700
2018-08-09,173.0697784423828,173.75478998235724,172.81289548557683,173.0697784423828,18852900
2018-08-10,171.747314453125,172.4132938079921,171.1003527103533,171.8995279361938,33818500
2018-08-13,171.55709838867188,173.16495822445012,171.4809843611428,172.0613411184441,26089200
2018-08-14,172.63214111328125,172.83194221150555,171.2906588577762,172.21352130158348,20913000
2018-08-15,170.51995849609375,171.80435837462136,169.4639005676233,171.26205168720725,58528000
2018-08-16,171.0813751220703,172.1945154150332,170.74837810810286,171.8329774589845,27711800
2018-08-17,171.11940002441406,171.5475286107296,169.60667224471004,170.63418956222478,36092600
2018-08-20,170.9671630859375,171.56655178584808,170.3011837067378,171.49994658929725,24939000
2018-08-21,171.5950927734375,172.62261003762114,171.3762740881913,171.48092902761542,26258700
2018-08-22,172.2610626220703,172.46086368346613,171.01472674159706,171.23354541473657,18042400
2018-08-23,172.01368713378906,173.20294103471784,171.72826329411424,171.956605269306,25776200
2018-08-24,173.61209106445312,173.75481028702873,172.5465238854226,172.58457363441767,23136100
2018-08-27,175.3817138671875,175.3817138671875,174.21149165263503,174.48739227399952,29343600
2018-08-28,175.6385498046875,176.028628610762,175.26750312793058,175.84785967539767,20277000
2018-08-29,177.66505432128906,177.76018593924667,175.8764115034468,175.94300218429092,29175600
2018-08-30,177.35105895996094,178.4071170031166,176.76117915423484,177.32251802776156,29315500
2018-08-31,177.5794677734375,178.08371049631864,176.9420291335173,177.13230694110652,28653200
2018-09-04,176.81829833984375,177.34155850915607,175.86689509780481,177.03711702067955,29063500
2018-09-05,174.53497314453125,176.5329263469173,173.93559879762796,176.50438540264884,42623300
2018-09-06,172.9746551513672,174.8203801268978,171.80443299820888,174.611070211079,46091400
2018-09-07,172.30868530273438,173.7928724127277,171.67124671150725,171.728328597697,46629500
2018-09-10,172.8890380859375,173.39328075886192,171.94714343337776,173.29813460586064,26132000
2018-09-11,174.22096252441406,174.50638640946855,171.74732272755273,172.19448342677703,30116500
2018-09-12,173.707275390625,174.0878310332713,172.21356473284047,173.9641584339082,36204000
2018-09-13,175.56240844726562,175.89540533075848,174.71566029034315,174.79177427849177,31133200
2018-09-14,175.04867553710938,175.96201445618786,174.35414076636596,175.68611392280758,31224100
2018-09-17,172.52748107910156,174.87744852961472,172.36574425066607,174.7537614478204,33071200
2018-09-18,173.95460510253906,174.80135360105515,172.5845817976895,172.67021914219114,31877300
2018-09-19,173.8213653564453,174.39221309523774,172.68919320210566,173.98310216174224,31843400
2018-09-20,175.74319458007812,175.98104537238365,174.6015136804637,175.02013339768308,33295800
2018-09-21,174.78233337402344,176.46630702025925,174.56350012911093,176.21894735062517,38605400
2018-09-24,175.2683868408203,175.33511189831984,172.79982149429566,173.51465803008836,34945600
2018-09-25,175.50668334960938,175.64011893465124,174.59168609261656,175.19215349699897,25277500
2018-09-26,175.63055419921875,177.26991362078127,175.2874321216037,175.65914649373795,36210600
2018-09-27,177.11746215820312,177.74652190364836,176.25012352827608,176.34544089942437,33113300
2018-09-28,177.07931518554688,177.54634699728183,176.2977680697114,176.6218238361947,28076800
2018-10-01,177.4414825439453,178.73771999861006,176.99351716703563,178.1086603786876,27371300
2018-10-02,177.0412139892578,178.40416224937118,176.63138128224946,177.289018797445,25618600
2018-10-03,177.2317657470703,178.20394730794513,176.9553687425013,177.78457429959192,29128700
2018-10-04,173.8291473388672,176.63130823305193,172.5710283482605,176.5169245244802,80557300
2018-10-05,171.70370483398438,174.39149679419705,170.06434545613504,173.81009591550182,83325600
2018-10-08,170.65530395507812,172.17075385010966,168.63468955165018,171.10326932682494,66864500
2018-10-09,171.20809936523438,172.5329289992134,170.36935327981982,170.77918586212982,49097900
2018-10-10,163.67849731445312,170.24546158774407,163.4592848529792,170.14061831601543,114471100
2018-10-11,161.64840698242188,165.27023452475777,159.94232196261981,163.0018293507434,143084500
2018-10-12,166.14707946777344,166.6617553721652,162.91600437870872,166.0041034352188,102078400
2018-10-15,164.13600158691406,165.88018988735638,163.51646788049746,165.56567461857153,64885300
2018-10-16,168.9110870361328,169.32091961588398,165.5561172588064,165.86112112192,71979700
2018-10-17,168.97781372070312,169.9023367721327,167.2431513491558,169.73078299024405,66987600
2018-10-18,165.06048583984375,168.39638909005936,164.3551898889925,168.33920450413996,82486200
2018-10-19,164.90798950195312,167.81499365650257,164.30752229564433,166.39484682863855,82923700
2018-10-22,165.7563018798828,167.03347301911688,164.49818257731545,165.89926337181694,52909300
2018-10-23,165.14634704589844,165.96602705833425,160.90498545851145,162.63964831905832,77567000
2018-10-24,157.5880889892578,165.23207819317656,157.302151474654,164.95568113987076,102997400
2018-10-25,163.03990173339844,164.01208341656906,159.32275786154807,160.03759434024124,83481100
2018-10-26,158.84625244140625,161.99153689057556,156.5301739262998,157.45469723955176,130970900
2018-10-29,155.57701110839844,161.89617039468416,152.58422955653762,161.27665124807746,111871900
2018-10-30,158.14088439941406,158.25525357832595,154.4142001904297,155.11951072828438,92584000
2018-10-31,161.85804748535156,163.22099538570356,160.63804651948843,160.71429748881647,73828600
2018-11-01,163.99305725097656,164.16462561049352,160.8668394477176,162.09636663685743,52706800
2018-11-02,161.43869018554688,164.46006424111607,160.333072837437,163.48788246651003,75966800
2018-11-05,161.03839111328125,161.7055690124869,159.24652943251115,161.6483844130389,39573500
2018-11-06,162.25830078125,163.1637571111098,160.809561927446,161.04784067442915,34410400
2018-11-07,167.34805297851562,167.34805297851562,163.8119874036884,164.20276832322662,51169600
2018-11-08,166.2805633544922,167.0811770132389,165.48947561666245,166.56648641590837,40296500
2018-11-09,163.4783477783203,165.1272332503168,162.1821103295117,164.72692655127994,50602700
2018-11-12,158.5316619873047,162.63958640625052,158.388685973134,162.33459708744533,62578400
2018-11-13,158.66513061523438,161.53400289297946,158.2171651888792,159.27512392338372,64128100
2018-11-14,157.4546356201172,160.79053897877807,156.54917904572898,160.23773039127957,75270700
2018-11-15,160.20916748046875,160.63806651085312,155.79625297473623,157.16872696328878,73254300
2018-11-16,159.64682006835938,160.4188411698079,158.00746051373878,158.6460460488059,65390700
2018-11-19,154.46185302734375,159.07492728538725,153.96622903180833,158.88430714660728,67280500
2018-11-20,151.6979217529297,153.81384009749434,149.7630977463025,150.94495208923124,102652800
2018-11-21,152.85108947753906,154.3760797097478,151.76453866369036,153.78515290287464,42965800
2018-11-23,151.74551391601562,153.2990821764563,151.63113017498264,151.63113017498264,23503700
2018-11-26,155.25294494628906,155.3291959127012,153.22280477779674,153.87093072060765,42012600
2018-11-27,155.7771453857422,156.1679260950364,153.6230957982847,154.4046572168731,36608100
2018-11-28,160.7905731201172,160.7905731201172,155.80578340073876,156.90186034825103,70141000
2018-11-29,160.266357421875,161.32431615523433,158.99872666901135,160.11387000254345,44885700
2018-11-30,161.42916870117188,161.52448606918858,159.68496557886334,160.48559365739357,36722800
2018-12-03,164.25038146972656,165.1844305057429,161.5625890143859,164.9938103311214,50771700
2018-12-04,157.95030212402344,163.85008940719186,157.7596819323384,163.39258349508168,70594700
2018-12-06,159.06544494628906,159.0845113284058,154.18549824836384,154.76689928412355,71715500
2018-12-07,153.81378173828125,159.28465531850662,153.3181576135617,158.36967259651934,80432200
2018-12-10,155.42453002929688,156.10123379623136,151.93612429225752,153.52782521149555,73960800
2018-12-11,155.93922424316406,157.99795717009505,154.62392022706015,157.95982440660296,59058300
2018-12-12,157.31170654296875,159.74215382769862,157.22592964363872,158.21716330380096,53780000
2018-12-13,157.359375,158.99873482485296,156.3395344333139,158.34108280235645,46378500
2018-12-14,153.52783203125,156.12983302913455,153.16564352146415,155.55797250900565,56547400
2018-12-17,150.04891967773438,154.09013338081294,148.84799975556953,152.8701470824088,74834100
2018-12-18,150.99249267578125,152.45075761800507,149.67718918146863,151.21170507703926,63642100
2018-12-19,147.28489685058594,153.1846825122004,146.15068738822265,150.76376165868552,81856500
2018-12-20,145.14993286132812,148.56208762086436,143.33901948113328,146.9227280259277,99002100
2018-12-21,140.6512451171875,146.86554699025402,139.84109121813663,145.8743133835041,141129400
2018-12-24,137.16336059570312,141.44552972074598,137.1251333237363,139.62943530992285,56163300
2018-12-26,145.72775268554688,145.80420725007517,137.72734111312084,138.67363043039674,98982100
2018-12-27,146.2916717529297,146.41592133822692,140.5852918670806,143.73000672031404,85824300
2018-12-28,146.2151641845703,148.7194657676607,145.02036158424207,147.34305083848372,77856600
2018-12-31,147.44821166992188,148.13641921674719,145.96666793647307,147.64894494816028,53015300
2019-01-02,148.04083251953125,148.8724104984564,144.2174640316094,144.322607248427,58576700
2019-01-03,143.20431518554688,146.49240078594133,142.8888854437508,145.86155588734673,74820200
2019-01-04,149.3312225341797,150.06722511055858,145.03950039885382,145.61299696675098,74709300
2019-01-07,151.10910034179688,151.84510297046558,149.21653673878717,149.70401104388188,52059300
2019-01-08,152.4759979248047,153.03994149289915,150.25843634958738,152.49510427338492,49388700
2019-01-09,153.7185516357422,154.38763826758333,152.4281588146956,153.06857134695744,46491700
2019-01-10,154.15823364257812,154.2442559428542,151.69215893969894,152.55242569744468,38943400
2019-01-11,153.59429931640625,153.75679075487486,152.7340325077541,153.25019550994455,30176600
2019-01-14,152.23699951171875,152.89653299898953,151.58701919636664,152.29434771322138,30710200
2019-01-15,155.20970153808594,155.41998804366887,152.8487695222216,152.93479184223327,40874200
2019-01-16,155.18096923828125,156.54781642700195,155.12360646145297,155.46771019745844,33812200
2019-01-17,156.40444946289062,157.1022101208933,154.43541704565456,154.68393074419154,39329000
2019-01-18,157.95291137695312,158.68891389802965,156.5860641370901,157.50366441077594,57183200
2019-01-22,154.7890625,156.8919120738382,153.66116130708264,156.81544296033601,56711700
2019-01-23,154.9898223876953,156.28976849302856,153.24064382165488,155.5824545287269,38106100
2019-01-24,155.9934844970703,156.22289193504332,154.90382469044548,155.4964423406279,32417800
2019-01-25,157.85736083984375,158.33528202262863,156.71035291815946,157.24562230927899,36515900
2019-01-28,155.9074249267578,155.91697809834983,154.60747892549912,155.8214026274453,33491200
2019-01-29,154.43545532226562,156.03171029482922,153.88106500966921,155.99346843327262,30784200
2019-01-30,158.36392211914062,158.9374332493234,155.6971289092768,156.1846031604364,41346500
2019-01-31,160.73446655273438,161.5278175199503,159.11909051219817,159.3389301873309,37258400
2019-02-01,160.0557403564453,161.1549674100049,159.61606120301465,159.94104398337495,32143700
2019-02-04,162.0439453125,162.0439453125,159.94109515184655,160.0844656640517,26718800
2019-02-05,163.47769165039062,163.66885717497178,162.19686659220292,162.26376796255875,28156400
2019-02-06,162.990234375,163.80269158545858,162.25423171435247,163.51595056117682,27970000
2019-02-07,160.80136108398438,161.96748996584506,159.5778839923596,161.5660379124992,42036200
2019-02-08,161.11676025390625,161.14543435334792,159.21464359429987,159.3962413624323,29020700
2019-02-11,160.96380615234375,162.0917074309813,160.562354214691,161.69980866387036,21434100
2019-02-12,163.3439178466797,163.58287846232437,161.85280593865664,162.13956159442995,29722100
2019-02-13,163.4585723876953,164.557799688976,163.27697461773968,164.07031082358392,26094100
2019-02-14,163.65933227539062,164.2423967063331,162.33071196029184,162.87553452871506,30326800
2019-02-15,164.3475341796875,164.9401517629514,163.58285739112327,164.90192448677166,32521700
2019-02-19,164.67251586914062,165.16955796581803,163.81226360392662,163.84093770710066,19487700
2019-02-20,164.64382934570312,165.4371801719951,163.75490304437318,164.78719985075782,32593000
2019-02-21,164.04164123535156,164.6533796880643,163.1718358779754,164.20413266661953,25207400
2019-02-22,165.25558471679688,165.37028113257563,164.30929553163153,164.3953324284625,27735400
2019-02-25,165.85772705078125,166.94738647304288,165.7430160797584,166.51726044043835,32608800
2019-02-26,166.02975463867188,166.55547066249588,165.17905583102637,165.4562581822207,21939700
2019-02-27,165.92462158203125,166.1253548343108,164.17542884213893,165.26508821953172,25162000
2019-02-28,165.54232788085938,166.1349454311057,165.07395991002207,165.40851054419096,25085500
2019-03-01,166.68934631347656,166.93786007310302,165.53277065618337,166.73714134782693,31431200
2019-03-04,166.718017578125,168.02751690404506,164.854127950174,167.78855632135912,38063500
2019-03-05,166.84226989746094,167.35841830200192,166.02024496801016,166.84226989746094,22319900
2019-03-06,165.89599609375,167.03345082495576,165.62836140228944,167.0047767212276,27194600
2019-03-07,163.8600311279297,165.5327550777942,163.24829266680763,165.47540687596953,39407400
2019-03-08,163.6115264892578,163.69754879677805,161.8623333113653,162.02482475390224,39303200
2019-03-11,167.01431274414062,167.1290237322708,164.26149697393615,164.29017107471986,30518400
2019-03-12,167.9319610595703,168.36208724170373,167.05258776265364,167.45403983831136,33953500
2019-03-13,169.19366455078125,170.07303784276706,168.5628196268554,168.80178023614494,42426100
2019-03-14,168.9068603515625,169.5090309440868,168.85906533057036,169.30831227490958,23751500
2019-03-15,170.4745330810547,170.98112849087892,169.45177450103182,169.56647094552014,38192000
2019-03-18,170.8804473876953,171.39754967588527,170.056926560776,170.40165654905704,32935100
2019-03-19,171.4550323486328,172.3647321794945,170.72726079471195,171.57950805269343,36893300
2019-03-20,172.13494873046875,173.18829485874016,170.6794344951847,171.46464419954282,50105000
2019-03-21,174.82569885253906,175.07466483562465,171.59863857163467,171.6177942969604,42428500
2019-03-22,170.98582458496094,174.5384599224371,170.8038816830725,174.0692395234375,70794500
2019-03-25,170.6602020263672,171.25389797087314,169.42491352123764,170.3633540541142,46336500
2019-03-26,171.4550323486328,173.02546599069552,170.58362936251146,171.9817052859336,33248100
2019-03-27,170.3538360595703,172.09664235509828,169.10899111881275,171.71361539048704,37096700
2019-03-28,170.7464141845703,171.3879922588454,169.72180922197967,170.79429619849455,30368200
2019-03-29,172.03916931152344,172.20195648270058,171.01454965515268,172.06789559987584,35205500
2019-04-01,174.31817626953125,174.52884542457653,173.1020579608602,173.81065910825072,30969500
2019-04-02,174.9788818359375,175.15125412209284,174.06918223741712,174.5096762028935,22645200
2019-04-03,175.98440551757812,177.07604833078008,175.43859141674747,175.96524978779127,31633500
2019-04-04,175.9173583984375,176.6738415891732,174.90230941967985,176.03226353841288,28530800
2019-04-05,176.82705688476562,176.93239146614897,176.21420512350034,176.42487428626703,25674700
2019-04-08,177.27713012695312,177.42076155786106,175.84075737171685,176.5397880213675,22697500
2019-04-09,176.65472412109375,177.2580054596978,176.28126772375356,176.67387985241785,25631900
2019-04-10,177.60272216796875,177.6601747460652,176.69302225451318,176.8845357186816,24563000
2019-04-11,177.1813507080078,177.89953702324155,176.85577641853763,177.89953702324155,20654100
2019-04-12,177.9474334716797,178.0623386157482,177.21009137031533,177.9665891995375,24989100
2019-04-15,177.97616577148438,178.17726439193854,176.78875900034382,177.9570100429793,21073000
2019-04-16,178.58900451660156,178.98161655876925,178.04317588067985,178.62730135927077,27195700
2019-04-17,179.21144104003906,179.9583537293581,178.68478270102315,179.78599600637975,29651600
2019-04-18,179.4412841796875,179.82431112180274,178.38793817155874,179.50832193090537,28580900
2019-04-22,179.94874572753906,180.015783457997,178.52194377865354,178.65601923956942,17936000
2019-04-23,182.2374267578125,182.4576665249803,180.14990502652282,180.40844164433392,33665600
2019-04-24,181.662841796875,182.62042355517872,181.6053746176848,182.39059867303212,24977100
2019-04-25,182.40016174316406,183.10877747537472,181.413853741521,183.02259862743406,29517500
2019-04-26,182.5629425048828,182.60125395476538,180.59032657050233,182.11287794375286,26359500
2019-04-29,182.91729736328125,183.2045748536011,182.26613407778697,182.56298212688608,21716200
2019-04-30,181.50001525878906,181.79687783702317,180.226444552285,181.4425626989812,31495300
2019-05-01,180.9159393310547,183.20457407354934,180.7914636212935,182.68747167086732,34797100
2019-05-02,180.1306915283203,181.7968889220248,178.9432849775903,180.8584483494882,44110100
2019-05-03,183.0034637451172,183.1375246165841,181.2989692600925,181.6245435748637,30386200
2019-05-06,181.88307189941406,182.13203788326405,178.83795447091143,179.1156613486069,38371800
2019-05-07,178.33999633789062,180.6669125326812,176.68336970630693,179.90084435660384,58818100
2019-05-08,177.8899688720703,179.2305775006917,177.11432997897234,177.75590800920816,37165300
2019-05-09,176.93238830566406,177.5452400559822,174.36606155577434,175.90776879491594,55351700
2019-05-10,177.15267944335938,178.0049268843279,173.3510775317866,176.30043200239086,58526400
2019-05-13,171.0049591064453,173.5712713095391,170.50701248064405,172.64241579728267,67185800
2019-05-14,172.88180541992188,173.92558064851613,171.27307506829837,171.90508253995253,43360600
2019-05-15,175.32363891601562,175.76413294962825,171.70398107375223,171.7422925261731,40944500
2019-05-16,177.08558654785156,178.17724377321917,175.18957876836598,175.40024792292414,39281200
2019-05-17,175.2757568359375,177.70802265986035,175.1225548609292,175.33322401454575,44702300
2019-05-20,172.3168487548828,173.49467032390714,171.7327232494816,172.83395112965204,38608300
2019-05-21,174.11709594726562,174.5958868348911,173.24569302501806,173.8010922080482,31613800
2019-05-22,173.34146118164062,174.34692499194378,173.08291000492528,173.14994774433018,24332600
2019-05-23,170.68898010253906,171.426322284536,169.6260635690518,171.3497139762664,45351300
2019-05-24,170.602783203125,172.22109884186284,170.3921140305355,171.60824705202228,25903300
2019-05-28,169.9612274169922,172.0391785177418,169.94207168655205,171.08159655731112,24763800
2019-05-29,168.5631103515625,169.49196579631842,167.66298118971343,168.90784035798262,42178800
2019-05-30,169.27171325683594,169.75050408436778,168.31413160177226,169.01316211873853,30354800
2019-05-31,166.5713653564453,167.85452157082278,166.4947570525443,167.27998120887491,45446200
2019-06-03,162.90379333496094,166.57133298148435,162.08985766084714,166.1212684157532,75842300
2019-06-04,167.4906463623047,167.5480989359633,164.10079840105004,164.73280593437406,47797800
2019-06-05,168.73548889160156,169.11851575219606,166.98311251188238,169.0897894682284,34412700
2019-06-06,170.0761260986328,170.48787931239525,168.27586740589888,169.02278013766283,29913200
2019-06-07,173.36058044433594,174.05962558913203,170.76554228108873,170.9857819756565,45888300
2019-06-10,175.38113403320312,177.00903509067157,174.48101924446198,174.5193160946363,41385300
2019-06-11,175.62051391601562,177.53567770838893,175.02681781607276,177.2101033704551,41260300
2019-06-12,174.60549926757812,175.50562869003537,174.27992489268053,175.14174285247813,27758100
2019-06-13,175.63963317871094,176.0705420202212,174.98848463803535,175.333214633551,23715800
2019-06-14,174.89279174804688,175.34285649776464,174.22248720959794,174.7395751073891,22844100
2019-06-17,175.9460906982422,176.43445217137113,175.08425828434864,175.27577172803416,20379500
2019-06-18,178.50282287597656,179.75725266823966,177.5643822125338,178.02403198662188,48177300
2019-06-19,179.1731414794922,179.57532410522086,177.69847185182036,178.7422325670357,31672900
2019-06-20,180.83938598632812,181.71077459523778,179.22106989449924,181.67247774019893,40922000
2019-06-21,180.57118225097656,181.72027733092264,180.18814081663675,180.62863481324337,39980400
2019-06-24,180.5769805908203,181.11440972719873,180.48100482624744,180.9320645608177,19375200
2019-06-25,177.47711181640625,180.5577517507149,177.20839729399316,180.4521842852067,33921100
2019-06-26,178.30252075195312,179.7804658268325,178.0146226863196,178.65761943931565,22595700
2019-06-27,178.98385620117188,179.40612608696716,178.494415002915,178.94547468602866,19709200
2019-06-28,179.2141876220703,179.6076530631871,178.5711910812985,179.41571620149824,21179200
2019-07-01,181.63259887695312,182.88981666988064,180.78807384770636,182.64989195764784,31025600
2019-07-02,182.3523712158203,182.3715692928855,181.05678656884174,181.57501749886475,18035800
2019-07-03,183.7248077392578,183.7248077392578,182.62114492972736,182.81309647493052,15792100
2019-07-05,183.35049438476562,183.68638024389003,181.75739055191292,182.4675730740368,21415600
2019-07-08,182.0644989013672,182.21803960797038,181.31592022889717,182.16046001251365,17598800
2019-07-09,182.9762725830078,183.2065910436121,181.0472676123518,181.20082301532076,19193500
2019-07-10,184.7996368408203,185.30827613860768,183.75356844679305,184.08946895386526,28374500
2019-07-11,184.66525268554688,185.54817387853723,184.0798357958221,185.0779308097016,23736100
2019-07-12,185.7305450439453,185.74013676209648,184.694068373685,184.8668218073173,20211900
2019-07-15,186.32557678222656,186.36397294726976,185.64419861309608,186.16242969040874,15606100
2019-07-16,185.36581420898438,186.267933408652,184.79959544113896,186.09519465663462,20190900
2019-07-17,184.45413208007812,185.69215190477942,184.43493400113294,185.36584313808572,16765100
2019-07-18,184.66525268554688,185.0203365773358,183.00497775980645,183.58078828888236,28877000
2019-07-19,183.31210327148438,186.0184615182254,183.1201663975799,185.93209212154508,29387900
2019-07-22,184.77085876464844,185.164338893589,183.72479030425623,183.72479030425623,18954900
2019-07-23,185.98004150390625,185.99923958198787,184.54049316848753,185.77851293749967,23786700
2019-07-24,187.28526306152344,187.29486942404915,185.25070576903275,185.26990385023888,20422900
2019-07-25,185.50979614257812,186.68062994585404,185.15469759972052,186.6518401510065,23434700
2019-07-26,187.41961669921875,187.66914781851216,186.59427494954176,186.69025070986154,20431200
2019-07-29,186.77659606933594,187.31402511273046,185.59617051731985,187.24685380422773,20451700
2019-07-30,185.970458984375,186.69982490527613,185.21230326684906,185.34666053237936,18705000
2019-07-31,183.39846801757812,186.59425250929502,181.69020512500984,186.46950160849616,41627500
2019-08-01,182.4867401123047,187.12208755999097,181.60381888091345,183.71515353370492,63251600
2019-08-02,179.79959106445312,181.37349664224007,178.70553492677004,181.114373844308,55214000
2019-08-05,173.44638061523438,176.1143424244668,171.97804244842098,176.0375647540908,75040000
2019-08-06,175.87442016601562,176.39266578737127,173.77269181580857,175.04907850268626,41897200
2019-08-07,176.82456970214844,177.07408621121866,172.64028079128536,173.9646703141629,49990600
2019-08-08,180.67294311523438,180.73053736073297,177.1316658189752,177.62110707686975,38418100
2019-08-09,178.97427368164062,180.42341391523954,177.57310668347526,179.80920713447338,33608900
2019-08-12,176.9205322265625,178.40805409365007,176.10478214654694,177.87062494891572,24642900
2019-08-13,180.79771423339844,182.03571963848822,176.60383382064643,176.76698091162126,40241900
2019-08-14,175.39462280273438,178.45606563359047,175.06832858501153,177.88984661274534,51000500
2019-08-15,175.19305419921875,176.19113470920718,173.85907318395402,175.62491581754216,36685000
2019-08-16,178.00498962402344,178.45604938433007,176.68061478919546,176.78618227871078,32781400
2019-08-19,180.83602905273438,181.21991734035348,179.94351624122152,180.57692093291243,22494100
2019-08-20,179.43490600585938,181.03760142500815,179.38691813168924,180.38501319659252,19902900
2019-08-21,181.0279998779297,181.60381040517532,180.3850034017254,181.00880180053545,20418500
2019-08-22,180.44259643554688,181.82456523406012,179.0222314793841,181.3638992053267,24243700
2019-08-23,174.73240661621094,180.85527637150741,174.2429507467072,179.21419925710444,55372400
2019-08-26,177.37156677246094,177.41954000483295,175.70168532951848,176.71896387238175,27598900
2019-08-27,176.99728393554688,178.90709026474875,176.30631411072812,178.60958591037726,28012800
2019-08-28,177.6306610107422,177.92816531856118,175.53852449521335,176.42144570171712,21792400
2019-08-29,180.3466033935547,180.8648489652293,179.1565715658594,179.83796418229315,25358900
2019-08-30,179.91481018066406,181.3543589805453,178.89753137176362,181.31596281199376,26319800
2019-09-03,178.1680908203125,179.63642893195677,177.5730822020585,178.71512620974687,27964200
2019-09-04,180.74012756347656,180.8936829291597,179.36775027893282,179.88599597715196,21592100
2019-09-05,184.0510711669922,184.57890854036518,182.66910227810453,182.7362882364631,33932600
2019-09-06,183.86874389648438,184.4253711221857,183.46567203866877,184.35819980113936,19487800
2019-09-09,183.48486328125,184.52134001007528,182.5539540334304,184.4445623289943,24407600
2019-09-10,182.9569854736328,183.05296121475095,181.29671058795216,182.49633413271837,23744700
2019-09-11,184.67486572265625,184.7708414771703,182.88023333522756,183.30250322493882,25063600
2019-09-12,185.44264221191406,186.86300734090958,185.19312573220444,185.80733253474335,28689900
2019-09-13,184.78048706054688,185.60582900089364,184.54056224816523,185.17396726737638,27669800
2019-09-16,183.95509338378906,184.3389817619421,183.40807258020686,183.590417729349,20319000
2019-09-17,184.83802795410156,184.83802795410156,183.5808099993446,183.97429009257746,20953400
2019-09-18,184.76124572753906,184.8380234007061,182.44836774635488,184.4541350348709,29781300
2019-09-19,185.06832885742188,186.21996458684836,184.71324495717477,185.08752693533447,26039400
2019-09-20,183.1105499267578,185.51938885290392,182.49634322698367,185.32745200494503,29086100
2019-09-23,183.19137573242188,183.7395144510633,182.4413019820334,183.05674748679775,22485900
2019-09-24,180.7584228515625,184.43185870073194,179.969875585031,184.02797400569509,40820700
2019-09-25,182.7874298095703,183.26824690776255,179.06591016504177,180.5756682232113,34704900
2019-09-26,182.1143035888672,182.71051214353994,180.7680068006269,182.54703607769014,26826000
2019-09-27,179.85447692871094,182.54705612755356,178.6235860961045,182.4508868201971,40773500
2019-09-30,181.566162109375,181.8546553217742,180.2102542824607,180.5852910565674,26307700
2019-10-01,180.08526611328125,183.2778844769089,179.78716181702353,182.22970657284932,32367600
2019-10-02,176.98878479003906,178.89281647651538,175.99830269680209,178.86396862318801,48544300
2019-10-03,178.93130493164062,179.06593314948006,174.84435907241675,176.96956270212303,39392500
2019-10-04,181.566162109375,181.82580746787173,179.71021503256802,179.9025389497094,31887600
2019-10-07,181.01805114746094,182.46050263916072,180.70071005848192,181.0468990034249,21216000
2019-10-08,178.30624389648438,180.6526341171821,178.16200460971038,179.88332368317654,32379300
2019-10-09,180.0468292236328,180.86422444475664,179.27751866375954,179.81604632703576,20147400
2019-10-10,181.441162109375,182.16238787185353,179.9410148711598,180.09487988876538,25177700
2019-10-11,183.77792358398438,185.23961176429682,183.40288681040002,183.5086671656866,40976700
2019-10-14,183.7587127685547,184.34531033564045,183.335591287591,183.51830417013227,14975000
2019-10-15,186.0955047607422,186.52823733295742,184.21069476333219,184.3260862030223,23234200
2019-10-16,185.63389587402344,186.1051020067386,185.04729831018471,185.46080872733805,20457100
2019-10-17,186.12428283691406,187.03783229648988,185.41266832108423,186.74933913205228,19045200
2019-10-18,184.33566284179688,186.23969445644198,183.3932654307829,185.78772520686547,27700800
2019-10-21,185.970458984375,186.09547614039732,184.76841609454544,185.31655469552777,15801200
2019-10-22,184.4895477294922,186.96094026916026,184.43183734541768,186.70129489763772,22392300
2019-10-23,184.84532165527344,184.88378056585674,183.81636604835083,184.11448496720666,14828400
2019-10-24,186.64364624023438,186.75905236410247,185.3454484020931,186.16282896535714,18998500
2019-10-25,188.13417053222656,188.23033985031984,185.64354073141527,185.6819996546259,21507100
2019-10-28,189.9901123046875,190.24013196213124,189.00924112438685,189.00924112438685,18818700
2019-10-29,188.51881408691406,189.9612657846023,188.4899662268305,189.67278718376662,18569700
2019-10-30,189.4323272705078,189.74966831887073,187.7975373837824,188.88418873059726,21764300
2019-10-31,189.5188751220703,190.06699900102856,188.42261269077997,189.9804554422521,26801800
2019-11-01,191.24021911621094,191.24984485070297,190.04780190926076,190.3362804765063,22131900
2019-11-04,192.42303466796875,192.83653038528533,191.240213881138,192.50957823577335,19015900
2019-11-05,192.52880859375,192.85576073233054,191.8941264376526,192.66343680806992,15048900
2019-11-06,192.09608459472656,192.32688213570498,191.16329804249827,192.30764533894597,19725500
2019-11-07,192.74037170410156,193.98088827116,192.18263667637697,193.0577128102473,17832400
2019-11-08,193.50965881347656,193.52889560729912,191.8844945597673,192.39417421913194,15258800
2019-11-11,193.25006103515625,193.32697887679592,192.2691898104162,192.528835214425,10147600
2019-11-12,193.80780029296875,194.45210828603092,193.11543698956092,193.41354132085337,14778300
2019-11-13,193.85586547851562,194.03857835311732,193.0096372267365,193.1346397145884,15774600
2019-11-14,193.70201110839844,193.82702827649825,192.53844169572483,193.12503926956595,16945400
2019-11-15,195.12522888183594,195.12522888183594,194.2501381044089,194.87519456064211,18427900
2019-11-18,195.2790985107422,195.58681387891042,194.0289708953767,194.8175034484258,18365900
2019-11-19,195.56759643554688,196.01956580793004,194.81752272677852,196.01956580793004,16923300
2019-11-20,194.39437866210938,195.6445062561508,192.92307927534063,195.057908713667,36629000
2019-11-21,193.96163940429688,194.31745408058282,193.35581976060774,194.18281118934607,17883600
2019-11-22,194.086669921875,194.55787605351466,193.03849196255794,194.4424699492782,17189600
2019-11-25,196.38499450683594,196.42345342971595,194.89445812947068,194.9233059899751,17752800
2019-11-26,196.76004028320312,197.01005997669733,196.22152729821354,196.51002058970892,14780600
2019-11-27,198.13511657714844,198.144742310713,197.0292430469231,197.26965161204814,16963100
2019-11-29,197.23121643066406,197.93320541675433,197.13504712369232,197.63510110786845,9854600
2019-12-02,195.2117462158203,197.30810176743094,194.03855129621988,197.24079500233842,28007000
2019-12-03,193.6827850341797,193.75971754579666,191.58641444440238,192.52882670667788,31104100
2019-12-04,194.6636199951172,195.1252150137255,194.38475251057744,194.67324572886398,15300100
2019-12-05,195.04827880859375,195.3559941417842,194.09625560832998,195.3559941417842,14962300
2019-12-06,197.135009765625,197.27924902537248,196.31761483139383,196.47147982404,16555300
2019-12-09,196.24072265625,197.70239625730312,196.15416441571543,196.7792355275196,13984100
2019-12-10,196.0772247314453,197.01963689504302,195.6348811776849,196.33687009679363,21799800
2019-12-11,197.11582946777344,197.31777916267322,196.21189071861954,196.51962079210918,18780800
2019-12-12,198.5870819091797,199.3660179703482,196.6445913063802,196.91384772010238,32612000
2019-12-13,199.24099731445312,199.9333751299372,198.05819132690698,198.48129806003718,32519400
2019-12-16,201.2412109375,201.49123056919382,200.48151163523372,200.54883307840592,21296600
2019-12-17,201.35662841796875,201.66435847222905,201.0200505052936,201.50086771004288,15996100
2019-12-18,201.5104522705078,202.06820187485732,201.29889156977617,201.5296890633126,15443300
2019-12-19,202.770263671875,202.8375704608394,201.5778315364503,201.59706833617395,17865900
2019-12-20,203.58763122558594,204.36655276459229,203.16450972948942,203.73187052044753,27672600
2019-12-23,204.1253662109375,204.4530272174162,203.95190380933877,204.30847521608393,23774700
2019-12-24,204.23138427734375,204.3952147872923,203.76880314894848,204.3084835829411,7089000
2019-12-26,206.0335235595703,206.0528020612346,204.53012394389594,204.5590343437983,17067500
2019-12-27,205.86004638671875,206.77557663002938,205.31071941762013,206.75629812974861,18134100
2019-12-30,204.5108642578125,205.87934379971782,203.4989561253281,205.7540555941641,21815500
2019-12-31,204.89633178710938,205.04088377945158,203.53748423834296,203.85551332668325,18170900
2020-01-02,208.3175506591797,208.3175506591797,206.21663510748888,206.6213954163053,30969400
2020-01-03,206.40940856933594,207.65261479733215,205.54206701437306,205.5613455193162,27518900
2020-01-06,207.73931884765625,207.7682292486953,204.53977858942946,204.79034030016408,21655300
2020-01-07,207.7104034423828,208.29827275799474,207.05508142770114,207.8164131453682,22139300
2020-01-08,209.27163696289062,210.22572434939758,207.3538449960792,207.68150602390165,26397300
2020-01-09,211.04490661621094,211.4496669802487,209.81134701956532,210.9967177074752,23547000
2020-01-10,210.505126953125,211.89288461876285,210.12927714411347,211.8736208271511,21898500
2020-01-13,212.93374633789062,212.9626567363947,211.0352184084569,211.372525997921,22756900
2020-01-14,212.09530639648438,213.18431371134992,211.7676454238443,212.82772763624223,24418100
2020-01-15,212.18203735351562,213.17466687288888,211.4881584091711,212.21094775076443,25742100
2020-01-16,214.2154541015625,214.25401109573852,212.78915412592707,213.2421032237952,18805000
2020-01-17,215.27557373046875,215.44903610713232,214.06127827307893,215.17919593997595,24325200
2020-01-21,215.17921447753906,215.71889485834492,214.58171329953078,214.67807639313898,21146300
2020-01-22,215.7478485107422,216.98140811565986,215.47800826624083,216.26826520027365,20736400
2020-01-23,216.44168090820312,216.538058705518,214.6202522983752,215.62252845177574,26496100
2020-01-24,214.62026977539062,217.68490457627922,213.62764014400184,217.45360666700074,37436500
2020-01-27,210.18716430664062,211.32434590904438,209.30052969825945,209.7727574021594,42264400
2020-01-28,213.41561889648438,213.90712511131423,211.11233054275615,211.67128945646775,26731900
2020-01-29,213.76255798339844,214.84191880488564,212.81811726459713,214.6009889997188,28924500
2020-01-30,214.52389526367188,214.62025835852046,211.71946892175637,212.38443750851857,39568100
2020-01-31,211.1219482421875,215.44903754778434,210.37023382272687,215.42012715148041,52015800
2020-02-03,214.3118438720703,214.8033352864276,212.00855596487472,212.15310793816053,25408600
2020-02-04,219.2172088623047,219.5930587642607,216.49951364417046,217.2415815498947,30691200
2020-02-05,219.94000244140625,221.8963512893884,218.61971181040437,221.85780899071764,38534800
2020-02-06,221.83851623535156,221.89633703223683,219.7086904172244,220.48930058555015,22467100
2020-02-07,220.8844757080078,222.07949301551,220.24841739731195,220.8459334036583,25884900
2020-02-10,223.553955078125,223.5635869767346,220.09420650793012,220.1520273099652,21478900
2020-02-11,223.59249877929688,225.5295838907473,223.0046294462739,224.78751594787164,30198000
2020-02-12,225.77049255371094,225.8765022499049,224.3538242069314,224.9127830863916,24471300
2020-02-13,225.48141479492188,226.40657712493302,223.92982607180042,224.19966631015285,22773200
2020-02-14,226.12705993652344,226.33907932515902,225.07660959612997,225.83794125154884,23438500
2020-02-18,226.21376037597656,226.63779909559827,224.78746035058225,225.0283901044414,24394500
2020-02-19,228.38218688964844,228.85441462251333,227.2931941216943,227.5630343389917,22230500
2020-02-20,226.2620086669922,228.35327771487565,223.46722867060336,227.881064684663,42604000
2020-02-21,221.9156494140625,225.51995021861518,221.00011901149605,225.13446837706815,66017200
2020-02-24,213.3577880859375,216.11402552137415,212.26878070986876,213.63726017708728,84522600
2020-02-25,207.55618286132812,215.8634517029754,206.9490498132292,215.15029425792844,97743000
2020-02-26,208.62594604492188,212.2880822574722,207.10326781477556,208.84761206751284,79537700
2020-02-27,198.17922973632812,208.5681222717322,198.0443096269796,203.24838779349616,121822600
2020-02-28,198.33340454101562,199.65369507438373,190.98022270120686,191.43317187933218,148173700
2020-03-02,208.56813049316406,208.71269721221475,198.46835628115772,201.30169339435167,112933900
2020-03-03,201.87989807128906,211.64237847473407,200.0873797340312,209.23308042493528,131953500
2020-03-04,210.3027801513672,210.40878983904875,203.70129852931274,205.58056251141224,73086200
2020-03-05,203.91334533691406,208.5102901136209,202.4774131167275,204.97344235634355,78705500
2020-03-06,200.4728546142578,201.56184721573746,195.54824934362233,197.24438969380077,89828400
2020-03-09,186.54714965820312,193.86177552572278,185.14011302727727,186.46040374632923,116424000
2020-03-10,196.70472717285156,196.8878361743078,186.65312823578174,193.81356956296509,100599200
2020-03-11,188.1372528076172,193.46661850713986,185.73758684085925,192.11741758517988,89168800
2020-03-12,170.88670349121094,183.85835628712198,170.52048547264488,175.48363369968575,137820700
2020-03-13,185.3617706298828,187.42412938814778,171.66732731648293,180.28298039710057,134882000
2020-03-16,163.1576690673828,177.97966086952732,163.02274896298735,167.83169852373086,92054400
2020-03-17,175.5317840576172,177.70015188156088,163.6202162232124,169.10377987303744,121257100
2020-03-18,170.19284057617188,172.71778053018562,160.74838814474802,165.3838757968927,114156300
2020-03-19,171.21435546875,176.83284013220916,165.4031299076033,169.31582748089275,120896500
2020-03-20,164.50686645507812,176.23532749391617,163.92864375131538,175.14633478449502,118983900
2020-03-23,164.6256866455078,168.24733571628911,159.2849479248567,165.0699340124014,124639800
2020-03-24,177.37388610839844,177.53806576241072,171.85931537797967,173.7522370849659,94881800
2020-03-25,176.06039428710938,183.02360831419495,173.8197941915901,178.10782802254823,88754900
2020-03-26,185.33181762695312,186.1237584956269,177.3255665967264,177.57666225101244,79887600
2020-03-27,178.95773315429688,183.98940204365792,178.33963904687462,180.53193306458388,58845000
2020-03-30,185.46705627441406,185.90166595075,179.96215265161248,180.65751044991666,49356900
2020-03-31,183.8831787109375,188.56718379324212,182.72425402417431,185.15800618194586,62659300
2020-04-01,176.07003784179688,181.23692824668043,174.66967022089645,178.44584542778767,53715400
2020-04-02,179.64346313476562,183.59348662375558,174.7759728125529,175.03673569626065,56465300
2020-04-03,177.0937957763672,180.66716777620448,175.08498610579997,179.1991886445348,47487600
2020-04-06,189.7550811767578,190.88503385566943,182.71460225845405,183.96044298550214,64763500
2020-04-07,189.6778106689453,195.7235590600364,189.2915073648521,195.44347663852133,69904500
2020-04-08,193.70509338378906,194.2845483290108,189.4556834361989,191.36790980752508,45940400
2020-04-09,193.98516845703125,196.26439336276965,192.21780207051773,195.4241755550848,68252600
2020-04-13,196.08090209960938,196.45755300144822,191.94739460477834,193.1546109230474,42853900
2020-04-14,204.6086883544922,205.2267825454031,199.3548803634854,200.1371542120493,63959600
2020-04-15,202.26182556152344,204.57968952602957,200.03089236387422,201.3443441894699,47036000
2020-04-16,205.95106506347656,207.0327259650037,202.5129159951729,204.44446174019964,64657400
2020-04-17,207.92123413085938,209.09947820796617,204.8211114790726,208.77111896982808,62863200
2020-04-20,205.45855712890625,208.49108381558787,205.29437748424988,206.05733168430316,38249100
2020-04-21,197.87721252441406,203.9326128448136,196.66034395322228,203.39178236872834,72932800
2020-04-22,203.7491455078125,205.08191705847247,201.1995051955896,201.9431545848085,40089100
2020-04-23,203.31454467773438,207.1003732293298,202.90892176897705,204.54106582926468,43278500
2020-04-24,206.52085876464844,206.96512075123792,202.32940821243113,203.74909545375053,34231900
2020-04-27,208.18202209472656,209.21540626124602,207.15830508942489,208.79046379039787,36451700
2020-04-28,204.26100158691406,209.88180785305164,203.98093388441305,209.88180785305164,46862800
2020-04-29,211.5042724609375,212.44107338546277,207.77638834773578,208.79045287533302,48716400
2020-04-30,211.41734313964844,212.50865646516988,209.91073981579444,212.42174044337628,43359500
2020-05-01,205.45855712890625,209.25403801564116,204.43482535127114,207.1583123352251,48795000
2020-05-04,207.85366821289062,208.0757918787727,203.8939929806753,204.22236700355398,32841000
2020-05-05,210.2101593017578,212.6052722677713,209.42788551253952,209.9976880582014,37783100
2020-05-06,211.5042724609375,213.47444276143392,210.64473513948423,211.89057573977195,36455200
2020-05-07,214.22779846191406,215.10664079277848,212.87570726518814,214.22779846191406,38624800
2020-05-08,217.16371154785156,217.29891917476593,214.86516715378124,215.89855130961155,31852300
2020-05-11,219.1049041748047,220.128621142671,215.60881081589696,215.84060162875423,35714100
2020-05-12,214.51748657226562,220.29281952139905,214.4885145621969,219.70369742245822,41054100
2020-05-13,211.8326416015625,216.92226932530505,209.29266868853594,215.0390149642318,65521200
2020-05-14,214.23744201660156,214.2760664553529,208.59733082114263,210.50955737467632,51549300
2020-05-15,215.62814331054688,215.68608733309884,210.8572223000823,211.2918172057485,55747200
2020-05-18,219.64573669433594,220.8529528914508,217.75282994971428,218.53510368760058,42398100
2020-05-19,219.09524536132812,221.98291169913122,218.95038531784525,219.90649107788292,36237300
2020-05-20,223.47024536132812,223.82757670597775,221.62561513470428,221.64493472365328,37417000
2020-05-21,221.0364227294922,224.19450400757688,220.5245643088775,223.5184659743616,43642900
2020-05-22,221.79942321777344,222.00222728846185,219.71335007153678,220.63083144321163,28762400
2020-05-26,221.20062255859375,225.57558743283715,220.9591793291986,225.37276863607414,33055300
2020-05-27,222.40785217285156,222.52375495081657,216.27520261678444,220.86262425307078,55665600
2020-05-28,222.11814880371094,225.4790348873837,221.21031977997393,221.2682638050589,42784300
2020-05-29,225.37278747558594,225.6045783003304,220.93022578873945,222.4947880668431,50691800
2020-06-01,226.04881286621094,226.42546372482894,224.05932295984263,224.50358499805844,25776000
2020-06-02,227.56509399414062,227.62303801560597,224.06898575496044,226.47376580145584,33383400
2020-06-03,228.5887908935547,229.34209257938343,227.29465873959504,228.17350088204523,37228700
2020-06-04,226.98561096191406,229.65113894829665,225.68181160948944,228.24111872044787,38716100
2020-06-05,231.48611450195312,232.0752365750301,227.56507878851727,228.13488127688794,47365600
2020-06-08,233.28248596191406,233.4080264390754,229.76707260737527,231.34127267684426,32937300
2020-06-09,234.97254943847656,235.82241956935448,232.2394103640105,232.42290957279292,35046300
2020-06-10,237.7926483154297,239.33789113400474,236.141169868871,236.66269558316435,58084400
2020-06-11,226.0101776123047,235.25261657892358,225.95223359629532,233.8715684089503,72919400
2020-06-12,227.80648803710938,232.17177039193407,223.80818931780868,230.9066104081165,72034800
2020-06-15,230.5783233642578,231.25436157446003,223.5474965050992,224.48429757371076,45307400
2020-06-16,234.53797912597656,236.02526306305504,230.91633037317598,235.4361409431384,48890100
2020-06-17,235.2815704345703,237.0972280575828,234.4220332115211,236.03487205762363,34749300
2020-06-18,235.91900634765625,236.16044957625311,234.1902793149737,234.96288585726356,30578600
2020-06-19,235.88040161132812,238.545929772462,234.15165969776925,238.28516693757643,49422100
2020-06-22,238.70921325683594,238.83497203202995,235.45857256467735,235.74879647831915,24068700
2020-06-23,240.74087524414062,242.9756881450079,239.75408432827294,240.30552457394563,32767400
2020-06-24,235.77783203125,241.21490982146324,234.27827785162066,239.98624113416216,46032400
2020-06-25,238.02235412597656,238.3222620601142,233.2915116589048,235.86493903272256,36940800
2020-06-26,232.4014434814453,237.9546262115426,231.8790108584563,237.78047708316166,52824600
2020-06-29,234.9361572265625,234.94584119916232,229.6248525472428,232.15957332663174,34377800
2020-06-30,239.54127502441406,240.08304613059096,234.68465873034756,234.86847709040518,38909200
2020-07-01,242.33712768554688,243.33360235607512,239.03811185756672,239.57988277410826,34689200
2020-07-02,243.98182678222656,245.99412957590692,243.5174537566549,244.78481405774463,31956500
2020-07-06,249.9800567626953,250.50245983662856,247.11637620696564,247.13572938968088,34589000
2020-07-07,248.2579345703125,252.38897502047544,247.95802670229682,249.7284810450246,36578200
2020-07-08,251.5279541015625,251.55697649421415,248.15155448442556,249.58339474528853,30426300
2020-07-09,253.6466522216797,254.31419671087306,249.24475580098976,253.44349549323476,40312900
2020-07-10,255.37843322753906,255.62998032100464,250.82174029746906,253.50157304777304,32885300
2020-07-13,250.12515258789062,261.00899212379306,249.30281214031714,258.2227244787133,64108100
2020-07-14,251.89561462402344,252.30195768395197,244.5333001600587,247.60012295876143,72230500
2020-07-15,252.40835571289062,254.14010398466337,249.10933908788655,253.308079467626,54523900
2020-07-16,250.6863555908203,251.32487795825077,247.30027091537463,249.6221516451029,47594100
2020-07-17,250.9765167236328,251.83753401428459,248.7997488052028,251.1409670994148,35137900
2020-07-20,258.0969543457031,258.72579251120857,250.36701899005405,251.61501134912794,40610100
2020-07-21,255.4074249267578,259.6738934087916,254.56574609122862,259.6642094373432,43243800
2020-07-22,256.30712890625,257.2359043650542,254.00458772495364,255.90081547678648,29865500
2020-07-23,249.61241149902344,256.6070736888156,248.19990969040234,255.90085230881024,51363500
2020-07-24,247.24215698242188,248.56756217519336,243.1401678560097,245.77162505827138,54054500
2020-07-27,251.65379333496094,252.040768512766,248.10325843509975,248.8868927655569,36445700
2020-07-28,248.4514617919922,251.39252551235478,248.16123786616612,250.87009292156208,31302400
2020-07-29,251.3151092529297,252.17615609463013,249.51566188946933,249.98970413642937,27556900
2020-07-30,252.63092041015625,253.1920299679903,248.1999706484821,249.35124168758657,41774500
2020-07-31,257.1391296386719,257.2939255342702,252.35991338765382,257.2552191792961,53686300
2020-08-03,260.6123352050781,261.3572629328157,259.151472616657,259.27724615397864,32081600
2020-08-04,261.57977294921875,261.67652408975704,259.3642987853949,260.1092264713641,24911300
2020-08-05,262.22802734375,262.68273126739774,261.1735075047184,262.06357692788623,21612100
2020-08-06,265.7011413574219,266.03007163056697,261.395966366894,262.03448849393004,28048200
2020-08-07,262.6343078613281,265.9333241341228,260.48656232248806,265.1593444887768,44969400
2020-08-10,261.5120849609375,263.1277436392848,257.9905731860006,262.9245573551924,35088400
2020-08-11,256.5587158203125,261.6378411480263,256.0169448139675,260.3511128647277,43104300
2020-08-12,263.0115966796875,263.9597106654382,258.6677448285516,258.7161351633893,38773400
2020-08-13,263.61138916015625,265.8848782372413,262.67295933423617,263.78552347235626,31895700
2020-08-14,263.30181884765625,264.5014502397458,261.9086851878035,264.2305647794578,30799500
2020-08-17,266.3590087890625,266.86207342141137,263.3405619463594,265.01423574638244,24803000
2020-08-18,268.9228210449219,269.39686340752905,265.9624182236324,267.4232812095445,23529500
2020-08-19,267.11370849609375,269.93865397467016,266.6009597227985,268.8841340267352,31999400
2020-08-20,270.8190002441406,271.3027265459482,265.91400845797756,266.3203515421925,27723400
2020-08-21,272.69586181640625,273.15056572301086,270.36429748886445,271.0125037267389,34748900
2020-08-24,274.39849853515625,276.6913557452409,272.11529577147513,275.96576652562925,36418500
2020-08-25,276.555908203125,276.74941047837075,273.1795090274915,273.6245288313943,34866600
2020-08-26,282.4574279785156,282.7089750801637,276.5269393383919,277.8039837438717,42216700
2020-08-27,281.5770263671875,284.2859109668264,279.31319115616515,283.4345480790629,49482700
2020-08-28,283.0089111328125,283.63774942514027,281.46098105025214,282.81540880087596,28021000
2020-08-31,285.2823486328125,287.0914797713417,283.0958969128093,283.53126227230973,36321000
2020-09-01,290.1583557128906,290.27444528456937,286.16277231654675,287.93319733325944,36216200
2020-09-02,292.9058837890625,293.6217890823761,287.22694320186844,293.4089483837825,50836800
2020-09-03,278.05548095703125,288.90061343624177,275.15312393311996,288.3975488475127,110083300
2020-09-04,274.3501892089844,279.5260664086072,262.9535990156982,276.2657559430866,123959000
2020-09-08,261.1638488769531,269.16467148600805,260.8832793478771,263.3599557149268,99568600
2020-09-09,268.835693359375,270.9350486565504,264.1145206473575,266.6686093044054,64837900
2020-09-10,263.47601318359375,273.01511029037704,261.75394889576535,271.7961106792902,69667500
2020-09-11,261.64752197265625,266.2622594432859,258.21304812541126,265.2270782554954,71809000
2020-09-14,266.20428466796875,268.19723483952276,264.07587694868147,265.4303048044493,38525200
2020-09-15,269.9773254394531,271.3220987512497,266.17524373341683,269.94830304186166,41849900
2020-09-16,265.67205810546875,271.23490875035975,265.3237894541486,270.77055054859954,42321000
2020-09-17,261.5217590332031,265.4689521239868,258.00021786727586,258.84189679311385,81570800
2020-09-18,258.18402099609375,263.2341237780638,254.0820322085779,262.9438998635904,86251100
2020-09-21,258.8031921386719,258.93862011741146,251.64402100357526,253.92722394228636,57168600
2020-09-22,263.61138916015625,264.19183686748954,257.8647206631692,261.20241307752934,41128900
2020-09-23,255.5623321533203,263.47608887742194,254.68194657286654,263.2922704856615,48837300
2020-09-24,256.7522277832031,259.9544931293643,252.71793795178283,252.8824178640421,70631700
2020-09-25,262.72149658203125,263.5341534423865,255.6977793631002,257.25539382201987,55242400
2020-09-28,268.1778564453125,268.1778564453125,262.82784506916073,267.5780110688686,58438300
2020-09-29,266.968505859375,268.6712020340795,266.40736692479027,267.61668244413096,27050000
2020-09-30,268.7969970703125,271.94121767207247,266.89111447842726,267.16199999545273,49380800
2020-10-01,273.0634460449219,273.6729457945265,270.7318821655367,272.6184261977125,50020200
2020-10-02,265.3819274902344,273.0538197289879,264.5402484294594,267.0362632139753,75497400
2020-10-05,271.0413818359375,271.3606280358414,267.2393021974265,267.3457077559629,28184600
2020-10-06,266.20428466796875,272.0380231845688,265.3238991806414,270.3546649584225,49704200
2020-10-07,270.8092956542969,271.60258420390795,268.2552070819735,268.84536841355174,27539700
2020-10-08,272.250732421875,273.27622941180806,271.18652907638824,273.20850067066374,25443300
2020-10-09,276.4108581542969,276.48827089145067,273.5085005215108,273.8954756343539,30201100
2020-10-12,284.9437561035156,287.7783845687081,280.0484492886036,281.0932848969225,79370700
2020-10-13,284.9341125488281,287.3817663034774,283.57000091926034,286.74327360601114,64240000
2020-10-14,282.5541687011719,286.7045481035689,280.81276604840866,285.73709562441013,36949100
2020-10-15,280.65789794921875,281.2480296381104,277.21377037087336,277.8522923858654,42514200
2020-10-16,279.1197509765625,283.72480514243966,278.7714526980252,282.30264868072373,40570700
2020-10-19,274.5630187988281,281.9930767379145,273.58591181082426,281.035278647634,36756800
2020-10-20,275.15313720703125,278.25865110562756,273.74066498739205,275.2982491603668,32195400
2020-10-21,274.9402770996094,277.96840758418205,274.45655093975563,275.4046648418176,29306100
2020-10-22,274.9306640625,276.67209640185513,271.6800376012654,275.77234307391575,32196200
2020-10-23,275.4723815917969,275.63686148730443,272.60873081007645,275.5014039822625,24658500
2020-10-26,271.34136962890625,276.0141516237852,267.7521295734599,273.18920721373644,38421100
2020-10-27,273.4600830078125,274.28242340480193,271.0801585091617,272.3378347462262,30559100
2020-10-28,262.7988586425781,269.57102736329807,262.54731149945707,268.9615274545432,53413500
2020-10-29,267.39422607421875,270.3933053778075,263.6501598827834,264.11454773832725,43246300
2020-10-30,260.6123352050781,266.28159216200265,258.37752249756096,265.4108908969435,65838300
2020-11-02,261.19281005859375,264.61757030336025,258.28076888148894,263.00194132601484,39987400
2020-11-03,265.7108154296875,267.8102002838302,262.0248238747027,263.10836591904484,43604100
2020-11-04,277.5718078613281,279.3712553885632,272.69583886201065,274.35985838820505,75728200
2020-11-05,284.8083801269531,285.77583271010906,282.4961542815417,283.9763555527979,52054200
2020-11-06,285.0211181640625,285.7467074151123,280.3966971850102,284.1504169676631,40959800
2020-11-09,279.1971130371094,289.40375461225466,278.7424091817804,287.962230312765,86537100
2020-11-10,274.1954040527344,277.32994074510486,271.4865193034532,275.88844594941975,69024900
2020-11-11,280.3289794921875,280.8030216572005,274.1566292793315,276.72037189261647,36102900
2020-11-12,279.0132751464844,282.5638385583244,277.900710755891,281.29647823588164,34414600
2020-11-13,281.4609069824219,282.080090662229,278.5005051335633,280.72566326802945,24806900
2020-11-16,283.6570739746094,283.95698187620894,280.5515303107335,281.16103008634104,30168400
2020-11-17,282.7572937011719,284.17944986679856,282.1187715937167,283.85051960374045,21843500
2020-11-18,280.6676025390625,283.8215068214784,280.5805353656853,282.205877841639,28069600
2020-11-19,282.8638000488281,283.1733919711904,279.44869350185394,280.11623816756173,22718400
2020-11-20,280.9288635253906,283.53131312948705,280.8417963427337,282.7863558040206,25907300
2020-11-23,280.9385070800781,283.2216804949819,278.6940105023637,281.9252978658632,26875600
2020-11-24,284.88568115234375,285.3790912751818,280.20321554369457,282.0026626575489,24516800
2020-11-25,286.6368103027344,287.2753324617549,285.0018133025846,285.949927331004,23326800
2020-11-27,289.2779846191406,290.4002330742638,288.20409697982063,288.6007560520518,17163100
2020-11-30,289.8680419921875,290.206656188719,285.1855765874171,289.59715653982227,27836200
2020-12-01,293.5831604003906,295.2085032216548,291.03875531535044,292.1416654610543,27521300
2020-12-02,293.9604797363281,294.2990940527124,290.57439562110636,292.41254966450754,23620000
2020-12-03,294.37646484375,295.9243948502273,293.65087542111775,294.27005923343233,22828700
2020-12-04,295.5760803222656,295.7212218182587,293.7476104304128,294.4248094730478,19332100
2020-12-07,297.24981689453125,297.6174536132783,295.57611323656033,295.7599315959339,20851000
2020-12-08,298.2559509277344,298.5558588522891,295.024662996755,296.7757497269518,18341500
2020-12-09,291.50311279296875,298.3236411639306,290.43890912941885,298.0431011941414,48839300
2020-12-10,292.67376708984375,293.7960157145858,288.38795890629683,289.4715011579617,27519500
2020-12-11,292.02557373046875,292.15134729258045,288.7555792128055,291.0194147578854,26760400
2020-12-14,294.1443176269531,296.0888774143001,293.147842559271,293.21554180759534,28804800
2020-12-15,297.2884521484375,297.2884521484375,294.21193112054425,296.3983829620619,25709000
2020-12-16,298.9234313964844,299.7070654214321,296.64022854623624,297.6850935957013,25461900
2020-12-17,300.87774658203125,301.109925748978,299.3201621299148,300.5197938582186,23730500
2020-12-18,299.96832275390625,301.8258445629671,297.59805229574795,301.5162526740724,41173400
2020-12-21,299.4072265625,299.94027820233663,294.25104189009085,297.02295774176815,37095500
2020-12-22,300.2213134765625,301.14204159379784,297.4009199650788,300.3085384827537,26176300
2020-12-23,298.7093811035156,300.6283905681229,298.5543045526072,300.26978898444685,21201300
2020-12-24,300.02740478515625,300.4732312600848,298.8934503370828,298.97097380227143,16785000
2020-12-28,303.0513916015625,303.5263227588848,300.8028260885802,302.6346400286241,22497700
2020-12-29,303.32269287109375,304.9994298515296,302.42133841534746,304.379123831778,25871900
2020-12-30,303.3323669433594,304.80554924021425,302.71206097974704,304.4857243124753,18138100
2020-12-31,304.0787048339844,304.5633078720077,302.1596957332181,303.2355002802753,21611400
2021-01-04,299.7851867675781,305.5810508668915,295.78236016993344,305.4065712604458,45305900
2021-01-05,302.2565612792969,302.5279673471048,298.7965184263941,298.7965184263941,29323400
2021-01-06,298.0696716308594,302.2760228286588,296.5577123829066,297.54629202108345,52809600
2021-01-07,305.2804260253906,306.1139287409391,300.6960723564408,300.7251473447085,30394800
2021-01-08,309.20587158203125,309.55480121569246,305.3774950283903,307.56791063832617,33955800
2021-01-11,304.73773193359375,307.4224216271821,304.0883509666924,306.24969077058125,32746400
2021-01-12,304.253173828125,305.86202982994007,301.6169322098256,304.7765237949617,29266800
2021-01-13,306.307861328125,307.10258773993957,303.91392141249594,304.5148243780855,22898400
2021-01-14,304.6698913574219,307.7519591297655,304.1949603367071,306.75367820056675,23500100
2021-01-15,302.2565612792969,305.4161822238818,301.0159788139452,304.4566777731747,35118700
2021-01-19,306.6664733886719,307.17044985963673,303.477777373336,304.57298488357054,24537000
2021-01-20,313.7998352050781,314.7399662658125,306.76341932672693,310.28164205481335,30728100
2021-01-21,316.3100891113281,317.0563967393444,313.7611019095679,315.1373580102177,25130600
2021-01-22,315.39910888671875,316.40706208428327,314.7109511575522,315.27310734256633,21609400
2021-01-25,318.0061340332031,320.1481003708012,311.51247224210186,318.78151650082356,39080600
2021-01-26,318.471435546875,319.60541972196387,317.14362789440383,318.72343860307774,25498100
2021-01-27,309.593505859375,316.2228722146571,307.5872420790357,316.21320026631315,55264000
2021-01-28,311.42529296875,316.3682497057302,310.17500889095487,310.79531495609456,42836300
2021-01-29,304.8734436035156,310.84375624229205,303.128884596821,309.7388471809838,55259000
2021-02-01,312.4914245605469,313.57693059334537,306.2884822397194,308.31411931482035,35646000
2021-02-02,317.58941650390625,318.74277401566127,315.29240300534514,315.4571810403758,33930800
2021-02-03,316.3295593261719,320.0319345189376,316.27140931395707,319.6636313896909,24824500
2021-02-04,320.07061767578125,320.157842676717,316.40701974736385,317.7251554430915,22350900
2021-02-05,321.15606689453125,322.16404935647347,319.3824330340786,321.02039344305297,22732000
2021-02-08,323.3077087402344,323.4627852420299,321.20454838611016,322.84250881266615,20462800
2021-02-09,323.2398986816406,324.4998546355321,322.36758962975637,322.37729115454334,17597500
2021-02-10,322.5032958984375,325.1298358717487,319.35337640431305,324.67430786948563,28068700
2021-02-11,324.27691650390625,324.68399602062,321.89267812835,324.0346150143386,22046100
2021-02-12,326.0893859863281,326.2541344505574,322.38701179217514,323.4337413075448,20346800
2021-02-16,325.20745849609375,327.7758490252681,324.04439921828885,326.8841663019075,27080800
2021-02-17,323.64691162109375,325.32364843742187,320.0027176340885,322.2318793215303,31360300
2021-02-18,322.23193359375,323.5888161354147,318.24848138527534,320.0609215270865,32236200
2021-02-19,320.8265075683594,323.70505010577875,319.8088532641244,323.57904861371225,39157700
2021-02-22,312.5108337402344,317.70576451299615,312.3073087302855,316.4458083476422,47256900
2021-02-23,311.5804748535156,313.24751099505073,301.4231814355773,307.23841966263024,97241900
2021-02-24,314.14874267578125,314.4588956916574,306.23031671304153,308.92470818559923,58206300
2021-02-25,303.1966552734375,314.05177270448047,301.65562150993003,311.493084622107,110182600
2021-02-26,304.4664001464844,309.2833257791753,301.30677898554114,306.12373419605314,104739800
2021-03-01,313.62530517578125,313.9645331255657,308.14929825319416,309.43832896899835,49164500
2021-03-02,308.59521484375,314.3425998904957,308.34324137187855,314.26507641710975,48370000
2021-03-03,299.6397399902344,308.4401177344463,299.58158999462006,307.4999867015868,86301100
2021-03-04,294.7355651855469,302.4310635748034,290.8684129401482,299.271442392636,139131600
2021-03-05,299.1745300292969,300.075884598136,288.29036452231725,297.35241783993,121523700
2021-03-08,290.70361328125,300.51197202969576,290.2868618525755,298.63171026100616,88409800
2021-03-09,302.1693420410156,304.06900708490633,297.4687166333101,298.0017680987758,80391100
2021-03-10,301.3067932128906,306.7246516926489,300.6186651725595,306.4242001717512,76798100
2021-03-11,308.2461853027344,310.01011717581247,305.154416791695,306.0460694611085,53484800
2021-03-12,305.7456970214844,308.4304164004417,301.8010513316527,304.1949616046045,69315600
2021-03-15,309.0119934082031,309.17677147307455,304.42766710582436,306.0656279165316,42955700
2021-03-16,310.7080383300781,314.21658880357774,309.2736324174418,311.20234284203747,54925900
2021-03-17,311.98748779296875,313.8774518227069,305.95902369942667,307.6745377018182,78258700
2021-03-18,302.4310302734375,308.0911894225714,301.97550229781075,307.1122819567353,82718100
2021-03-19,303.4971618652344,305.0381957585479,300.1243145502843,302.26625139318713,78446200
2021-03-22,309.18878173828125,311.2558030028116,305.8893246619074,305.8893246619074,56194800
2021-03-23,307.83984375,311.5954035747394,307.0246860032887,310.2756328272574,53455400
2021-03-24,302.6480407714844,309.24698344349076,302.50248217460296,309.20815794592994,64803700
2021-03-25,302.12408447265625,303.63798314799527,298.3006159290689,300.8043133392654,78729000
2021-03-26,306.6558837890625,306.976112662343,300.5130748438378,301.91046681514456,63519600
2021-03-29,306.568603515625,307.61665508549305,303.23032130763187,306.12221392245704,54608000
2021-03-30,305.0256042480469,305.5981544684456,302.3278096829393,304.60832640159686,44635700
2021-03-31,309.69329833984375,311.25567626161677,306.4714639682142,306.8111203558254,55032500
2021-04-01,314.9725646972656,315.10840953726546,313.264597918877,313.51691926982494,55685600
2021-04-05,321.2608642578125,322.02751230877504,317.2141874323933,317.4567949509735,42172500
2021-04-06,321.0377197265625,322.9882642529045,320.2613578123154,320.95038456405575,33537200
2021-04-07,321.8140563964844,322.6486417637379,319.6305884586231,320.56219315319373,32046400
2021-04-08,325.17169189453125,325.35607597538365,323.87131916627106,324.66707892414195,29940800
2021-04-09,327.1416931152344,327.34550476932856,323.0756180393598,323.81312481383054,36664900
2021-04-12,326.71478271484375,327.1320606369448,324.83214556026877,326.1034068863233,25833000
2021-04-13,330.5285339355469,330.99432148049897,328.0248074207108,328.23830325054035,30374000
2021-04-14,326.55950927734375,330.8973338969401,325.7443513802952,330.7711732196857,42564300
2021-04-15,331.50860595703125,331.8968016818083,326.278003217147,329.43190098231787,36342800
2021-04-16,331.8968505859375,332.11034641995263,330.0238977449585,332.03269541748523,40860100
2021-04-19,328.8594055175781,331.4795494048191,326.93794297479013,330.32476466150547,34533100
2021-04-20,326.4623718261719,329.4803950215686,324.4924000385341,328.19944988212427,38081800
2021-04-21,329.25726318359375,329.4416472865148,324.0945675321625,325.1814445924262,36598100
2021-04-22,325.2881774902344,329.8491811367838,324.13336331578,328.8690668857819,45936100
2021-04-23,329.3833923339844,330.6934492560074,325.91894982444245,325.91894982444245,36381900
2021-04-26,331.52801513671875,331.80944813703036,328.8787304993542,329.62598057447394,30812000
2021-04-27,330.0917663574219,332.0326264031691,329.1407638887171,331.8191306135299,33187200
2021-04-28,328.9757995605469,330.7711011449007,328.32559837144595,329.76184556196415,33615700
2021-04-29,330.1597595214844,332.66345637414327,326.937924191872,332.24617850122996,37708900
2021-04-30,327.99560546875,330.1985003830696,327.0833989572573,327.71420210948105,38263400
2021-05-03,326.24896240234375,329.9462994475264,325.8025727600481,329.1990787837727,29729700
2021-05-04,320.3778381347656,324.01695135854357,316.5640249687101,323.6966928103507,65147000
2021-05-05,319.3005676269531,323.2890501508602,318.5242355072764,322.4253532736857,46219300
2021-05-06,321.70733642578125,321.86260881707943,316.79696180980204,319.03865328165426,46814300
2021-05-07,324.3177795410156,326.69531572419015,321.88199030080017,324.4827360878982,53324500
2021-05-10,316.1273193359375,323.1143982975088,315.92350769169906,322.9397279868842,60700500
2021-05-11,315.69061279296875,316.4863725809252,309.5865991846512,310.2465141587872,71963600
2021-05-12,307.51971435546875,313.0802617869405,306.6560170541722,310.76094845025693,91164900
2021-05-13,309.8971862792969,312.8667004156544,307.52933414746957,310.4600523975338,69877800
2021-05-14,316.7386779785156,317.6508549788167,312.5560972204388,313.0607397997424,44370000
2021-05-17,314.8172607421875,316.7192956178089,311.9447956788766,315.03075656808636,39395000
2021-05-18,312.6920471191406,316.99104616719796,312.4203278243808,315.76832414836974,36528500
2021-05-19,313.051025390625,313.3518563360605,306.9470121011332,307.2963823180364,66319100
2021-05-20,319.1065368652344,319.96052014548815,314.3126391150429,314.53581909839676,46466100
2021-05-21,317.3403625488281,321.0764948131622,316.98130814338737,320.65921696982167,50330400
2021-05-24,322.6777038574219,323.80340626385316,317.23357590309666,319.63053929972733,32475800
2021-05-25,323.1241149902344,324.90970283924935,321.94990284909704,324.19159403453045,31280300
2021-05-26,324.24981689453125,324.7156043929025,323.10471647413306,323.79371355892494,25444900
2021-05-27,323.0367736816406,324.6476911877741,322.8329916546215,323.80342174637593,27931700
2021-05-28,324.05572509765625,325.64724472071146,323.7354961865268,324.2401091909413,29927400
2021-06-01,322.97857666015625,325.860755452993,321.62966450701225,325.3852245308222,31145400
2021-06-02,323.609375,324.4536445747608,321.89172412773416,323.3958791614827,22047900
2021-06-03,320.2419738769531,322.046959878064,318.5728327072903,320.7756986540093,37057800
2021-06-04,325.6763610839844,326.1227506563772,321.9693108395276,322.03724805700716,38736500
2021-06-07,326.646728515625,326.7049519436648,324.4535473422184,325.142544317471,32611900
2021-06-08,326.8020324707031,329.25721930775677,325.12317782604936,328.39352234967527,27282800
2021-06-09,326.8796691894531,328.9466900273445,326.6952851024466,328.17035779849925,21485300
2021-06-10,330.285888671875,330.3926217670131,326.77293646730095,327.21932601863756,33702100
2021-06-11,331.14959716796875,331.1593109469786,329.6454421804354,330.29561384013823,21222800
2021-06-14,334.3229064941406,334.3325906574946,330.3926465465192,331.5765725355183,27827700
2021-06-15,332.139404296875,334.284046453268,331.42126590878416,333.9735017241031,35963800
2021-06-16,330.9263610839844,333.6726650969372,327.4716324725193,332.60518611807436,55399500
2021-06-17,335.1282958984375,336.13755140048033,329.86858183189156,329.917091486293,59722700
2021-06-18,332.49847412109375,334.61400465829917,331.7512239808977,333.46890423340926,55414900
2021-06-21,334.56500244140625,334.8856325179715,330.47476007480685,332.6899065192554,32992600
2021-06-22,337.6836242675781,338.13053159102276,334.05971080589035,334.3608907031603,28941600
2021-06-23,337.8487854003906,338.99524371354596,337.01326169116265,337.62534655465817,27188500
2021-06-24,339.93768310546875,341.46300322274897,339.2381617228856,339.78223061494685,32581600
2021-06-25,339.5198974609375,340.7440673140973,338.9175375806625,340.5011783527263,28682800
2021-06-28,343.64898681640625,343.7850188574494,340.74404452058076,340.802335495448,39130300
2021-06-29,344.8926086425781,344.92175413268325,342.6386215588739,343.47414537490874,29426000
2021-06-30,344.34857177734375,345.1258343350431,343.76563227145294,344.737188231426,32724000
2021-07-01,344.4845886230469,344.98978702607894,342.648333708053,343.99881066452366,29290000
2021-07-02,348.4388732910156,348.75947373922304,346.14598561310726,346.3791495754399,32727200
2021-07-06,349.9447021484375,350.22646164532887,346.349933662475,349.041162328563,38842400
2021-07-07,350.6830749511719,352.4415885625739,348.7302383215752,352.1404086390429,35265200
2021-07-08,348.5650329589844,349.42000673152563,344.3387893212388,345.6212203305233,50890000
2021-07-09,350.7413330078125,351.2173858133208,347.3991790253446,347.98211837568704,35184500
2021-07-12,352.11126708984375,352.56789950313225,350.56646727183477,352.140412577946,25717700
2021-07-13,352.11126708984375,355.07450042851514,351.2562932394713,351.73234609498456,39723000
2021-07-14,352.7428283691406,355.0939771809763,351.9169998759118,354.4527466915116,35336400
2021-07-15,350.2652587890625,352.8593256167972,348.2638563704623,352.65530721671445,53391600
2021-07-16,347.4283447265625,352.1015255470273,347.07856923619346,351.1202447443441,47262000
2021-07-19,344.58172607421875,345.0771993956187,342.0265294469521,343.9793365421211,64404600
2021-07-20,348.58453369140625,350.03214242822906,343.7364498108535,345.5144136301292,42183700
2021-07-21,351.2757263183594,351.2757263183594,347.9335718645994,348.1570403811089,30259900
2021-07-22,353.5977783203125,353.6074737175383,351.47976394470055,351.47976394470055,30252200
2021-07-23,357.72686767578125,358.0085975181968,353.5686099185459,354.91905710150735,31960800
2021-07-26,358.0085754394531,358.3972214662514,356.1723504558063,357.03701967151557,28438100
2021-07-27,354.0641174316406,357.746322676778,349.91558431978564,357.746322676778,57933100
2021-07-28,355.42431640625,356.9982620228799,352.90798993855185,355.200877503228,42066200
2021-07-29,356.0558166503906,357.2216659398344,354.86079222041604,354.86079222041604,25672500
2021-07-30,354.20013427734375,354.78307373523353,352.10157001865997,352.1307155090778,36484600
2021-08-02,354.229248046875,356.4443940688661,353.520001644176,355.86145466317794,27334100
2021-08-03,356.37640380859375,356.4929857682527,351.70322247856217,354.88992452387834,35558500
2021-08-04,356.891357421875,357.8434929221903,355.23000505712656,356.33756341711404,29602200
2021-08-05,359.15509033203125,359.38825426520106,356.99823500160903,357.70745184817855,21443900
2021-08-06,357.5810546875,358.8635152956902,356.47349663462757,357.8919596197024,33332100
2021-08-09,358.24176025390625,358.7663790081449,356.93987911454457,358.0377121999518,25960200
2021-08-10,356.4054870605469,359.04811973295875,355.2201879284461,358.7566648847073,35130800
2021-08-11,355.79345703125,358.1640556605862,354.4624302700103,357.66858234224264,34249800
2021-08-12,357.0759582519531,357.4354292106696,353.9378218496508,355.28829885621786,25969200
2021-08-13,358.3292541503906,358.65957959844343,356.93021128244163,357.4257142792874,19336200
2021-08-16,358.48468017578125,358.5235210612484,353.35486658868456,357.21194441275657,34856900
2021-08-17,355.3271484375,356.70674120576933,352.89825869804963,355.7351853099892,44793900
2021-08-18,351.9072265625,356.1917913024979,351.57690114042134,354.79274854455855,38541900
2021-08-19,353.607421875,355.27849894817814,349.72119888151866,349.97381286394403,48499400
2021-08-20,357.2701721191406,357.66851349611557,354.3652005454993,354.67610547136155,39486000
2021-08-23,362.6137390136719,363.3035352482064,358.3000293999851,358.3097247951578,34034700
2021-08-24,363.7213439941406,364.3237038526615,362.7400631377907,363.2064206006118,21732900
2021-08-25,364.13916015625,364.7124042614198,363.2258951863814,363.9740122476023,20441900
2021-08-26,361.82684326171875,363.96424834530154,361.38963126873074,363.2841770389699,29133300
2021-08-27,365.3438720703125,365.8490704411561,361.97257206698066,362.4583499945528,27104700
2021-08-30,369.4438171386719,369.92959503754474,366.1113582187609,366.13080831041503,27295700
2021-08-31,369.142578125,369.7546332740036,367.59777856227254,369.6866469126866,29628200
2021-09-01,369.75469970703125,371.8241183407126,369.5506812873745,370.20163673041526,28138300
2021-09-02,369.579833984375,371.435509188576,368.365389189704,371.1051837623693,25453400
2021-09-03,370.7165832519531,371.1149247196273,368.41400056646177,368.43342101017794,24605400
2021-09-07,371.2411804199219,371.8921358655914,369.66726473429577,370.8234185329037,23970200
2021-09-08,369.9490966796875,371.0663801624214,367.68538421987137,371.0663801624214,32949200
2021-09-09,368.67626953125,371.2800318811056,368.43338058855016,370.17247372014936,29399000
2021-09-10,365.8782043457031,371.1051794247979,365.54787892335725,370.3862376026058,40249400
2021-09-13,365.6256408691406,368.63747027083116,363.5756720281873,368.20998327706684,48741800
2021-09-14,364.5860595703125,367.84074796435834,363.6339241587504,367.1120810732379,41826600
2021-09-15,367.2966613769531,367.64643688561017,362.7497873111235,365.04267443589885,34097900
2021-09-16,367.5492858886719,368.12250027388,364.0419835530262,365.96564513231044,35193100
2021-09-17,363.1966857910156,367.12177946136876,362.15714363548017,367.0732135319667,60912300
2021-09-20,355.69195556640625,359.14479138311134,351.0524764345331,357.40376972992254,76203200
2021-09-21,356.12957763671875,358.7167850557825,355.00131976117484,357.52043574443064,41927500
2021-09-22,359.45599365234375,360.91494318773044,355.9447730023296,357.04385306817227,46972900
2021-09-23,362.7726745605469,363.8036631873685,359.9714867131809,360.6134280684026,44652000
2021-09-24,363.1130676269531,363.53132237880186,360.1368129986181,360.5064182906499,36056800
2021-09-27,360.2146911621094,361.0900550560667,357.66639707157236,360.06880212685115,43338100
2021-09-28,350.02142333984375,360.16597812722546,349.51566487941074,355.66271239422485,97701600
2021-09-29,349.4475402832031,353.4256052044323,348.82507067423813,351.2858306757652,58076600
2021-09-30,348.1637268066406,352.7545561025401,347.3272766106787,351.09136185731893,61384600
2021-10-01,350.32293701171875,351.3636614163688,344.68167764256236,348.78618997498535,56375500
2021-10-04,342.9698181152344,349.0390380839239,340.7327742551447,348.7083464504916,76766000
2021-10-05,347.599609375,349.8463893796275,343.8063463595513,344.0300329676691,47232900
2021-10-06,349.826904296875,350.09924033410766,343.48531850039706,344.3898600152339,56806500
2021-10-07,353.0365295410156,355.6820919513385,352.3362327358596,352.8711689043215,39411200
2021-10-08,351.276123046875,354.3496467593131,350.74115710996455,354.11619466511115,41822300
2021-10-11,348.5819396972656,353.26030184571573,348.49437661062404,349.739345608254,34847200
2021-10-12,347.3662109375,350.46888332011713,346.7242695086251,350.0312162202531,43905100
2021-10-13,350.1479187011719,350.81903791994165,347.64824449111086,349.67133797686546,40120800
2021-10-14,356.5964050292969,356.81038545468476,353.07547867896915,353.73686192747704,43433900
2021-10-15,358.8431396484375,358.9598508326656,356.7811629073501,357.8121512778938,40419900
2021-10-18,362.4516296386719,362.6656100553427,356.94652408468585,357.5495517091947,34513500
2021-10-19,365.1945495605469,365.24316934236003,362.5003665716349,363.52161944896375,29091000
2021-10-20,364.71783447265625,366.2643169628817,363.2394137154126,365.6515535892763,31390300
2021-10-21,366.9452209472656,367.139759409477,363.61883289322486,363.9203467319712,25469300
2021-10-22,363.86199951171875,366.65345138258493,362.198805446385,365.6905542419816,36275800
2021-10-25,367.5871276855469,368.5014049436378,363.3367268593153,365.28199256888763,32597800
2021-10-26,368.7445983886719,372.23634710908186,367.5677208330088,369.82423639548495,47191300
2021-10-27,369.6005859375,372.66437433181625,368.9294667094946,369.1920669664678,45760500
2021-10-28,373.7050476074219,373.9579416825158,370.7287930405598,371.49718141168137,38007000
2021-10-29,375.54327392578125,375.7086345786651,370.28135606914276,370.6314896648021,37310100
2021-11-01,376.82720947265625,376.95365651633944,373.8996042225349,375.981023481736,30765300
2021-11-02,378.4028625488281,378.8794729101323,376.1658184876678,376.214438265448,25135300
2021-11-03,382.4198913574219,382.83811648438643,377.8485334029375,378.8892283054573,33748900
2021-11-04,387.3219299316406,388.2751209954125,383.1396197374018,383.6842918645844,40265300
2021-11-05,387.6915588378906,390.0161365074907,386.2909648020386,389.09215287374263,43383800
2021-11-08,387.166259765625,388.6835647540906,386.5243184732125,387.66231205576224,29256300
2021-11-09,384.50128173828125,388.63497195661483,383.13960148519317,388.2361888677813,50490700
2021-11-10,378.8502197265625,384.5400979853036,376.92439605470673,381.72920456656664,54937400
2021-11-11,379.90069580078125,382.0015865093536,379.560268335903,381.8265197042397,32243000
2021-11-12,383.8982849121094,384.4332212280793,379.453344654841,381.0484474560787,34730600
2021-11-15,383.8106689453125,385.3960653814899,381.3693804579635,385.07510957260075,33716900
2021-11-16,386.5438537597656,387.0398764491549,382.8867438612393,383.0812526688252,27872900
2021-11-17,386.7480773925781,388.78087686824887,385.78518018894584,386.86478860727243,28703300
2021-11-18,390.75531005859375,391.26106853591654,386.573000006846,388.7906020726515,45721500
2021-11-19,392.93402099609375,394.2081679319985,391.5626048175631,392.3893488562752,45191700
2021-11-22,388.3723449707031,397.5248250612639,388.26536958827234,394.4707728765568,61715400
2021-11-23,386.60211181640625,389.2768521256282,382.16690844188827,387.2148455722131,70098700
2021-11-24,387.84710693359375,388.1291491048879,381.79732907349427,384.121906283019,46954400
2021-11-26,380.4939880371094,386.660476829211,379.10310048381626,385.2695892759179,51533300
2021-11-29,388.7516784667969,389.76322507789195,384.3262102771607,385.0556850127537,54447100
2021-11-30,383.0423889160156,390.2106903823826,381.02903119980994,387.86664096167675,81332700
2021-12-01,376.525634765625,389.5200254430795,376.0587899811894,387.3802212397502,77766500
2021-12-02,379.23931884765625,381.01922409411867,373.8217461673623,375.2417819698472,84416600
2021-12-03,372.6448974609375,381.60283935442993,368.5306490591684,380.60102852102005,105349100
2021-12-06,375.6308288574219,376.9925089483325,368.91963826221985,373.1311552405075,67588800
2021-12-07,386.94256591796875,387.555329445416,382.23502585002876,382.2739394803564,56005300
2021-12-08,388.6738586425781,388.87813294378265,385.37664820946287,387.27329443125376,39204000
2021-12-09,382.95477294921875,389.24770917282194,382.760234490901,387.44833232178706,49973700
2021-12-10,387.1177062988281,387.3803065479025,382.5949386768142,385.76573205390457,52545800
2021-12-13,381.5249328613281,387.4287911083289,381.15532766632333,387.10783536036973,50166400
2021-12-14,377.576171875,379.4144329532964,373.1312315950935,376.70077836090985,75199200
2021-12-15,386.1839294433594,386.5438285946548,373.3743691680471,377.3232568620715,73858000
2021-12-16,376.2533264160156,387.5747881895297,374.66792996001715,387.14682731739265,82591400
2021-12-17,374.376220703125,378.5390893019202,371.3221384349322,372.83944373938226,80492500
2021-12-20,370.74456787109375,371.5334044386726,367.60868840628507,369.65383235643225,65336800
2021-12-21,379.0419921875,379.3536394122616,370.2673960601498,374.0167921394008,48899500
2021-12-22,383.658203125,383.86270862526777,378.08763497623073,378.7498630763565,37042200
2021-12-23,386.55059814453125,388.0211296414889,383.8432259923988,384.00876815044677,29595500
2021-12-27,392.9391784667969,392.9391784667969,387.81658537729174,387.84580044463326,32820700
2021-12-28,391.117919921875,394.0103298269474,390.2414383761604,393.8350394618657,33113700
2021-12-29,391.0596008300781,392.52041372779274,388.68334280550386,391.25438777123253,32248500
2021-12-30,389.8909912109375,393.026870937428,389.3066600735181,390.8453700057501,23850100
2021-12-31,387.45623779296875,390.58236873038675,386.95955195158325,389.2189494524094,34752900
2022-01-03,391.1861572265625,391.43937427224773,386.51156846510173,388.6248608653944,40575900
2022-01-04,386.1123352050781,391.7705482299664,383.01541893347996,391.7315848969011,58027200
2022-01-05,374.25054931640625,385.5475087995641,373.9973322265807,384.42752842245307,75739800
2022-01-06,373.9875793457031,377.2306007150052,370.199219910222,372.42940265304225,70814300
2022-01-07,369.9362487792969,375.68213669487847,368.16381836104466,373.9973217648803,72652300
2022-01-10,370.1797180175781,370.69590044692626,359.6618768929974,365.0279391905365,91770500
2022-01-11,375.74053955078125,375.9060816926195,367.36520682533364,369.4492843140459,68295700
2022-01-12,377.2305603027344,380.00611053470755,374.95169592751887,378.31154749648664,54576400
2022-01-13,367.79376220703125,379.2952275240133,366.85885020807444,378.61350290208264,77994000
2022-01-14,370.0823059082031,370.4134198933439,365.06682510069675,365.2713602811778,80121200
2022-01-18,360.8693542480469,366.39123834371566,360.10973296867337,364.26819806550577,75450900
2022-01-19,356.90576171875,364.9012680659936,356.6427964175311,362.4276169600093,81791500
2022-01-20,352.27020263671875,364.1027825258744,351.73458306737507,360.1293840637579,88610700
2022-01-21,342.50225830078125,352.7182022283462,342.2198260994883,350.07900808891446,143388900
2022-01-24,344.0700988769531,344.7323566054048,325.420394599812,336.8731765490251,198685800
2022-01-25,336.0940856933594,341.8594404635493,332.75370059517894,337.6133584822439,124398400
2022-01-26,335.5682373046875,347.5566405149398,331.87724139745393,343.69035417715276,146559500
2022-01-27,332.18878173828125,342.0930742412802,331.1661951151734,340.27193267364703,95255700
2022-01-28,342.6093444824219,342.82359825338784,329.12119433675423,334.06846815680814,108167900
2022-01-31,353.5653381347656,354.14966913051103,342.33655958039134,343.9726923125403,94326400
2022-02-01,355.9708557128906,356.6233651798922,349.75755684421006,354.90933530146293,74433000
2022-02-02,358.8631896972656,360.43114390382505,354.772932524232,360.10002996983945,78777100
2022-02-03,344.31365966796875,352.474740841379,343.252138974766,349.16357019573667,95384800
2022-02-04,348.6571350097656,351.95855710008027,342.77491938097467,344.8297821711798,86318300
2022-02-07,345.8523254394531,351.61765032861587,344.5960180338166,349.25114058242553,58198100
2022-02-08,349.738037109375,350.8287725158773,343.58313906375696,344.7128377977231,64720900
2022-02-09,357.1493225097656,357.2272194618523,352.6597416325567,354.25691149334943,55766400
2022-02-10,349.0660705566406,356.91550206060344,347.22546193723235,350.12759092704323,112468500
2022-02-11,337.9930725097656,350.6631964220533,336.76598043614223,349.066027074143,101569100
2022-02-14,338.41192626953125,341.8107713545148,334.905998885152,337.4380509471334,80254400
2022-02-15,346.8262634277344,347.05998402163607,342.62886268043815,343.6903833381679,55128800
2022-02-16,346.7385559082031,347.7611130431249,341.54778412878585,344.57655164209007,58947100
2022-02-17,336.4252014160156,344.2259215973404,336.006412490477,343.5247302610099,61801400
2022-02-18,332.5881042480469,337.7496305348196,330.28002495150304,337.360086427946,80001500
2022-02-22,329.24774169921875,335.05205976865096,325.61520592456526,329.64703413059453,85967100
2022-02-23,320.81402587890625,333.2406549416096,320.5023786388824,332.40313641940185,86215400
2022-02-24,331.59478759765625,332.1304368387252,309.94555894702495,310.51039353763224,130614100
2022-02-25,336.73681640625,336.94135159639,328.5757672146632,332.3933413462363,78842100
2022-02-28,337.7398986816406,339.43446169534934,332.40308174554,333.5619955810024,77515500
2022-03-01,332.5686950683594,338.98653027662823,330.0463613925379,336.7174137109176,67407000
2022-03-02,338.14898681640625,339.4831912377867,331.35132644345447,334.11712876141945,70609000
2022-03-03,333.3185729980469,340.89532171846434,331.4584675901399,340.78817997983646,71089400
2022-03-04,328.48809814453125,332.3933472673378,326.17030009780126,330.96174951241795,76936300
2022-03-07,316.37310791015625,329.6373141349506,316.168602423875,328.47840017883215,89933800
2022-03-08,314.9024963378906,324.5048898509684,311.5815789250243,315.5841910255012,116153900
2022-03-09,326.2384033203125,327.59210394635454,320.4925462962206,323.0830575737236,64723400
2022-03-10,322.61566162109375,323.82328720923215,318.174792607464,322.1774355659883,69362700
2022-03-11,315.92510986328125,325.8976121503663,315.43817226185195,325.58596495257655,66228400
2022-03-14,309.85784912109375,318.0578607000289,309.1566578705163,314.6882612249,79802600
2022-03-15,319.5771789550781,320.356297039955,310.8902277809926,312.49711610809675,76471000
2022-03-16,331.4292297363281,331.54609001020464,319.8206237661332,323.4921524521994,105243000
2022-03-17,335.44158935546875,335.50001949212384,328.23491853830734,329.53015952791367,67810000
2022-03-18,342.3074035644531,342.5995839728813,332.62708116075316,333.7859950907957,85446300
2022-03-21,341.3557434082031,343.6959575006503,336.9678866204521,341.4727779184721,73799100
2022-03-22,348.06427001953125,348.9321048086692,341.47275472750243,341.85302014961167,63345900
2022-03-23,343.0621032714844,348.746831695108,343.0036008998052,345.18779855169856,70615500
2022-03-24,350.68719482421875,350.73596663379254,342.8280596036386,344.98297609778405,53555300
2022-03-25,350.39483642578125,351.6819485521053,346.0947321108344,350.6288459916344,57584200
2022-03-28,355.8161926269531,355.91370650882885,349.146653754064,350.38499375841536,56833900
2022-03-29,361.9396667480469,362.5637019901702,356.9375054681398,359.70672694862424,68073000
2022-03-30,357.94189453125,361.7349676928907,356.45978455100527,360.07732080471203,68757700
2022-03-31,353.5052490234375,358.43914777902,352.6666653724775,358.08810376601923,67011400
2022-04-01,352.8324890136719,354.54860853343536,349.6537206278416,353.7685569114576,54527800
2022-04-04,360.0967712402344,360.10653155542957,353.4077415692185,353.6710022659616,45950200
2022-04-05,352.10113525390625,359.3557275043423,350.96027939900637,358.6439089147844,62738700
2022-04-06,344.45654296875,347.8888115907823,341.8238168036105,346.78696715690586,90077100
2022-04-07,345.2756042480469,347.46953278848014,340.0004213866467,343.46194118095065,63777400
2022-04-08,340.44891357421875,344.29072819287865,339.8151180142693,343.5399278842686,61956100
2022-04-11,332.394775390625,337.1336461991477,332.05349170625715,336.2170693357857,66107400
2022-04-12,330.9906311035156,339.0252738193308,329.61576592396983,337.14337819166946,72790200
2022-04-13,337.7187194824219,338.77179202700484,330.6103830960466,331.33193225146346,61367800
2022-04-14,329.99609375,338.3232796419303,329.78157510501154,337.806488782239,73519400
2022-04-18,330.2496032714844,332.54104552775783,327.4218793147686,328.9430006089207,58560600
2022-04-19,337.6309814453125,338.20627468447685,328.5822463696504,329.6060677727792,56515700
2022-04-20,332.7067565917969,338.89851529742356,331.48790762443156,338.440226895412,65500000
2022-04-21,325.82269287109375,339.2007800342766,324.8963855304097,336.58757504715226,75801000
2022-04-22,317.29083251953125,327.19764284779967,316.8617952006528,325.9787935912272,82562100
2022-04-25,321.36663818359375,321.6786707164179,314.39482680195033,315.66244780765106,101755900
2022-04-26,309.23663330078125,319.4944558229734,308.96358255665734,319.30918839349266,105819600
2022-04-27,308.8661804199219,314.83366197617295,307.15003104168255,309.3341995179408,111204200
2022-04-28,319.83575439453125,321.6689081461176,309.6071528246811,313.8292626421862,99450000
2022-04-29,305.44366455078125,319.0752871720877,304.80986880400445,315.63325760143096,91977900
2022-05-02,310.5432434082031,310.7772529007873,301.9332771565138,305.03402196148,115511800
2022-05-03,310.874755859375,313.16619791732444,308.10553451849023,310.5627233755148,78185500
2022-05-04,321.3861083984375,322.058915423081,306.0676225876862,311.3525351569356,116083400
2022-05-05,305.1997985839844,317.144519135594,301.90402602983977,317.06652589040266,154607400
2022-05-06,301.5433349609375,307.2377956622704,297.5064915530895,303.2009820114872,139572800
2022-05-09,289.7447814941406,301.64075976693016,288.3504253646002,295.91704956152574,113387300
2022-05-10,293.2648620605469,298.1402585982894,289.1792773813539,296.92140946385376,124124600
2022-05-11,284.567138671875,296.511860068782,283.69933357058653,291.0026679881509,140326100
2022-05-12,283.894287109375,288.37965712769153,277.8390539510273,280.2865121271832,120910900
2022-05-13,294.4154357910156,295.4490174318297,286.7512972908962,288.3504415696245,83684900
2022-05-16,291.002685546875,294.7274958305589,289.7253339703702,292.67006291458443,59190400
2022-05-17,298.5400695800781,298.9203350680612,293.06009841875874,296.86293184095814,62715300
2022-05-18,283.88458251953125,294.71769852776856,282.6267219754765,294.025400603484,79477100
2022-05-19,282.36346435546875,287.0536233934312,280.413305660472,282.08071276977756,79920700
2022-05-20,281.4858703613281,286.4782713533356,273.22694793489995,285.8249849206857,91764200
2022-05-23,286.16632080078125,286.5465863034424,280.1305767702019,282.52926382740617,63648400
2022-05-24,280.0816955566406,281.6613188495015,275.2160606409924,280.9495301906734,73491100
2022-05-25,284.00152587890625,286.07844895988484,278.3850611818431,278.58981944478387,67144500
2022-05-26,291.8704833984375,293.42088572276367,282.91926227102294,283.20204360932223,59462200
2022-05-27,301.3969421386719,301.5431980456508,294.88342118676695,295.00042591235007,66985600
2022-05-31,300.5973815917969,303.5713609225471,296.7458072717279,301.36770240722115,60968300
2022-06-01,298.37432861328125,304.8586013719281,296.1609088488568,302.7329351921304,65341700
2022-06-02,306.54541015625,306.7209172742776,295.8390296007222,297.25290637352026,59291300
2022-06-03,298.56927490234375,302.7328525405804,297.321174666632,301.32873605577254,60914700
2022-06-06,299.5638122558594,304.5659729663611,298.0036796925584,303.0058404030601,51785000
2022-06-07,302.1477966308594,302.9278778701051,295.1467348920725,296.2388188699599,44900300
2022-06-08,299.9734191894531,303.9517297604242,299.1250751769183,301.34825485773797,38342100
2022-06-09,291.938720703125,301.3482294885749,291.77297389502866,298.2864961255871,55900500
2022-06-10,281.64190673828125,287.52163383758494,281.19337858382175,286.33203587892865,85963500
2022-06-13,268.5465087890625,275.3037990627232,267.68843451487396,272.77834804399293,94442000
2022-06-14,269.0341491699219,271.715617403757,266.5281880787887,270.7405380459988,64697500
2022-06-15,275.75244140625,279.6820101835615,269.71669756181245,272.4566980422643,86051400
2022-06-16,264.6268005371094,269.18040446273096,262.5693676236084,268.7221159754249,81910300
2022-06-17,267.8444519042969,270.2821493953207,263.76862884099694,265.3969941010531,82703400
2022-06-21,274.6020812988281,276.9174861769015,272.2183421476892,272.3257927236614,51633700
2022-06-22,274.20159912109375,278.6076398901615,271.50519745679884,272.10112488344555,67472900
2022-06-23,278.28521728515625,279.1351620807887,273.8498399380309,276.68299919489084,57457800
2022-06-24,287.8203125,288.2404252458299,280.8741860701197,281.1086454153192,58422300
2022-06-27,285.7100830078125,289.7448762013786,284.57681329074364,289.1782562499726,54151500
2022-06-28,277.0054016113281,288.8362940946561,276.81977806261284,286.2473733023831,61609800
2022-06-29,277.2593994140625,278.7639161956807,274.3676253182003,276.868623965582,57302700
2022-06-30,273.820556640625,277.39621043122844,269.4242653952654,274.2797260299329,79313600
2022-07-01,275.6279602050781,276.01873573364435,270.64549022663914,272.5212545037234,56675100
2022-07-05,280.3465576171875,280.46378726256006,270.3718711000249,271.8959161183753,61829300
2022-07-06,282.1441955566406,284.24466970613287,279.0081827619103,280.727630686022,63194700
2022-07-07,288.1817626953125,288.8851704287084,282.95505535271474,282.95505535271474,56620100
2022-07-08,288.5431823730469,289.91091112146904,284.41065890514386,285.3485257877404,59895500
2022-07-11,282.378662109375,286.3548403943848,281.49940987825573,286.1301601592719,55273900
2022-07-12,279.6432189941406,285.5440277206609,278.0507796846206,283.6292068067478,55797100
2022-07-13,279.06683349609375,281.41151653972287,273.566579098107,274.13322897066035,73939400
2022-07-14,280.06329345703125,280.9327666322429,273.35159737692584,276.4680816551164,63741800
2022-07-15,285.14349365234375,285.25097407105335,281.44083049562784,283.0528280764293,63818100
2022-07-18,282.7303161621094,289.3345308773928,281.55798993680486,287.9277155556253,59519600
2022-07-19,291.42529296875,291.71839698358417,284.7527119454595,286.35490059902224,55172600
2022-07-20,296.0462646484375,297.2283702220619,291.0637950490178,291.84537586095666,67769400
2022-07-21,300.2959899902344,300.3546048186835,293.84809053251774,296.5054054078204,55049400
2022-07-22,295.03021240234375,301.43902572615195,293.20331391412896,299.36788883439493,57127700
2022-07-25,293.34979248046875,295.52840933864144,291.347049896602,295.059460964246,40582400
2022-07-26,287.5858459472656,291.9039942701177,286.7749875225989,291.64997677634415,50074100
2022-07-27,299.7391357421875,301.42927622650285,291.58156710744385,292.1482168992006,69304400
2022-07-28,302.6699523925781,303.246351362619,295.77266327411724,299.5241610241445,55139900
2022-07-29,308.1898193359375,309.0984089755225,302.7872663311703,304.2136402618357,57501000
2022-08-01,308.004150390625,311.4625744787069,305.32730707021403,306.4214903306957,46358800
2022-08-02,307.0857849121094,311.2085299334208,304.65318020301095,305.70830669402716,48676500
2022-08-03,315.4485778808594,316.2692153679035,308.7075738546769,308.7661886884473,53735700
2022-08-04,316.9237060546875,317.236338326772,313.37736011725616,315.5266697200189,38973700
2022-08-05,314.3348083496094,316.36685863884907,311.0522586944706,311.8338096178113,53894000
2022-08-08,313.3188781738281,318.9461422008945,311.8534473179685,315.25325763669895,43878500
2022-08-09,309.7724304199219,311.6775018413341,308.15071370114674,311.42348436801046,39764200
2022-08-10,318.4184875488281,318.7115915246145,314.63768179382663,317.10937327023964,51459600
2022-08-11,316.6111145019531,322.74638201295915,315.907706706425,320.7436390274632,45897700
2022-08-12,322.7757568359375,322.9711296931809,317.6076632615217,318.6627601705691,40928400
2022-08-15,325.3841552734375,325.8824111372024,321.80850161156644,321.8280597641891,38266600
2022-08-16,324.6221008300781,326.7127955861123,321.57401074568605,324.40716987211437,41186900
2022-08-17,320.91949462890625,323.7917407421917,318.8385785861934,321.4861444413282,47842200
2022-08-18,321.6912536621094,322.87335907254277,319.25864893946607,320.8706162835581,41937200
2022-08-19,315.419189453125,319.3074750762417,314.65716692353726,318.65293293396036,51770600
2022-08-22,307.1151428222656,311.3942046870982,306.3042843906594,311.15974534576816,51098900
2022-08-23,306.8610534667969,309.69421222142995,306.1087803055174,306.88058180068396,39497100
2022-08-24,307.75018310546875,309.5673026088862,305.77671762390725,306.3824241250464,38057100
2022-08-25,313.1918029785156,313.21136113357704,308.48290881912897,309.5282266157888,38098300
2022-08-26,300.35455322265625,314.100294603564,300.26663099508613,312.89863119826936,69047700
2022-08-29,297.3944091796875,300.13964604339435,296.290446989052,297.59956106025794,48321900
2022-08-30,294.08258056640625,299.66100744201606,291.56205323702653,299.0455218647492,51184500
2022-08-31,292.3729553222656,297.882989109012,292.2655047142562,296.9841784875748,50044000
2022-09-01,292.4999084472656,292.8711555938858,286.1985754742801,289.88167989587697,57990700
2022-09-02,288.3674011230469,296.7496497152489,286.7554038657805,295.3721415907117,64666800
2022-09-06,286.2962341308594,289.7644372216003,284.16648248606504,288.8460984730638,57005400
2022-09-07,292.079833984375,293.0763159744167,286.5111862526931,286.77498281936545,49260400
2022-09-08,293.5941162109375,294.9130096733721,288.64098359356643,290.00871281546637,55649800
2022-09-09,300.0126647949219,300.5109206504732,293.59407275816847,295.8508330938615,56125200
2022-09-12,303.57855224609375,303.91071289251704,301.07755341422387,301.39018572177207,45905700
2022-09-13,286.93133544921875,296.036521967223,286.0423039368582,294.8446371699583,79562200
2022-09-14,289.2076110839844,290.08686347686927,286.30605731748096,288.0743411811005,54907200
2022-09-15,284.3911437988281,289.6959936631581,282.78892589454506,287.2926966209855,65299400
2022-09-16,282.6522521972656,283.0430277151847,279.03751157442724,281.0891203113285,79920400
2022-09-19,284.85333251953125,285.009929593157,279.95001919015573,280.00873935928564,52613800
2022-09-20,282.582763671875,284.87293998532556,280.2827907071365,282.3478531158375,51271100
2022-09-21,277.52276611328125,287.69156858901147,277.38576236260224,283.4243811340826,82931000
2022-09-22,274.1070861816406,277.0040569805694,272.8836997112343,275.9959877236679,62757100
2022-09-23,269.6441650390625,271.93434084524006,266.2284498262833,271.6407101821921,74815200
2022-09-26,268.5284423828125,273.53942878181266,267.7356903085554,269.1743940484729,71176700
2022-09-27,268.6361083984375,274.2440929244973,266.31654253628193,271.89519684927933,69780100
2022-09-28,273.9798583984375,275.26196507299517,267.1386905841971,268.6165211798836,79652100
2022-09-29,266.0816955566406,270.3684471169324,263.11620753953764,269.98673614914634,81216000
2022-09-30,261.56988525390625,269.3310436707133,261.41328816489596,265.25960895996843,78482400
2022-10-03,267.706298828125,269.30159943938116,261.8340442303221,263.34126460675094,61267400
2022-10-04,276.1232604980469,276.8279323910832,273.0500989493547,273.0500989493547,66696900
2022-10-05,275.9764404296875,277.76746518524186,269.55611024700687,272.35520431840735,55766300
2022-10-06,273.80377197265625,278.1296511212499,273.48078112028116,274.97820542061635,53489400
2022-10-07,263.37066650390625,269.291845549743,262.0396063857817,269.16460856773443,71354700
2022-10-10,260.73797607421875,263.95793837847896,258.0269617757893,263.5664307223505,60393000
2022-10-11,257.1558532714844,261.93195915010915,255.47247218095,259.06434824004356,66522500
2022-10-12,257.06781005859375,259.71030747132846,256.37293475983284,257.7920454441237,50580200
2022-10-13,263.09661865234375,264.41788206770633,248.8465999207838,249.72744717566468,112894100
2022-10-14,255.18865966796875,266.02297905657764,254.60145796764166,265.425980705299,77244300
2022-10-17,263.6153259277344,264.4863615743304,261.06087941416854,261.1587563065971,64576500
2022-10-18,265.6999816894531,271.30796623349556,263.0182981983642,270.642451152486,69781000
2022-10-19,264.7310791015625,267.85316427712985,262.3626192311699,264.1830042620747,53115400
2022-10-20,263.38037109375,268.98838455329815,262.2157348336738,263.84036552971116,60605500
2022-10-21,269.5561218261719,270.0943999806143,261.1392160824891,262.2745224263195,77897700
2022-10-24,272.52166748046875,273.45142356858554,266.17961927839184,269.8204197497584,63963600
2022-10-25,278.15887451171875,278.5405853555108,271.98322315588825,273.4610832928861,59014500
2022-10-26,272.0126647949219,277.93387389821464,271.5233101517326,272.53137952198904,63492400
2022-10-27,267.0603942871094,272.3552150330736,266.5416795676331,270.89694777541763,57760300
2022-10-28,275.2325439453125,275.7023350139254,266.26756599378996,266.43395966428665,62651300
2022-10-31,272.0322570800781,273.8037184923803,270.1139653810978,272.9816062790332,47742000
2022-11-01,269.2526550292969,276.06449209440797,268.89053742922755,275.5066207207611,45895900
2022-11-02,260.02349853515625,272.28672575983467,259.9549817109005,269.22336064956,79803100
2022-11-03,254.9439697265625,258.86860348070746,254.56228864022904,257.4103362172952,70038900
2022-11-04,259.04473876953125,260.9336403199302,253.5639613842532,259.87664754666133,78313200
2022-11-07,261.892822265625,262.43113031008943,257.9584215680072,260.09200070845395,47333800
2022-11-08,263.8013000488281,267.04082528231476,259.86686974183834,263.4098223217411,63213800
2022-11-09,257.7137451171875,262.84217239242884,257.4299110516059,262.0592168841519,64862100
2022-11-10,276.7300109863281,277.02361178294706,268.01950556191656,270.1335209010714,99256700
2022-11-11,281.82904052734375,282.4945853592921,275.20319122632566,276.54401780245206,66961800
2022-11-14,279.3627624511719,283.0524854621789,278.3840532301036,279.77380359803294,55290700
2022-11-15,283.22869873046875,287.01629894350947,279.8814997818295,285.9886362575642,73985400
2022-11-16,279.3627624511719,283.3167560672818,278.5406502896147,281.27125737938917,48859800
2022-11-17,278.7461853027344,280.2240458608114,274.74326796534484,274.8998650329681,55462100
2022-11-18,278.7558898925781,281.8583805334796,276.3091175212181,281.7605335328866,53588600
2022-11-21,275.88836669921875,278.5210671212513,275.05645785748214,277.3661973666616,40083500
2022-11-22,279.8619079589844,280.01847514744213,274.4887741356376,276.62238289326433,41873400
2022-11-23,282.6708068847656,283.2971652604871,279.7053191135454,279.8814796066075,46390000
2022-11-25,280.8112487792969,281.78016130189496,280.3218941932843,281.0754895033235,15498800
2022-11-28,276.6908874511719,280.85040181999574,275.76113157178366,278.83426312712214,38714200
2022-11-29,274.59649658203125,277.31730745051124,273.2263094302499,276.91603302251815,35618900
2022-11-30,287.1141357421875,287.22180929264937,274.0092342106235,274.8607064926113,74718100
2022-12-01,287.4664611816406,289.4532396198207,284.6869306980874,287.437101100991,51547300
2022-12-02,286.3214111328125,287.20227345050546,282.22061652767866,282.39680691192086,53583200
2022-12-05,281.5158996582031,285.46986291452237,280.057602790126,284.1975530325695,41482100
2022-12-06,275.6828308105469,281.49636649163193,274.2930803186649,281.3593627197372,53937600
2022-12-07,274.55731201171875,276.55388729782686,272.8445707786554,274.49859184458353,45614300
2022-12-08,277.80657958984375,278.7754920257264,273.83302309647263,275.90788157661746,42594900
2022-12-09,276.03515625,279.5585154089067,275.5947251546985,276.7887515955548,47860500
2022-12-12,279.49981689453125,279.55856693685723,275.1739380789546,276.2113676519847,35732500
2022-12-13,282.5044250488281,290.5592131001037,279.82277120448714,290.33409921539373,80667700
2022-12-14,280.4100036621094,285.2056731313244,277.160681704025,281.91719443928423,64984400
2022-12-15,270.99481201171875,276.9845076979305,269.8007855608975,276.31896272447955,60554100
2022-12-16,268.4110107421875,271.8560565360291,266.8059132420267,270.3195057192116,68300400
2022-12-19,264.63885498046875,268.7690767344981,263.40271951563386,268.6807856212014,44167900
2022-12-20,264.4328308105469,266.17910261112206,261.89190908573653,263.47138883115707,51064200
2022-12-21,268.2687072753906,269.57349338805386,264.62898244767973,265.4727028175878,46394700
2022-12-22,261.7055358886719,265.3844822211629,257.48699279714367,265.25694062467517,60278400
2022-12-23,262.2941589355469,262.96129733071217,258.5367413646793,260.4399854422568,39373600
2022-12-27,258.58575439453125,261.793814605663,258.0461876003975,261.685883283232,38009000
2022-12-28,255.17173767089844,260.439984319042,254.8087530697181,258.18357575317634,47139000
2022-12-29,261.39166259765625,262.3334647303056,257.28104972266846,257.9775887001961,45893600
2022-12-30,261.234619140625,261.36216073670295,257.32022983602053,258.62501629110807,37858300
2023-01-03,259.46875,265.03130035204026,257.16327086795667,263.55972174937557,42335300
2023-01-04,260.704833984375,262.38245500821034,257.55566441960866,261.5878050240108,47754900
2023-01-05,256.6236877441406,259.20386048845717,256.3097737127626,259.0370983373102,45396700
2023-01-06,263.7068786621094,264.825292792396,255.4071835674613,258.3601609338397,54659700
2023-01-09,265.4139099121094,270.0739085528397,264.80566224824554,265.6983935359543,45568700
2023-01-10,267.6604919433594,267.76842326727916,263.8736443498317,264.38378077930986,35247800
2023-01-11,272.2910461425781,272.3989774609644,267.9449917626651,268.72985154393996,44077000
2023-01-12,273.76263427734375,274.79275716324054,268.55324892261154,272.8502628173263,60600000
2023-01-13,275.6462707519531,275.89153383124483,270.9274115015277,271.2609656966435,44802900
2023-01-17,276.2054748535156,277.4906509803417,274.28259077576485,275.4500454160634,36269700
2023-01-18,272.61480712890625,279.2957706324418,272.40879453707197,277.7456912937367,47754500
2023-01-19,269.9365539550781,272.12431152107627,268.7004483260857,270.98628717773255,44150400
2023-01-20,277.3238525390625,277.65740672300205,270.48591691995296,271.54547015302177,60613600
2023-01-23,283.4847717285156,284.711086703389,277.3728370549182,278.1674867634897,52799900
2023-01-24,282.9060363769531,284.06367086220337,281.34616687102994,281.86612337300437,44875100
2023-01-25,282.2783203125,282.896358399833,275.852406795939,278.3933298417106,50872000
2023-01-26,287.7818298339844,287.9584120329334,283.05315135544816,285.70200409702426,51596300
2023-01-27,290.6466369628906,292.608742055595,286.3496220195724,286.467343534839,56441900
2023-01-30,284.7700500488281,288.80219070771494,284.3972753111684,287.3796528484936,49405800
2023-01-31,289.03765869140625,289.13576992110575,284.70142376852044,284.80932516364925,46705100
2023-02-01,295.21826171875,297.6806825531704,286.76156601785834,288.8316018722076,67562200
2023-02-02,305.8135986328125,307.7364525973312,300.9181576449358,301.7422379154438,83070600
2023-02-03,300.3786315917969,306.47098885524724,298.76972114420454,299.1621361358604,76170800
2023-02-06,297.83770751953125,300.11375637228986,296.49367046317866,297.75923649741816,40802300
2023-02-07,304.0084533691406,305.13665738471235,296.59170130689733,297.7100852201123,67584000
2023-02-08,298.6029052734375,303.63570872531835,297.91618657756726,302.69390683248184,56720900
2023-02-09,295.9638977050781,303.1353887624289,294.51195923155336,302.98823688191555,49137800
2023-02-10,294.021484375,295.85604799773904,291.6178934623958,293.8056515994219,50050100
2023-02-13,298.7303466796875,299.3189838925386,294.2469316639483,295.4242060896505,39636700
2023-02-14,300.9377746582031,301.8893965286975,295.2084331685964,297.1509273822048,64079100
2023-02-15,303.2432556152344,303.41001773123855,298.43610559153916,299.12282420101644,43100600
2023-02-16,297.5532531738281,302.5860579978113,297.4061012659764,298.6128067890617,59498600
2023-02-17,295.4537658691406,296.2091654939277,292.45174770191,295.3654747394392,58230700
2023-02-21,288.4588317871094,293.06978997591324,288.3215000215614,291.627641771274,46526700
2023-02-22,288.6746826171875,290.74468891009906,287.01670158610773,289.0376672323923,51389200
2023-02-23,291.1960144042969,292.48119080254816,287.00690100814256,292.3242188075793,69294400
2023-02-24,286.32012939453125,287.4189032172758,284.5542172313994,286.23183827727587,74332000
2023-02-27,288.3705749511719,290.87224685655826,287.78193746186145,289.4791690691815,48995000
2023-02-28,287.9977111816406,290.5092026778838,287.4090738129779,287.7426280027074,48243100
2023-03-01,285.68243408203125,288.36068762810055,284.7013818083146,287.70339937074044,58287000
2023-03-02,288.0467834472656,288.85125360812066,282.90607840448746,283.1905919861252,53565900
2023-03-03,294.0018005371094,294.2372734914779,289.28294049517257,289.7931069468495,60511500
2023-03-06,294.3352966308594,298.23989551477433,294.13910413688774,295.2378779090162,56736300
2023-03-07,290.72509765625,295.30662605812665,290.11684988943415,294.3844343021973,65955800
2023-03-08,292.1770324707031,292.7754600628296,289.29273602432113,291.14690948879917,50876300
2023-03-09,287.11480712890625,295.27717051410644,286.3005168477535,292.67735762881415,71456700
2023-03-10,283.0826110839844,288.7727320236621,281.9347967324263,287.2815134618591,98593600
2023-03-13,285.1820983886719,288.89047492289336,279.786310683679,281.2971396240923,97123600
2023-03-14,291.73553466796875,292.28492159284906,287.8898261938066,288.7335168501078,73602500
2023-03-15,293.26593017578125,293.5994843347177,287.6837407014339,289.12588864881843,83631500
2023-03-16,300.9967041015625,301.35968872296763,291.5589841876488,292.3536342883857,98198100
2023-03-17,299.5741271972656,303.2923239367892,297.62184262760394,300.90837394378406,89923700
2023-03-20,300.6372985839844,300.9615338726046,296.74632519208114,298.9571102988408,56359500
2023-03-21,304.93109130859375,305.38306558856016,301.05975903304505,302.5729268224663,49757000
2023-03-22,300.7846984863281,309.75557856492014,300.6176781701295,304.8623630714079,75791900
2023-03-23,304.3514404296875,308.67474787206635,301.6592048377737,304.51849073355623,74576000
2023-03-24,305.4715270996094,305.5697602157278,301.6001947767827,303.9288833597356,57195200
2023-03-27,303.3786926269531,307.2500255451253,302.5238604825814,306.16919123041095,50287400
2023-03-28,301.76727294921875,302.8284666751966,299.45822454941873,302.7989907375691,48585900
2023-03-29,307.2696228027344,307.88864736768073,304.6461448812209,305.4616956522639,53274300
2023-03-30,310.1781005859375,310.8069606106633,307.3581257544808,309.74576681536263,58354800
2023-03-31,315.33648681640625,315.5723242339467,310.09939686272645,310.40399145743413,62138100
2023-04-03,314.57012939453125,314.8354427804557,311.8877295017582,313.21417648862,47126800
2023-04-04,313.50897216796875,316.0243518179642,312.290563597787,315.01230477117457,45875400
2023-04-05,310.4138488769531,313.499106277702,308.59608649840885,312.55584649739706,62795700
2023-04-06,312.5067443847656,312.99802996310086,307.36791642622194,308.76315067670646,46916500
2023-04-10,312.3298645019531,312.3790110473827,307.79039090860914,309.5786774713476,45134700
2023-04-11,310.325439453125,312.34956365032986,309.81451323953195,312.29058179328797,40113600
2023-04-12,307.5841369628906,312.8703755060977,307.122327239228,312.2808267120628,62813300
2023-04-13,313.60723876953125,314.0788537181018,308.16378634781455,309.342853704932,54613800
2023-04-14,313.0176696777344,314.7764502848593,310.10923775139554,312.05473924440327,56278300
2023-04-17,313.282958984375,313.6367001650962,310.5317719596086,312.6049825415416,43007000
2023-04-18,313.3026123046875,315.81802195370216,312.1039043269435,315.39549358382044,46746900
2023-04-19,313.1552734375,314.2164671752397,310.7676325061279,310.8953715658276,38960100
2023-04-20,310.767578125,313.70545604121475,309.4804124167507,310.18786478954866,62462100
2023-04-21,311.09185791015625,311.86809756580624,308.6256245513953,310.40407605124466,59002300
2023-04-24,310.4433288574219,312.20210941105614,308.2718252918835,310.8658272036678,44043100
2023-04-25,304.58721923828125,309.48043432872635,304.48898611246517,308.8122931475804,57121600
2023-04-26,306.4344177246094,309.4509179379555,305.91365628596066,307.9770614150983,55400500
2023-04-27,314.7667236328125,315.26781460821445,309.5590777235888,310.1977730605562,65430400
2023-04-28,316.9381103515625,317.0265381463464,313.4008486317639,314.5307993238096,59712600
2023-05-01,316.57464599609375,317.98955105108405,315.4938115810739,316.4763828700563,41013400
2023-05-02,313.81353759765625,316.8300378297772,312.07436769901994,316.5057726007453,56519400
2023-05-03,311.7599792480469,316.8496901296234,311.6518808391574,314.17709565364254,59882100
2023-05-04,310.6595458984375,312.68364014813113,309.62782815897486,311.5340186637454,50224500
2023-05-05,317.262451171875,318.1172833774698,310.6988523113847,312.91947297286674,51806100
2023-05-08,318.0484619140625,318.3923678179955,315.71977305719315,316.8006073328287,36465800
2023-05-09,316.0342102050781,317.2525888785496,315.7197802294426,316.3879214383984,31768800
2023-05-10,319.47320556640625,320.3280376891628,315.99489521816594,318.47096377915307,60446600
2023-05-11,320.51470947265625,321.0551115912344,318.4709447629655,320.0234239155159,44278500
2023-05-12,319.3650817871094,321.4677983234003,317.31151179697923,321.045269963454,48432800
2023-05-15,321.0943908691406,321.330198317674,318.31369810053747,319.83670116748294,33375600
2023-05-16,321.4579772949219,323.16764148062344,320.33783180381295,320.3771430453496,40019200
2023-05-17,325.3489074707031,325.92862076731785,321.34003095054015,322.5190981690881,47486100
2023-05-18,331.3916931152344,331.6078599234032,325.7222695353631,325.74191015949276,64213500
2023-05-19,330.6449890136719,332.3153417839332,329.58379550250504,331.60788943838475,61554900
2023-05-22,331.75531005859375,332.76735706001745,330.37968657373955,330.389521879848,43015900
2023-05-23,327.5499267578125,331.18545225778513,327.19621551255364,330.03586072499985,48216700
2023-05-24,325.8697204589844,327.10776972072495,323.8161503250398,325.5946017325634,62891200
2023-05-25,333.799072265625,335.0665974450739,330.8022422525077,333.22919419234955,66862800
2023-05-26,342.3277282714844,343.1629196134218,334.7226383742546,334.82090147078026,63007000
2023-05-30,343.8802795410156,347.76141779152016,342.45553930603324,346.56267972749924,72652200
2023-05-31,341.9248962402344,344.4894223193903,340.47071025093595,342.2982780436562,65105400
2023-06-01,345.8749084472656,347.2013556198988,340.618146366898,341.66950478011034,50488600
2023-06-02,348.4688415527344,349.62826827724246,345.8748693896707,347.6336501039752,53372100
2023-06-05,348.71453857421875,351.26922987957295,347.68285073248705,348.25272887676743,47266200
2023-06-06,348.6555480957031,349.61847863088633,346.77883357493243,348.10531064293906,41390400
2023-06-07,342.740478515625,350.8958071324031,342.1116185813994,348.9405001234873,69225900
2023-06-08,346.99505615234375,347.45686587282574,342.80932271348905,343.03529492656304,47153900
2023-06-09,348.3214416503906,351.4263698061211,346.87706098911235,348.44918068622377,53196900
2023-06-12,354.2070617675781,354.3053248790228,349.00928201046963,349.9820178466813,44606500
2023-06-13,356.9288024902344,357.76396397203456,353.75508690804236,356.9582784250545,57097800
2023-06-14,359.52276611328125,359.8077201335218,354.1382955769709,356.93859927498477,69525600
2023-06-15,363.806884765625,365.29054714288367,357.63633776630377,358.2553325409304,71138800
2023-06-16,361.5173645019531,366.35162733215435,361.07522551441866,366.2238882960813,80932000
2023-06-20,360.9998474121094,362.39702549677264,358.03827186745264,360.0651424498802,49204700
2023-06-21,356.0802917480469,360.2914640047926,355.1554054556322,359.8585372284782,53378300
2023-06-22,360.2816162109375,360.43901681980367,354.4272864301973,354.83069680412274,47603000
2023-06-23,356.7099914550781,359.01235823948906,355.01764962720034,356.38528138026277,48922900
2023-06-26,351.9281005859375,358.97296342588555,351.83955148925304,356.1786373877198,52685500
2023-06-27,357.9792175292969,358.70733796883354,352.74479154792726,353.4728819606406,49428100
2023-06-28,358.67779541015625,360.62593556717525,356.080235165036,356.15896549012393,46498000
2023-06-29,357.95953369140625,359.02218292164616,356.3164059384481,358.38261161325084,46151000
2023-06-30,363.4793395996094,364.53211002061613,361.3245547688206,361.63938600193586,58712500
2023-07-03,364.3353271484375,364.9650196119277,363.03654703228636,364.11886379574565,19432900
2023-07-05,364.3255615234375,366.02775236851033,362.73161739283285,362.77098256416923,34460900
2023-07-06,361.55084228515625,361.99361781521185,358.6581182234109,360.6161373160052,49374700
2023-07-07,360.3504638671875,364.5223006013329,360.1241817275953,361.32456403843355,47133700
2023-07-10,360.46844482421875,361.14735113747224,357.56590264064306,360.0748833448816,48498800
2023-07-11,362.2494201660156,362.7020144344407,358.75649019433894,360.89160733391975,38214100
2023-07-12,366.82464599609375,368.17261006456084,364.34515118816057,366.35235412152997,61975400
2023-07-13,373.05279541015625,373.8792835732286,369.4221327489491,370.002641219673,46960000
2023-07-14,372.9741516113281,376.70318269282194,372.0984493610609,373.48577863924965,55148500
2023-07-17,376.45721435546875,377.3329166322363,373.21029383715927,373.6924045131907,40868900
2023-07-18,379.536865234375,380.90452691232883,373.88918038140724,375.8176530095486,55262000
2023-07-19,379.4483642578125,381.74091239064427,378.12006757474666,380.5995627236231,54093000
2023-07-20,370.7013854980469,377.9233483961243,369.67810118299394,376.45728845649995,71941700
2023-07-21,369.58953857421875,373.81055994627815,369.1566117654522,373.0824393896282,60499600
2023-07-24,370.17987060546875,371.508137285771,368.32024921012385,370.56358341647297,40380100
2023-07-25,372.6888427734375,374.35166830858134,370.86858659289726,370.8882841903377,38894400
2023-07-26,371.4490661621094,373.14140793425514,369.14669945351966,371.6458619601726,47075700
2023-07-27,370.5635681152344,378.52346920353193,369.2746366303733,376.9098576612278,63940200
2023-07-28,377.3132019042969,378.3364558632136,374.10561692550357,374.6172439049619,56902900
2023-07-31,377.510009765625,378.69072449832686,376.19156199597427,377.61825646242045,44019900
2023-08-01,376.63433837890625,377.3919451508952,374.56810260541835,376.1620464793932,41060600
2023-08-02,368.36944580078125,373.1611264871784,367.12969826236815,373.1611264871784,72687100
2023-08-03,367.7790832519531,369.90435184798616,365.7915476989131,365.95882713700206,47666400
2023-08-04,366.0572509765625,372.0197980045004,365.555442653565,369.7075822366438,61702800
2023-08-07,369.15655517578125,369.2549530766585,365.53574062735606,367.86762374671235,37230400
2023-08-08,366.0178527832031,366.6672428994244,362.8889976997199,366.64757532989904,44726500
2023-08-09,361.9936218261719,366.4606222337156,361.23601504991956,366.3031915996586,51150900
2023-08-10,362.6626892089844,368.33989085090377,361.13762681764416,365.0044211596802,72035300
2023-08-11,360.3504638671875,362.0821708144487,358.82540151714943,360.10448413157985,48707200
2023-08-14,364.3943786621094,364.51244412842345,358.83524275979033,359.553484355475,42130800
2023-08-15,360.5275573730469,364.21725305178893,359.85846973625155,363.420251160506,45539900
2023-08-16,356.7099914550781,361.5213395998945,356.6115935528061,359.9864284102872,53190500
2023-08-17,352.8136291503906,358.4514953081847,352.4004000236627,358.1071176846967,62604300
2023-08-18,352.37091064453125,353.6303257433368,349.0058945064905,349.54706796393924,61191400
2023-08-21,358.04815673828125,358.7270633237007,353.37454098386434,353.83698416484816,50696500
2023-08-22,357.5364685058594,360.6653235223592,356.84771323850873,360.6554747243955,44530200
2023-08-23,363.17431640625,364.2664820763043,358.5007013012925,358.7171646756477,51770600
2023-08-24,355.41119384765625,366.7459290080147,355.20457928175483,366.6475611373719,66842500
2023-08-25,358.1661376953125,359.8584793596251,352.813616618734,356.24751390715073,69960500
2023-08-28,360.8620910644531,361.7967959662991,358.39244511479126,361.08837318531505,40910000
2023-08-29,368.7433166503906,369.0975431080189,360.34066992242833,360.6653499839977,58492400
2023-08-30,370.7996520996094,371.3801906583347,367.8478954803411,368.8515119480578,41731500
2023-08-31,371.9114990234375,373.6136895466663,370.8095146489998,370.8783961791077,35730700
2023-09-01,371.5179443359375,374.7058320533503,370.0322171464116,374.28275412084383,39801200
2023-09-05,371.990234375,373.21028423077263,369.78623556953715,370.7111217591785,32344200
2023-09-06,368.71380615234375,371.5573465500338,366.7066329588486,371.2129688856082,42998700
2023-09-07,366.076904296875,366.854208721943,363.2136963758197,364.25664812381336,52060700
2023-09-08,366.5885314941406,368.82204686376593,365.6243100816136,366.0277204788888,35800100
2023-09-11,370.9079284667969,371.4195555120843,367.65115913843493,369.618997042065,39936600
2023-09-12,366.795166015625,370.88827258740463,366.5098211030943,369.23526587586855,41391000
2023-09-13,368.1922912597656,369.79608390633206,365.899773384144,367.0312741386667,46300700
2023-09-14,371.20306396484375,372.1869828419729,367.8774433826772,369.94364900319135,48039400
2023-09-15,364.8469543457031,370.2683569363539,363.91221940703196,369.8649465958127,69811200
2023-09-18,365.2272644042969,366.3407068799769,363.6211503956812,363.9069083044634,36903500
2023-09-19,364.44891357421875,365.24703922410754,361.4239024926307,363.9069867992095,37621700
2023-09-20,359.197021484375,365.86778417760956,359.1181771883691,365.51307505644786,45514200
2023-09-21,352.61492919921875,356.30013348758865,352.44743768219166,355.5118408271102,69734800
2023-09-22,352.6642150878906,356.49718479026586,352.3488980230887,354.359006723338,51589700
2023-09-25,354.3392639160156,354.4279712684221,350.7132080525282,351.698551280886,39168000
2023-09-26,349.0184326171875,352.29964255853133,348.03308934331926,351.75768571572956,53657700
2023-09-27,349.8363037109375,351.74787217352633,346.2102174092511,350.17131683413555,56066000
2023-09-28,352.76275634765625,354.89110143517365,348.0626496696963,348.919893509747,56453300
2023-09-29,353.0189208984375,357.6303502343073,351.78724181658674,356.24101262154477,64829600
2023-10-02,355.9651184082031,357.3642890085675,352.6740755034777,353.2849835180275,51625100
2023-10-03,349.7181091308594,355.7188471093465,348.10213144546674,353.52152039917354,60478500
2023-10-04,354.4772644042969,355.32464523779134,350.09247453990724,350.5555871096961,54786700
2023-10-05,353.4327697753906,354.87136248860946,349.93481329542783,354.4673681510727,45897400
2023-10-06,359.3547058105469,360.54696275822704,349.64906850019884,350.4373310951315,75049100
2023-10-09,361.1875,361.7294268804451,355.4922159455429,356.98992719481214,45304800
2023-10-10,363.1875915527344,365.83816676549657,361.01985488274585,361.52235939095345,46968800
2023-10-11,365.7790832519531,365.96630085500436,362.7934947273552,364.5178452299844,38215100
2023-10-12,364.5080261230469,368.2621815500544,362.1136492104433,366.2816620389047,49587900
2023-10-13,359.9261474609375,365.71997003976674,358.5269469460031,365.1386211851273,52469900
2023-10-16,363.9956970214844,365.05002164165177,361.09878511521293,361.2465806062894,44201100
2023-10-17,362.80340576171875,364.49819739696323,358.3299388750343,360.44842090151735,50999100
2023-10-18,358.044189453125,362.5176564466025,356.7139699865063,360.31049708114347,54280500
2023-10-19,354.69403076171875,360.655345729828,353.8959050901614,359.46308875026443,72274200
2023-10-20,349.4027099609375,354.7629794547473,349.17607019624336,354.19146355083643,72559700
2023-10-23,350.45697021484375,353.9943480992888,345.97364136693596,348.08228989392,60665200
2023-10-24,353.8663024902344,354.63486897096254,350.57525986402453,352.27005134335946,47082100
2023-10-25,345.205078125,351.64923004681054,344.6237293379818,351.47187551591344,71190500
2023-10-26,338.623046875,344.9391003796654,337.3322496918458,344.00301231388727,78621400
2023-10-27,340.2488708496094,343.7271312742948,339.03688784248624,341.35245046408454,63476700
2023-10-30,344.08184814453125,345.402204388319,341.3721544179558,342.7319027380687,55298500
2023-10-31,345.72735595703125,346.10179117581265,341.5396474517011,344.1114087821121,47671900
2023-11-01,351.7281188964844,352.2897717671252,346.46638953800874,346.5649298772897,58992700
2023-11-02,358.11322021484375,358.3496930166125,355.019227396992,356.2410737034859,58162400
2023-11-03,362.3205261230469,363.61132326122464,359.1772790267946,359.40391877963543,53280500
2023-11-06,363.7985534667969,364.3602063061445,361.5322761410514,363.08910516190724,38848700
2023-11-07,367.2374572753906,368.10453411405916,363.640930200235,364.84305022033044,50777400
2023-11-08,367.473876953125,368.3114246451074,365.18787362709605,367.611809357646,35663400
2023-11-09,364.64599609375,369.3066505791059,364.1533244520648,368.163678832252,53859400
2023-11-10,372.8440246582031,372.9918201228677,365.8382189302241,366.3703126733044,58309800
2023-11-13,371.6813659667969,372.73569059464137,369.74023831574317,371.2675385887695,40733500
2023-11-14,379.6822509765625,380.5986429310435,377.5637692838589,378.085999934342,67792600
2023-11-15,379.96807861328125,382.0668646539616,378.60830004775363,381.57419300385976,54141400
2023-11-16,380.293212890625,380.52968563166974,377.93822825333365,379.1994663227181,45343500
2023-11-17,380.3819580078125,381.39686046284913,378.6576071328274,379.564106182027,46571900
2023-11-20,385.0129699707031,385.6731631072631,380.391708225642,380.391708225642,44429600
2023-11-21,382.7762145996094,383.52508493768056,381.0321682320462,383.30830826456963,43337000
2023-11-22,384.3429870605469,387.30887987612056,383.3379477672656,384.8455217423324,44121000
2023-11-24,383.80108642578125,384.53023086052497,382.80588004949124,383.9390188541122,15718800
2023-11-27,383.4660339355469,385.4169942650287,382.58906403651775,383.30837541200384,34139700
2023-11-28,384.4710998535156,385.05244878485433,382.3624507839871,382.71719000412895,35491100
2023-11-29,384.09661865234375,388.3631714173632,383.751742528822,386.9344117928961,38811700
2023-11-30,383.1310119628906,384.82580359682476,380.16514915622366,384.3626910552762,52834400
2023-12-01,384.2247619628906,384.81597394641676,380.4114882710684,382.0668577687091,40490100
2023-12-04,380.65777587890625,380.9336707602358,377.0514163134852,380.4311361273443,51186900
2023-12-05,381.6135559082031,382.80581269666436,378.57868217539163,378.7560667953098,42933000
2023-12-06,379.4063415527344,384.64837396386343,379.06149553039216,384.5498336416437,41994100
2023-12-07,384.70751953125,385.5352041703079,381.2883775917739,382.3821241267949,49593500
2023-12-08,386.4220886230469,386.865475058335,382.7861695022315,382.9733871316722,46687500
2023-12-11,389.72296142578125,389.9890233551011,385.7914513797825,385.99836504791654,41198000
2023-12-12,392.82684326171875,392.94507965147454,388.6292710036339,389.76240983251677,39221200
2023-12-13,397.822509765625,398.43341782409794,392.9943334222213,393.7629000232505,55408100
2023-12-14,397.4776306152344,400.3449530293757,394.47231564117436,399.04432278440584,55447800
2023-12-15,399.3990478515625,400.58147183446255,397.6550010435614,398.25604602017006,62896600
2023-12-18,401.9146728515625,402.8131297549099,399.4661600981629,399.7919595715153,46610000
2023-12-19,403.9683532714844,404.0868258236816,402.18132197168427,402.3689135561145,35711900
2023-12-20,397.9654235839844,405.2616685175691,397.78771478214475,403.16857339274765,54042400
2023-12-21,402.595947265625,402.96127778271716,399.3378317905533,401.8949646280869,45568900
2023-12-22,403.19818115234375,404.7680024555693,401.32229576593045,403.81030931871925,34314000
2023-12-26,405.66644287109375,406.3378072759916,403.9583835968251,404.05712074586245,22722500
2023-12-27,406.4922790527344,406.77875835861545,405.0895463807411,405.94898429838435,31980500
2023-12-28,406.2947692871094,407.8950804007767,405.9391646926511,407.6481227170023,27029200
2023-12-29,404.5364685058594,406.6306951771766,402.62007429411545,406.2750604042343,42662100
2024-01-02,397.6907653808594,401.14817289593526,395.3693571629253,400.901215216287,58026900
2024-01-03,393.48260498046875,396.1201263177863,393.0479871898376,395.06314019202443,47002800
2024-01-04,391.45758056640625,394.7272980387974,391.24025658880606,391.61563710886116,39432800
2024-01-05,391.92181396484375,394.6976157049845,390.52896911808637,391.6254768256185,44922800
2024-01-08,400.02203369140625,400.30848287458235,392.99854209536767,393.14671066359654,42473800
2024-01-09,400.8122863769531,401.74084959997214,396.82144210862884,397.01902029717724,39132900
2024-01-10,403.52880859375,404.53638497432706,400.2393458908381,401.1283874203117,33962800
2024-01-11,404.36846923828125,406.195961909604,399.3206391076395,404.80311712160767,54536200
2024-01-12,404.575927734375,406.24536398225337,403.18308286889186,405.40570188156073,39595000
2024-01-16,404.5364685058594,406.1170038547271,401.8792011755404,403.3412016488288,43903000
2024-01-17,402.2545166015625,402.62989707760573,398.0167447545256,401.22719441535935,54386000
2024-01-18,407.96417236328125,408.54698883190395,404.1807942207987,405.5242294407698,59562500
2024-01-19,416.05450439453125,416.2125609154911,409.58422571941946,410.167042183222,70325100
2024-01-22,416.5978698730469,419.5613621004465,415.99527744411733,418.2574182853022,44880600
2024-01-23,418.3265380859375,418.5438620366408,415.4519472523529,417.28929780686303,33003800
2024-01-24,420.6479187011719,424.6190172669874,420.1540033688027,422.2383417474242,46948000
2024-01-25,421.16162109375,423.81888806396256,418.820467179713,423.1471402830395,44367200
2024-01-26,418.6524963378906,421.02328381753233,418.0005245054045,419.27483445736374,37137000
2024-01-29,422.939697265625,423.1372754590085,418.45493756237755,419.10690942510337,38694700
2024-01-30,420.1243591308594,422.47540087743624,419.2155718239364,421.90247237056735,36739000
2024-01-31,411.8957214355469,417.72391587481894,411.7179191648152,415.72850893992563,64010600
2024-02-01,416.7460021972656,417.23991752552706,412.7255241901297,413.69360908615386,51008600
2024-02-02,423.78924560546875,425.0042580366374,417.6449376290023,418.64262610680913,59602400
2024-02-05,423.236083984375,424.3819410907607,419.8280559423624,423.84853420729877,39889200
2024-02-06,422.3865051269531,424.9845045666784,420.0453513036871,424.3819121925699,35846100
2024-02-07,426.73297119140625,427.56274535553325,423.8682682124962,425.1722119616388,37712700
2024-02-08,427.52325439453125,428.28387317609645,426.1699311674683,426.8515066116603,29889900
2024-02-09,431.73138427734375,432.52166690474706,427.86899286829663,428.65924534950017,36943900
2024-02-12,430.0422058105469,433.7959804927143,429.3606002277538,431.6227409321858,33203300
2024-02-13,423.3348388671875,426.0217396052204,420.15402277397357,422.08030471765994,64491700
2024-02-14,427.947998046875,428.3727579939155,423.66081661689094,426.0118584018304,45092700
2024-02-15,429.2222595214844,429.68654108322994,426.0809354789826,428.6394431177946,38796100
2024-02-16,425.330322265625,429.69651759648025,424.6190828712779,429.5977586317076,53716500
2024-02-20,422.11981201171875,424.8462041800542,418.34629159155463,423.3348244505183,53999500
2024-02-21,420.43060302734375,420.51953431757676,416.49905619784107,419.3835049137998,49779000
2024-02-22,432.7389831542969,433.7761932856845,428.43202581368143,429.2025325203063,53887800
2024-02-23,431.46466064453125,435.228292926846,430.486717969249,434.29972972450184,39853900
2024-02-26,431.2374572753906,433.26252819127274,431.0497670405967,432.27469754338847,33043200
2024-02-27,432.27471923828125,432.6599575342669,429.7359871107177,432.34387462219166,33713200
2024-02-28,429.97308349609375,431.3560706752658,429.0148864542858,430.13114003503347,32938800
2024-02-29,433.65765380859375,434.7343855957227,429.7260769829366,432.897035063429,42495200
2024-03-01,440.1872253417969,441.1454223300951,434.487453034906,434.5467204654234,43853000
2024-03-04,438.6165771484375,440.6120144586767,438.369619473107,440.1872243459957,34325700
2024-03-05,430.7435607910156,435.5839552943135,428.37277316164136,435.5740673406185,57917100
2024-03-06,433.4502258300781,436.61126586958386,431.5733535962779,434.9616055413098,46234500
2024-03-07,440.0291748046875,441.2837088767111,435.4950055955854,437.0360491430509,44526700
2024-03-08,433.6773986816406,443.18035480422833,433.0056810784902,440.38477719851295,72096000
2024-03-11,432.0672607421875,433.3217948100284,430.1409789239274,432.18579559632065,45860000
2024-03-12,438.2609558105469,438.6165603792511,431.14856297446795,434.3787885378619,55300900
2024-03-13,434.8924560546875,437.28301956013377,433.7762025649882,437.26324365300286,37928700
2024-03-14,433.79595947265625,436.6507743314446,431.0794252267283,436.12722530080464,52195200
2024-03-15,428.6395263671875,433.5292704242378,427.47386318721965,430.76335642102964,73069800
2024-03-18,432.7276306152344,436.2489556354407,432.4902172279187,433.96405176519625,47323800
2024-03-19,433.8057556152344,434.2113053461235,428.6226579939233,430.71965347253405,43004100
2024-03-20,438.94921875,439.28552163345245,433.30125617856413,435.0025726505381,43653500
2024-03-21,441.0264892578125,444.45879569880725,440.82867997846824,444.0038011516447,39345700
2024-03-22,441.53094482421875,442.6288723201985,439.66146154914395,440.5121350002659,28253900
2024-03-25,439.9284973144531,441.4122025295857,437.73261238861454,438.7316200402831,27789200
2024-03-26,438.5041809082031,442.371709837362,438.2766685525834,441.4517895723345,34142000
2024-03-27,439.99774169921875,441.68918748510794,437.12925080626644,441.5902677606485,41359200
2024-03-28,439.1866455078125,440.79894334096645,438.83054055878017,439.94826998598796,36839600
2024-04-01,440.116455078125,442.6684148785135,438.2073980092949,440.13622694821476,38729000
2024-04-02,436.3181457519531,436.63467679175466,433.2716175055322,435.2993359937669,44259700
2024-04-03,437.2973937988281,439.17674771806725,434.1816188556079,434.1914896972789,39949800
2024-04-04,430.61083984375,442.09473456067286,430.38332749747076,441.48144434714544,57267700
2024-04-05,435.68511962890625,438.35580126025417,431.22410267243185,432.03520215289296,54744600
2024-04-08,435.813720703125,437.6930747609312,434.42893509137633,436.6149191708532,28144900
2024-04-09,437.4259948730469,438.4250025532192,432.68802096544243,438.14804544593466,39443600
2024-04-10,433.60791015625,434.46845437417477,431.5406177904376,432.25279752010994,61502200
2024-04-11,440.5318908691406,441.4814538292868,433.20238290855747,435.4774158620286,45474600
2024-04-12,433.509033203125,437.43590803860127,432.1341485615993,436.30830763057895,53665000
2024-04-15,426.3773193359375,437.34684315344833,425.53654699359805,437.2578244611151,63453600
2024-04-16,426.4168701171875,429.0479775633437,425.0320846681734,426.2190306875889,47619000
2024-04-17,421.2140808105469,428.41499669560693,420.2842896502012,428.39522482332507,56880500
2024-04-18,418.8104553222656,423.5879732317038,418.236739020357,421.8569836696365,46549400
2024-04-19,410.1456298828125,418.1576452072608,408.58280678519526,417.63340383171146,75231000
2024-04-22,414.2702941894531,416.6046426178408,409.44330163156485,412.7766879173197,47807700
2024-04-23,420.4524230957031,421.6492702748659,414.3197623321765,416.1991163771081,44384700
2024-04-24,421.8768005371094,425.06182265057004,419.59189664985104,423.5484443591903,48440300
2024-04-25,419.839111328125,420.6996554825722,413.5976607655309,414.68568705649824,57392200
2024-04-26,426.3179931640625,427.85114324602824,422.28232799555997,422.9747056964863,41874900
2024-04-29,428.04901123046875,429.0480492004489,425.3091127708003,428.42488809783015,30022200
2024-04-30,419.9775695800781,427.8609906947796,419.8984519218457,426.46630425322616,43665900
2024-05-01,416.94097900390625,425.4673645155584,416.09033575149846,418.5532769953046,52251700
2024-05-02,422.26251220703125,423.1626303564194,416.0606350688799,420.67988722114075,36559000
2024-05-03,430.7493591308594,431.738496056238,427.9204118275236,429.72064827636785,48515300
2024-05-06,435.4674987792969,435.5565174735854,431.7780074570127,432.5495329935745,30227200
2024-05-07,435.5367431640625,437.1688129223332,434.80476137168813,435.9126199952162,30996100
2024-05-08,435.2795715332031,436.684159179944,432.7968283132177,432.9155500947103,24896700
2024-05-09,436.2291259765625,436.8028422580396,433.69693803654405,435.54661913008255,24580100
2024-05-10,437.2578430175781,439.4834009785405,435.71479191286244,437.73263958289897,27116600
2024-05-13,438.2667541503906,439.26579205563456,436.85229566102873,439.16687233072867,22994200
2024-05-14,441.0857849121094,441.6199272591331,437.65347886134185,437.8414172762935,34478300
2024-05-15,447.9801330566406,448.22741730211084,442.0453111653553,443.55868954019047,41464700
2024-05-16,447.070068359375,449.75062067502097,446.9019018190155,447.7921189150022,34780400
2024-05-17,446.8525085449219,447.80207154432486,444.65662335588394,447.1986823210974,35803700
2024-05-20,449.96826171875,450.6309665241783,446.88215948281277,447.07009790490423,24474200
2024-05-21,450.84857177734375,451.03651019690585,447.92073510394465,448.11857455171366,23167700
2024-05-22,450.7596130371094,451.8575708019617,448.158177901845,451.10581702372286,25120000
2024-05-23,448.73187255859375,455.5766833514374,446.94153709318385,455.54701045036677,40899200
2024-05-24,452.9752197265625,454.24131365132826,448.64279561626796,450.34411215761514,29669500
2024-05-28,454.6864013671875,454.7457471608754,451.7288919661858,454.19183296241476,26216800
2024-05-29,451.4816589355469,453.26209332010234,450.3936022845126,450.5320959428548,29739200
2024-05-30,446.644775390625,450.69037205896115,445.31933550680014,450.55187839736584,30536800
2024-05-31,445.8138732910156,447.5646648820336,438.2469822206981,446.8722569938479,55941300
2024-06-03,448.20758056640625,450.63094770967405,443.03438403283286,449.63194002907153,32997500
2024-06-04,449.43408203125,450.6309291046102,446.22928846559876,447.9503768344026,23767400
2024-06-05,458.4945983886719,458.5737160540312,449.4736752346723,453.00490099928925,33817400
2024-06-06,458.33636474609375,459.4936682116241,457.1691904379951,459.1771371560527,21966800
2024-06-07,457.9308166503906,460.6806160602475,456.8229881379394,457.97039057899616,25829700
2024-06-10,459.7804870605469,460.1365920375163,456.5163473996493,456.8032055496993,20660800
2024-06-11,462.9358215332031,463.0545433124852,457.0109014117994,458.50450772730306,22053300
2024-06-12,468.9992370605469,471.32371472336234,466.17032012465427,466.86269781638856,34532600
2024-06-13,471.5413513183594,473.1932232482495,469.26634848832265,472.53048823334285,25859000
2024-06-14,473.9844970703125,474.05374389556346,470.87859282283176,471.3434883571342,23372600
2024-06-17,479.79071044921875,481.57114467660335,472.94590045979214,474.2515381397125,37054500
2024-06-18,479.9390869140625,480.6215937616727,478.1784245124455,479.7412776538949,24438600
2024-06-20,476.23974609375,481.55140643530837,474.4098367852232,481.13598584006996,33918700
2024-06-21,474.9637145996094,477.29809320933606,473.47013851655726,475.9627524549559,37456800
2024-06-24,469.55645751953125,475.47099181592733,469.41777397286,473.73725096126896,37751000
2024-06-25,474.9261169433594,475.2233175695722,470.70568664689,471.64687235329933,29014700
2024-06-26,475.9068603515625,476.45176842235986,473.68768194638443,474.1037627803362,22737100
2024-06-27,477.1353454589844,478.6115224234326,474.8468100949917,475.6591987285754,26222100
2024-06-28,474.6585693359375,482.67343166507135,474.014614539721,477.9279271409459,34881600
2024-07-01,477.4425354003906,478.0072166007963,471.8351183529178,475.57999748371265,24898300
2024-07-02,482.45550537109375,482.51494549553286,475.8177426243462,475.94653963864454,26723600
2024-07-03,486.477783203125,486.6065802178196,481.7025582982194,481.7025582982194,18064900
2024-07-05,491.5502014160156,491.9861158127836,487.02265384242645,487.31988469515403,28495900
2024-07-08,492.7192077636719,493.27400238194434,490.89630684162825,491.9167358967407,22109400
2024-07-09,493.145263671875,495.35455587533437,491.6294799402582,494.2350497416093,25614500
2024-07-10,498.2870178222656,498.84181247432565,493.7595004189231,495.0672133936126,28046900
2024-07-11,487.3594970703125,498.6040508659988,486.1706643474196,498.3960104304496,49966600
2024-07-12,490.22265625,494.97804756604864,487.4684863179307,487.934120777822,37109400
2024-07-15,491.5403137207031,496.3551756664707,489.49945539424647,491.9960314409882,31151400
2024-07-16,491.728515625,493.80901063185854,488.56815140505716,492.99662197224063,25950600
2024-07-17,477.2938537597656,484.2585366703108,477.2245271091295,483.7433788856669,56268800
2024-07-18,475.0350646972656,481.19727609369016,471.8449804007106,481.0189557238677,49347400
2024-07-19,470.8245544433594,477.2146398442787,469.53664478511604,474.69823041742177,42042900
2024-07-22,477.83880615234375,478.85923528562404,473.2716216155166,476.6895800024484,40300000
2024-07-23,476.1545715332031,479.92917053758373,475.67905054621997,476.9372401363334,23282500
2024-07-24,459.0747375488281,469.7842993335882,458.21282556323735,469.4177418439957,58818600
2024-07-25,454.01220703125,463.59237645887646,451.3967509671105,459.4115832282099,59256800
2024-07-26,458.6686096191406,461.6011001943518,455.49832829228717,458.3515754396466,39992100
2024-07-29,459.5899658203125,463.56271916234846,457.3311501815237,461.3831469520945,28218500
2024-07-30,453.2791442871094,462.2252464673246,449.93054261059604,461.5218514548279,41317200
2024-07-31,466.69329833984375,468.3973190381643,462.07659074748636,463.52301742956,44552100
2024-08-01,455.3893127441406,471.1316633842162,451.74351079884156,467.37689795882113,56653900
2024-08-02,444.5806884765625,449.35591337831903,440.340454930092,446.7008203668183,66323200
2024-08-05,431.32501220703125,438.18073242125257,419.5157767707517,420.7640496665403,87483500
2024-08-06,435.4463195800781,442.91627380301435,430.5224947083419,433.1677010049891,63164400
2024-08-07,430.7305603027344,444.8283608872693,430.33428273182557,442.34167151120243,54929200
2024-08-08,443.90704345703125,444.8184789180148,433.0884865440954,436.9621628383831,47890100
2024-08-09,446.2252197265625,447.8598834396681,441.4697986482107,442.5893045939609,33574000
2024-08-12,447.1862487792969,450.1484591172227,444.3825252809175,447.19616554453364,27795000
2024-08-13,458.2821960449219,458.5497068481307,451.4463093931689,451.5850231776538,40084500
2024-08-14,458.4307861328125,460.7886481545662,454.1409992347584,459.2035379429091,34733700
2024-08-15,470.01220703125,470.4084846096922,464.02831582443696,464.4047901058715,38280600
2024-08-16,470.61651611328125,471.9836994318874,467.267914706038,468.22890368838864,38383600
2024-08-19,476.7984924316406,476.8381292557489,468.97189765937463,470.755191935789,23737700
2024-08-20,475.79791259765625,478.4530054535782,474.1037784441942,475.887072779306,29209300
2024-08-21,478.0171203613281,479.86974146186225,474.86667281387304,476.58058013398335,25658800
2024-08-22,470.4382019042969,481.0288841455253,469.4078560191765,480.33537571180096,37739600
2024-08-23,475.54034423828125,478.25487736174836,470.8641963105765,474.7873956850109,36061500
2024-08-26,470.92364501953125,475.91682719058724,468.8431499287544,474.9954750129997,27452600
2024-08-27,472.3304443359375,473.400396779738,467.32734562030106,469.28896037364865,27510000
2024-08-28,466.9707336425781,472.588037228048,463.54288867121295,471.8648389451947,37372400
2024-08-29,466.2871398925781,473.4895840302983,465.00911671200544,468.8827928484705,41081500
2024-08-30,471.8450012207031,472.4691527766626,466.1385374963052,470.62644840577417,33466500
2024-09-03,457.5193786621094,468.93233689946493,455.1416828085824,468.80357010979293,44985200
2024-09-04,456.3304748535156,460.1348241601613,453.477258224592,454.40852713775496,32505100
2024-09-05,456.75653076171875,461.03637108490403,453.6853265127626,454.7057556737919,34452400
2024-09-06,444.5212707519531,456.93485462854244,444.0259161994411,456.05310901273066,50624400
2024-09-09,450.23760986328125,451.2283188768992,445.64073576179464,448.8506232910241,32981200
2024-09-10,454.39862060546875,454.90389190042566,448.02836861259885,452.0010913798349,29680300
2024-09-11,464.2660827636719,465.0091145713216,447.08719099889396,455.6370151696974,57843000
2024-09-12,468.8233337402344,469.635722410282,462.51252198450715,464.29578616525714,40067800
2024-09-13,470.92364501953125,472.1025912298367,467.86235762577684,468.0902315957997,29111800
2024-09-16,468.8431091308594,469.4573438624681,465.524258227229,468.79358577535754,22585600
2024-09-17,469.0908508300781,473.1626810286975,466.5942747357859,471.8648545022235,30084400
2024-09-18,467.05987548828125,474.38119962315574,466.4555272479723,470.2895966560615,39909200
2024-09-19,478.8690490722656,481.71240906933616,476.02571930923193,478.1260173822448,52782500
2024-09-20,477.9576416015625,479.19602782363893,473.8560919217068,478.0071649568301,34577700
2024-09-23,479.224609375,480.315926835132,477.7959811138323,479.135323893243,24843000
2024-09-24,481.53619384765625,482.48860259985565,476.3772853530918,480.6333780488886,25952600
2024-09-25,481.9826354980469,483.93707616737726,480.732578237264,480.91114919551086,26549900
2024-09-26,485.6037902832031,489.80038938586057,481.96276544725106,489.47297902508933,32020200
2024-09-27,482.9053039550781,486.7645925142839,481.7247009952947,486.6256838006488,22851100
2024-09-30,484.21484375,484.55215452746376,479.10552858521237,481.942923506745,30281100
2024-10-01,477.46856689453125,484.1454193353246,473.62913982724353,483.8478010651969,42735400
2024-10-02,478.1432189941406,480.05796717810114,473.9466197241842,476.5657513321326,23744000
2024-10-03,477.7860107421875,480.722621801194,475.2065415805555,475.9506174766113,25337200
2024-10-04,483.4707946777344,484.02636896280734,478.57974271825753,483.59977268614915,30686600
2024-10-07,478.2919616699219,482.72665493988626,477.0716663783261,481.55598287079204,24975100
2024-10-08,485.4350891113281,486.1196413389746,480.02815591476696,480.83175543826064,28272000
2024-10-09,489.25469970703125,489.8301353566888,484.09579164367744,485.1374857909003,24995000
2024-10-10,488.69915771484375,490.5643129343177,485.663330270901,486.972911204982,25750400
2024-10-11,489.4630126953125,490.4849059533432,486.2982378562307,486.86371250603634,20644500
2024-10-14,493.57037353515625,494.8898548804224,491.34807641617016,491.85402746733337,26060100
2024-10-15,486.972900390625,494.5624688319381,484.82002737514097,493.8977476785361,34784500
2024-10-16,487.032470703125,487.8063085344841,483.71885587261136,487.30032716441195,22996800
2024-10-17,487.3697509765625,492.56835196515686,487.3102273222296,492.51875901205545,27210700
2024-10-18,490.5643005371094,491.6556179545978,489.40352876657005,490.15753539620334,25335000
2024-10-21,491.5068054199219,492.3104049952959,487.4292536147581,489.35393242594535,30336500
2024-10-22,492.0425109863281,493.5207623873369,488.0840368199485,488.8380434331737,26685800
2024-10-23,484.5025634765625,490.34605451121007,481.2187106828383,489.6912640374047,39346600
2024-10-24,488.4312744140625,489.1058959697234,485.5740180882913,488.2229113611023,22024900
2024-10-25,491.4075927734375,496.32840643950317,490.52460813834386,491.22902181685464,38762100
2024-10-28,491.4869689941406,494.58232014940006,491.1893507201843,494.52279649460877,20477800
2024-10-29,496.2093505859375,497.38995346166206,489.94919430030234,491.8044187402905,28014100
2024-10-30,492.459228515625,496.39787173074626,491.9731085864843,495.4454629981242,29756000
2024-10-31,480.0281677246094,488.54038262888133,479.92895155012076,488.4907896798999,41245200
2024-11-01,483.57989501953125,486.8736783677744,481.36752865476586,481.6651469129995,33655800
2024-11-04,482.1711730957031,485.5145497059188,480.4250650808486,482.9747727442374,23291600
2024-11-05,488.3221130371094,488.9868341489813,483.6691560835817,483.75844155654505,24353600
2024-11-06,501.5865173339844,502.40997829462293,495.65377146447037,496.60618015035925,43082200
2024-11-07,509.4836120605469,510.26741073728783,504.3247041524069,504.3842278003702,32853100
2024-11-08,510.0790100097656,510.8528175863819,508.3626334733241,508.98766217712193,22924500
2024-11-11,509.78131103515625,511.5075574474809,506.8843621879825,511.29919439483575,24167500
2024-11-12,508.85858154296875,510.5947585805115,505.80292327856444,509.7118345645932,25835300
2024-11-13,508.203857421875,510.9122744153452,505.9220366929146,508.35269682828596,24567400
2024-11-14,504.6719970703125,508.739588052962,503.75925058094214,507.8665643683169,28679500
2024-11-15,492.647705078125,499.35428866917067,490.58411760662926,498.9673849410941,51461100
2024-11-18,496.0704345703125,498.1737145612043,492.8064433987384,494.1953790330812,27080800
2024-11-19,499.4832763671875,499.96942655752554,493.1536656807539,493.49100674201975,24523000
2024-11-20,499.195556640625,499.5031055797306,492.6377521945281,499.18562594048456,29565500
2024-11-21,500.99127197265625,502.9556129602977,493.62986778963904,502.2412988893756,34526700
2024-11-22,501.7948913574219,502.5290365817057,498.8086569561695,500.4357175118036,23826600
2024-11-25,502.5885314941406,507.41015895691515,500.2769490739955,505.8723839670451,26375200
2024-11-26,505.2870788574219,506.1105398394157,503.2235216050594,504.0667834357268,26557100
2024-11-27,501.3087463378906,504.2255264165309,497.96536999082,504.1561023396317,24957400
2024-11-29,505.7136535644531,506.308920336892,501.31865253598164,501.93375043277575,15334000
2024-12-02,511.2198486328125,512.1822183655047,506.586752593205,506.97368662654696,25147200
2024-12-03,512.787353515625,513.0651709231122,509.31499924035353,509.890434903682,18597900
2024-12-04,519.1268920898438,519.3848480945504,515.4957677287545,516.2101120920232,26086200
2024-12-05,517.6882934570312,519.9006596223231,517.3013594796879,519.1764451670765,18169600
2024-12-06,522.3214721679688,522.5595667910787,518.2240889616199,518.3530669746475,23762600
2024-12-09,518.2538452148438,522.1924580312864,517.102973878682,521.3987891581372,20674400
2024-12-10,516.4878540039062,521.2301267457367,515.0592258717493,519.4840189672058,24350000
2024-12-11,525.7341918945312,526.418744067759,520.4463366907022,520.8530714936718,32168600
2024-12-12,522.34130859375,524.7818994700399,521.8651193703002,523.511980803434,23577500
2024-12-13,526.3394775390625,528.958578680959,523.1349494940644,526.2700231888497,28780400
2024-12-16,533.9191284179688,534.8914288475645,528.7899817598816,528.8693668170654,31979900
2024-12-17,531.5678100585938,533.234532805748,529.911018011913,532.1233843076452,28579100
2024-12-18,512.3905029296875,532.6393233284896,510.942073860317,530.9230075449514,54703200
2024-12-19,510.10870361328125,517.6387790519901,509.77142308420235,517.0732740500031,46441800
2024-12-20,514.563232421875,520.674610325421,505.2672783831969,506.4081888202465,60530000
2024-12-23,519.5765380859375,519.9541493914461,512.8790017472445,516.2774428461142,29672800
2024-12-24,526.621826171875,526.7112253012842,520.8881517500126,521.5241349732042,17558200
2024-12-26,526.2639770507812,527.8936610974116,522.994722895012,524.9920714258506,19090500
2024-12-27,519.2683715820312,523.1338828752066,514.5979649367405,522.6966520264838,33839600
2024-12-30,512.3621215820312,516.088500066774,508.60593328242436,512.2627757493814,34584000
2024-12-31,508.0097961425781,514.3992562583705,507.0459049159329,513.644094410772,29117000
2025-01-02,507.01605224609375,513.3856790451194,502.5245044941701,511.0603921100838,36389800
2025-01-03,515.3134765625,516.3767439002675,509.3015977009679,510.11637914045036,29059500
2025-01-06,521.2359008789062,524.5946151120777,518.7417623146622,520.7192176012078,36109700
2025-01-07,511.93487548828125,522.67678090554,510.0468799728483,522.2793368947259,36690300
2025-01-08,512.0242919921875,513.6638621182858,507.35388554228564,511.8354863915311,30777800
2025-01-10,503.99517822265625,508.35750954578344,500.74578709152473,508.2581637128413,40532500
2025-01-13,502.37548828125,502.83258226211484,496.5524148250259,498.04296636403393,31694200
2025-01-14,501.89849853515625,506.94651670595886,498.4304916746537,505.5354479124467,33737200
2025-01-15,513.4453125,514.5880322454942,508.2382987029594,509.79844685715614,34957600
2025-01-16,509.84814453125,515.7904573182853,509.71895854451463,515.7109442532102,28229000
2025-01-17,518.4535522460938,520.768892568159,509.8779077274795,519.5565458046289,51837900
2025-01-21,521.4942626953125,522.6568758608805,516.7841297495139,521.1762711033113,23628000
2025-01-22,528.162109375,530.4575566117059,525.926281781428,526.2343267127363,33593000
2025-01-23,529.2849731445312,529.4042124255304,525.1213630726537,525.7076127624492,23096600
2025-01-24,526.2938842773438,530.427653898665,524.8232261530454,529.6625453438141,19878300
2025-01-27,510.9709777832031,514.7271357656366,506.9365241022923,507.78117595907423,60771700
2025-01-28,518.5231323242188,519.7056389765987,508.5563122008364,511.9746158466005,33194200
2025-01-29,517.5493774414062,519.2983011374322,513.6441392716389,519.169115138246,26649000
2025-01-30,519.7553100585938,522.7860860608997,514.9458310521527,520.4111867008249,27431300
2025-01-31,519.0000610351562,528.1719622881295,517.9070142215932,523.6009014071057,38755200
2025-02-03,514.8464965820312,517.5692280728744,507.8309687758005,510.2357086154253,40580800
2025-02-04,521.1663208007812,521.8023039804046,514.9656364261884,515.3631410761267,26046800
2025-02-05,523.5313720703125,523.6903982021383,517.3406339590531,518.533087344952,21134100
2025-02-06,526.2639770507812,526.472676075882,522.4283060989018,524.038096719135,19434500
2025-02-07,519.626220703125,528.7483905495548,518.9008382267226,526.8007749908396,29605500
2025-02-10,525.916259765625,527.0192533310259,523.432007239571,523.8990176021349,20852800
2025-02-11,524.6642456054688,526.5820814924964,522.5178778686476,522.6470638665404,19325500
2025-02-12,524.9722290039062,525.8566374548477,518.6622518801204,519.0100229717194,25009400
2025-02-13,532.5243530273438,532.8422839525621,525.856597948036,526.6415998490472,28714800
2025-02-14,534.76025390625,535.445910069072,532.2958340155867,532.6337190649526,17862600
2025-02-18,535.9725341796875,536.5985706975572,532.6634926781901,536.3302520039847,20565000
2025-02-19,536.12158203125,537.4034344848549,533.0808594023651,535.1775539526902,19666900
2025-02-20,533.8460083007812,535.7042244561445,529.1060954227281,535.3365599110106,26550800
2025-02-21,522.7662353515625,535.0086388627485,522.3985708362279,534.9887454346671,47093800
2025-02-24,516.5952758789062,525.7373361801731,516.2574515413156,524.5548296972278,39268400
2025-02-25,510.0865478515625,516.0487531882743,506.23098354843376,515.9692401349251,48940000
2025-02-26,511.3188171386719,516.3866683055141,508.14890831803217,512.2827387092531,34457600
2025-02-27,497.11883544921875,515.800434214296,496.9002199954935,514.8663527597747,52448000
2025-02-28,504.96905517578125,505.5751982352111,493.7998352114138,496.9796905709141,47654000
2025-03-03,493.9190368652344,509.8083050877629,490.4708934129811,508.29789058596987,44587200
2025-03-04,492.42852783203125,500.5669416036149,484.6677252997208,491.0671622880661,67875400
2025-03-05,498.8478698730469,500.45766070927147,488.1655836699512,493.0744692441924,46323700
2025-03-06,485.1248474121094,495.43943846939203,483.1374453830968,490.58025627763743,57574300
2025-03-07,488.6922302246094,490.172835031535,477.5031471015196,484.0913896771833,54714700
2025-03-10,469.7523193359375,480.9215096966139,465.7079486891979,480.4047960555825,76668000
2025-03-11,468.6293640136719,475.79393921809975,464.0682803902365,469.374639710155,68760800
2025-03-12,473.9158935546875,478.0297999193566,468.8182025802525,476.1417740872487,46971100
2025-03-13,465.38995361328125,473.27994250338116,463.4919809381716,473.25013268441506,46563300
2025-03-14,476.6386413574219,477.5329662224829,470.13982810737366,470.7460015069771,43563000
2025-03-17,479.72900390625,482.77967314656735,474.7903088976975,476.5889052181335,41744400
2025-03-18,471.55084228515625,476.58888289393093,469.43425447701435,476.39016090546806,39072300
2025-03-19,477.86090087890625,482.27290553437547,471.8788012950444,473.80658371122826,40430300
2025-03-20,476.24114990234375,481.4978063463737,473.1805338469725,473.8761366755608,36780500
2025-03-21,477.8111877441406,478.5763266010879,469.93114605028205,471.0937592442753,42234900
2025-03-24,488.29644775390625,489.1423592971704,482.0665930507614,485.39050030859886,34567200
2025-03-25,491.08294677734375,491.2421796862816,488.05761261924056,489.022941249908,26035200
2025-03-26,482.04669189453125,490.7843964317407,480.49420901971564,489.92852335581483,34627100
2025-03-27,479.2999572753906,484.23605568618603,477.9365616361051,480.08616022723464,33469800
2025-03-28,466.68109130859375,478.2052964153207,465.79536391222956,477.49872503017417,46363800
2025-03-31,466.6611633300781,467.5966072840796,455.12696717610356,459.6948832614754,53000300
2025-04-01,470.4229736328125,471.3484864500327,462.18286035410387,465.04896162318204,41156200
2025-04-02,473.8563537597656,477.2499312507818,463.6159127395909,463.87467002418674,49894500
2025-04-03,448.4891052246094,457.8537794541511,447.9716210778618,454.24126086225453,70456300
2025-04-04,420.63397216796875,438.24869137872236,420.63397216796875,436.0294529358994,117088400
2025-04-07,421.6490783691406,441.00539943904226,400.45169308643915,406.6914794249544,161557000
2025-04-08,414.0557556152344,441.0053229949478,407.8159703583268,436.04930169029,101248100
2025-04-09,463.7552185058594,465.5763897991723,413.4288133631856,413.56815354318593,142876900
2025-04-10,444.03070068359375,453.3953754518723,430.5459844866977,451.3751553721857,108384100
2025-04-11,452.2110900878906,453.5944088551687,439.2040426870755,442.50805710466096,52483800
2025-04-14,455.2762756347656,462.80978696729005,450.4496325846052,462.2226327115798,43941200
2025-04-15,455.7838134765625,460.15268105084914,453.9526805576148,456.33118230210107,35404200
2025-04-16,442.0403137207031,450.43965945558847,435.6512567922465,446.8669566467618,48980600
2025-04-17,441.9607238769531,445.59313532137156,439.2339021288606,445.0159426129849,44837000
2025-04-21,431.02362060546875,436.9648633110088,425.86858083880827,436.1189822025886,44149300
2025-04-22,442.3388977050781,445.42394033849905,435.51192735142513,436.70615895638065,52304400
2025-04-23,452.37030029296875,461.1478200555359,450.698400444071,455.9629260663685,55801100
2025-04-24,465.0987243652344,465.4072286279397,453.6341981671536,454.28109133466916,45956100
2025-04-25,470.28363037109375,470.81107609503925,463.1481859616907,464.72056158591084,38697100
2025-04-28,470.1343688964844,472.5228018406058,463.7850969803822,470.75137745023704,33550800
2025-04-29,473.23931884765625,474.1250461983433,467.32793004665405,467.9051531308386,30613100
2025-04-30,473.1795959472656,474.90127322951986,460.2024029412006,464.87977453427817,46810600
2025-05-01,479.35968017578125,484.83318599096134,478.4242058431775,481.08135748377987,43316500
2025-05-02,486.4752197265625,488.54521706431206,482.49448832227375,484.1962728644179,39218100
2025-05-05,483.5892028808594,486.6742758401759,481.768031598775,482.26562303187217,28309500
2025-05-06,479.09100341796875,482.71345338039805,475.88651326591844,477.2499089792982,32786300
2025-05-07,480.9718933105469,483.4598506116992,474.4833116025476,479.7577689327616,38006300
2025-05-08,485.9378662109375,490.32662643958486,481.8377175267332,486.1767003880921,39577600
2025-05-09,485.6194152832031,489.17222563016486,483.8579524315384,487.8486153265174,27767400
2025-05-12,505.40362548828125,505.44344130675324,499.0643154796623,504.5477524292731,45090600
2025-05-13,513.1063842773438,514.8977013705513,505.97090943590337,506.707335072133,53269600
2025-05-14,516.1814575195312,516.7287959644325,513.2655789214306,514.2806849131285,47014500
2025-05-15,516.7487182617188,519.4158011315517,512.6883550423395,514.0318883953613,50153300
2025-05-16,518.9978637695312,519.1869509574169,514.6090729974479,518.1519218274547,48394600
2025-05-19,519.4954223632812,520.0129368955124,511.76283198638407,511.76283198638407,52536200
2025-05-20,517.7638549804688,518.4206490040874,514.171198352801,516.96766002425,42517600
2025-05-21,510.568603515625,520.4806468794133,508.77728647765286,513.7830855259509,71292800
2025-05-22,511.5239562988281,515.2161063326972,509.83213340019597,511.1855674226468,55607200
2025-05-23,506.78692626953125,509.37440786318274,503.14455323986806,503.74166904926017,58368100
2025-05-27,518.709228515625,519.1969191841325,512.1112214329714,513.6637044067394,47226300
2025-05-28,516.4102783203125,521.1573196978349,515.8928245699911,519.6645455027536,46637200
2025-05-29,517.4254150390625,523.943850597734,514.8280023627366,523.7946096140164,58513300
2025-05-30,516.609375,518.1718194248762,509.46396914496165,516.937802360934,67662800
2025-06-02,520.689697265625,520.9285314569356,513.4845216279213,514.7484234216115,44762800
2025-06-03,524.7598876953125,526.192953382638,520.172109482974,521.0379136751978,44070300
2025-06-04,526.2228393554688,527.2876922621837,523.4362788655679,525.4664906934179,41359300
2025-06-05,522.261962890625,530.4821825867151,520.1422186545674,527.6260127928042,61031200
2025-06-06,527.3672485351562,529.2381970448477,525.6655248338539,527.446880166096,42467000
2025-06-09,528.1435546875,529.7855699578893,526.4616932284755,527.5862547168781,33688700
2025-06-10,531.63671875,532.3233974321485,526.3423380359699,528.6113236327552,40664800
2025-06-11,529.8453369140625,534.1943423631835,527.5564282374158,533.0398961060292,53701000
2025-06-12,531.0892333984375,532.0645538594068,528.282871317245,528.5316670205602,34104900
2025-06-13,524.4215698242188,529.3078908293887,523.1974536303323,525.1380723113464,55814400
2025-06-16,531.7161865234375,532.7910009351023,527.894718657064,527.9444656479175,37622100
2025-06-17,526.5314331054688,530.7609608109505,525.3670252740969,529.1487692272117,42180900
2025-06-18,526.4417724609375,529.9846210200801,524.8594657253662,527.5464108599048,43983500
2025-06-20,524.292236328125,530.989797962704,522.3516174800588,529.6960723110417,61643500
2025-06-23,529.6832275390625,530.2012624901581,521.7128229011945,524.8611059770333,50666100
2025-06-24,537.7831420898438,538.6997215726698,534.2861174166954,534.9038188952696,45442000
2025-06-25,539.157958984375,541.3000294115662,537.3845756916884,540.0546537700266,44804200
2025-06-26,544.1992797851562,544.6476272131085,539.5167156535897,541.339901952907,43811400
2025-06-27,546.0623779296875,547.9553124291843,542.5254624415982,545.2354314727291,57577100
2025-06-30,549.5992431640625,550.7549250315776,546.9789678853869,549.2206440950201,45548700
2025-07-01,544.9664306640625,548.6727003482655,542.6450333450836,547.6962844543337,56166700
2025-07-02,548.7623291015625,548.9616013728256,544.099649838931,544.1394799694398,36538300
2025-07-03,554.1622314453125,555.1386472795501,551.1334998356798,551.1334998356798,26443500
2025-07-07,549.9878540039062,552.2893059767699,547.5469053516296,551.4723321808171,45349300
2025-07-08,550.2966918945312,551.9604968449189,549.0612280892235,551.3328226115977,36153300
2025-07-09,554.1921997070312,555.5670993773455,551.0538285444961,552.4287282148103,43045500
2025-07-10,553.3951416015625,555.2382732584896,550.7051180084419,554.8298167972696,34710900
2025-07-11,552.1497802734375,553.733864104168,550.0077097543851,551.2530854493318,39618600
2025-07-14,554.1524047851562,554.8896575344722,549.5893307950605,551.9405857278426,36453300
2025-07-15,554.660400390625,558.7253235687808,554.6006247913591,558.177370440617,43277700
2025-07-16,555.228271484375,558.1375126628243,549.5194892045199,555.2183595594536,52314700
2025-07-17,559.7216186523438,560.229741645841,555.1486333295833,555.9556343165032,40423800
2025-07-18,559.1836547851562,562.6407884950407,557.9083608963978,561.0367592084838,50484700
2025-07-21,562.0828857421875,563.9659084478778,559.9807060956166,560.0106243017523,39595200
2025-07-22,559.1737060546875,562.2622135594852,556.5434579032301,562.212410691865,43270600
2025-07-23,561.7242431640625,561.7640732969975,557.5099110527195,560.2597104593184,40215300
2025-07-24,562.9197387695312,564.1451688896942,561.2060703387892,563.0392899612859,42275500
2025-07-25,564.2747192382812,565.5998159531918,562.1825124752501,562.8400440606903,30630800
2025-07-28,566.0382080078125,566.9348420155121,564.7728868526946,565.6396634648174,31498700
2025-07-29,565.1614990234375,569.9935327032099,564.434219030358,568.6485511909246,45463300
2025-07-30,565.9186401367188,568.508997161805,562.9595959750744,566.0780214636062,43433800
2025-07-31,562.9197387695312,572.5041444344463,561.7839416385068,572.4144506359528,64613600
2025-08-01,551.8309936523438,556.951993446216,549.6391201209816,556.7626938955674,69400800
2025-08-04,562.0131225585938,562.2323403030458,556.8822111512052,556.9818168836358,47669800
2025-08-05,558.1973266601562,564.4640352064246,557.6592854470431,563.2983805936119,48666600
2025-08-06,565.2212524414062,565.6596271290572,558.5559991276681,559.0342039471559,41823700
2025-08-07,567.1340942382812,571.1990173575662,563.0193682552224,569.5550971875249,44463000
2025-08-08,572.4244995117188,572.6437172653317,568.0408133424522,568.3396913615944,35255500
2025-08-11,570.7307739257812,574.6661734544787,569.4555407796788,572.5639937844218,33112900
2025-08-12,577.904052734375,578.2029307017501,570.3720239097617,573.0321290334282,42143300
2025-08-13,578.1930541992188,581.1620102059526,576.7982091868794,580.604084362888,41209300
2025-08-14,577.7448120117188,579.7274406220099,575.7720953282917,576.1407825220163,45425000
2025-08-15,575.2041625976562,577.6949138700501,573.4406912378071,577.6550229317031,49480200
2025-08-18,574.9749755859375,575.6325679790418,573.1118984877381,574.3074712675442,29831000
2025-08-19,567.1739501953125,574.4269858610731,566.1477315418194,574.2576318109441,53752600
2025-08-20,563.8065185546875,566.3470728538312,556.7726389420532,566.2275216498264,76781100
2025-08-21,561.1962280273438,564.3943140175195,558.9046880126308,562.2622161511607,46436900
2025-08-22,569.85400390625,571.8665505027725,561.186237654488,562.5810219572568,51502100
2025-08-25,568.2101440429688,571.1691275247927,567.0544013373471,568.2898651145814,34044700
2025-08-26,570.4916381835938,570.8004889189272,566.6957355547859,567.7219543005008,34103000
2025-08-27,571.3684692382812,572.285048840458,568.2600159705794,569.4755344252939,36927100
2025-08-28,574.9451904296875,575.8617699919798,570.3422863370614,571.9861459076477,46787900
2025-08-29,568.2898559570312,572.9027323513419,566.4366907257225,572.5340452045847,56030400
2025-09-02,563.527587890625,563.8762688061983,557.4700627066655,559.2335343759405,65876800
2025-09-03,567.9610595703125,569.585034325084,564.6333889904666,567.1241403555323,54230200
2025-09-04,573.1019897460938,573.470616113036,566.9249745111877,568.6286096639848,47526300
2025-09-05,573.9288940429688,578.9701724080204,569.4156841594208,578.3424981949754,68342500
2025-09-08,576.728515625,578.6912594012136,575.6326093036281,576.2303653317651,46371400
2025-09-09,578.3624877929688,578.7908897662577,574.9052929899314,577.5255685086003,44007600
2025-09-10,578.5517578125,581.6104078841153,576.4096872460331,581.5804896782814,49308000
2025-09-11,581.919189453125,582.7162176589113,579.4682684312116,581.0822703109691,44745800
2025-09-12,584.4896240234375,585.6851967841828,581.9390971782137,582.875622079706,50745900
2025-09-15,589.4910888671875,589.6006673309763,586.1136154844122,586.263084887294,44360300
2025-09-16,588.9929809570312,590.666758666618,588.3055311111864,590.4176835168099,36942100
2025-09-17,587.8173217773438,589.560847731768,582.2081448420756,588.9132280535239,69384800
2025-09-18,593.11767578125,595.9272507480725,590.7664209781601,592.7091584852494,61069300
2025-09-19,597.1326904296875,597.83011295333,593.6456386208329,595.1202047360832,58196100
2025-09-22,600.667724609375,601.3360027595129,596.1990824942005,596.2190510860968,57154800
2025-09-23,596.6779174804688,601.0367933292055,595.4609900615409,600.8372900448078,64635500
2025-09-24,594.583251953125,598.3736318933126,591.8502333814113,598.0544387994095,49850300
2025-09-25,592.0198364257812,593.6057566967052,587.0026056631178,590.6932034651784,70920200
2025-09-26,594.4535522460938,594.7827296224774,589.5560723046866,592.8376791327265,54337400
2025-09-29,597.20654296875,600.5181027058711,595.8898943349653,597.5855809487724,48332900
2025-09-30,598.8424072265625,599.1815689140329,594.5832523790604,596.9073409482912,46533800
2025-10-01,601.7150268554688,602.2536309055715,594.8226361779185,595.6504804045827,46899600
2025-10-02,604.188720703125,605.6150748101588,601.3958573858611,605.5153536087707,43765400
2025-10-03,601.645263671875,605.7847287787447,599.859840058186,604.9668078782124,46482100
2025-10-06,606.1636962890625,607.8094613156995,604.4280726015548,606.9018036091138,41962100
2025-10-07,602.9718627929688,608.1586438162234,601.4956480641417,607.4703970532165,58209500
2025-10-08,609.88427734375,610.1934861561377,603.7200088104369,603.8695906281247,50629800
2025-10-09,609.1461181640625,610.0537759298148,605.9342796270852,609.9241018375851,45551000
2025-10-10,588.0000610351562,611.6198017284072,587.5511938507611,609.8443624637231,97614800
2025-10-13,600.4782104492188,601.415821078074,595.7103438165695,598.1541220292103,65872600
2025-10-14,596.4783935546875,601.1564623206032,588.6284235801336,593.7952358040048,69203200
2025-10-15,600.6876220703125,605.1562641092269,594.4136488911962,602.4731063786636,62805500
2025-10-16,598.4633178710938,606.7621549667239,593.9847524006545,603.5702851791965,70982000
2025-10-17,602.393310546875,603.9693073296388,594.8525491800316,596.4285459627954,72024900
2025-10-20,609.98388671875,611.2406903321764,605.5252900595317,605.5951192469275,45761700
2025-10-21,609.8244018554688,611.1609582497778,607.7696457807522,610.0837500489531,44538200
2025-10-22,603.9493408203125,609.8542605281881,598.2139715066553,609.2657958565487,61478800
2025-10-23,609.0264282226562,609.8143961922938,602.9818500103868,603.3708114071275,42844300
2025-10-24,615.52978515625,616.8464337655934,613.5648269782704,614.4226241256162,47632500
2025-10-27,626.4918823242188,626.9506729134798,622.4422152319877,622.930958710038,54098600
2025-10-28,631.3095703125,633.0651018787079,627.648925370604,628.7560864561588,61195700
2025-10-29,634.15234375,635.3891789092543,628.6463695521778,633.9728090539653,67422800
2025-10-30,624.45703125,631.8880872300178,624.3473257513068,630.5614543099158,61628600
2025-10-31,627.4693603515625,632.5863121135939,625.0954113092228,632.5563592252307,66305100
2025-11-03,630.4716796875,634.2021534587442,628.2473125587718,633.4939381480045,37154300
2025-11-04,617.6743774414062,625.354797701833,616.8864094378021,621.6941527131348,63830800
2025-11-05,621.6941528320312,625.0056518350635,615.6395900613109,616.9163015661201,48688500
2025-11-06,610.1136474609375,620.4572571227977,608.7471381645778,620.2078932237561,72115100
2025-11-07,608.1885375976562,608.3980251800011,597.1466973484642,606.7621834660789,81835400
2025-11-10,621.6442260742188,622.7214951546598,615.3203917446493,617.3451949289606,55919900
2025-11-11,619.9884643554688,621.1355017301039,615.9487814833327,618.9910087880348,44868800
2025-11-12,619.4996948242188,623.2700450530867,616.2379957742788,623.2501373408774,47444400
2025-11-13,606.8519897460938,616.5472286099415,604.5378855310528,615.9686873362173,71333600
2025-11-14,607.310791015625,611.7893568378086,595.6505328274214,598.0244819828539,80087300
2025-11-17,602.1240234375,610.9215891749508,598.3436886131177,604.7573208445992,63850400
2025-11-18,594.792724609375,600.7774579901122,589.8353996813287,598.0943000892208,83327300
2025-11-19,598.3436889648438,604.6176628042144,593.077155027408,595.5508254465173,73111500
2025-11-20,584.1798095703125,612.4676969147798,583.262167456246,610.0637948039835,117743200
2025-11-21,588.568603515625,595.4609945768989,579.2623261905873,585.9751825584982,103344200
2025-11-24,603.6201782226562,605.1363301511908,593.6456226504143,593.7653733267485,60168100
2025-11-25,607.3406982421875,608.7072074163303,595.8001307211132,601.9743827443708,57560900
2025-11-26,612.70703125,614.6221288317284,608.8368989020178,610.9514997668095,42393600
2025-11-28,617.6743774414062,617.7442066386661,613.8541054647261,614.5423522607352,23034400
2025-12-01,615.599609375,617.8638528985133,610.961477711232,612.0686387329198,40957600
2025-12-02,620.4173583984375,622.1629056286581,616.018606165418,617.8838431924653,54541800
2025-12-03,621.9335327148438,622.6317029281745,616.4575112334458,618.0434315384043,47841600
2025-12-04,621.35498046875,623.3498916256304,617.9636071501104,623.339907329069,47067800
2025-12-05,623.8884887695312,627.3197383563271,622.1230338136666,622.7913119974152,53614200
2025-12-08,622.6915893554688,627.2399842967836,620.10815265492,625.6141268554061,43462400
2025-12-09,623.4595947265625,624.2775156033157,619.4199118254116,621.4248072711308,37156000
2025-12-10,626.0130615234375,627.6090269272694,619.4099106697121,622.2626189242517,55031400
2025-12-11,623.98828125,624.1877845427603,616.148234091509,622.2327496814814,58272800
2025-12-12,612.0587158203125,621.953458575216,609.8044563667469,620.4972123256402,75158700
2025-12-15,608.9865112304688,616.8464661142882,607.7696446385382,616.7966055109866,49538200
2025-12-16,610.1934204101562,611.9489518835392,605.3657088583533,606.7123103516171,55152800
2025-12-17,598.8822631835938,612.0886258751325,598.7526499708691,611.5001003103562,70654300
2025-12-18,607.5601806640625,611.3704684542074,605.3757504118026,608.2484274799762,78875800
2025-12-19,615.4799194335938,616.0484763883416,610.3131071204459,610.392920608793,60369800
2025-12-22,618.4302368164062,620.8671665076671,616.9920478025754,620.5674955378034,43703100
2025-12-23,621.3265380859375,621.6261480926279,617.0020349130734,617.42148892244,41120400
2025-12-24,623.144287109375,623.4938829346665,620.9370481838333,621.2067276835874,18468700
2025-12-26,623.1043090820312,624.7322611929134,622.3552536061636,623.873297918951,28959800
2025-12-29,620.088134765625,621.995763643064,617.9508150333834,619.3190849184411,32458300
2025-12-30,618.64990234375,621.3964390816567,618.4401448660525,619.0594201394988,31226800
2025-12-31,613.536376953125,619.1792861072609,613.2766946262738,618.8696789386981,40746500
2026-01-02,612.347900390625,622.0656280105537,609.381669736326,619.2791633693975,61859200
2026-01-05,617.2117309570312,620.0281869343077,615.9433108116908,618.5400731036631,46828400
2026-01-06,622.6348876953125,623.2341686687002,617.7610283782293,618.4501618747352,43137500
2026-01-07,623.2341918945312,627.1492383750701,621.7760085257346,622.2553845556755,44880300
2026-01-08,619.6885986328125,622.6348958217857,617.0219780933957,622.2454332860368,50435900
2026-01-09,625.86083984375,627.0992684709724,618.280371644388,620.6273877403378,49688700
2026-01-12,626.3801879882812,628.0580650499223,621.4763979710708,621.5263228144307,37388700
2026-01-13,625.4513549804688,628.6772678768714,622.9145755930199,626.4800871429724,44481400
2026-01-14,618.769775390625,622.6648884214621,613.7860691564842,621.4563902550666,72598700
2026-01-15,620.9970092773438,629.206628407055,619.9682771169513,625.8108857116995,53934900
2026-01-16,620.4776611328125,625.2915986535979,618.1006533744517,624.7123119754499,61058100
2026-01-20,607.2942504882812,614.2854351912486,606.2855126563834,609.7611716460692,81988900
2026-01-21,615.50390625,619.6386461402016,607.0944662344775,608.7024240227943,79837900
2026-01-22,619.978271484375,621.6761428244047,617.0020437780021,621.5662350217955,42254800
2026-01-23,621.935791015625,624.612469784726,617.8709699342951,618.949566020391,43645800
2026-01-26,624.67236328125,626.81961915323,621.3365426117721,622.425196766994,35983000
2026-01-27,630.335205078125,631.2440322678261,626.5499998769385,628.1179690883873,38997200
2026-01-28,632.4225463867188,635.7982947738302,631.014348844542,634.6597767228699,50691700
2026-01-29,628.6373291015625,632.8719797654484,617.4914101080947,631.8533057393616,79944000
2026-01-30,621.0868530273438,627.4688205124429,618.5200822009824,624.9220440060533,65650700
2026-02-02,625.3515014648438,627.6985176699922,617.8808797571519,617.9208683974972,49020300
2026-02-03,615.7435913085938,629.1866011443993,610.1905958568021,627.5087242048245,81234000
2026-02-04,604.9871826171875,614.3253838343164,599.7138024298947,614.2455284678144,81850700
2026-02-05,596.2781982421875,604.0483693053457,594.0110373128413,599.4541864003901,89354500
2026-02-06,608.8822631835938,610.6399955270392,598.0159600076653,599.434154665902,78019300
2026-02-09,613.54638671875,615.6837064208919,604.3080353554789,606.7748955946631,56797600
2026-02-10,610.699951171875,616.2430108652889,610.2405694597212,614.5351423104305,53938900
2026-02-11,612.337890625,616.7423712103644,606.9247331463698,615.6037921922693,58575100
2026-02-12,599.8836059570312,615.0344847338599,598.8149461335121,613.9358943887876,81378900
2026-02-13,601.1619873046875,605.7162424752422,595.6689134343201,599.673873409497,69237500
2026-02-17,600.542724609375,603.1894116444834,592.5927882610704,597.626419057608,69013800
2026-02-18,605.027099609375,609.0021290003773,599.9634770047899,601.3517411914925,64250700
2026-02-19,602.7100219726562,605.0570991965415,599.993476524114,602.0508799312083,60960800
2026-02-20,608.0433349609375,609.581373723881,598.4753818004266,599.3642756707148,74127300
2026-02-23,600.652587890625,607.2443127599432,598.2955745850619,605.8460514657053,63859100
2026-02-24,607.1044921875,608.2230768722754,598.9747284234804,601.6414099286677,55023700
2026-02-25,615.9033813476562,616.053216829597,610.2305417280922,610.3004608891118,55710700
2026-02-26,608.4727783203125,614.8148183820397,603.2193924504018,614.8148183820397,96178900
2026-02-27,606.5252075195312,607.5539396831472,601.4316544188312,602.2206376135266,68125200
2026-03-02,607.32421875,609.1518702196468,597.2369017749593,598.1058012495889,75264600
2026-03-03,600.8224487304688,603.1994564784976,591.1246545665933,595.5790600436336,97015500
2026-03-04,609.9808959960938,612.108218610738,602.6701065956436,603.3991678160902,70943900
2026-03-05,608.1431274414062,611.9883154244911,601.5015388569162,606.6350803018902,89602400
2026-03-06,598.9946899414062,605.2368188486739,597.5764953219963,599.5539822531658,86302300
2026-03-09,606.99462890625,608.5027370453225,590.5853272955466,593.4816386137257,93068200
2026-03-10,607.004638671875,612.5176457382476,604.65756151405,607.0146358319374,64078900
2026-03-11,606.9247436523438,611.6587648578186,604.2681201890963,608.1831666985171,60114800
2026-03-12,596.5078735351562,603.3792143506387,596.2981160455262,602.0009473234562,71836600
2026-03-13,592.9722900390625,602.8398528802119,591.8237748266745,598.9747313072235,63145500
2026-03-16,599.6239013671875,603.099499235842,598.3554812666724,599.2843027330098,49077200
2026-03-17,602.5502319335938,605.1369970937805,601.1120429286618,602.3804630878033,47106600
2026-03-18,594.15087890625,602.400426051188,593.8112802396884,600.7325461165636,56128000
2026-03-19,592.273193359375,595.0496606380132,586.3406715242521,588.7676039624899,75597600
2026-03-20,581.3269653320312,590.4254777892629,577.8113788279011,590.3156309505814,91964700
2026-03-23,588.0,595.0800170898438,585.9600219726562,590.52001953125,89936100
2026-03-24,583.97998046875,587.9299926757812,581.9299926757812,584.8099975585938,57750900
2026-03-25,587.8200073242188,591.3699951171875,585.6900024414062,589.1400146484375,60475500
2026-03-26,573.7899780273438,584.6300048828125,573.4299926757812,582.5999755859375,81492100
2026-03-27,562.5800170898438,571.02001953125,561.5700073242188,570.8099975585938,82702200
2026-03-30,558.280029296875,568.0499877929688,555.5999755859375,567.3800048828125,70602600
2026-03-31,577.1799926757812,578.6400146484375,564.2100219726562,564.2899780273438,95878000
2026-04-01,584.3099975585938,587.739990234375,580.4199829101562,581.47998046875,79435100
2026-04-02,584.97998046875,586.0499877929688,571.9199829101562,573.969970703125,50941700
