Date,Close,High,Low,Open,Volume
2018-01-02,236.56216430664062,236.5973784613616,235.35634139761444,235.74361651795525,86655700
2018-01-03,238.05848693847656,238.20812696947078,236.72942775097104,236.72942775097104,90070400
2018-01-04,239.06178283691406,239.54589006788385,238.1200259914926,238.7009385523417,80636400
2018-01-05,240.6549530029297,240.77816225162655,239.36110815870046,239.8539988745469,83524000
2018-01-08,241.09503173828125,241.25345513837206,240.2676737237684,240.55811662393486,57319200
2018-01-09,241.64071655273438,242.26562672470052,241.23582096140757,241.51748045262772,57254000
2018-01-10,241.2711181640625,241.53518410067684,240.21493499921533,240.88384294545753,69574300
2018-01-11,243.03143310546875,243.03143310546872,241.65837628593212,241.8256099757955,62361500
2018-01-12,244.6156768798828,244.78288366057578,242.99614826380247,243.29542825584758,90816100
2018-01-16,243.77955627441406,246.5256696509318,243.08421767570212,245.87435546460017,106555100
2018-01-17,246.10316467285156,246.4904398023778,243.77954075622463,244.71251442448408,113258800
2018-01-18,245.68948364257812,246.4111991532553,245.19656610428356,245.98873677832768,100728000
2018-01-19,246.80731201171875,246.80731201171878,245.68951103937377,246.27039686967373,140920100
2018-01-22,248.81411743164062,248.8141174316406,246.54327421248192,246.59610888178338,91322400
2018-01-23,249.34214782714844,249.63259068853083,248.53238356726726,248.85804057747723,97084700
2018-01-24,249.24534606933594,250.5832152829012,248.06592711458097,249.98468212184525,134816100
2018-01-25,249.3509979248047,250.20475995372283,248.55885395768738,250.10795459420666,84587300
2018-01-26,252.23785400390625,252.28187840164645,249.9318243548559,250.18707990807454,107743100
2018-01-29,250.5655975341797,252.10588770899435,250.40717413415427,251.66580480190444,90118300
2018-01-30,247.99557495117188,250.6184523790427,247.52027780134623,248.73491115060395,131796400
2018-01-31,248.11866760253906,249.35089402243372,247.04486453794772,248.8492200639733,108364800
2018-02-01,247.83709716796875,249.139752342768,247.04495324648897,247.38823083343112,90102500
2018-02-02,242.44168090820312,246.64887236739563,242.40646675517465,246.51682600867105,173174800
2018-02-05,232.3022003173828,242.7937906023756,231.75650170826106,240.68139762555128,294681800
2018-02-06,236.87904357910156,237.38074456875086,227.69892005236255,228.79031712974927,355026800
2018-02-07,235.59402465820312,239.7219781294161,235.51478608778726,236.32455055637257,167376100
2018-02-08,226.7571563720703,236.03411293957473,226.72194221337324,235.89328316531945,246449500
2018-02-09,230.16339111328125,232.02052833590065,222.6115658085252,229.54726421694855,283565300
2018-02-12,233.54318237304688,235.0130710287403,230.30417878341456,232.21412346392802,143736000
2018-02-13,234.1240692138672,234.66976763389977,231.75642140267445,232.3373339706034,81223600
2018-02-14,237.28387451171875,237.64474568212884,232.62779030685115,232.63660055946704,120735700
2018-02-15,240.31167602539062,240.3204862790797,236.56216098587512,239.0266414316785,111200300
2018-02-16,240.38206481933594,242.32725054515024,239.64272878267326,239.68675318827144,160420100
2018-02-20,238.876953125,240.87494635032803,238.08480940849984,239.43146178470735,86369700
2018-02-21,237.68873596191406,241.7991215895347,237.59193062820205,239.3170478750535,98883700
2018-02-22,237.99688720703125,240.32932179548155,237.32797929482788,238.6130141672417,110511300
2018-02-23,241.790283203125,241.790283203125,238.74491776383942,239.22021470632475,92766400
2018-02-26,244.5980987548828,244.69493097156393,242.274474741448,242.86417085379668,86491400
2018-02-27,241.54391479492188,245.4958778415357,241.4822967371023,244.7829187706097,99099200
2018-02-28,239.0970458984375,243.09300634693332,238.78019908798586,242.64411317159698,121907800
2018-03-01,235.6204071044922,240.434915343989,234.12411442597886,238.88581486369563,176855100
2018-03-02,236.8350067138672,237.39832573097647,233.08551859078392,233.94806390250494,139083200
2018-03-05,239.57229614257812,240.1884228564989,235.54112232743287,235.64676477079544,97307400
2018-03-06,240.1796417236328,240.62853486564214,238.68334915728698,240.54929630838222,79213200
2018-03-07,240.09158325195312,240.44364413738393,237.82076770947924,238.01440522554475,87063500
2018-03-08,241.25344848632812,241.37665772949185,239.77477640519388,240.76934118536022,66901200
2018-03-09,245.4518280029297,245.4518280029297,242.3448438583557,242.66171750822073,113625300
2018-03-12,245.143798828125,246.3672423323109,244.75652368007562,245.7423320590852,71924800
2018-03-13,243.5595245361328,246.80733906418087,242.95220787735744,246.30563802249105,91968900
2018-03-14,242.3096923828125,244.70374501010537,241.75521035804832,244.5189176685173,105895100
2018-03-15,242.04556274414062,243.46261660024524,241.54386185847224,242.82011284260588,83433000
2018-03-16,242.30812072753906,243.35971533877714,242.25510141672984,242.57321728158507,100343700
2018-03-19,239.02957153320312,242.4848066021143,237.3770736672259,241.5569418332519,109208400
2018-03-20,239.43612670898438,240.07238541259784,238.75566726721883,239.42728116773122,59757300
2018-03-21,238.97657775878906,241.48625724722612,238.76450052453336,239.3919136546146,78709600
2018-03-22,233.0027618408203,237.59793775564367,232.72879288600006,236.74960215058596,148785900
2018-03-23,228.0364227294922,233.77159492761265,227.8420096555202,233.44463361413833,183534800
2018-03-26,234.2752685546875,234.55805609934146,229.23824688504877,231.6418870783982,141956100
2018-03-27,230.28990173339844,235.74226061596968,228.73459679677995,235.21206754040583,129941400
2018-03-28,229.60943603515625,232.0926327220534,228.50482221120828,230.4224436755508,146452300
2018-03-29,232.54324340820312,234.40784513814182,229.61822883172016,230.7493520488969,111601600
2018-04-02,227.52391052246094,232.52560454766385,225.04957315969895,232.0130486932908,186286300
2018-04-03,230.44009399414062,230.91729468859214,226.96719481188146,228.76108647586676,119956900
2018-04-04,232.90562438964844,233.612566483105,226.7551418786171,226.8876901501262,123715300
2018-04-05,234.7436981201172,235.62738914999005,233.5772194883386,234.6641421954918,82652600
2018-04-06,229.51222229003906,234.27530264645085,227.99227272647158,232.78188970165434,179521200
2018-04-09,230.64334106445312,234.03671112210202,229.70663080225304,230.970302405471,105442900
2018-04-10,234.3106231689453,235.09712096907836,232.39302912916128,233.5329709070938,103529000
2018-04-11,233.08238220214844,234.7437258494549,232.75542079737045,232.82610422214142,91140200
2018-04-12,234.99993896484375,235.94549479836687,234.23113211691503,234.4078811025094,68890500
2018-04-13,234.3106231689453,236.42265724229674,233.3032296247137,236.3077731170544,85079200
2018-04-16,236.2371063232422,237.0059401567355,235.1236739866664,235.94550015531053,63405300
2018-04-17,238.7644500732422,239.36535342206966,237.49193300036845,238.00446186422565,64682000
2018-04-18,238.941162109375,239.74529698441955,238.481625645804,239.20625855520262,57303900
2018-04-19,237.61570739746094,238.49055293668692,236.5817769681026,238.28729427980818,77655900
2018-04-20,235.60081481933594,237.765868283229,234.71712393090704,237.54494556112178,99953100
2018-04-23,235.56556701660156,236.73204585987767,234.48746268595818,236.17531609521794,65558000
2018-04-24,232.39309692382812,236.8115524568593,230.89081125535256,236.59062968020774,112885500
2018-04-25,232.96739196777344,233.4092373337274,230.51073281179353,232.3311335620757,103840900
2018-04-26,235.33567810058594,236.1663495511231,233.55063251969815,233.99247788836254,67731900
2018-04-27,235.55670166015625,236.24597965172634,234.61999123489718,235.94552790854067,57053600
2018-04-30,233.7451171875,236.73199710984161,233.67440680470918,236.1752674598288,82182300
2018-05-01,234.1604461669922,234.2664847699566,231.62423039491986,233.17953515335418,74203400
2018-05-02,232.5874786376953,234.7790150265446,232.19865244584616,233.96603442039367,86368900
2018-05-03,232.07498168945312,232.72890455627947,228.92019759150364,231.75686579795348,136311500
2018-05-04,235.0794677734375,235.75992709625967,230.77589696113725,231.1028583129879,91222100
2018-05-07,235.87478637695312,236.84682479033765,235.1589719388645,235.84827672873547,55304900
2018-05-08,235.87478637695312,236.23707591322565,234.31063622779368,235.5036243338,67499200
2018-05-09,238.1547088623047,238.4816701959383,236.02501045597168,236.54638487556414,59666100
2018-05-10,240.38162231445312,240.70861064610264,238.790989260651,238.89702786848983,72063900
2018-05-11,241.11505126953125,241.38014773448955,239.99274664229782,240.5053024320229,59871500
2018-05-14,241.22994995117188,242.20198836008126,240.68203894368625,241.5480657283191,54790600
2018-05-15,239.56861877441406,240.01928281464853,238.62306299805707,240.00161870440058,87036100
2018-05-16,240.57606506347656,241.03560171155155,239.5774897697605,239.60402639310004,53942600
2018-05-17,240.3728485107422,241.45095283807808,239.5951959509439,240.3109836552776,56536400
2018-05-18,239.7718963623047,240.39049092487784,239.4184253128825,240.02817433458355,64368000
2018-05-21,241.5745849609375,242.11365045107684,240.86764300493607,241.25646917116896,58025900
2018-05-22,240.9029998779297,242.35226611864655,240.57603851018774,242.09598816766902,52966400
2018-05-23,241.56578063964844,241.59231726143065,239.47143709533174,239.63052198546725,64694200
2018-05-24,241.0708770751953,241.4420391350856,239.28583108913134,241.1680971017814,76043800
2018-05-25,240.49644470214844,241.12385761614667,239.99273447615838,240.49644470214844,56374800
2018-05-29,237.7305145263672,239.6304715224005,236.61708233856234,238.870483330366,115908600
2018-05-30,240.9029998779297,241.34484539501017,238.9677413237785,239.03842474054292,69678400
2018-05-31,239.42724609375,240.7969563816566,238.82634267506256,240.49650467231288,93519900
2018-06-01,241.77786254882812,242.0783142521023,240.65555772130298,240.726268103314,71258400
2018-06-04,242.92660522460938,243.18288311790948,242.36105711344487,242.59964393045277,45385200
2018-06-05,243.1033172607422,243.4832977898626,242.29030994978453,243.05911654482819,51135000
2018-06-06,245.13587951660156,245.24191812235736,243.09455545147418,243.71314994252884,62732200
2018-06-07,245.109375,245.91353706797386,244.1991743240489,245.62193089603647,72969400
2018-06-08,245.83399963378906,245.8870189359492,244.48195349248826,244.64985693869826,72139700
2018-06-11,246.16098022460938,246.87676782782057,245.94005745897357,246.05494161200195,58892500
2018-06-12,246.47909545898438,246.8413850221631,245.8339913469702,246.57628852029868,72329000
2018-06-13,245.69259643554688,246.97395911429703,245.48933780630622,246.71768118492542,79070600
2018-06-14,246.31117248535156,246.84136544703483,245.71908772066405,246.55860485683905,77097600
2018-06-15,245.9969940185547,246.3343088427787,244.4169617544594,245.52653573456027,120041600
2018-06-18,245.4910125732422,245.61529785717133,244.06189434330213,244.54121078049525,52917600
2018-06-19,244.55007934570312,244.77199411824915,242.80138985447235,243.21859071042707,97531500
2018-06-20,244.96722412109375,245.63296828632238,244.62990940977267,245.23351095150542,53785500
2018-06-21,243.43161010742188,244.97615528081644,242.93452320471235,244.95838476265965,71061400
2018-06-22,243.87545776367188,244.80751609244447,243.65354298385074,244.69211607266445,54898500
2018-06-25,240.5555877685547,242.88125000237676,238.86904109502896,242.72147788460333,137854200
2018-06-26,241.0881805419922,241.94032556422917,240.36917894679195,241.1236944856026,68547400
2018-06-27,239.09100341796875,243.1032131236618,238.94008943946332,241.67409485943062,105110700
2018-06-28,240.4579315185547,241.22130516686488,238.32752849521523,239.03767186606163,76650500
2018-06-29,240.8041229248047,242.91675559562933,240.68872292509045,241.54975320464837,97592500
2018-07-02,241.31900024414062,241.4787994767716,238.99333763694744,239.23302294129033,63554800
2018-07-03,240.46681213378906,242.31315798114133,240.0407531607095,242.2155014070091,42187100
2018-07-05,242.4285430908203,242.49068572392176,240.52008160667532,241.594168530159,56925900
2018-07-06,244.47903442382812,244.85183600448178,242.07345921926444,242.4551731469632,66493700
2018-07-09,246.6804656982422,246.7337230786658,245.4377483396801,245.48212046029752,50550400
2018-07-10,247.56814575195312,247.66580235045612,246.84025870569093,247.13320141199088,51966800
2018-07-11,245.75723266601562,246.80469076695235,245.45543188750847,246.0146613347306,77054700
2018-07-12,247.9853057861328,248.03856316228035,246.41415901137128,247.01776066717977,60124700
2018-07-13,248.18052673339844,248.48232748210316,247.35501053054168,247.80772519819746,48216000
2018-07-16,247.95872497558594,248.3670406346256,247.51489536252248,248.22503899694988,48201000
2018-07-17,248.96180725097656,249.35237951371616,247.13323124324685,247.18648863460115,52315500
2018-07-18,249.48541259765625,249.59192733323326,248.5977536822475,249.04158313995188,44593500
2018-07-19,248.54457092285156,249.2014300488867,248.06522737966486,248.81974310209378,61412100
2018-07-20,248.26043701171875,248.9705803919926,248.1006649096072,248.34032306277456,82337700
2018-07-23,248.72213745117188,248.92628174548852,247.7101928839621,248.05639300091627,47047600
2018-07-24,249.9735870361328,250.81687374993044,249.10369873052827,250.1333862113558,68026900
2018-07-25,252.1040496826172,252.42359393047738,249.6807307795288,249.72510289533034,78882900
2018-07-26,251.50929260253906,252.19278026627643,251.28737785713315,251.38503443149696,57919500
2018-07-27,249.80506896972656,251.9354456744102,248.88189579832016,251.83778907407216,76768700
2018-07-30,248.50021362304688,250.04473202308338,247.97647083599927,249.8849598622265,63742500
2018-07-31,249.72503662109375,250.33752335614912,248.88177702022958,249.26346380027957,68570500
2018-08-01,249.3079376220703,250.435282087603,248.65996377509936,249.92930986712963,53853300
2018-08-02,250.66604614257812,250.8346764359806,247.79889772747592,248.00306905621076,63426400
2018-08-03,251.7400665283203,251.79332389456457,250.61272240135142,250.79026501496526,53935400
2018-08-06,252.66331481933594,252.97397385214276,251.38508346931644,251.77565566455615,39400900
2018-08-07,253.49765014648438,253.8793641115752,253.19584933141965,253.32901985532757,43196600
2018-08-08,253.3911590576172,253.79061648823114,252.9295860778104,253.32904350842435,42114600
2018-08-09,253.044921875,253.84380944427295,252.91177846165436,253.45323737232636,35717000
2018-08-10,251.34954833984375,252.14843609399105,250.6394048223309,251.6069770580175,77076000
2018-08-13,250.40858459472656,252.2371597870531,250.1156419836955,251.62467297038836,65732900
2018-08-14,252.0063934326172,252.24607870802964,250.74593277880362,251.13650491950173,43842000
2018-08-15,250.1246337890625,250.7992635183782,248.686630072752,250.65723478119534,102925400
2018-08-16,252.14840698242188,253.0183225324878,251.52703486248876,251.5625488065655,69967900
2018-08-17,253.03610229492188,253.47993184740568,251.5359562403902,251.94427184369758,65618500
2018-08-20,253.5775604248047,253.8438472911981,253.0360743442006,253.48878910627252,39807500
2018-08-21,254.17237854003906,255.03340920500395,253.61314880753838,254.09249244814097,67272000
2018-08-22,254.02139282226562,254.54510839160795,253.49765016371987,253.76396412235042,44993300
2018-08-23,253.68411254882812,254.704915139344,253.36454117286772,253.84388469220477,49204900
2018-08-24,255.21084594726562,255.35287463696199,254.20778695011208,254.26104432259785,57487400
2018-08-27,257.22589111328125,257.33240588682605,256.24946054043704,256.40923270075433,57072400
2018-08-28,257.35009765625,257.7939271363428,256.8884976598644,257.6873853061911,46943500
2018-08-29,258.73492431640625,258.9656972975092,257.3235493793894,257.56320762141524,61485500
2018-08-30,257.68743896484375,258.62835549143284,257.0927225076336,258.2555538204787,61229500
2018-08-31,257.6963195800781,258.14014914459057,256.7909170205872,257.27911870586814,66140800
2018-09-04,257.25250244140625,257.6075606923249,256.24944324288515,257.27913113299496,57594400
2018-09-05,256.5600891113281,257.10157520760544,255.54817190054018,256.897403877992,72452400
2018-09-06,255.787841796875,256.9684164450401,254.75815402120662,256.6666156108415,65909900
2018-09-07,255.290771484375,256.26720194628166,254.50074185499375,254.74042715744764,73524800
2018-09-10,255.73464965820312,256.5690515670476,255.5393635287031,256.3027375236137,50210900
2018-09-11,256.5778503417969,257.0216798888951,254.74041660460662,255.08658956495626,50530500
2018-09-12,256.6399841308594,257.24358579269136,255.8499816506508,256.58672675418035,59810800
2018-09-13,258.1578369140625,258.34426479519124,257.42109191507126,257.7051492765237,51034200
2018-09-14,258.2022705078125,258.5484434532182,257.4211262043679,258.3620426364613,55079900
2018-09-17,256.8352966308594,258.1845287942073,256.56012445997396,258.14904193224044,68244000
2018-09-18,258.2288818359375,258.8235981934395,257.02165151471684,257.0482802010348,61930400
2018-09-19,258.5040588378906,258.92125965755014,258.15785882001853,258.28214408465055,49080600
2018-09-20,260.5989990234375,260.91857045003917,258.5218795627664,259.76462422384793,100360600
2018-09-21,260.36083984375,261.45761269257395,260.200344464458,261.34169029247494,105479700
2018-09-24,259.49591064453125,259.9239255325764,258.9163258584371,259.78125390322805,53409600
2018-09-25,259.25518798828125,260.05769215619654,259.0144449014566,259.95069522871887,44370000
2018-09-26,258.4793701171875,260.58371507676577,258.0602807787188,259.39779647019435,79739700
2018-09-27,259.20159912109375,260.28944619075577,258.67551293659324,258.95193064011346,59249500
2018-09-28,259.22845458984375,259.7277917564604,258.5418727887045,258.57752029215237,70091400
2018-10-01,260.1290283203125,261.1990247523705,259.4602703458394,260.46784283610697,62078900
2018-10-02,259.97747802734375,260.69080911051776,259.6029887328202,259.97747802734375,47258200
2018-10-03,260.1201477050781,261.4487384024007,259.7634821662078,261.02964891097304,64694600
2018-10-04,258.0870361328125,259.69204411596644,256.4998518963773,259.6385456639831,111545900
2018-10-05,256.64263916015625,258.82723283215563,255.21594963674153,258.31007182598546,105951700
2018-10-08,256.64263916015625,256.9993047380501,254.57394071179687,255.95603003057528,87742200
2018-10-09,256.26806640625,257.56990772534647,255.7063053186593,256.2591681367459,74339000
2018-10-10,248.15377807617188,255.83113366704777,247.77928885427428,255.75978424546548,214731000
2018-10-11,242.68780517578125,248.68877555553425,241.07384434453292,247.0659164559745,274840500
2018-10-12,246.058349609375,247.07484753078003,242.86612979515945,246.78950427810025,183186500
2018-10-15,244.67620849609375,247.03024927204768,244.58703533727837,245.70163179290182,102263700
2018-10-16,250.02626037597656,250.4007767416327,246.16531039841902,246.6378981861361,118255800
2018-10-17,250.0708465576172,250.6950041829952,247.49388674930324,250.06192107908365,110626000
2018-10-18,246.45962524414062,249.73209323984952,245.18453310681264,249.13465741512297,134557500
2018-10-19,246.3258514404297,249.04545629105755,245.6303442424829,247.11053180977095,139901600
2018-10-22,245.22021484375,247.31563500155545,244.6852029518663,246.99464419352634,82415800
2018-10-23,243.97178649902344,245.09530848280906,239.51340048314862,241.5999490849873,146352700
2018-10-24,236.5797882080078,244.10554553856213,236.02695272834126,243.72210368268588,177806700
2018-10-25,240.82418823242188,242.36679972579205,237.39125246785363,238.41667589928952,138061500
2018-10-26,236.58871459960938,241.64453661942784,233.87803533115652,237.11482812759004,201574600
2018-10-29,235.2779541015625,240.97578498395356,231.70234671185867,239.682842042878,160749100
2018-10-30,238.76446533203125,239.07655788757373,234.61817055650056,235.10860949002063,157116000
2018-10-31,241.31466674804688,243.63303350373772,240.85990255187676,241.3324905003501,128296300
2018-11-01,243.88267517089844,244.07884527191928,241.0917207748512,242.17956820563373,99495000
2018-11-02,242.4381103515625,245.41630873000005,240.38723660504414,244.9882939070804,122634100
2018-11-05,243.77569580078125,244.32853143115284,241.95666629775653,242.92859139177023,65622500
2018-11-06,245.31829833984375,245.4787937517366,243.65086584422724,243.7132897972422,60085900
2018-11-07,250.5701904296875,250.6504381032207,247.06587874778523,247.49389355178778,102752100
2018-11-08,250.11550903320312,250.7575178453981,248.97416305728257,249.76774178784,65584900
2018-11-09,247.6722869873047,248.99195193007725,246.26342166342013,248.80470732286804,98812600
2018-11-12,243.04443359375,247.40472046109215,242.52724563730663,247.16397744043266,99673600
2018-11-13,242.58973693847656,245.50551206799565,241.86748046408346,243.50816351775626,98176600
2018-11-14,240.93118286132812,244.86345524510767,239.37074780966623,244.46221684463413,125335900
2018-11-15,243.44573974609375,243.90942938261057,238.08677738884973,239.665036498494,135101400
2018-11-16,244.07887268066406,244.98837386289333,241.8318281417608,242.34901628972628,126668000
2018-11-19,239.95034790039062,243.7667253541707,239.03192144248044,243.4724566298117,103061700
2018-11-20,235.50987243652344,238.07790815932736,234.64494411616016,236.61554390145974,136021300
2018-11-21,236.3123016357422,238.21157858547755,236.30340336703676,237.06130728135892,75563700
2018-11-23,234.7340850830078,236.13402518870242,234.5735896753301,234.6716611316323,42807900
2018-11-26,238.5236358642578,238.74655515011227,236.59760996905618,236.98995008910615,79981400
2018-11-27,239.32618713378906,239.32618713378906,236.88299998591717,237.48933403239405,75502400
2018-11-28,244.8367156982422,244.8367156982422,239.26373315054556,240.39618061980798,127629600
2018-11-29,244.30177307128906,245.70168584653982,242.919656835158,244.061002768336,82346400
2018-11-30,245.79083251953125,246.3525935500648,243.82915886470985,244.1501496182544,98204200
2018-12-03,249.04550170898438,250.0263523495367,247.44941866082354,249.91935540908307,103176300
2018-12-04,240.97584533691406,248.64427730989203,240.6637527683007,248.2162623119219,177986000
2018-12-06,240.6101531982422,240.72607557889205,234.01174788671224,237.11479409155834,204185400
2018-12-07,235.01939392089844,241.84071986500985,234.18121507685527,240.27135909968106,161018900
2018-12-10,235.46527099609375,236.43719615217955,230.60561800382857,234.84108589571312,151445900
2018-12-11,235.51870727539062,238.8535713534547,234.04744531223463,238.66632675751862,121504400
2018-12-12,236.7046661376953,239.86121163503108,236.6244184401148,238.49694635249477,97976700
2018-12-13,236.62445068359375,238.51480260463467,235.5098538233727,237.64987435262964,96662700
2018-12-14,232.2551727294922,235.42954153976902,231.70233719235173,234.47544035827565,116961100
2018-12-17,227.69874572753906,232.41571327641336,226.0669744218753,231.30111650527016,165492300
2018-12-18,227.44903564453125,230.0081586162255,225.84401386571423,229.33940067554468,134515100
2018-12-19,224.04281616210938,231.30106827818616,222.33972299140083,227.52927740072613,214992800
2018-12-20,220.39588928222656,224.3638507742223,218.1488585473539,222.79450353410618,252053400
2018-12-21,215.8800506591797,223.96098705013893,215.23429286121228,221.29723955486546,255345600
2018-12-24,210.17588806152344,216.00563669064812,210.11311326960217,214.39124202550883,147311600
2018-12-26,220.79501342773438,220.79501342773438,209.6557098934448,211.6378306042303,218485400
2018-12-27,222.4901123046875,222.68741427560954,214.31949514400904,217.55724826813972,186267300
2018-12-28,222.203125,225.47674780536732,221.03717246474218,223.844425204303,153100200
2018-12-31,224.14932250976562,224.3914851025564,221.95195871285873,223.82644361450068,144299400
2019-01-02,224.38253784179688,225.30634138582334,220.5887205734624,220.6156260112586,126925200
2019-01-03,219.0281524658203,222.93856912435655,218.54382721026855,222.633618017562,144140700
2019-01-04,226.36463928222656,227.01039710544208,221.68290190659857,222.0595916892461,142628800
2019-01-07,228.14947509765625,229.55757659447116,225.73685369173648,226.6337381587478,103139100
2019-01-08,230.29299926757812,230.77732451103,227.80863931434865,230.33785991035955,102512600
2019-01-09,231.3692626953125,232.21233619521877,229.77280960690814,231.00153681805648,95006600
2019-01-10,232.1854248046875,232.43655132774697,229.15395132370935,229.83559218804427,96823900
2019-01-11,232.275146484375,232.30205192325036,230.52621084525182,231.10918026804572,73858100
2019-01-14,230.8580322265625,231.6652226884312,229.97012545558084,230.37370700114573,70908200
2019-01-15,233.50387573242188,233.81779076904533,231.2257815295091,231.23475913278858,85208300
2019-01-16,234.0688934326172,234.95680020292303,233.72807299168477,233.93433888012572,77636700
2019-01-17,235.8447723388672,236.70580128220018,233.15411847513116,233.1989791286413,96118400
2019-01-18,238.98379516601562,239.45019254319757,235.8805829927316,237.65642385123763,127900300
2019-01-22,235.75498962402344,237.72814599602768,234.14060886200994,237.5129025266222,115531200
2019-01-23,236.24827575683594,237.4859803601838,233.78184415097832,236.78641176316992,86030300
2019-01-24,236.3738555908203,236.9568523052835,235.05543452326265,236.0689182013445,59204100
2019-01-25,238.3739471435547,239.19909287762562,236.4725564959135,238.22146474449312,96883400
2019-01-28,236.562255859375,236.62501697032374,234.79539236392185,236.2304129857847,85613700
2019-01-29,236.24827575683594,237.27070953520965,235.41418000092213,236.70569546782997,66136300
2019-01-30,239.9883270263672,240.83140059178444,237.00171387664844,237.764071126748,92473700
2019-01-31,242.09597778320312,242.58030297951865,239.71026220894768,239.92553305771975,104012100
2019-02-01,242.21258544921875,243.23504674650184,241.42332284164686,242.2933017562561,85782500
2019-02-04,243.9167022705078,243.9794907548244,241.58479708379406,242.2574604624186,60744800
2019-02-05,244.9391326904297,245.2440700989235,243.8449326384274,244.34718570779833,79552800
2019-02-06,244.61622619628906,245.15436227457596,243.8808018390595,244.66108683574342,58347800
2019-02-07,242.2843475341797,243.54893036100768,240.625106039328,243.00184405429718,95482000
2019-02-08,242.580322265625,242.67896641065443,240.21253433604474,241.03768001867587,75788900
2019-02-11,242.71487426757812,243.49515938801105,242.185715707408,243.23508259502825,68021400
2019-02-12,245.83602905273438,246.2127051877354,244.2575036888499,244.32926977124873,72270200
2019-02-13,246.6342010498047,247.47727446830802,246.24854737579935,246.67008408505103,65277200
2019-02-14,246.08709716796875,247.217180046123,244.7327932343543,245.54896116071745,83234400
2019-02-15,248.76881408691406,248.80469712563044,247.65668622335585,247.8629521118126,97088700
2019-02-19,249.19935607910156,249.8540642265437,247.96165112812608,247.97062873148565,59120800
2019-02-20,249.70159912109375,250.15901894210884,248.66120989080383,249.16346298532434,76610800
2019-02-21,248.813720703125,249.4235956203003,247.8540476779926,249.06484727906448,64214700
2019-02-22,250.3563232421875,250.55361153324364,248.79572578226137,249.43250603911778,78114600
2019-02-25,250.6971435546875,252.3025744604838,250.6164272348308,251.7823934978266,69030700
2019-02-26,250.5177764892578,251.39670575174057,250.14107296909248,250.34736625046182,56844100
2019-02-27,250.41015625,250.75992696229892,248.8675138588991,249.80025400552418,56921600
2019-02-28,249.94369506835938,250.63431345494496,249.6208298778012,250.19482156237186,69268300
2019-03-01,251.50433349609375,251.91689265301403,250.06931299332896,251.52226133048524,78880500
2019-03-04,250.5894775390625,252.80478293969955,248.2934558328238,252.56263402289468,106494600
2019-03-05,250.24868774414062,250.91240084489138,249.7016013711848,250.7150851723559,59114600
2019-03-06,248.73294067382812,250.3742544670684,248.41007542510283,250.36527686435716,75039800
2019-03-07,246.6522216796875,248.4280355197575,245.8091480375507,248.28453071144233,94885100
2019-03-08,246.15895080566406,246.329361077045,244.32932584570068,244.79569600536342,85795800
2019-03-11,249.72848510742188,249.88991772435608,246.849493955807,246.8763993919627,65098900
2019-03-12,250.6701202392578,251.1903283280342,250.09612866661078,250.28446665771204,79667500
2019-03-13,252.32943725585938,253.26220463446646,251.3966698772523,251.5581298604209,80639200
2019-03-14,252.1680145263672,252.77788933327716,251.7285499406143,252.3563525815843,67518400
2019-03-15,253.4138641357422,254.22461004945322,252.53103603472826,252.72023115792376,81309000
2019-03-18,254.3326873779297,254.62997826920073,253.4048285956763,253.63003730487662,62199800
2019-03-19,254.395751953125,256.16138053249057,253.50393426352406,255.39569291563592,90268100
2019-03-20,253.63002014160156,255.3866589510104,252.522010961746,254.1795436503385,84609200
2019-03-21,256.4947204589844,256.9000796525872,252.76525093004852,252.81030916798105,79550400
2019-03-22,251.55816650390625,255.6569546393203,251.49510145781022,255.13448245054312,122659300
2019-03-25,251.3690643310547,252.40501932278903,250.10790053714732,251.21591024940113,85575200
2019-03-26,253.24270629882812,254.19758910713398,251.83740603410251,253.125593361551,68125900
2019-03-27,251.91848754882812,253.81926358336898,250.369050339607,253.23369887450275,72224700
2019-03-28,252.87335205078125,253.32376949182066,251.39599713964742,252.54906468905634,56238500
2019-03-29,254.4678955078125,254.792182930862,253.26077983651035,254.38682365205014,82186800
2019-04-01,257.485595703125,257.7828865786894,256.19740855246874,256.4676754840088,77617900
2019-04-02,257.6117248535156,257.84595069509163,256.81898584322386,257.674789886447,40070400
2019-04-03,258.0171203613281,259.224235717059,257.4135489378142,258.82786619830597,68243200
2019-04-04,258.7017517089844,258.95398437326423,257.64779030482515,258.34142325877013,48997500
2019-04-05,259.9539489746094,260.0079968724831,259.08013797058265,259.3684117534433,58621700
2019-04-08,260.15216064453125,260.26025645144784,258.87296278297543,259.5305822634568,53566300
2019-04-09,258.8188781738281,259.51251116404137,258.2693820694969,259.18822378928195,66142300
2019-04-10,259.7016906738281,259.7917796584995,258.81886261012613,259.2332389500564,52601500
2019-04-11,259.6296081542969,260.19713851656536,259.0620777920284,260.18812137072035,55093100
2019-04-12,261.3863220214844,261.66557870970394,259.67474078975937,261.24218510316035,69727800
2019-04-15,261.2151184082031,261.5574400967974,260.4133620858321,261.4583339542193,49596700
2019-04-16,261.3863220214844,262.1520373726342,260.7917675426377,262.09798946467595,52153200
2019-04-17,260.74664306640625,262.5302783705718,260.3322392659286,262.50325442630555,58268300
2019-04-18,261.2601013183594,261.53036825574327,260.0349791743683,261.3321834981804,68708500
2019-04-22,261.4853210449219,261.63847506502617,260.40433572370114,260.49442470662734,40160100
2019-04-23,263.8365173339844,264.07074319403506,261.62047128318324,261.8546696519358,52246600
2019-04-24,263.25103759765625,264.0888075995507,263.1069006901307,263.75550302834347,50392900
2019-04-25,263.0888366699219,263.7464560815874,261.89975542696516,263.1519017144585,57770900
2019-04-26,264.31396484375,264.386019537816,262.35914106238647,263.1338733529149,50916400
2019-04-29,264.7283630371094,265.2508627045785,264.3139866566105,264.4040756501018,57197700
2019-04-30,264.8634033203125,265.1516770164797,262.97167248103574,264.38596203847624,81111700
2019-05-01,262.8725891113281,265.70122345349637,262.86357196651386,265.494021561834,71671900
2019-05-02,262.3050231933594,263.67430943701567,260.80963439590346,262.755440512185,65030200
2019-05-03,264.8724670410156,265.15172364225464,262.4131780296907,263.78246458162147,56543700
2019-05-06,263.78253173828125,264.22393212526833,260.2512461684707,260.56654394116345,107198100
2019-05-07,259.3774108886719,261.97182004663614,257.46764511719874,261.37726565699415,144729900
2019-05-08,259.0170593261719,260.72864014867525,258.4225049894771,259.0170593261719,91568300
2019-05-09,258.2333679199219,258.8369119830217,255.20654798317443,256.9451804502703,103471100
2019-05-10,259.5304260253906,260.2871237095767,254.30556940893348,257.2963465592551,112429300
2019-05-13,253.00848388671875,255.3776841385173,252.17071400422503,254.41381166197624,127290500
2019-05-14,255.29661560058594,256.8280459897245,253.90033244501296,254.02643504069349,77003200
2019-05-15,256.7919921875,257.4315772634387,253.4588920896291,253.66609401171596,73956400
2019-05-16,259.1702575683594,260.53049981387437,257.4226353539373,257.49469006251053,76749600
2019-05-17,257.4947204589844,259.9810343134793,256.84611804004254,256.864152337793,100353000
2019-05-20,255.7919464111328,257.6026049143944,255.04423844198914,255.89102500223484,62877600
2019-05-21,258.0982360839844,258.4765713763025,257.2334147189398,257.48564741091906,46847100
2019-05-22,257.3055725097656,258.26045565933117,256.8281309349829,257.14342876541895,49482500
2019-05-23,254.16156005859375,255.1254324633682,252.74724273347388,255.08040171698275,98733800
2019-05-24,254.7380828857422,256.01728049453556,254.11650462748815,255.60287666150055,55268100
2019-05-28,252.3688507080078,255.97218972219687,252.35084390980305,255.01730708274036,70029400
2019-05-29,250.67527770996094,251.6571842952598,249.26997768959785,251.25182514974838,104972900
2019-05-30,251.3600311279297,252.2698834278174,250.26101114386478,251.43208584384718,62523800
2019-05-31,247.9728240966797,249.63937423434137,247.94580014812522,248.81062148447006,86862800
2019-06-03,247.34230041503906,249.125936321561,246.00905456795837,248.0089095929266,96428000
2019-06-04,252.7112579345703,252.8463776951236,249.1889895558583,249.63940708523882,77231900
2019-06-05,254.90025329589844,254.92727724512184,252.5220632903335,254.3327228709053,71169700
2019-06-06,256.5577697753906,257.2333959536874,254.54892553301983,255.19752776383675,69430400
2019-06-07,259.12518310546875,260.2061961055513,257.4045849508437,257.5757458007118,74272200
2019-06-10,260.3143615722656,261.98091227201684,260.2242725495988,260.67469017162296,60799100
2019-06-11,260.2513122558594,262.50340050226055,259.60270974124336,262.13405473089335,58641300
2019-06-12,259.7918701171875,260.575592323251,259.2783874679363,260.0170789116337,47096300
2019-06-13,260.8637390136719,261.2240949401442,259.9989452709926,260.70159534153777,48945200
2019-06-14,260.57550048828125,261.17904444955684,259.80978535876454,260.57550048828125,52324700
2019-06-17,260.6745910644531,261.44030622903506,260.50343023385363,260.80971080142655,39205700
2019-06-18,263.4040832519531,264.4580720370348,262.1339029176426,262.4942588214182,85434800
2019-06-19,263.9986877441406,264.53017706467074,262.5663634753288,263.5392531233006,78674400
2019-06-20,266.5210266113281,266.9264133528406,264.0617646861457,266.6831978027144,116570000
2019-06-21,266.1335754394531,267.5094941837973,265.9163323811376,266.2512579710432,83309500
2019-06-24,265.8077392578125,266.6586172021475,265.65384032505415,266.34181358325094,47582700
2019-06-25,263.2005920410156,265.88908445192766,263.0919705496653,265.8619290790901,82028700
2019-06-26,262.9382019042969,264.6037967215319,262.8295803591529,264.0968777608522,51584900
2019-06-27,263.8705749511719,264.377493914319,263.31840621899835,263.6985816288529,40355200
2019-06-28,265.2283630371094,265.72622092796087,264.33220778357355,264.8481600545442,59350900
2019-07-01,267.63623046875,268.7768117440282,266.4322774281771,268.5595410665901,78705600
2019-07-02,268.33331298828125,268.38762376676675,266.74918415742064,267.59102884896026,61504500
2019-07-03,270.4786682128906,270.4967902221676,268.8673840130453,269.01222196219044,40898900
2019-07-05,270.17083740234375,270.333797324257,267.95307413888946,269.2475267615392,51677300
2019-07-08,268.686279296875,269.98979283576267,268.1431440515041,268.85827258499256,45841800
2019-07-09,269.0212097167969,269.31991891337793,267.47329772086357,267.52760848387834,41101300
2019-07-10,270.306640625,271.25713436614035,269.5553232105845,270.08939754131563,58448500
2019-07-11,270.9402770996094,271.1846755452837,269.93550030905135,270.9493381022296,50826100
2019-07-12,272.1532287597656,272.22566152144543,271.12129671836635,271.42906689299434,40326000
2019-07-15,272.2437744140625,272.5877609929242,271.7368555478473,272.5877609929242,33900000
2019-07-16,271.36566162109375,272.36140478369055,271.0578914844731,272.15319515082905,36650100
2019-07-17,269.5191345214844,271.50156073888,269.5191345214844,271.3386284093714,36036300
2019-07-18,270.5057373046875,270.8859402530274,268.57765005776565,269.02119714332446,51392600
2019-07-19,269.0031433105469,271.6282650875979,268.8311500014461,271.60110970326673,58678600
2019-07-22,269.6639099121094,270.2070451761584,268.88543721281127,269.40138946990106,43638100
2019-07-23,271.592041015625,271.592041015625,269.95360174897894,270.78641288658775,44564500
2019-07-24,272.86834716796875,272.86834716796875,270.7410837785465,270.83161091479917,47213200
2019-07-25,271.5649108886719,272.4701272583008,270.7592550596967,272.41581648612396,55394100
2019-07-26,273.3843994140625,273.5835481165805,272.126135424287,272.25287897362153,45084100
2019-07-29,272.88641357421875,273.3842989600732,272.33424506218086,273.26661645750755,38126500
2019-07-30,272.2166748046875,272.6240332315374,271.10324869630654,271.4834517363673,45849000
2019-07-31,269.2384033203125,272.65108551133346,267.2197892073229,272.460970250692,104245200
2019-08-01,266.89398193359375,272.35243534985585,266.0973871356964,269.3923878679063,142646600
2019-08-02,264.88433837890625,266.24216256795125,263.3273655371344,265.99776415892455,116749700
2019-08-05,256.9184875488281,260.892372596246,255.01752786298675,260.78375106419935,178745400
2019-08-06,260.521240234375,260.73851093150165,257.33488880161246,258.81039579143163,120711700
2019-08-07,260.6750793457031,261.4445185495751,255.30715454545978,257.44345126444256,140572300
2019-08-08,265.78961181640625,265.78961181640625,261.61657783559,262.1687465315291,87713900
2019-08-09,263.9792175292969,265.4456637627405,262.19594001239,264.8482175889276,93730000
2019-08-12,260.7656555175781,263.9701011986558,259.8151618664045,262.4764998896778,65527600
2019-08-13,264.8209533691406,266.26930462331774,260.1228797001237,260.46686623080353,94299800
2019-08-14,256.99090576171875,261.3721494020812,256.8641898428909,260.7656699423151,135622100
2019-08-15,257.6698913574219,258.5660745475403,255.62412069239232,257.87810111371556,99556600
2019-08-16,261.4717712402344,261.906257446476,257.7241619613219,259.32641272187715,83018300
2019-08-19,264.62188720703125,265.30079947919467,263.81625900906977,264.4951712812332,53571800
2019-08-20,262.59417724609375,264.6490081776248,262.46746133677397,264.11493390797597,51596400
2019-08-21,264.7304382324219,265.1015524936121,264.0696205874962,264.7575936082407,49524700
2019-08-22,264.6489562988281,266.07015215515014,262.8747405410961,265.4365174827469,51666400
2019-08-23,257.850830078125,265.01109325696694,256.6016273506525,263.34549882867196,149161500
2019-08-26,260.7022705078125,260.7022705078125,258.5116351075703,260.0414527243702,72423800
2019-08-27,259.6793518066406,262.4674330108714,258.91897355776075,262.0962910754054,66668900
2019-08-28,261.5079040527344,261.67083632800075,258.2129040417699,259.0185596667051,59696700
2019-08-29,264.84820556640625,265.373246555172,263.0649281304495,264.06973271239076,57899400
2019-08-30,264.7304382324219,266.35075503127933,263.798066829308,266.3326606557337,62901200
2019-09-03,263.1824951171875,263.94287325408277,261.8518264713707,263.0286238647804,69101400
2019-09-04,266.1698303222656,266.18792470473994,264.60379605038094,265.3551411107405,46887300
2019-09-05,269.5915832519531,270.5058331271677,266.1336496100099,268.6592113668234,83258100
2019-09-06,269.79974365234375,270.4424672022714,269.22948051122984,269.908392828045,49584300
2019-09-09,269.9355163574219,270.8769214356232,268.99408365421084,270.7864219040724,51260300
2019-09-10,269.8721618652344,269.93553364138535,267.91689118337393,269.17512757759675,57947100
2019-09-11,271.79119873046875,271.8726648838631,269.5281579417055,270.1799147938697,68821100
2019-09-12,272.73260498046875,273.7916924968806,271.9360102800866,272.6963885963586,72908700
2019-09-13,272.5515441894531,273.5291931620798,272.180402229938,273.1761455816851,62104800
2019-09-16,271.70965576171875,272.5967774451182,271.0669600944099,271.4199799926493,58191200
2019-09-17,272.3976135253906,272.48811302627115,271.33849864008556,271.51049189175905,41475500
2019-09-18,272.5605773925781,272.6691989062345,269.9716449420855,272.0083811981535,73375800
2019-09-19,272.5425109863281,273.9456128239517,272.20758537589813,272.9498693706403,76560500
2019-09-20,271.2547912597656,273.4282622508574,270.46362073249094,273.1463237989638,89565000
2019-09-23,271.1910400390625,271.90947082634676,270.33620536876737,270.59083520124443,43476800
2019-09-24,269.0631103515625,272.67341519548154,268.09915238087564,272.28238140130355,94869400
2019-09-25,270.6546630859375,271.10025862379086,267.66273993263906,269.1450611127477,71854000
2019-09-26,270.0908203125,270.8728881544537,268.68126652638114,270.6637446747886,56179700
2019-09-27,268.6357727050781,270.95475088185464,267.08071215888543,270.84559996849686,84746600
2019-09-30,269.88165283203125,270.59098115887195,269.1086878271732,269.1541465618406,51662400
2019-10-01,266.67144775390625,271.4184990741899,266.4532014526551,270.7637324178549,88242400
2019-10-02,261.960693359375,265.0981216642835,260.6693661676245,265.08901882055056,122539500
2019-10-03,264.1070251464844,264.13430593978995,259.01439762627496,261.73348511855045,85278800
2019-10-04,267.680908203125,267.9355381538089,264.7071634101348,264.7617527412515,65091200
2019-10-07,266.5259094238281,268.50841485168297,266.24399873388415,266.88058737396443,59610500
2019-10-08,262.3881530761719,265.4073559101464,262.35176944794006,264.6707470157687,95708100
2019-10-09,264.8799133300781,265.81659063182866,263.7795513160013,264.407037132498,62359400
2019-10-10,266.67144775390625,267.55356355823847,264.63440826867793,264.7980929946163,55296300
2019-10-11,269.43597412109375,271.6730815760667,269.30867305178435,269.4268712759371,98720400
2019-10-14,269.1359558105469,269.79072252359276,268.7903806352471,269.1177501154781,40394800
2019-10-15,271.8004455566406,272.54615738895194,270.06349481421915,270.1817208062417,46754500
2019-10-16,271.3639221191406,272.0550723707066,270.9274295413768,271.3366413330304,48928200
2019-10-17,272.16412353515625,273.0371362123758,271.4729734663806,272.5278765046167,45736600
2019-10-18,270.9728698730469,272.2733001769917,270.1180349628478,271.62763644782535,64304000
2019-10-21,272.8098449707031,273.009913309205,271.85498975437696,272.29151006181155,39048600
2019-10-22,271.9186706542969,273.637415698397,271.8277254489955,273.34640214246485,48594700
2019-10-23,272.7098693847656,272.76443096306724,271.45489757866204,271.664068797207,34352200
2019-10-24,273.15545654296875,273.792045273886,272.32790229380925,273.64653848531685,35453100
2019-10-25,274.27398681640625,274.81963026068695,272.52793334522363,272.58249491439386,45205400
2019-10-28,275.8199462890625,276.32013101368767,275.4652960867663,275.4925768715583,42147000
2019-10-29,275.7381591796875,276.6657615536214,275.4198647916236,275.5471936478828,44284900
2019-10-30,276.5838317871094,276.9566598852974,274.6286073436417,275.93814036739496,49643900
2019-10-31,275.84722900390625,276.57476285774817,274.39221680138,276.57476285774817,69053800
2019-11-01,278.4026794433594,278.4481381708568,277.1295020424609,277.29321451712957,71141500
2019-11-04,279.5212097167969,280.09413397670744,279.1483538055443,279.9577300463906,60606900
2019-11-05,279.2120056152344,280.0213818195309,278.92099207531345,279.72126543380665,42933200
2019-11-06,279.2756652832031,279.5484731268798,278.3298851708271,279.2120008688192,46487100
2019-11-07,280.2578125,281.5946264927241,279.78493630115787,280.6124904635661,54272300
2019-11-08,280.948974609375,281.0035361826021,279.2120238547651,279.9122492128996,49032100
2019-11-11,280.41241455078125,280.585202104894,279.4302507955533,279.5666824717528,35797300
2019-11-12,281.0035095214844,281.9038031468933,280.230516970667,280.7761604037485,46484600
2019-11-13,281.0945129394531,281.4946496897508,279.78497952985765,280.0123286946821,53917700
2019-11-14,281.5037536621094,281.5856237921182,280.17604217405733,280.81263100190245,51219900
2019-11-15,283.5407409667969,283.58619969051864,282.14936543945174,282.8404879039471,62023600
2019-11-18,283.7499084472656,283.9863604368472,282.8496147216759,283.3043130077444,49228000
2019-11-19,283.66802978515625,284.35917997236,283.02236607228707,284.3500771269776,67804700
2019-11-20,282.61328125,283.59544550123786,281.05822023023137,283.07708257711744,79406200
2019-11-21,282.15850830078125,282.8314807405151,281.3582625050897,282.72235757531104,54664700
2019-11-22,282.7859191894531,283.0405490915344,281.77650242667397,282.9041451712369,44850200
2019-11-25,284.9775390625,284.9775390625,283.71349252607234,283.71349252607234,48647200
2019-11-26,285.623291015625,285.8051814488202,284.6957164125303,285.0140107943301,37569000
2019-11-27,286.896484375,286.896484375,285.8870395944535,286.10528592426454,44444600
2019-11-29,285.8324279785156,286.5781398116173,285.60507884056364,286.3325849809778,36592700
2019-12-02,283.404296875,286.1506639099118,282.9768794727963,286.0869995036619,75767800
2019-12-03,281.5037536621094,281.5856237921182,279.3030290622985,280.68530213529885,73941700
2019-12-04,283.2406311035156,283.84083613438696,282.2039335066136,282.54950862310733,49080000
2019-12-05,283.7499084472656,283.9590796497863,282.44037516318184,283.9409017092727,40709000
2019-12-06,286.341796875,286.74193373038617,285.65064635158916,285.65974920139956,48927000
2019-12-09,285.4414367675781,286.62364136052076,285.3686694911169,285.9506966924689,34838500
2019-12-10,285.1230773925781,286.0506518116673,284.4683108165804,285.3868101426187,52649800
2019-12-11,285.9324645996094,286.1870945138328,285.0412460235377,285.577786637345,53429100
2019-12-12,288.39697265625,289.1790404773349,285.7051662626912,285.9415905269858,96389600
2019-12-13,288.5697326660156,289.79742361331523,287.38750044719393,288.1604930993886,81503900
2019-12-16,290.5521545410156,291.14325666014565,288.5060126076282,290.2975246549638,82749700
2019-12-17,290.6158752441406,291.2342582653961,290.53403288126106,290.9341696015044,61097700
2019-12-18,290.634033203125,291.23423824222414,290.5794716316232,291.0068891101069,48133000
2019-12-19,291.8254089355469,291.89817621634967,290.57043699126655,290.82506696890414,85310500
2019-12-20,293.10479736328125,294.237984386414,291.8802179923732,292.85803523538505,147142100
2019-12-23,293.5525817871094,293.945538202169,293.4063596093835,293.89070837165036,52990000
2019-12-24,293.5617370605469,293.82673861863617,293.2601450957839,293.7810563883531,20270000
2019-12-26,295.1244201660156,295.13356776697475,293.9364033804754,293.9455230924072,30911200
2019-12-27,295.0513000488281,295.9103378824698,294.52126907589263,295.85550805385674,42528800
2019-12-30,293.4246520996094,295.27068284889134,292.9403032957844,295.13360826083357,49729100
2019-12-31,294.1374206542969,294.3841827622408,292.5747148231008,292.9219889831503,57077300
2020-01-02,296.88818359375,296.906478796011,294.7497366062965,295.67275187158805,59151200
2020-01-03,294.6400451660156,295.76411231173057,293.442880886225,293.49771070903796,77709700
2020-01-06,295.7641296386719,295.8463743777095,292.76661707449347,292.8854243272233,55653900
2020-01-07,294.93255615234375,295.67278681667864,294.4847419794395,295.19755772617054,40496400
2020-01-08,296.5043640136719,297.7197956916485,294.87768074616207,295.12441496646585,68296000
2020-01-09,298.51483154296875,298.58795656529105,297.4821567426061,298.0670453650865,48473300
2020-01-10,297.6558837890625,299.25515249526273,297.1898301592266,299.09981058166176,53029300
2020-01-13,299.70294189453125,299.71206160755526,297.84779146443003,298.2773104255387,47086800
2020-01-14,299.2459411621094,300.3151505804677,298.6884674529028,299.264208473107,62832800
2020-01-15,299.9222717285156,300.6807697217704,299.07238137860776,299.1546261328861,72056600
2020-01-16,302.4171447753906,302.4171447753906,301.0737579932598,301.3022249433567,54050300
2020-01-17,303.3583679199219,303.56853962375646,302.3531079591049,303.12990101469194,95846000
2020-01-21,302.764404296875,303.56861245848097,302.32576558256864,302.3988627386086,77742400
2020-01-22,302.8008728027344,304.2722140708887,302.64553093599403,303.6233480257216,48914900
2020-01-23,303.1481628417969,303.55941441938006,301.0371309067921,302.1520504997015,51963000
2020-01-24,300.4522399902344,303.88839108132504,299.1636833310754,303.80614634423307,87578400
2020-01-27,295.6361999511719,297.1166611579254,294.8685544324489,295.2066810180619,84062500
2020-01-28,298.7341003417969,299.61140515631377,295.72746906295197,297.06170753551146,63834000
2020-01-29,298.4874267578125,300.32430953188833,298.2863747731424,300.0958426351734,53888900
2020-01-30,299.45611572265625,299.6663153017545,295.67271852206113,296.42206872649126,75491800
2020-01-31,294.0185852050781,298.99002637225726,293.10471775359696,298.8346566343361,113845600
2020-02-03,296.20269775390625,298.06699506215597,295.3802226702437,295.4990298946987,69083000
2020-02-04,300.7173156738281,301.5855011806518,299.4927362514343,299.81259553758144,62573200
2020-02-05,304.18994140625,304.4001409842499,302.1885971158361,303.6507628947107,65951100
2020-02-06,305.21356201171875,305.40546643081,304.1351768681348,305.14958457567815,50359700
2020-02-07,303.5868835449219,305.22268676878366,303.0385573065691,304.1534770985751,64139400
2020-02-10,305.8531799316406,305.91715735245873,302.66379115886144,302.70035366918944,42070000
2020-02-11,306.3833312988281,307.99171968195316,305.85327235048885,307.2058067510786,54864500
2020-02-12,308.35723876953125,308.5674104828042,307.4524908196525,307.81803230663076,43992700
2020-02-13,308.02825927734375,308.9969568539677,306.6574576626084,306.93160682994335,54501900
2020-02-14,308.5217590332031,308.64056630335443,307.24234975663256,308.43951428210545,64582200
2020-02-18,307.7266540527344,308.58569184757795,306.3375574198674,307.5256020605576,57226200
2020-02-19,309.1979675292969,309.8742206443196,308.41205476200304,308.6953514933789,48814700
2020-02-20,307.9277038574219,309.4721423570291,304.9393389090685,308.64963919276863,74163400
2020-02-21,304.75653076171875,306.8858296734732,303.93402773606726,306.5751180835918,113788200
2020-02-24,294.649169921875,304.8296393108705,293.5707850824369,295.3071556336412,161088400
2020-02-25,285.72064208984375,296.6504885783915,284.8433371792398,296.0382130274045,218913200
2020-02-26,284.6697692871094,290.7104209886197,283.93868633219154,287.11892786401404,194773800
2020-02-27,271.8847961425781,284.7246265399028,271.8847961425781,279.1500278323521,284353500
2020-02-28,270.742431640625,272.23204033235453,260.9457695802284,263.833594623337,384975800
2020-03-02,282.4673767089844,282.53135414421934,269.0974871963839,272.5244912250123,238703600
2020-03-03,274.3796081542969,286.8082134931983,271.93959720140725,282.8420313278847,300139100
2020-03-04,285.9126281738281,286.1319753809504,277.20347032348707,279.753168952443,176613400
2020-03-05,276.40850830078125,281.90086392176016,274.1695484274833,278.71147351667855,186366800
2020-03-06,271.8390808105469,273.0453928793516,265.231835125878,267.9003132173233,228667200
2020-03-09,250.60989379882812,259.71200626207275,249.89707826656843,251.5877108251812,309417300
2020-03-10,263.5777893066406,263.6691537844827,249.94286810623316,260.123369795359,276444100
2020-03-11,250.72869873046875,257.6558306839711,247.54845736466214,256.5226437962952,255316300
2020-03-12,226.73971557617188,243.69196419793585,226.34674521407393,233.95013117048154,392220700
2020-03-13,246.122802734375,248.09675988860485,227.1143558727971,240.429398147559,329566100
2020-03-16,219.191162109375,234.7725944345364,216.9156266338003,220.40659381646842,297240000
2020-03-17,231.02572631835938,234.1054695359692,216.65059323263955,223.93410499439116,262070500
2020-03-18,219.3282470703125,226.97731522464503,208.38011597518343,215.90124320983887,327597100
2020-03-19,219.7943115234375,226.0725919909202,212.21835456333,218.64284326233184,289322000
2020-03-20,210.3224334716797,224.72694441324552,210.04665824854578,222.94361386702494,347158800
2020-03-23,204.94483947753906,211.13132933151837,200.6335956530935,209.76166880858966,326025200
2020-03-24,223.51351928710938,224.38680975426712,214.91862144024043,215.48854656490403,235494500
2020-03-25,226.85960388183594,235.6475644145072,220.38814988584195,225.09466188292848,299430300
2020-03-26,240.1058807373047,241.57664463189138,228.93708857476466,229.36913318338085,257632800
2020-03-27,232.95416259765625,239.7473562360883,230.77556488684385,232.8162819931154,224341200
2020-03-30,240.51947021484375,241.23647727595963,233.05523566758163,235.04998751981518,171369500
2020-03-31,236.9345245361328,242.06388036704556,235.52808599757387,239.5175912111788,194881100
2020-04-01,226.27125549316406,236.8517325396181,224.20296243005834,227.9534688676713,189554600
2020-04-02,231.4925994873047,232.27394638304975,224.83728566556516,225.38883620204277,177660400
2020-04-03,228.1465301513672,232.86224312191504,225.41638201331432,230.50897330571124,135561200
2020-04-06,243.47024536132812,245.4374352742941,228.12811933562622,237.01718131949536,188061200
2020-04-07,243.71849060058594,252.81897536266575,243.49788162912452,252.0651906394755,201427200
2020-04-08,251.8997802734375,253.71068738887777,243.8288399634052,246.3199769013974,153774500
2020-04-09,255.73300170898438,258.49072626492733,253.2234622639874,255.16304840288197,189999200
2020-04-13,253.39813232421875,255.09873482436922,249.49135568607434,254.75861993494436,114839100
2020-04-14,260.87158203125,261.89192674380104,253.260262690421,258.2885153744186,134143400
2020-04-15,255.3284912109375,261.0093961292997,253.21421923389877,255.1538331068728,121775000
2020-04-16,256.5603332519531,257.4152211975013,253.49006970924398,256.60628411021946,131798300
2020-04-17,263.4913635253906,264.09803815159717,259.5937609848719,262.33311040568213,146684800
2020-04-20,258.84918212890625,263.6292486240073,258.62857317015494,259.7867982566206,100109300
2020-04-21,250.98968505859375,255.5858921565235,250.05204085668208,254.38168814110765,126385700
2020-04-22,256.5603332519531,258.3068866614787,254.5471919266126,255.87090205979615,92951600
2020-04-23,256.5419006347656,261.00942882801934,256.2385632888214,257.83803449166567,104709700
2020-04-24,260.1178283691406,260.78888491799785,256.0088167943418,258.0587359112116,85063200
2020-04-27,263.8682861328125,264.98976199024764,261.634535810774,262.0941566039355,77896600
2020-04-28,262.65484619140625,267.86692903854635,262.3514808302591,267.51761283020494,105270000
2020-04-29,269.5307312011719,271.0658765011641,266.9568668064149,267.9864125643177,118745600
2020-04-30,267.0212097167969,269.631851513318,265.28383028027514,268.15185850594577,122901700
2020-05-01,259.9522705078125,267.1866954796315,258.78481603360234,262.2687486221893,125180000
2020-05-04,260.6693115234375,260.9726488665371,256.58787713450204,258.06784244223917,80873200
2020-05-05,263.07763671875,265.890512497822,260.7979084831233,263.49130647279605,79569900
2020-05-06,261.2943115234375,265.16430912686474,260.86226703661674,264.7782435319276,73632600
2020-05-07,264.4473876953125,266.3778004537861,263.9418160920804,264.5117413329673,75250400
2020-05-08,268.8229675292969,269.2917896381727,266.45130891700745,267.58198598128706,76452400
2020-05-11,268.8782043457031,270.25706693209133,266.46979551663003,266.89263885494034,79514200
2020-05-12,263.51898193359375,270.4776190002841,263.3810732615767,270.0639771433086,95870800
2020-05-13,258.8583984375,263.9969547866996,256.4315875392969,262.95820745768185,144721100
2020-05-14,261.9562683105469,262.08494754129237,250.94374432958452,256.42244422191715,121977900
2020-05-15,263.160400390625,263.2063512347929,258.61934608730513,259.5661635119153,111146300
2020-05-18,271.1761779785156,272.78485022076103,269.06193425277155,269.3836462588065,119703800
2020-05-19,268.3908996582031,272.28847402813193,268.3725249301823,270.57869857253786,95189300
2020-05-20,272.95037841796875,273.81446769296434,271.7002234133943,271.9300337939139,85861700
2020-05-21,271.06591796875,273.63060941899073,269.97201842037936,272.82167247031106,78293900
2020-05-22,271.5806884765625,271.75534659131654,269.5399713937195,270.78095292638466,63958200
2020-05-26,274.92669677734375,277.7855520274972,271.59904750423533,277.54654029417327,88951400
2020-05-27,279.01739501953125,279.05417253749494,272.8952427443175,277.72126102832135,104817400
2020-05-28,278.50250244140625,282.05996133248505,277.8314462784761,280.0468208967093,90405200
2020-05-29,279.7435607910156,280.3318607230198,275.28523421175083,278.03375713092686,119090800
2020-06-01,280.8742980957031,281.4810010010921,278.5853951754415,279.10016829764464,55758300
2020-06-02,283.1999206542969,283.24589956300736,280.46059882527766,281.79348222342395,74267200
2020-06-03,286.96881103515625,287.92483007098406,284.9097190069347,285.18548024177693,92567600
2020-06-04,286.2150573730469,287.72262709548625,284.1191876013095,285.98524696801854,75794400
2020-06-05,293.5505676269531,295.324696931107,291.5466279553278,291.6109815909454,150524700
2020-06-08,297.098876953125,297.2919098216804,293.81717792255563,294.3595270647997,73641200
2020-06-09,294.8834228515625,297.1723246989423,293.56888647953616,294.4329755410005,77479200
2020-06-10,293.238037109375,296.3542792450485,292.52102986489626,295.46261387215606,95000800
2020-06-11,276.33319091796875,286.941246338049,275.78166842632197,286.3069674196292,209243600
2020-06-12,279.642333984375,284.11903376188354,274.48540475326934,283.3468745854459,194678900
2020-06-15,282.2530212402344,283.38369810345534,272.7756459737203,273.9522736793171,135782700
2020-06-16,287.6857604980469,290.1493485974371,282.8229940315134,290.0022666173974,137627500
2020-06-17,286.4908447265625,289.0003844313553,285.7554346036974,288.70622038220927,83398900
2020-06-18,286.60113525390625,287.0791307706854,284.5144669914152,284.9740877759043,80828700
2020-06-19,284.9632263183594,290.26288306599963,283.0150766905862,290.06900074453034,135549600
2020-06-22,286.7912292480469,287.1882356545676,283.2181152364282,284.3629814046149,74649400
2020-06-23,288.11151123046875,290.37357419189783,287.7052629584042,289.44104590695906,68471200
2020-06-24,280.76226806640625,286.6897814759057,278.92493642655745,286.0711669477362,132813500
2020-06-25,283.7721252441406,284.03988623160495,278.16776915357684,280.18976894126644,89468000
2020-06-26,277.0321350097656,282.88579689027085,276.45048811590635,282.67343082724625,127961000
2020-06-29,281.1039123535156,281.24239974862263,275.9981370930579,278.2878986725835,79773300
2020-06-30,284.7046813964844,286.4035537681701,280.5129799461542,280.6699229107989,113394800
2020-07-01,286.6988830566406,287.9638090940719,285.3601346812486,285.82177788168684,72396500
2020-07-02,288.2778625488281,291.4816690368275,287.6130948915451,290.1336499523645,69344200
2020-07-06,292.7279968261719,293.30967187564966,291.35230884827496,292.1001687186121,61713800
2020-07-07,289.7088623046875,293.1619451017001,289.3303114252415,291.1861264698139,82910000
2020-07-08,291.92474365234375,292.03553353353783,288.71172439183437,290.4751769616239,54638600
2020-07-09,290.2628173828125,292.77415781586666,286.84664602686377,292.534094306912,83354200
2020-07-10,293.2265625,293.49432348020605,288.76710100613167,290.1981838415168,57550400
2020-07-13,290.6875,297.9537597898529,290.0319745156313,295.5716931672863,102997500
2020-07-14,294.4544982910156,295.2300554521404,288.06534428299244,289.2656052802528,93657000
2020-07-15,297.15966796875,298.2583807966645,294.7775738030439,297.6767059846558,87196500
2020-07-16,296.18109130859375,296.63349268794474,294.61149295046425,295.2578047865102,54622500
2020-07-17,297.0397033691406,297.82450244875093,295.21158614355636,297.1874325751291,62774900
2020-07-20,299.4403381347656,300.18819807974637,296.02416620162734,296.7720261466081,56308800
2020-07-21,300.07745361328125,301.850148500667,299.0895299692351,301.40698886705917,57292200
2020-07-22,301.7854309082031,302.0993731333049,299.60648815541464,299.7172780341707,57792900
2020-07-23,298.18463134765625,302.1270831480681,296.8181852176336,301.42537631818345,75738000
2020-07-24,296.2641906738281,297.28902521270993,294.7592290992445,296.32882749424476,73766600
2020-07-27,298.4246826171875,298.6001093174505,296.1626192778823,296.95666037009426,48293000
2020-07-28,296.5319519042969,298.81247079634437,296.2364934476947,297.6952737904054,57495000
2020-07-29,300.1789245605469,300.74214401894255,297.37212550366144,297.40906485580297,48454200
2020-07-30,299.10791015625,299.5234003844888,295.11933357691976,297.2059420708996,61861700
2020-07-31,301.4716491699219,301.57322538767465,296.6797875753744,300.89921576080525,84986800
2020-08-03,303.5674743652344,304.33379001033194,302.5887926129522,303.1335284428846,53077900
2020-08-04,304.739990234375,304.739990234375,302.70874832852365,302.70874832852365,41917900
2020-08-05,306.6326904296875,306.89123771970355,305.7740406786033,306.0418016743555,42697700
2020-08-06,308.68243408203125,308.8024658628492,305.72793350897297,306.05108949352723,43679400
2020-08-07,308.9039611816406,309.19017773336356,306.8080828607746,307.71291374534616,57308300
2020-08-10,309.82733154296875,310.0119719811735,307.41753855083357,309.3564462990686,44282100
2020-08-11,307.2698059082031,311.6462040748988,306.5404296941491,311.0091339906926,69601100
2020-08-12,311.5538024902344,312.32935977820927,309.679532000178,309.70722946844614,53774400
2020-08-13,310.99053955078125,312.30161861044127,310.06725316908,310.7874154197484,41816100
2020-08-14,310.999755859375,311.5352776955489,309.8733454392591,310.6027495102384,47260400
2020-08-17,311.98779296875,312.3847994629521,311.0091113811264,312.0154904409857,35481000
2020-08-18,312.6618347167969,313.08653872718406,310.78753558782734,312.3848317893029,38733900
2020-08-19,311.3599853515625,313.5573840389721,310.7967658103232,313.0403457388199,68054200
2020-08-20,312.32940673828125,312.8095056526026,309.5041518442734,309.6333973234677,42207800
2020-08-21,313.43731689453125,313.65889664211295,311.6553525028336,311.99699218231325,55106600
2020-08-24,316.6135559082031,316.6874064624965,313.40974924054666,315.874909482869,48588700
2020-08-25,317.721435546875,317.8045279741512,316.0133494044836,317.1766997393025,38463400
2020-08-26,320.90667724609375,321.1744100287514,317.76750896060923,318.312244583333,50790200
2020-08-27,321.6084289550781,323.0579957694621,319.94652424244754,321.77464196751936,58034100
2020-08-28,323.685791015625,323.8150646592131,321.4422114288014,322.6332589850596,48588900
2020-08-31,322.5132141113281,324.350545281418,322.2823924798507,323.47343998768525,66099200
2020-09-01,325.5508728027344,325.65242080777375,322.4486150605475,323.3442042226388,54908700
2020-09-02,330.2596740722656,331.22911386665123,326.3172217084211,327.4621164118237,69540000
2020-09-03,318.8940124511719,329.0409244463154,316.3087927397801,328.5700392045548,148011100
2020-09-04,316.29034423828125,321.1468133146193,309.1810250931994,319.5772427676945,139156300
2020-09-08,307.64837646484375,316.35499211221384,307.343704228668,310.8798801569295,114465300
2020-09-09,313.72357177734375,316.1887312996784,310.78749888094603,311.65539056693245,91462300
2020-09-10,308.276123046875,316.2533032385388,307.31589725964466,315.59777775539925,90569500
2020-09-11,308.43316650390625,311.11993430191217,305.6079113300187,310.05816018485217,84680200
2020-09-14,312.4955749511719,314.2682976219797,308.58084878107974,311.59998582152673,65605700
2020-09-15,314.0744323730469,315.78249013570075,312.504833796234,314.9515377853473,52920900
2020-09-16,312.82794189453125,316.74266767813356,312.5509390358151,315.31158485907184,82096000
2020-09-17,310.07659912109375,311.79392701921023,307.4452264147787,307.97150659133644,91523300
2020-09-18,306.5068054199219,310.9933980198159,304.0224987247291,310.88216462887675,105877900
2020-09-21,303.0954895019531,303.2438101066205,298.2381099284634,301.9182318320632,99450800
2020-09-22,306.1823425292969,306.7385377490843,302.06653750783966,304.57868073084774,63612100
2020-09-23,299.0816955566406,307.0166647717101,298.58111700501155,306.7385530033538,93112200
2020-09-24,299.8788757324219,302.9379070439711,296.44902874373327,297.7653565033435,76681300
2020-09-25,304.7269592285156,305.5148717009548,298.1546568746652,299.0259943751535,71069400
2020-09-28,309.78826904296875,310.50203534951567,307.8972169129009,308.8890949296322,64584600
2020-09-29,308.10125732421875,310.3260103041518,307.4060202499104,309.58443540726375,51304000
2020-09-30,310.4371337890625,313.58886813155385,308.5738902068861,308.76854858003315,104081100
2020-10-01,312.4302062988281,314.0060596588878,310.54843285554995,313.03273929794693,88698700
2020-10-02,309.46380615234375,312.40235285633963,307.0073084094654,307.48007849386664,89431100
2020-10-05,314.9515380859375,315.1369175857961,311.4753542094507,311.52169201210114,45713100
2020-10-06,310.4742431640625,317.18561572731545,309.9644141027496,315.0906262164625,90128900
2020-10-07,315.8786315917969,316.6851020086094,313.40357535364103,313.43138370286675,56999600
2020-10-08,318.6781005859375,318.74299616214427,316.8982814154723,317.8160134938171,45242500
2020-10-09,321.52386474609375,321.9873559657683,319.706987085962,320.32804947834086,59528600
2020-10-12,326.6964416503906,328.1703404575897,323.5725150946358,324.0638146970355,80388500
2020-10-13,324.5643310546875,326.73346633440195,323.600261500618,326.5573374267569,73255500
2020-10-14,322.5249938964844,326.2329236603553,321.7926981363864,325.1390911694356,57727900
2020-10-15,322.12640380859375,322.60842450210197,318.07549499777156,318.61313237555913,60357700
2020-10-16,321.93170166015625,325.13905260448615,321.7555727541224,323.47974631097276,89501900
2020-10-19,317.0372619628906,323.8227516799886,316.1380878968359,323.1924104328647,68425600
2020-10-20,318.3072509765625,321.55168968171705,317.6212929886074,318.38139712826285,60051900
2020-10-21,317.7047424316406,320.43007341653833,317.39882234537475,318.2609093352829,63575000
2020-10-22,319.44744873046875,320.0314522737697,315.7766056873438,317.9179331532719,55399300
2020-10-23,320.53204345703125,320.7267018827422,318.0755452159894,320.6710851896819,49143900
2020-10-26,314.60858154296875,317.93644508302657,311.11383966511926,317.14850435705404,91473000
2020-10-27,313.5240478515625,315.285309087353,313.31083167503937,314.95160893898276,65994100
2020-10-28,302.8081359863281,313.55186080057024,302.31683634561693,307.85092353477626,127094300
2020-10-29,305.8857116699219,309.0559761451705,301.35275342695843,303.0398684553781,90597700
2020-10-30,302.69696044921875,305.6169505054089,299.0446460866064,304.30990141012455,120287300
2020-11-02,306.0896301269531,308.09188741481535,303.34574158278815,306.0896301269531,86068300
2020-11-03,311.493896484375,313.5517985554668,306.1730265311478,309.32476105094173,93294200
2020-11-04,318.4555358886719,322.5342527174531,314.7939441588328,315.9712016015237,126959700
2020-11-05,324.6663513183594,326.4739785623512,323.3871109043666,323.7393687910326,82039700
2020-11-06,324.5921630859375,325.84359499345544,322.26542819140275,324.37894694815776,74973000
2020-11-09,328.6708984375,337.77387297534375,328.20740720794697,337.3938067723991,172304200
2020-11-10,328.1888732910156,329.2456185696468,324.9166263863297,327.6790159718678,85552000
2020-11-11,330.6269226074219,331.4519224764257,329.13446579265536,330.3766191804443,58649000
2020-11-12,327.4194641113281,330.67318157201504,325.6118653025927,329.6164079973696,67546200
2020-11-13,331.952392578125,332.69396715892105,328.809908762868,329.32901662727664,62892200
2020-11-16,336.0960693359375,336.2907277500925,333.33365115779196,334.62217047881086,74541100
2020-11-17,334.2884216308594,335.49351584362677,332.17490268135197,333.68588866910596,66111000
2020-11-18,330.2654113769531,335.1042624391809,330.22832414614453,334.5573460141445,70591300
2020-11-19,331.6557922363281,332.02657957234703,328.29084129066734,329.63497720915376,59940900
2020-11-20,329.3846435546875,331.60014506825297,329.3104974100037,331.39620780880034,70417300
2020-11-23,331.359130859375,332.61984167212626,328.9582497650771,331.1922808117231,63230600
2020-11-24,336.6986083984375,337.24552471708824,333.05557370732873,333.9083818251607,62415900
2020-11-25,336.1795349121094,336.643026242167,335.08570216259716,336.6152178939342,45330900
2020-11-27,337.1157531738281,337.5884950330975,336.1053173094643,337.2733243638305,28514100
2020-11-30,335.62322998046875,336.60582901594785,332.9442656786078,336.3369962113714,83872700
2020-12-01,339.2941589355469,340.8329534365879,338.28375130260855,338.8770337417267,74231400
2020-12-02,340.00799560546875,340.16556682393974,337.60711378492744,338.1818385379717,45927000
2020-12-03,339.91522216796875,341.30569594652076,338.81211070717654,339.90594329021474,62882000
2020-12-04,342.8445129394531,342.8445129394531,340.4065442272832,340.4992481431544,50749900
2020-12-07,342.1400451660156,342.631344870927,340.8700833791276,342.07514958686744,48944300
2020-12-08,343.14111328125,343.7065590089636,340.8236571068303,340.8699949146147,42458900
2020-12-09,340.0635681152344,343.95687801184386,339.2292894437654,343.7993068138485,74098300
2020-12-10,339.9523010253906,340.9997674831479,337.8202243105125,338.6915901201066,57735400
2020-12-11,339.5536804199219,339.9615549854479,336.7356739717107,338.255910570185,57698600
2020-12-14,338.0334777832031,342.7981536293505,337.8573488263368,341.7228787095807,69216200
2020-12-15,342.603515625,342.603515625,339.20150512752514,340.57342135002625,63865300
2020-12-16,343.14111328125,344.058816873757,341.9360190969958,342.81666375897925,58420500
2020-12-17,345.0600280761719,345.263965399899,343.95691641000235,344.7819445843925,64119500
2020-12-18,343.6822204589844,345.51616164558806,341.67139953282106,345.3486003375375,136542300
2020-12-21,342.453369140625,352.3212752668946,337.0260363965949,339.7629846416698,96386700
2020-12-22,341.8761901855469,342.8909048278069,340.74976800980517,342.7791972943252,47949000
2020-12-23,342.1833801269531,344.0917832562604,341.8575475802829,342.84433524058835,46201400
2020-12-24,343.5146179199219,343.542544801245,342.0716817018129,342.6581462095984,26457900
2020-12-28,346.46575927734375,346.85673569296256,345.44172607715615,346.06543601964245,39000400
2020-12-29,345.8047790527344,348.1693596640355,345.2182860136059,347.99247990906485,53680500
2020-12-30,346.2981262207031,347.33147772383484,345.90714985399984,346.62395879952305,49455300
2020-12-31,348.0575866699219,348.78371400805713,345.59061740637577,346.1026197103733,78520700
2021-01-04,343.31915283203125,349.51917659122995,339.62334376927595,349.3888321963932,110210800
2021-01-05,345.68365478515625,346.7728598923991,342.6301928867929,342.6767566253038,66426200
2021-01-06,347.75030517578125,350.94342966039994,343.6262753129207,344.1755228387104,107997700
2021-01-07,352.9170227050781,353.6617584095082,349.9473414971712,350.1242211986964,68766800
2021-01-08,354.9278869628906,355.14198358914405,351.05519832067495,354.30414871589034,71677200
2021-01-11,352.5352783203125,354.29472820622965,351.6322715123508,351.7532974365892,51034700
2021-01-12,352.6097717285156,353.62448612257145,350.36621794703956,352.72150764451703,52547700
2021-01-13,353.5593566894531,354.5554342663169,351.7533428404121,352.53532382507234,45303600
2021-01-14,352.3213195800781,354.806926184198,351.98619693315214,354.3042138039543,49989100
2021-01-15,349.7519226074219,351.5020547003936,347.8900545677973,350.70146508008384,107160000
2021-01-19,352.49810791015625,353.0380654699637,350.72933922047633,352.20952068020125,51233300
2021-01-20,357.37628173828125,358.21411669110563,354.3972814506253,354.7882578373456,61836100
2021-01-21,357.7019958496094,358.3629793057075,356.7803804745633,357.9347293006691,47840100
2021-01-22,356.4360046386719,357.5996721065897,355.4678253506062,355.8495116892653,52860500
2021-01-25,357.8416748046875,358.19540580199936,352.3212155048195,357.1714012989788,70402000
2021-01-26,357.28314208984375,359.2008637189769,357.0504086066009,358.79125051568155,42665300
2021-01-27,348.5509948730469,354.05281810421934,346.3167590029396,353.95971902424606,123351100
2021-01-28,351.548583984375,355.55158851320573,349.9287680398475,350.36627971281166,94198100
2021-01-29,344.5107116699219,350.6548810290884,342.83501362114134,349.6867018282273,126765100
2021-02-01,350.2452392578125,351.27856215518443,344.7992707610039,347.90858629226074,75817600
2021-02-02,355.19781494140625,356.7524870405597,350.32904887111556,353.4290462295083,64450700
2021-02-03,355.4770812988281,357.19931453059735,354.20170652374054,356.02632883796133,52427100
2021-02-04,359.5173645019531,359.56389983293474,355.5888223142449,356.5104377825251,47142600
2021-02-05,360.9324035644531,361.6399224767463,359.47085881489795,361.3885805309923,48669800
2021-02-08,363.5390319824219,363.5855673167599,361.52821120762786,362.38465454642807,38365200
2021-02-09,363.29693603515625,363.89274733764177,362.2915399745202,362.7011247326708,35551100
2021-02-10,363.1387023925781,365.18676844469576,360.73690530404883,365.0378156036463,59154400
2021-02-11,363.72515869140625,364.63748409725014,361.29543496551975,364.21855249837824,42913300
2021-02-12,365.52191162109375,365.7639351240039,362.8501073798465,362.9245980037026,50593300
2021-02-16,365.2053527832031,366.94622301748575,364.4885439172145,366.75070644597713,50972400
2021-02-17,365.2891540527344,365.54049596951603,362.4404702799734,363.455213196624,52290600
2021-02-18,363.7344970703125,364.47923283154506,360.9603038015021,362.6825372104316,59712800
2021-02-19,363.09222412109375,365.27992492742703,362.6453655277191,364.9913376306186,83241000
2021-02-22,360.29931640625,362.7104315988189,360.02933764280306,360.3272432845483,67414200
2021-02-23,360.7369079589844,362.0867735591579,353.941101443955,358.0930589330605,107284100
2021-02-24,364.71197509765625,365.1402251600415,358.66090455980543,359.6476922516517,72433900
2021-02-25,355.9239807128906,364.81441738369665,354.4810443890207,363.4459432788632,146670500
2021-02-26,354.09002685546875,358.9495032557424,352.1071613879296,357.8044726689712,152701600
2021-03-01,362.6733093261719,363.9207860729494,354.2856120535268,358.9588912031776,105348800
2021-03-02,359.84326171875,363.12945783435276,359.3405493685015,362.8967243179224,79595300
2021-03-03,355.0767822265625,360.11310908007255,354.9743647355209,359.1449583838965,119940200
2021-03-04,350.6828308105469,357.47863729094,346.19572234702065,354.8906420427798,183433000
2021-03-05,357.1341857910156,358.1861456706564,346.9032310579424,354.18311275175654,152039600
2021-03-08,355.3560791015625,360.9044370293171,355.07681030362994,358.09302696069,123149200
2021-03-09,360.4296875,362.9804372731695,358.69813568759565,359.2008479440805,113633600
2021-03-10,362.6733093261719,364.3676162773064,361.36071719101784,362.7757268545739,109899400
2021-03-11,366.3504333496094,368.3240087626398,364.6840536373491,365.14023058798864,86245000
2021-03-12,366.8438415527344,366.98347596763745,364.18138400908146,364.99129202536955,64653600
2021-03-15,369.0315246582031,369.29218502366257,364.95402947649114,367.09516616349055,73427200
2021-03-16,368.5660705566406,370.353447865086,367.7933794539433,369.645957368341,73722500
2021-03-17,369.82275390625,370.62334330164754,366.1362357683659,367.2812945185965,97959300
2021-03-18,364.4420471191406,369.32013211532865,363.76245508171684,367.2348490775415,115349100
2021-03-19,363.7677001953125,365.7197211971754,361.59150389696646,364.1412876855865,113624500
2021-03-22,366.67236328125,368.05466830965446,364.2253325103038,364.28136920712717,73778600
2021-03-23,363.78631591796875,367.48487998089433,363.00177375328116,366.0372179810948,90686600
2021-03-24,361.9370422363281,366.8217830520808,361.89035449260405,365.1873129811931,97588600
2021-03-25,363.9731140136719,364.76697660324993,358.5559965907847,360.4986968055075,116128600
2021-03-26,369.8385925292969,370.2401983720078,364.5242270663124,365.12196135499164,114409100
2021-03-29,369.6518249511719,370.557789685478,366.87789404327793,368.362923730932,108107600
2021-03-30,368.671142578125,369.3436115196959,367.0740110275809,368.3816101105084,76262200
2021-03-31,370.16552734375,371.72529173729214,369.21287479682536,369.2408931510613,112734200
2021-04-01,374.16290283203125,374.2189680327331,371.89333106228867,372.0988084552015,99682900
2021-04-05,379.53326416015625,380.0749901846481,376.75001345829463,376.82471954638225,91684800
2021-04-06,379.3092041015625,380.35526059128404,378.6367351434698,378.972983873967,62021000
2021-04-07,379.7480773925781,380.0936464810016,378.68335178237857,379.1409942505184,55836300
2021-04-08,381.5506896972656,381.60672639186373,380.06566028462163,380.9996431984528,57863100
2021-04-09,384.3245849609375,384.4927235322592,381.3078386668728,381.42926099503524,61104600
2021-04-12,384.4647216796875,384.73555618947427,383.11978406878455,383.72686723274467,56704900
2021-04-13,385.60418701171875,386.2299681294225,383.979065799831,384.36200222963515,56551000
2021-04-14,384.287353515625,386.6316316879288,383.74562736217496,385.57622623649513,61659900
2021-04-15,388.4154968261719,388.68635987083064,386.3794207731198,386.42610852089956,60229800
2021-04-16,389.7137756347656,390.3208589152381,388.2847827117887,389.7044266833597,82037300
2021-04-19,387.7990417480469,389.228034481116,386.4728019580856,388.77974091961784,78498500
2021-04-20,384.9597473144531,387.6869614412357,383.4840383597904,386.58486845168517,81851800
2021-04-21,388.6023254394531,388.80780284580254,384.2032448539139,384.34336511048394,66793000
2021-04-22,385.0531921386719,389.26546492861024,383.9884662544885,388.43423481321906,97582800
2021-04-23,389.2280578613281,390.63838128168265,385.53884219304297,385.6135482901479,73209200
2021-04-26,390.0406494140625,390.61039389838606,389.2934743721866,389.8818882565418,52182400
2021-04-27,389.9565734863281,390.5356668911207,388.8171130815738,390.3395099382348,51303100
2021-04-28,389.844482421875,391.34820981136744,389.37749094113417,390.22741885643023,51238900
2021-04-29,392.328857421875,392.94528956050897,388.9478438608281,392.57170209849045,78544300
2021-04-30,389.7511291503906,390.9092875553303,388.8545133714871,390.0593595294179,85527000
2021-05-03,390.5916748046875,392.12339199652814,390.0966649892705,391.7404555728437,68128300
2021-05-04,388.18194580078125,389.0972592506833,384.4927306617044,388.602249482538,101591200
2021-05-05,388.303466796875,390.05935955355847,387.74307124643747,389.8258637827846,60162200
2021-05-06,391.40423583984375,391.5349786293804,386.3700541332892,388.3781117451592,74321400
2021-05-07,394.25286865234375,394.9066681025146,391.4882871687611,392.17010496663084,67733800
2021-05-10,390.348876953125,394.8319841776763,390.2274545965479,394.60783736731895,81852400
2021-05-11,386.8650207519531,387.8550402733602,382.9889977008336,385.8283134901169,116888000
2021-05-12,378.6461181640625,385.3521104448964,377.3291984816863,384.0819070224907,134811000
2021-05-13,383.19451904296875,385.1278705672436,380.14972554113865,380.1964417898234,106394000
2021-05-14,389.0785827636719,389.9285106204482,385.90304661385784,385.93106496065724,82201600
2021-05-17,388.088623046875,388.90121223521504,386.0712162573868,387.9672291939465,65129200
2021-05-18,384.7450256347656,388.5930316977429,384.5862359561128,388.3501869549459,59810200
2021-05-19,383.7362060546875,383.9136650884359,378.5712816845553,380.05633959916474,106467100
2021-05-20,387.8644104003906,389.1252929926565,384.49274587512184,384.61413970744456,78022200
2021-05-21,387.5469055175781,390.59169919664373,387.0892629717918,389.3494858539395,76578700
2021-05-24,391.4976501464844,392.5717248506236,389.54560067622776,389.78844536691764,51376700
2021-05-25,390.6289978027344,392.93593669892675,390.0499329669356,392.58101863752853,57451400
2021-05-26,391.40423583984375,391.90856610321015,390.1807204738854,391.21742785148024,43088600
2021-05-27,391.6096496582031,392.94523819922244,391.32943772114305,392.43155906895123,56707700
2021-05-28,392.31024169921875,393.44035318988387,392.07674594064906,393.1788390804018,58520200
2021-06-01,391.9646301269531,394.81326667212426,391.5256570082224,394.67317493272026,54216600
2021-06-02,392.5810546875,393.42166217448545,391.60973290730567,392.61842198763014,49097100
2021-06-03,391.1241149902344,392.26357557779556,388.79850605859133,390.2648664505085,58138800
2021-06-04,394.7012023925781,395.0000837788047,391.1894173616605,392.9733282256469,55938800
2021-06-07,394.3182373046875,394.8692837876168,393.3842544177777,394.69182475887226,51555000
2021-06-08,394.4023742675781,395.2709716921303,392.5717754098022,395.1775676834587,47134300
2021-06-09,393.8139343261719,395.31766180851946,393.58978752250255,395.24292720536323,48436300
2021-06-10,395.6445007324219,396.59718157596666,393.72049815041606,395.0374175201594,51020100
2021-06-11,396.2983703613281,396.4104437738481,394.90674465103467,396.195645900819,45570800
2021-06-14,397.18560791015625,397.2883323557152,395.1682012696967,396.4103860815458,42358500
2021-06-15,396.4571228027344,397.37240792096816,395.5791764832327,397.335069122236,51508500
2021-06-16,394.2435302734375,396.8213323424478,392.19813383077667,396.59718555484613,80386100
2021-06-17,394.11279296875,395.0934636810587,391.6377438115296,393.832609480347,90949700
2021-06-18,388.7960510253906,391.52280806426444,388.5899013988071,390.82940868218697,118676300
2021-06-21,394.36199951171875,394.54941864548533,389.7424066854368,390.55762558464596,72822000
2021-06-22,396.4703674316406,397.3043454678535,393.6311417670724,394.352679752593,57700300
2021-06-23,395.99249267578125,397.35118140093033,395.908162638729,396.5453419827774,49445400
2021-06-24,398.3350524902344,398.756702636822,397.88526373773,398.13828242182683,45110300
2021-06-25,399.75,400.1997887962621,398.75674142988316,399.08471063989845,58129500
2021-06-28,400.55584716796875,400.72450723423236,399.075338926079,400.2747470575294,53159600
2021-06-29,400.77142333984375,401.5772628150839,400.2373044711945,400.9400834258965,35970500
2021-06-30,401.1087341308594,401.78340305544015,400.2841356012442,400.3122456149289,64827900
2021-07-01,403.3294677734375,403.48877689800884,401.802090469254,401.86769002620366,53441000
2021-07-02,406.4124450683594,406.76852436635596,403.4139096500069,404.49152708220277,57697700
2021-07-06,405.672119140625,406.68413685470637,402.9359824093808,406.4686076794865,68710400
2021-07-07,407.10577392578125,407.38690265779184,404.3415272693066,406.35615449938257,63549500
2021-07-08,403.78863525390625,404.54763413664995,400.60268153812575,401.78335917623605,97595200
2021-07-09,408.0990295410156,408.39888874783514,403.59187628680496,405.29729335492465,76238600
2021-07-12,409.5608215332031,409.8138402584851,407.58368379970483,408.0147135517589,52889600
2021-07-13,408.1646728515625,410.27300986948524,407.9023031665115,408.77374227084334,52911300
2021-07-14,408.773681640625,410.3479281135863,407.52743297051677,409.8606497735151,64130400
2021-07-15,407.37750244140625,408.10839135369446,405.4753153622365,407.4337224657248,55126400
2021-07-16,404.1822204589844,408.60504373099667,403.7886802665075,408.5582032401322,75874700
2021-07-19,398.2132873535156,404.24781810954704,395.4021716073947,399.35647556745073,147987000
2021-07-20,403.9198913574219,405.1942788329913,398.08213008287646,398.87861868058843,99608200
2021-07-21,407.1900939941406,407.33067265477706,403.8729980876093,405.1192467876088,64724400
2021-07-22,408.04278564453125,408.2864248103382,406.3842377598322,407.3681167667281,47878500
2021-07-23,412.2407531738281,412.5780733348413,409.28908738037114,409.9731072389194,63766600
2021-07-26,413.2527770996094,413.26215663692216,411.6036085131249,411.65044900738826,43719200
2021-07-27,411.369384765625,412.2408239272899,408.5395094805176,412.2127139090476,67397100
2021-07-28,411.2006530761719,412.5781010183634,409.77636464052375,411.99714163798257,52472400
2021-07-29,412.906005859375,413.98359440615155,412.1188969574822,412.1282764931705,47435300
2021-07-30,410.9007568359375,412.35315505498323,410.2073289089117,410.3385280234811,68951200
2021-08-02,410.0387268066406,413.16843236981356,409.68264755521176,412.61558301486065,58783300
2021-08-03,413.37457275390625,413.49639234731455,408.642539261414,410.8352061543172,58053900
2021-08-04,411.3412170410156,413.34646478534535,411.1069573898092,412.0908364864167,46732200
2021-08-05,413.9461364746094,414.0304665079831,412.1844995210822,412.5030891792091,38969700
2021-08-06,414.6302490234375,415.0519278807742,413.9836900268023,414.26481879707745,46930000
2021-08-09,414.2928466796875,414.92064647614995,413.5244682278816,414.60205680992107,41222600
2021-08-10,414.8081970214844,415.5203554334606,414.0585776586694,414.742597463298,43339300
2021-08-11,415.8389892578125,415.9326988371535,414.75202104898426,415.87647880877864,44034300
2021-08-12,417.0852355957031,417.22581426197354,414.78950819398324,415.68905723891174,38909400
2021-08-13,417.8442687988281,417.86299927638066,417.0477802625369,417.53503004424323,39470300
2021-08-16,418.8281555175781,418.95932605512974,414.9862914344037,416.5417789840265,73740000
2021-08-17,416.08258056640625,416.9446399663895,413.0934254851267,416.26997110737653,92673900
2021-08-18,411.52862548828125,416.63549754497274,411.28501488582106,415.0706304246031,89351900
2021-08-19,412.165771484375,413.36520830572493,408.66125638495504,408.8018064511608,92812200
2021-08-20,415.4454345703125,415.7734038110684,412.02524927934286,412.512527670003,72008700
2021-08-23,419.09991455078125,420.00884318252696,415.52042005494565,417.1321276721808,54973000
2021-08-24,419.7651672363281,420.2992860816183,419.24980746387826,419.7651672363281,38744700
2021-08-25,420.64599609375,421.16135587884156,419.57775837696613,419.9525966891945,40529700
2021-08-26,418.16290283203125,420.599180595031,418.06919324203466,420.36492091811544,57829600
2021-08-27,421.9016418457031,422.2764515773078,418.9124863376052,418.9687063675384,77235100
2021-08-30,423.7569885253906,424.544097540426,422.33267151100796,422.57631070476276,48357400
2021-08-31,423.1291809082031,424.0006200110499,422.5294910274589,423.6632998149096,59300200
2021-09-01,423.35394287109375,424.58146090244946,423.1196832682221,424.06610121458914,48721400
2021-09-02,424.6565246582031,425.4623641266029,423.45711639620544,424.77834425136786,42501000
2021-09-03,424.55340576171875,425.068794112329,423.1197379507082,423.5226862527916,47170500
2021-09-07,423.0353698730469,424.30037749751193,422.36070104640845,424.20666793345083,51671500
2021-09-08,422.5200500488281,423.2322084875442,420.599103890751,422.5013195727054,56181900
2021-09-09,420.7115783691406,424.0755433312676,420.46793919543404,422.32328581858627,57970400
2021-09-10,417.39447021484375,423.06354222411983,417.27265062322766,422.64189201792766,89948200
2021-09-13,418.4627380371094,420.6554338015027,416.14825126016297,420.39306410434955,83738600
2021-09-14,416.204345703125,420.1117796951704,415.3141478124884,419.9056301097673,78197100
2021-09-15,419.6808166503906,420.1774459218341,415.5203633365021,416.6260619263352,78792200
2021-09-16,419.0155334472656,420.1305829932493,416.063839190952,419.15608350800755,77786700
2021-09-17,414.9338684082031,418.6658303177403,414.5766484303606,418.24282930799984,118425000
2021-09-20,408.0151672363281,410.38405885600616,403.14573587535295,408.8047977762208,166445500
2021-09-21,407.62982177734375,411.65319451439296,407.103401321114,410.3559338587685,92526100
2021-09-22,411.6061096191406,413.64601007748894,407.74255702757415,409.9046386502538,102350100
2021-09-23,416.607177734375,418.21466778281064,413.2418450775607,413.47685522277226,76396000
2021-09-24,417.2933654785156,418.00780541065916,414.7552447526697,414.97146438680744,62094800
2021-09-27,416.09954833984375,417.4249802239827,415.40389884937827,416.25933916263614,61371100
2021-09-28,407.7143859863281,413.65544911085703,406.98115550934745,413.32642918282806,130436300
2021-09-29,408.400634765625,410.8353363854079,407.83660468931265,409.0962556033454,82329200
2021-09-30,403.40899658203125,410.58148154628566,403.07056708218,409.8764511666684,140506000
2021-10-01,408.20318603515625,409.8858665977476,401.61352150069314,405.1386734490561,129240100
2021-10-04,402.93896484375,407.9399583912579,400.79564501055677,407.03752756364304,128570000
2021-10-05,407.13153076171875,409.37821255340737,403.6439886722877,404.4430001166101,90682500
2021-10-06,408.8236083984375,409.0304184562949,401.90492407695274,403.53117578451554,113032200
2021-10-07,412.35821533203125,415.19712763222657,411.92580468619974,412.1044146962141,72437500
2021-10-08,411.6061096191406,413.5144193283019,410.9762985644965,413.1289992900791,74557400
2021-10-11,408.62628173828125,413.8623151629453,408.560472006221,410.9481833441066,65233300
2021-10-12,407.6203918457031,409.951702812476,406.8307612007708,409.5474922480039,71181200
2021-10-13,409.0867919921875,409.9046225853422,405.6650597065649,408.6449718376633,72974000
2021-10-14,415.96795654296875,416.11836647826146,412.2829848477017,412.7530051375808,70236800
2021-10-15,419.1358337402344,419.50246328838506,417.46256287521214,418.0829930190192,66260200
2021-10-18,420.376708984375,420.71510979062344,416.6917376412568,417.34977745930763,62213200
2021-10-19,423.6199035644531,423.6856846027925,421.39198327728565,422.00303260856737,46996800
2021-10-20,425.2837219238281,425.58454176597354,423.9676709741409,424.08047124300566,49571600
2021-10-21,426.3929748535156,426.618575397613,424.2496836213109,424.68209422675085,41305400
2021-10-22,425.951171875,427.40825194853414,424.0052810402493,425.96058146063757,58845100
2021-10-25,428.23541259765625,428.5644324904607,425.264910041171,427.04157156190274,45214500
2021-10-26,428.6209411621094,430.9992429391153,428.2449306270115,429.7866111150071,56075100
2021-10-27,426.72198486328125,429.7489164065924,426.6467655584889,429.0814956872959,72438000
2021-10-28,430.8393859863281,430.9145766067055,428.1414742340312,428.15085513172806,51437900
2021-10-29,431.7135925292969,432.00500278448646,428.244840846289,428.53625110147857,70162400
2021-11-01,432.4562072753906,433.0766374014713,430.72653632741896,432.70059827941714,48433600
2021-11-02,434.20477294921875,434.5150024306183,432.49389207149477,432.6255115333647,48908400
2021-11-03,436.8556823730469,437.25989295856164,433.198910555134,433.6407307983925,52509800
2021-11-04,438.9143981933594,438.99899841219184,437.10950746163917,437.4573179238719,52847100
2021-11-05,440.4372253417969,442.43010684262913,438.9237737315892,441.14225579847414,66390600
2021-11-08,440.8132019042969,442.0352718144265,440.1269906728055,441.53705147758245,50405200
2021-11-09,439.3561096191406,441.4148004973564,437.9460489457193,441.1797903851195,51149100
2021-11-10,435.821533203125,439.35609434839915,434.33628196802437,437.664004386451,69429700
2021-11-11,435.9625549316406,437.39143479469317,435.94376444998505,437.3162154925545,34848500
2021-11-12,439.252685546875,439.80730596328203,436.28215431749,437.23160434083906,53466700
2021-11-15,439.4031677246094,440.7004283336517,438.27513622509247,440.54063749790726,46980500
2021-11-16,441.1421813964844,442.2796223088453,439.0647000337654,439.1398906471806,48857500
2021-11-17,440.07049560546875,441.0575264807902,439.45006554267223,440.87891652236,47858300
2021-11-18,441.56524658203125,441.8284567817868,438.3784954289363,441.1046072166389,50625600
2021-11-19,440.7756042480469,442.70267579983584,440.4089746825623,441.4524058684626,57315600
2021-11-22,439.53466796875,445.1467099372487,439.32785794676454,442.6556087777109,72762000
2021-11-23,440.1175537109375,440.9729939884895,436.6018115031317,439.2057132997234,73206500
2021-11-24,441.29266357421875,441.4148734428188,437.2974910059745,438.1153217416672,61858800
2021-11-26,431.45037841796875,436.0847710795946,430.32231837166336,434.61831023205275,112669600
2021-11-29,436.7427978515625,438.5852690969573,434.0448863560093,436.2445775616634,86268800
2021-11-30,428.244873046875,436.207017697208,428.0004533224309,434.29873651759567,148559600
2021-12-01,423.4883117675781,436.80870036743414,423.29091126414494,433.9603783525568,131939200
2021-12-02,429.97454833984375,431.54442870471775,423.3096641820062,423.7044938415965,127637800
2021-12-03,426.2331848144531,432.7006394884692,422.0030024782896,431.638417799551,137331600
2021-12-06,431.2812194824219,433.16130061518345,426.3647969926562,428.78070813331755,98977500
2021-12-07,440.2021179199219,440.76614789818484,431.1495242664586,436.56416615737265,95484700
2021-12-08,441.3677673339844,441.8189970628325,438.83905631109354,440.5969559928679,72238800
2021-12-09,438.38787841796875,441.471210008513,438.1904779520681,440.07993978691974,61272600
2021-12-10,442.5146789550781,442.66508888548304,438.53832579208637,441.0952372334483,77159800
2021-12-13,438.5947265625,442.3454791791736,438.3126971846737,441.99766876550603,87724700
2021-12-14,435.5771789550781,437.8144800719802,432.65366659136504,435.323378332146,97264100
2021-12-15,442.383056640625,442.6274476583098,433.1142425689226,435.6335728638,116899300
2021-12-16,438.4819030761719,444.5169470262026,436.93081329963405,444.23494635106454,116568600
2021-12-17,433.8151550292969,438.4092309837767,432.1077064463905,435.3999644120147,135511600
2021-12-20,429.2022705078125,429.59845850346267,425.5798363191293,428.7305989396733,107134800
2021-12-21,436.824462890625,436.9659586009306,430.4568968299471,432.62657449075914,69806300
2021-12-22,441.19219970703125,441.3053962890187,436.37170080802724,436.56982361505607,58890200
2021-12-23,443.9372863769531,445.4371985113299,442.0883418877811,442.19209581442925,56439700
2021-12-27,450.219970703125,450.26712634622396,445.26741905868244,445.3145747017814,56808600
2021-12-28,449.8520202636719,451.6821081838997,449.0879146544429,450.65386765775884,47274600
2021-12-29,450.427490234375,451.44628815269533,448.955877247608,449.9558186671151,54503000
2021-12-30,449.1822204589844,451.8613112086021,448.71999158678375,450.8519272576119,55329000
2021-12-31,448.0502624511719,449.8426087104167,447.7767136605498,448.69175768390534,65237400
2022-01-03,450.6444396972656,450.7765215542985,447.0031490248722,449.31432242601716,72668200
2022-01-04,450.4935302734375,452.7858761115812,448.6351430318022,452.0689260726104,71178700
2022-01-05,441.8430480957031,450.89914766079016,441.74870802750024,450.12559940549204,104538900
2022-01-06,441.42791748046875,444.14474987590535,439.06011738234776,441.38076184676675,86858900
2022-01-07,439.6827697753906,442.6165817047028,438.32435344615055,441.43740286255314,85111600
2022-01-10,439.13568115234375,439.3526316532516,430.7304901894249,436.48488919074714,119362000
2022-01-11,443.1353759765625,443.22971603463884,435.8716233328437,438.87147596382505,74303100
2022-01-12,444.33343505859375,446.38994479619777,442.3712941726711,444.8711475087788,67605400
2022-01-13,438.21124267578125,446.0881646411814,437.183001978745,445.43725548979717,91173100
2022-01-14,438.3904724121094,438.7395048053525,433.843551078094,435.0604719206195,95890900
2022-01-18,430.6267395019531,433.9001416437437,429.51360140587576,433.6926049827335,109709100
2022-01-19,426.1552734375,433.5699368723863,425.88169585972383,432.1738074172843,109357600
2022-01-20,421.43853759765625,432.749212360242,419.3160155840139,428.04193941787696,122379700
2022-01-21,413.1654357910156,422.6743219055185,413.1371366485651,420.31596407281415,202271200
2022-01-24,414.9200439453125,415.4294573025682,396.9210694706066,407.5525363125253,251783900
2022-01-25,409.85430908203125,414.80686073493035,402.9490301538802,408.52419175491247,167997300
2022-01-26,408.8260498046875,418.8820910132849,404.56212043743244,415.7501849161173,186391100
2022-01-27,406.8072509765625,416.570857381139,405.1186876310889,413.42953766606337,149878300
2022-01-28,416.9104309082031,416.9575865405849,403.5809903341213,408.1656232816554,164457400
2022-01-31,424.4195251464844,424.7685575099905,414.8917534598383,416.2407272712182,152251400
2022-02-01,427.2872314453125,427.928697788192,421.61773069576964,425.14582437015105,123155400
2022-02-02,431.4379577636719,432.16432156191325,427.3815652994968,429.6927673307446,117361000
2022-02-03,421.2970886230469,427.3061803398797,420.4574993371218,425.40063739567904,118024400
2022-02-04,423.2781066894531,427.1269342906215,418.6840011085922,421.06124440475634,118454400
2022-02-07,421.9196472167969,425.43829858096694,420.58952998140325,424.04216920738406,84472900
2022-02-08,425.39117431640625,426.31566099325914,419.9952501952537,421.41970760411243,81012000
2022-02-09,431.6172790527344,431.9380123033958,429.23062177963686,429.42871580152007,92589900
2022-02-10,423.86297607421875,431.7776105996194,421.86309308439786,425.7685189857641,140103700
2022-02-11,415.5049133300781,426.0231836326423,414.0710421144383,423.947845988049,153214600
2022-02-14,414.14654541015625,416.5803871294331,410.6750491413109,414.9955773704235,123006300
2022-02-15,420.82537841796875,420.99517327307245,418.0708037959125,418.5896597934599,88482700
2022-02-16,421.2970886230469,422.6743616661116,416.90110575473415,418.7783495538221,84863600
2022-02-17,412.2975769042969,421.2687799533193,411.6938522260274,418.10857447395847,102259100
2022-02-18,409.62786865234375,413.80687151261105,407.3544084156553,412.55220911710694,132642900
2022-02-22,405.23199462890625,410.8260135761554,401.7321702034038,407.4205580283925,124391800
2022-02-23,398.0436706542969,408.7128798332859,397.47765898241863,408.14686816140767,132578000
2022-02-24,404.0337829589844,404.4677414533899,387.374371425244,387.7328175718437,213942900
2022-02-25,412.948486328125,413.0333837616076,403.61880824968927,405.26965885180056,121804500
2022-02-28,411.89190673828125,413.37296233027865,406.29788900505855,407.5525226744369,145615000
2022-03-01,405.6186828613281,412.4013221597528,402.9112639395008,410.3919967190823,137785900
2022-03-02,413.0805969238281,414.8069024351355,407.11866056830917,407.8733236663399,117726500
2022-03-03,411.0240478515625,416.1180952528959,409.22225892771945,415.51437058927706,105501700
2022-03-04,407.6846008300781,408.8165952787163,403.63765086397046,407.2883840604993,113978200
2022-03-07,395.6663818359375,407.80720269087345,395.60034091096946,407.09969537962036,137896600
2022-03-08,392.66656494140625,403.0055972451965,391.60058263341585,395.84562657872834,164772700
2022-03-09,403.1942443847656,405.175270488169,398.86430336951577,401.052866089248,116990800
2022-03-10,401.37371826171875,402.2698771249576,396.61925996165274,398.58140136169027,93972700
2022-03-11,396.27008056640625,404.47714697175655,395.76066731177804,403.8639798109582,95636300
2022-03-14,393.3740539550781,400.4962825052735,392.23261691926257,397.0436722577172,95729200
2022-03-15,402.0245666503906,402.6565904451957,394.71365716973366,395.98714740326733,106219100
2022-03-16,410.93914794921875,410.99574623645054,400.7321679197033,405.53380999874116,144954800
2022-03-17,416.0803527832031,416.0803527832031,408.6468044640496,409.02413595065417,102676900
2022-03-18,420.6376037597656,420.95933337461315,413.72981682419214,414.467909206015,106345500
2022-03-21,420.51458740234375,422.47335203270006,417.00389114982016,420.4672563901048,88349800
2022-03-22,425.4351806640625,426.37198236705336,421.90556943878335,421.90556943878335,74650400
2022-03-23,419.95623779296875,424.39426355842147,419.87107662912183,422.8991638853642,79426100
2022-03-24,426.2868347167969,426.29630669485863,420.8647048360825,421.9813008840571,64736900
2022-03-25,428.36871337890625,428.6431408824674,424.3375775189563,426.92091553706297,77101300
2022-03-28,431.4156799316406,431.4156799316406,425.8799725760659,427.7725201247763,68529800
2022-03-29,436.7525939941406,437.2446747767382,432.61738274150923,435.3047964568444,86581500
2022-03-30,434.0557861328125,436.42147053755207,431.94558524771077,435.60766008577025,79666900
2022-03-31,427.3751220703125,434.11258705050625,426.9209002404847,433.2893334473063,121699900
2022-04-01,428.5863037109375,429.0972707248986,425.0093902232998,428.9553354432427,89048800
2022-04-04,432.2577819824219,432.36188709811455,427.96172050083106,428.7849739372156,59601000
2022-04-05,426.7978210449219,433.23247058270414,425.65283796639494,430.76271011439627,74214500
2022-04-06,422.5301208496094,424.8106439250677,419.64399762453365,422.8802663750546,106898000
2022-04-07,424.6592712402344,426.47612959296237,419.7008059045146,421.65012756907544,78097200
2022-04-08,423.5237731933594,426.4193687220367,421.981342273067,423.90227693918933,79272700
2022-04-11,416.2847900390625,421.0918483203158,415.78326607146334,420.2496507622423,89770500
2022-04-12,414.7423400878906,421.8015343492119,413.1904372386116,419.2749706687826,84363600
2022-04-13,419.49261474609375,420.2496221966037,414.3164961668285,414.4962904899716,74070400
2022-04-14,414.26922607421875,420.8363687322028,414.1651209368808,419.71974367105213,97869500
2022-04-18,414.43951416015625,416.1238802748247,412.2062931005156,413.341833148195,66002500
2022-04-19,421.1296081542969,421.84875644836103,414.16501948930335,414.3353418054255,77821000
2022-04-20,420.8174133300781,423.5237714134591,419.6535150384919,422.90869921932216,65224400
2022-04-21,414.5247497558594,425.8327346147976,413.61633488140876,424.4417108017381,85417300
2022-04-22,403.1505126953125,414.5436288750389,402.58274261879126,413.43650465990896,132471800
2022-04-25,405.48779296875,405.6581153210633,396.33731266857023,400.9078312682018,119647700
2022-04-26,393.7445068359375,403.1504700703284,393.71611977901205,402.95173179386785,103996300
2022-04-27,394.8516540527344,400.198124069915,392.7130949238464,394.8232669941469,122030000
2022-04-28,404.8253173828125,406.5570142890086,395.1638717530579,399.6018973665393,105449100
2022-04-29,389.86480712890625,402.9896201658994,389.1172427381389,400.83211704855785,145491100
2022-05-02,392.2115783691406,393.57421496301487,383.2598073525532,389.93105502630925,158312500
2022-05-03,394.00946044921875,396.4224469103301,391.15169530175734,392.7130700591638,100028200
2022-05-04,406.0081787109375,406.5759486887727,391.48287209472454,394.67180974349054,144247900
2022-05-05,391.5775146484375,402.16631958492377,387.44230322988835,401.7404848718178,172929100
2022-05-06,389.2402038574219,392.51430263534195,383.9316224860018,389.01310741996485,151770800
2022-05-09,376.77783203125,384.5751184962438,375.19754216123187,383.3355021930368,155586100
2022-05-10,377.6484680175781,384.26291370073824,373.6078886388362,382.7583415824996,132497200
2022-05-11,371.64898681640625,382.3324247205916,370.9014225253903,376.68316971112745,142361000
2022-05-12,371.2610168457031,374.5351157341159,364.4573066901353,368.4505828254061,125090800
2022-05-13,380.13702392578125,381.5185752675218,374.35527733219214,375.3961840463711,104174400
2022-05-16,378.5946350097656,382.26618152652463,376.2384227760437,378.49055876588955,78622400
2022-05-17,386.3825378417969,386.6191062996921,380.9509064114928,384.68869959743125,83029700
2022-05-18,370.8067626953125,382.1052719010939,369.5671465773128,381.82140136948277,117674500
2022-05-19,368.5357971191406,372.96438058327726,366.31204784682575,367.7409305686508,98510700
2022-05-20,368.6966247558594,375.6990443299585,360.09500032544264,372.12213091455766,131432200
2022-05-23,375.594970703125,376.3614500919125,369.4063326029317,371.72468584727085,76414900
2022-05-24,372.7277526855469,373.92003788214953,366.1700541533183,371.4691925228241,91448800
2022-05-25,376.0207824707031,377.9890479746067,370.83522098115014,371.2326397707966,91472900
2022-05-26,383.5341796875,385.1712435361306,377.0427561590206,377.2509375219795,82168300
2022-05-27,392.9496154785156,393.0631636990263,385.7957888065358,385.9944981924295,84768700
2022-05-31,390.7447509765625,394.08509563165984,388.00056331033727,391.3314359884752,95937000
2022-06-01,387.5841979980469,393.87691162412517,385.0671067720199,392.86442082555544,86585800
2022-06-02,394.9652099609375,395.01251209671574,385.1712709822698,387.42340710258367,79609600
2022-06-03,388.4832458496094,391.79520408065434,387.5085850110212,390.2433012195324,71874300
2022-06-06,389.6660461425781,394.22706332553315,388.4926471442496,392.4953952002465,57508900
2022-06-07,393.40380859375,393.8580303540427,385.7105989918035,386.1742927298047,59272400
2022-06-08,389.126708984375,393.4795741929143,388.33184246632624,391.69110286881636,64350000
2022-06-09,379.8721008300781,389.61870798841755,379.8721008300781,387.34765697732666,86289800
2022-06-10,368.8574523925781,374.5161791416106,368.8101502618891,373.6645386433497,132893900
2022-06-13,354.85260009765625,361.2967210051914,353.2439234260221,359.442032834515,170004900
2022-06-14,353.7833557128906,357.6346967344851,350.6795790257293,356.60326183152415,104011800
2022-06-15,358.82696533203125,363.2744339830128,352.1273319853411,357.08579647279396,125666800
2022-06-16,346.9512939453125,351.01081676127995,344.5193632718366,350.60392594515343,134473300
2022-06-17,347.69927978515625,351.0445711666918,344.1924721764761,347.36667642855815,111113900
2022-06-21,356.4520568847656,357.8395764065463,353.3538694431423,353.4299145965904,76811900
2022-06-22,355.8058166503906,359.9208687301767,351.80477429485757,352.2229356289405,90059400
2022-06-23,359.2935791015625,360.02534683784137,354.3802275814878,357.94408234086904,79292100
2022-06-24,370.7169494628906,370.7264623574381,362.4393100729595,362.46781975387455,98050300
2022-06-27,369.3009033203125,371.93339374615164,368.20799359853146,371.6387840560035,66009600
2022-06-28,361.7550354003906,373.6440649503389,361.6409966809316,370.859513206885,86548900
2022-06-29,361.46044921875,363.29463974904866,359.63577158326706,362.3062847809654,65676000
2022-06-30,358.5238037109375,361.76453925396646,354.06660685286846,357.563929508268,112508300
2022-07-01,362.3157653808594,362.7529525002182,355.2450743514729,357.8680810567147,74839700
2022-07-05,363.0000305175781,363.0190563072348,354.38975859425415,357.221845993929,81438000
2022-07-06,364.2259521484375,366.715894004098,360.7571393570924,363.14252639295074,70426200
2022-07-07,369.6810302734375,370.4793302796413,364.2449625145711,366.0031367080708,64525900
2022-07-08,369.37701416015625,371.24922746104284,366.5164167860133,368.0464848680788,72397800
2022-07-11,365.1573486328125,367.6662874925925,364.4635744126361,366.696929365384,58366900
2022-07-12,361.9261474609375,366.9915903599883,360.1774858287248,364.60617377885575,62219200
2022-07-13,360.0253601074219,362.9620020597862,356.0623697104502,356.4805310045145,84224600
2022-07-14,359.15106201171875,360.234458871572,352.6220841639683,355.064490796516,89704800
2022-07-15,366.0126647949219,366.12670351443825,361.6505097570627,363.56071631441466,79060400
2022-07-18,362.9905700683594,369.77613578928634,361.76459566817937,369.10138727564373,63203600
2022-07-19,372.7982482910156,373.3684709198661,366.25978635540963,366.91550902545094,78506000
2022-07-20,375.17413330078125,376.5901914099878,371.619791193265,372.98831383414614,71843800
2022-07-21,378.9945983886719,379.0421048535145,372.1900078667484,374.59442084284586,64903900
2022-07-22,375.47821044921875,380.3155455725048,373.25436867758987,379.1181101586879,72197300
2022-07-25,375.9344177246094,376.78973707432243,373.6915500269605,376.1054757940071,53631500
2022-07-26,371.48675537109375,374.4993845551237,370.59341339787153,374.29030390175836,52946400
2022-07-27,381.1328430175781,382.88150405004376,374.4897988694147,374.7844085051566,82342100
2022-07-28,385.9132995605469,386.6070448907336,378.3864237526016,381.9407954687544,73966600
2022-07-29,391.5394287109375,392.5278128008071,386.57854047512916,387.34833097700186,87003700
2022-08-01,390.3799133300781,392.8888811641739,388.1275616169894,388.84033261494034,69997500
2022-08-02,387.804443359375,392.49923066625485,386.6260045869153,388.81182405248916,63435400
2022-08-03,393.8773193359375,395.0462453718832,389.6481992309968,389.9332960683664,67820600
2022-08-04,393.6111755371094,394.48549174301655,391.96703995040895,393.80123040665455,45656600
2022-08-05,392.9459533691406,393.59219220020464,389.2680591655284,389.32507853281464,56814900
2022-08-08,392.48974609375,396.8899240250277,391.3873233872075,394.63757214293867,53886100
2022-08-09,390.9311218261719,392.26162182953084,389.85720892972773,391.75793150673337,44931800
2022-08-10,399.1422424316406,399.284819832152,396.0345713490144,397.9923133525369,68665700
2022-08-11,399.1422424316406,403.8560554717358,398.40096176043045,401.99332639825303,59489700
2022-08-12,405.8993225097656,406.00384833286853,400.1306223802401,401.08098369306896,61694500
2022-08-15,407.5719909667969,408.09470715752286,403.62799681331194,403.685016179176,54048300
2022-08-16,408.3702392578125,410.2994714282671,405.69021358179475,406.49802644193505,59289000
2022-08-17,405.4716491699219,408.1801847177208,403.4664007169476,404.76839107782297,63563400
2022-08-18,406.6501159667969,407.33434826924736,404.37873850839094,405.6712159722093,49023200
2022-08-19,401.1855773925781,404.1507003354797,400.31123213885485,403.88460030221233,68016900
2022-08-22,392.83184814453125,396.5192546194772,391.92899331076484,396.34816754384633,77695600
2022-08-23,391.88153076171875,394.7991472328157,391.33030490584025,392.40421793285645,49105200
2022-08-24,393.1359558105469,394.50444934461694,390.96913329441026,391.6533655600833,49177800
2022-08-25,398.6861572265625,398.7336636998838,393.5351851989176,394.6280951098861,50942300
2022-08-26,385.1909484863281,399.1137361754967,385.13392912672487,398.5720522592657,103087000
2022-08-29,382.64404296875,385.69469516399244,381.285033028505,382.23539449766605,65370800
2022-08-30,378.4433898925781,384.04103223682625,376.3430994030369,383.80344189629403,85652400
2022-08-31,375.5638732910156,381.3230620086155,375.4308377544014,380.07809068864566,76029700
2022-09-01,376.74224853515625,377.08436469022797,370.678938652205,373.3874742240931,78740100
2022-09-02,372.7697448730469,381.6271200488621,370.9545511254495,380.41065862148133,99632100
2022-09-06,371.3631896972656,374.55638973388335,369.1393477426086,373.6155413307237,76637400
2022-09-07,378.03472900390625,378.80451936163286,370.8310028776724,371.04956742201074,70964200
2022-09-08,380.5056457519531,380.96180059480923,374.5563749860969,375.7633523475096,80821700
2022-09-09,386.4169006347656,387.28173287628084,382.48239103068937,382.7484910278691,76706900
2022-09-12,390.57000732421875,391.2922912350759,388.1845910416869,388.488713636019,69256300
2022-09-13,373.58709716796875,383.09071180463684,372.46567760149713,381.8837341840326,122947100
2022-09-14,375.0125427246094,376.5331264751755,371.70527524233233,374.8889911257345,85023700
2022-09-15,370.7550354003906,376.30514325462246,369.4815544306654,373.4540586649514,87633800
2022-09-16,367.9265441894531,368.5849896074333,364.63431709955245,366.5715037074268,103084800
2022-09-19,370.77978515625,370.77978515625,364.70111961719556,364.77747715242447,73278500
2022-09-20,366.5237731933594,368.4609306805626,363.7659614872204,367.44941174370973,77274900
2022-09-21,360.13018798828125,371.5050138173394,360.12063601648464,368.4513532726731,106746600
2022-09-22,357.1051330566406,360.99852235439477,356.3608073472819,359.3571850053135,89472600
2022-09-23,351.12188720703125,353.6697589480902,346.675007940967,353.6315801864885,122346900
2022-09-26,347.6484375,353.2785977292494,346.4269789108684,349.6524007332908,92581200
2022-09-27,346.76092529296875,353.459857136267,344.3657100991575,351.18870108949443,108294100
2022-09-28,353.58392333984375,355.27296245080464,346.01660643811806,347.71519752115427,110802200
2022-09-29,346.19793701171875,350.32034122123895,343.2492605532847,350.034073262893,112952300
2022-09-30,340.8445129394531,349.1752604718102,340.7109309251175,345.2532144843065,153711200
2022-10-03,349.8431396484375,351.69441640615145,342.7815832218094,344.5660544284427,89756500
2022-10-04,360.6836853027344,360.71231209913736,349.8050658415785,355.36842016959133,103602800
2022-10-05,359.8438720703125,362.10547600581526,353.9846987017383,356.3131081925854,88065700
2022-10-06,356.1318359375,361.3993701215644,355.6355993235401,358.44114174816866,82333500
2022-10-07,346.19793701171875,356.21772325997466,344.43254027693825,352.09528992858685,107789500
2022-10-10,343.5545959472656,347.5529700367685,341.31209570408595,347.3144037026543,76042800
2022-10-11,341.3788146972656,346.4268856317471,339.441657555121,341.85594728520135,92482800
2022-10-12,340.2528076171875,343.36372158176107,340.0046893387279,341.7891897787711,76991800
2022-10-13,349.23248291015625,350.7020596679561,332.1892890254387,333.2389867095814,147254500
2022-10-14,341.27392578125,353.3263019525563,340.63455517563204,351.6944872171797,123737000
2022-10-17,350.0435485839844,351.15049965030477,340.93985091780337,347.3620658478121,93168200
2022-10-18,354.1564636230469,358.27889645424324,350.71155095897484,357.97352458781444,97162900
2022-10-19,351.646728515625,354.84352278104876,348.83163450834223,352.11430914770796,79746900
2022-10-20,348.69805908203125,355.6260339289677,347.9346294295258,351.1982293100266,88283100
2022-10-21,357.1719970703125,357.65865261101857,346.913644240023,348.42137072610865,131038400
2022-10-24,361.5425109863281,362.6780890904026,356.0459332134546,358.69881886172783,85436900
2022-10-25,367.3157653808594,367.6306600761956,361.35160801427605,361.4661151762165,78846300
2022-10-26,364.54840087890625,369.85411334727513,363.90905946867207,364.16670060269513,104087300
2022-10-27,362.60174560546875,367.39214701251325,361.9814498519805,365.55042194011406,81971800
2022-10-28,371.2283020019531,371.70543468470186,362.3154669828309,362.49677973202483,100302000
2022-10-31,368.5467834472656,370.6366267278111,367.64024890976526,368.7662749442344,96631300
2022-11-01,366.9340515136719,372.53561281137877,365.7603239323339,372.2970465066368,85407600
2022-11-02,357.7254638671875,370.85616501782636,357.6205086522629,366.34247921682703,126990400
2022-11-03,354.0419921875,357.08610094389695,351.9235219733596,354.4809460886305,87100100
2022-11-04,359.1376953125,361.5424330085425,353.07810578080847,359.75796183612107,103505200
2022-11-07,362.57305908203125,363.164698821556,358.3551942624768,360.4354853214063,68286900
2022-11-08,364.52935791015625,367.50666109536877,360.44510344190144,363.68004778364957,84641100
2022-11-09,357.0193176269531,363.70872737869337,356.523080982534,362.5540452806171,78495500
2022-11-10,376.638916015625,376.9729146439448,368.0028280194402,370.30258141366954,141455800
2022-11-11,380.2843017578125,381.08588117365133,375.608378149284,377.49783406496215,93839900
2022-11-14,377.04925537109375,381.877834879153,376.77251031322436,378.5188319106351,71903500
2022-11-15,380.26513671875,383.9104368342091,376.4480758536066,382.80348568869397,93194500
2022-11-16,377.3642578125,379.58768334395705,376.73443916433405,378.6334179598029,68508500
2022-11-17,376.2095031738281,376.88705243365007,372.2970391508522,372.6023818822728,74496300
2022-11-18,377.9176025390625,379.6161932348881,375.0643592381177,379.54938768932215,92922500
2022-11-21,376.54351806640625,377.7172747970653,374.7017931399619,376.59124880158924,51243200
2022-11-22,381.6106872558594,381.77292517031464,377.077927085489,378.4902502119182,60429000
2022-11-23,384.0154113769531,384.5020668220049,381.0476314864747,381.2766458135579,68261600
2022-11-25,383.9295349121094,384.4830250793276,383.175686313319,383.45240227506304,30545400
2022-11-28,377.80322265625,382.4791173493977,377.0397928537372,380.8377796763317,67881600
2022-11-29,377.15423583984375,379.1295426207394,375.3124819183031,377.93671115122805,52310000
2022-11-30,389.0347900390625,389.0347900390625,375.4842430552465,377.4022961086095,144566700
2022-12-01,388.7485656738281,391.2487358630156,386.2388435135502,390.07497917155587,76398200
2022-12-02,388.3000793457031,389.20661386702676,383.7482445522166,383.8531997520255,85342700
2022-12-05,381.31488037109375,386.41065374736974,379.9598399084257,385.47549236036787,77289800
2022-12-06,375.81829833984375,381.69657620844976,373.7284840801718,381.1526671084108,77972200
2022-12-07,375.178955078125,377.54554354532956,374.04337702250234,374.96901554376115,65927900
2022-12-08,378.11810302734375,379.18687558828674,375.2839336975472,377.06843441190426,60737900
2022-12-09,375.2934875488281,379.43499580414664,375.16942838990695,376.8775715745364,81447700
2022-12-12,380.7041320800781,380.7041320800781,375.41749445562255,376.0854626556509,75405800
2022-12-13,383.5860290527344,391.71635903607296,380.8186654692543,391.4587178854205,123782500
2022-12-14,381.1335144042969,386.9545379387217,378.1848384359595,383.2424323385713,108111300
2022-12-15,371.8104248046875,377.1733915827472,370.15001236187896,376.2668278226688,117705900
2022-12-16,367.42071533203125,370.59383534034583,365.2829507209457,369.2517350620785,119858000
2022-12-19,364.3051452636719,367.94802264552084,362.63710828294205,367.61249023125134,79878100
2022-12-20,364.8036193847656,366.4237355185501,362.22485603598886,363.5477938735729,74427200
2022-12-21,370.25836181640625,371.3895586231339,366.864742140629,367.40158229485894,78167400
2022-12-22,364.9761962890625,370.23916053307846,359.2722332289845,367.209831595386,100120900
2022-12-23,367.0756530761719,367.2194443247234,362.39744941933026,363.95045341487634,59857300
2022-12-27,365.6280822753906,367.30571508666856,363.95044946411275,366.960616093891,51638200
2022-12-28,361.0841369628906,367.53584456423454,360.85407094628073,365.56100398447626,70911500
2022-12-29,367.5836486816406,368.45602105881045,363.40393208638665,363.9312055480632,66970900
2022-12-30,366.615478515625,366.75926975895635,362.7808893302895,364.89952091921486,84022200
2023-01-03,365.07208251953125,370.450079987651,362.20570711462034,368.47526883215227,74850700
2023-01-04,367.8904113769531,369.9227384978941,364.2858890081374,367.3343796895488,85934100
2023-01-05,363.691650390625,366.0499147712704,363.09729369153195,365.93488176571645,76970500
2023-01-06,372.03179931640625,373.15342943340613,363.7203443233328,366.787997866155,104189600
2023-01-09,371.8209533691406,377.419479732033,371.63883728473166,374.2271676198182,73978100
2023-01-10,374.42840576171875,374.4955180862106,370.29663872249137,371.2361234986063,65358100
2023-01-11,379.1641845703125,379.24089274048094,375.1953998041472,376.01025589251583,68881100
2023-01-12,380.5445556640625,382.0112845993889,376.192318767827,380.26656906102124,90157700
2023-01-13,382.0209655761719,382.5961598321735,377.0743417835104,377.34276186889844,63903900
2023-01-17,381.32110595703125,383.6793992551705,380.64047460135316,382.00176656830166,62677300
2023-01-18,375.30084228515625,383.5739736096775,375.09953453290353,382.50988909217506,99632300
2023-01-19,372.5687561035156,374.90782894811315,371.2458179519428,373.2589541767555,86958900
2023-01-20,379.50927734375,379.66266441415144,372.31942298138915,373.96829741871426,91806400
2023-01-23,384.0628356933594,385.9992925218667,379.3558743905331,380.31452159871134,84178800
2023-01-24,383.650634765625,384.56133208460926,381.19650018692624,382.3852133953482,59524900
2023-01-25,383.7944641113281,384.12999652768013,377.28524055423935,379.57642171380235,84800300
2023-01-26,388.0124816894531,388.1754645974599,383.4876654146606,386.4594777963223,72287400
2023-01-27,388.9039306640625,391.2813858949984,386.7565706203697,386.9674741429171,68346200
2023-01-30,384.0245361328125,388.3768032673917,383.7273577965346,386.14313857209555,74202000
2023-01-31,389.6709289550781,389.71884961340345,384.19703231489694,384.5421605238492,86811800
2023-02-01,393.8122863769531,396.5636286134995,385.7117345077939,388.45345165426824,101459200
2023-02-02,399.5450439453125,401.01177323006914,395.80632510726565,397.70442814895335,101654500
2023-02-03,395.2982482910156,399.7271944530263,394.090343244796,394.56966692909316,94736800
2023-02-06,392.88238525390625,394.2820312874674,391.2239442533102,392.8440604283562,60295300
2023-02-07,398.0207214355469,399.2669510561357,390.71583467034515,391.96206429093394,90990700
2023-02-08,393.6685485839844,397.3881051733377,392.9783212864178,396.04600466573515,76227500
2023-02-09,390.25567626953125,397.42636769460404,389.0286090516376,397.27298063541855,78694900
2023-02-10,391.16644287109375,391.54989593055205,388.26174279369724,389.0765695741987,70769700
2023-02-13,395.7583312988281,395.8925559564968,391.358143932513,391.8183051444725,64913500
2023-02-14,395.5762023925781,397.8865164448738,391.61698469819703,394.2340728818384,88389300
2023-02-15,396.86083984375,396.9375187591641,392.5373309404456,393.3809452879777,61555700
2023-02-16,391.396484375,395.83502566820573,391.2622889776,391.88540381719497,76431500
2023-02-17,390.4186706542969,390.6583324559055,387.34139205761664,389.2682823043391,89257800
2023-02-21,382.5865478515625,387.44689668905306,382.3277236123021,386.39237880681736,82655900
2023-02-22,382.0593566894531,384.54225003382606,380.6021938656125,382.998812451563,83742300
2023-02-23,384.09161376953125,385.567938737912,379.86397585252666,384.95439045031753,96242400
2023-02-24,379.9885559082031,380.82257423444287,377.3618721210869,379.0682628505167,108194400
2023-02-27,381.2828063964844,384.69558849089844,380.34332149757034,383.33429643374495,80444700
2023-02-28,379.8736267089844,382.76873131447655,379.7681602824562,380.803515853838,96438600
2023-03-01,378.4164123535156,380.285786224129,377.11266611466596,379.05871889408525,99706800
2023-03-02,381.35943603515625,382.20305024263513,376.1060389057773,376.4415712731506,85127800
2023-03-03,387.47564697265625,387.7249046275864,382.5290234904316,383.1808966203792,90120000
2023-03-06,387.7440185546875,390.6007976277676,387.3030490519938,388.3000210358587,72795900
2023-03-07,381.8005065917969,387.93587363147867,381.1869874411876,387.69621177072855,108310600
2023-03-08,382.4236145019531,383.1809248459443,380.18994978883694,381.91553257565727,74746600
2023-03-09,375.367919921875,384.8777136423342,374.3805144113086,383.2096475110798,111945300
2023-03-10,369.9515686035156,376.901761257044,368.4273229667233,374.82148382483746,189253000
2023-03-13,369.4243469238281,374.2463714168759,364.9091258748091,366.02116036617707,157790000
2023-03-14,375.5309143066406,377.1797888194533,371.0444227448801,374.3517676052174,149752400
2023-03-15,373.18218994140625,373.38349766674736,367.8425178859198,369.9323910671056,172996900
2023-03-16,379.7297668457031,380.0748950855989,370.31587262158683,370.82395451887174,143254200
2023-03-17,375.2896423339844,379.53341458067706,373.90391958538095,378.39790074611807,140553400
2023-03-20,378.89825439453125,379.3120681837175,375.3666087583127,376.06907315667576,93055800
2023-03-21,383.87347412109375,384.35462710121084,380.66897882785537,382.2664102459138,91524200
2023-03-22,377.3298034667969,387.318544760657,377.29133237000224,383.70029405624626,111746600
2023-03-23,378.349853515625,384.2391613901428,375.636143615093,380.1974645439356,119351300
2023-03-24,380.83258056640625,380.9191845780308,374.7219318967555,377.06996076940004,107682400
2023-03-27,381.544677734375,383.88310351821207,380.6497402466303,383.11324113581304,74010400
2023-03-28,380.6882629394531,381.54470001628135,378.850254938649,380.85183851528325,62871700
2023-03-29,386.2214660644531,386.4620425314962,383.65209647484517,384.8549788100607,77497900
2023-03-30,388.4829406738281,389.1084336951085,386.61606470017716,388.85822473969705,69840000
2023-03-31,393.9584655761719,394.25677808538353,389.3008787149844,389.4067476454537,112062600
2023-04-03,395.45965576171875,395.8638078292274,393.0442583450311,393.43880732243116,67391100
2023-04-04,393.2655029296875,396.3929966104723,391.88938339103913,396.1042872657477,66601500
2023-04-05,392.2359313964844,393.2944738697264,390.5807639021192,392.53424390704595,65200200
2023-04-06,393.7659912109375,394.0450681714436,390.38828778154027,391.43719778873736,63743300
2023-04-10,394.170166015625,394.24716694508413,390.66738727373564,391.2832478731585,63681000
2023-04-11,394.2760314941406,395.6809900883233,393.50619840980073,394.7956849780574,59297900
2023-04-12,392.6689453125,396.6336706379783,392.08195275810823,396.34496122221753,86420400
2023-04-13,397.8846740722656,398.2407226034187,392.6112264732372,393.7563729944993,85814800
2023-04-14,396.9127197265625,399.44358917464797,394.6031912280039,397.24953269593004,78161500
2023-04-17,398.3369140625,398.35614960865223,395.59433632263926,396.8260867230395,66436400
2023-04-18,398.59674072265625,400.0498321097644,397.2206502574761,399.9150951800139,63560000
2023-04-19,398.5294189453125,399.43395956292494,396.6240425026219,396.68177851295354,55227300
2023-04-20,396.3546142578125,398.10601828904817,394.8052862710272,395.70985629299514,75840400
2023-04-21,396.6625061035156,397.1243941432459,394.7090262895011,396.6528736469394,73457400
2023-04-24,397.07635498046875,397.49977199704205,395.122874849699,396.4604650046347,64332100
2023-04-25,390.773193359375,395.6617241074058,390.7154573508528,395.1035702020275,97766700
2023-04-26,389.1180725097656,392.46690824121293,388.55994790481657,391.3891301301037,80447000
2023-04-27,396.8646240234375,397.1340685308111,391.40833604006144,391.65854499949717,92968400
2023-04-28,400.2519226074219,400.26155506482286,395.92154566069996,395.97928167060974,89433100
2023-05-01,399.8477478027344,401.8781992260224,399.61677440898023,399.8092473425676,62122300
2023-05-02,395.353759765625,399.1837478908785,392.4476064659251,399.1356149746384,103998500
2023-05-03,392.6400451660156,398.2695405891648,392.39946868953274,395.8541433677578,91531800
2023-05-04,389.8590393066406,391.9183589011733,388.5214198537967,391.5911783811914,94901900
2023-05-05,397.07635498046875,398.12526506376383,393.23676319139554,393.49657525587213,87891800
2023-05-08,397.18212890625,397.6632818576283,395.77717051105407,397.4034698360924,50046800
2023-05-09,395.44036865234375,396.55664705489033,395.20942462672946,395.6328415851866,49220100
2023-05-10,397.2879943847656,398.9142936957152,393.45800635276555,398.2791682813285,96142900
2023-05-11,396.59515380859375,396.8838338451928,394.5165694433399,396.4219457866343,70157100
2023-05-12,396.0754699707031,398.04821462684833,393.65046974768575,397.8365061605119,70481500
2023-05-15,397.4419860839844,397.8461381335402,394.7667767427343,396.68175616777665,54289400
2023-05-16,394.78607177734375,397.259205466478,394.77643931896347,396.3353704795069,57705500
2023-05-17,399.5783386230469,400.1845667461961,395.1613575223225,396.80689259108277,87287000
2023-05-18,403.4275817871094,403.8509988046538,399.03946848460396,399.26078008428595,97177200
2023-05-19,402.8404846191406,404.8613328497813,401.61836671819003,404.33207636027197,103793300
2023-05-22,403.0041198730469,404.54381527738377,401.6183969458684,402.85977985297563,60745400
2023-05-23,398.481201171875,402.93668167961783,398.0866522737922,401.35848608728674,86383500
2023-05-24,395.5943298339844,397.2591296170941,394.4299479150844,396.8742131296412,89213700
2023-05-25,399.0201721191406,400.4732635587891,396.8646161031706,399.1067761340057,90961600
2023-05-26,404.1877746582031,404.90950419232723,399.5975853933837,399.6745569554337,93830000
2023-05-30,404.34173583984375,406.65126441099187,402.95601282370507,406.12200784767117,72216000
2023-05-31,402.0995178222656,403.41787217907637,400.5309545391423,402.51330230251745,110811800
2023-06-01,405.9198913574219,406.9784337458306,401.0794937409788,402.3304796935779,88865000
2023-06-02,411.7899475097656,412.579016016894,407.96959196903765,408.49884845924817,91426200
2023-06-05,411.00091552734375,413.4259161757562,410.29842154598526,412.13642960632063,65460200
2023-06-06,411.8959045410156,412.42516118217964,409.932791751542,410.5871822595355,64022200
2023-06-07,410.4715270996094,413.4258129527148,410.04811019837797,412.29029915724993,85373300
2023-06-08,412.95440673828125,413.4066917639222,409.76917600968767,410.5390091154699,61952800
2023-06-09,413.6953125,415.7065283650919,412.70413856902655,413.75304850629004,85742800
2023-06-12,417.44830322265625,417.5253041431819,413.9551573440261,414.6768867959098,76104300
2023-06-13,420.2005920410156,420.84532069292777,418.2471118006702,418.91110536993926,95899700
2023-06-14,420.700927734375,422.5100677032549,417.2462527373111,420.53735216092747,100612100
2023-06-15,425.9166259765625,427.1676119841462,419.7867416783568,419.8829487810575,110303100
2023-06-16,424.4658203125,428.47421834147775,423.9925483177265,427.9043524050704,114165800
2023-06-20,422.2636413574219,423.41304154167295,420.1870041214196,422.52444796434224,76160400
2023-06-21,420.10009765625,422.08014103507514,419.5108951805997,421.2784731312149,76982300
2023-06-22,421.6165466308594,421.722779347334,418.80583057108225,419.14389467353715,70637200
2023-06-23,418.42913818359375,420.2160232388723,417.71439595201736,418.158692787078,92074500
2023-06-26,416.7195739746094,419.78139930455546,416.47810379821374,417.85930613287513,72823600
2023-06-27,421.2881164550781,421.9062646558956,417.1444807996532,417.59844581995696,72813700
2023-06-28,421.5005798339844,422.5147425065915,419.5881259491554,420.20627410375766,75636000
2023-06-29,423.1618957519531,423.32610840810986,420.679605245235,421.0852585523664,67882300
2023-06-30,428.155517578125,429.1407051013052,426.0595438710738,426.3783009507995,104964000
2023-07-03,428.64813232421875,428.92821645735074,427.5277073626863,427.8078209721531,32793400
2023-07-05,428.0106201171875,428.7446987114959,426.8225765200303,426.83224475721846,58418400
2023-07-06,424.6590576171875,425.0840474287703,422.1477622241082,424.42725571135543,80658300
2023-07-07,423.5868835449219,427.5373607483118,423.3454134187473,423.66417049204466,86134200
2023-07-10,424.6590576171875,424.83290904656155,422.659677750378,423.2295437531058,62443500
2023-07-11,427.36346435546875,427.85607282742535,424.44651594855435,425.4220646553444,64463800
2023-07-12,430.8020324707031,432.2122392972248,429.729919208418,431.15943303446664,91924500
2023-07-13,434.2212829589844,435.0133121303779,432.1832890285731,432.61791761555475,72425200
2023-07-14,433.9508056640625,435.9598242076378,433.18775178790105,435.1098740968055,69815800
2023-07-17,435.45758056640625,436.51038682135163,433.7576213779186,433.8059330908804,52680200
2023-07-18,438.69329833984375,439.3404218148386,434.69453863237396,435.12919667930265,80668200
2023-07-19,439.6688537597656,440.8568680135883,438.61601798371265,439.48533409064345,65891700
2023-07-20,436.7518310546875,439.57221504319733,436.037088927524,438.6739532656,70591600
2023-07-21,436.7518310546875,438.6739532656,436.7421922937348,438.4710971405942,71275600
2023-07-24,438.70294189453125,439.5142779903244,436.867745334165,437.9012445599851,54023400
2023-07-25,439.900634765625,441.15626767500714,438.3841952460214,438.4325069587421,55191200
2023-07-26,439.96826171875,441.39774607749916,437.91093141721467,438.9637376866275,71052900
2023-07-27,437.0512390136719,443.764119987392,436.1433090250335,443.3584372254405,92194400
2023-07-28,441.33013916015625,442.16078225681895,437.05126606431355,440.3256151682766,80011800
2023-07-31,442.1705017089844,442.5278728257474,440.4898493694529,441.8034623534966,62040400
2023-08-01,440.90509033203125,441.6488076196604,439.94884870355924,440.7022342274986,55291500
2023-08-02,434.7718505859375,438.0461705780349,434.01846487725106,437.7853934206833,93933400
2023-08-03,433.5257263183594,435.40920476341864,432.10588104589294,432.7530338403666,64276100
2023-08-04,431.5650329589844,437.4472412458238,431.0434492729417,435.34162898084645,100128900
2023-08-07,435.33197021484375,435.4865146243049,432.7047742066685,433.4002093110776,58357500
2023-08-08,433.4389343261719,435.322413352219,430.07765910977645,432.791781332074,71361300
2023-08-09,430.541259765625,433.87355948928627,429.77820586959297,433.7093468244431,78789600
2023-08-10,430.6958312988281,436.28828834846206,429.5271240006527,432.89803793591824,93005500
2023-08-11,430.44464111328125,431.4588333292262,428.22312774254544,428.82196893936987,68690900
2023-08-14,432.8207092285156,432.8207092285156,429.2179937241371,429.5270825673996,47867400
2023-08-15,427.77886962890625,431.40092184966306,427.2089741403311,431.0435212704258,75707500
2023-08-16,424.6396789550781,429.02475480750246,424.5334167819472,427.3634393179518,80107200
2023-08-17,421.4040832519531,426.36869453841894,420.88249943989206,426.10791737055774,95711300
2023-08-18,421.60687255859375,422.6403718520157,418.23595877170976,418.5836616313642,98852000
2023-08-21,424.3499755859375,425.09369303000517,420.4671462190992,422.6210410735604,68719000
2023-08-22,423.2005920410156,426.1272091701829,422.64039424533416,426.1272091701829,64994200
2023-08-23,427.9140625,428.5322402058597,424.1181589807745,424.2630351692306,68441000
2023-08-24,421.9835510253906,430.0293227205553,421.9545463127507,429.5174072282619,88517300
2023-08-25,424.9584655761719,426.24307373449807,420.1580380770201,423.71247141677657,102325100
2023-08-28,427.6533203125,428.271468592545,424.9585050816311,427.15104351635455,61595400
2023-08-29,433.83489990234375,434.1150135078099,427.3634885979469,427.5470082557006,83081900
2023-08-30,435.621826171875,436.2593109157671,433.4679017861337,434.1730052474849,69053900
2023-08-31,434.9842834472656,437.3796481914474,434.80076379653127,436.23991629050073,66084600
2023-09-01,435.79559326171875,438.19098733790463,434.3371043810238,437.70804712324605,58944100
2023-09-05,433.9122009277344,435.6701107330132,433.8446116862524,435.35138309753785,55166200
2023-09-06,430.9952087402344,433.20708339429626,428.6674331394679,433.1008212089274,70758500
2023-09-07,429.6719970703125,430.34809581436866,427.6436418854697,427.991344757898,70355400
2023-09-08,430.31915283203125,431.8548995863842,429.36294038483805,429.72031152262383,61659700
2023-09-11,433.149169921875,433.4582293140434,431.2367157088773,432.94631377147886,60180100
2023-09-12,430.7730712890625,433.2264162204621,430.1935665209915,431.7003378706483,67565400
2023-09-13,431.2752685546875,432.43430735350694,429.89403717517325,430.99515498419896,60199300
2023-09-14,434.99395751953125,435.6893927060478,432.4440481531944,433.74799281245487,83430800
2023-09-15,429.7530517578125,433.7368392986662,429.31689007252186,433.40728505412073,111848900
2023-09-18,430.0050048828125,431.303846542474,428.9678601910398,429.4428015854583,55752200
2023-09-19,429.11322021484375,429.6754234765873,426.42830474295727,429.084142775809,66514600
2023-09-20,425.16827392578125,430.7901294710478,424.96470225740006,430.3733429544115,82562600
2023-09-21,418.1409606933594,422.5802845540439,417.98587113932,422.31858757052555,104095800
2023-09-22,417.2007141113281,420.7676848012683,416.78389802992604,419.1683664368396,100829700
2023-09-25,418.9551696777344,418.9939198820318,415.5529609010411,415.98915213200996,70874500
2023-09-26,412.8002014160156,416.6191968671865,411.9665987111882,415.91160628125357,96168400
2023-09-27,412.9649963378906,414.5352671969368,409.3204948453692,413.97306378830854,104705800
2023-09-28,415.3591003417969,417.0359784928409,411.8212066146307,412.4124874162186,92258300
2023-09-29,414.3510437011719,418.5868254716406,412.8292551807975,418.4123608156291,115111300
2023-10-02,414.1862487792969,415.436637965525,411.4237734247356,413.51743802249865,83798600
2023-10-03,408.6419677734375,414.2444490832808,407.2752686675357,412.0053970277405,103760600
2023-10-04,411.6176452636719,412.3639860114544,407.64356048210016,409.1071941153402,87453000
2023-10-05,411.4625244140625,412.3057997665852,408.2348102060782,411.32680997189277,70142700
2023-10-06,416.3477478027344,417.88891132912596,407.6823154616602,409.0102345616155,113273300
2023-10-09,419.01336669921875,419.5852428633519,413.89552908801,414.44800056773454,80374400
2023-10-10,421.1942138671875,423.79189736248946,419.245936455557,419.64334789466267,78607300
2023-10-11,422.9195861816406,423.17158085104415,419.8760088222951,422.26047769195304,62451700
2023-10-12,420.34124755859375,423.90821868639375,417.9858858829249,423.5302119190894,81154200
2023-10-13,418.2475891113281,423.0455744454242,416.6773479708049,421.8436377363804,95143100
2023-10-16,422.6481018066406,423.71432390212686,420.2539606569009,420.4962825158612,75433200
2023-10-17,422.62872314453125,424.68363748247594,419.1683892665842,419.51731856642147,75324700
2023-10-18,416.9971923828125,421.81455273319096,415.91159504982164,420.85496751569167,93559800
2023-10-19,413.33331298828125,419.5270750829903,412.65482940199,417.7145119651641,121323000
2023-10-20,408.25421142578125,413.4399055549237,408.14757441721036,412.8971069121286,123919900
2023-10-23,407.5466003417969,411.4140774521023,404.96829212836195,406.7227000782813,92035100
2023-10-24,410.6192321777344,411.7726865675268,407.81797735100866,409.6693198625217,78564200
2023-10-25,404.7259826660156,408.9617938766799,404.21226147565824,408.93271643497314,94223200
2023-10-26,399.8795166015625,404.51270932433266,398.9587112931171,403.6597612351225,115156800
2023-10-27,398.0670166015625,401.86663693380547,396.6421626745101,401.4692254760225,107367700
2023-10-30,402.82623291015625,403.88275285179935,399.55973840849714,400.85858025181,86562700
2023-10-31,405.3560485839844,405.67590044700427,401.48857130380884,403.39806888205027,79665200
2023-11-01,409.6790771484375,410.4932751362608,405.7922246289102,406.32535052662286,98068100
2023-11-02,417.5303039550781,417.68539350879695,413.4592845158063,413.4786596174057,94938900
2023-11-03,421.339599609375,422.8904655764815,419.71120365505175,419.8372157670484,100167800
2023-11-06,422.3088684082031,422.75473237061436,420.3605910898025,422.0956239774314,67831700
2023-11-07,423.51080322265625,424.1505365569555,421.1651439105342,422.308896123232,64256100
2023-11-08,423.8209533691406,424.635151307966,421.51404441898217,424.11172778289733,61746000
2023-11-09,420.51568603515625,425.0034918992464,420.0891971681386,424.9647121167065,83174400
2023-11-10,427.0777282714844,427.38790735412255,420.5059605571527,422.58995223462995,89462200
2023-11-13,426.67071533203125,427.7756878254619,424.95508691156584,425.74020750909324,52236100
2023-11-14,434.9484558105469,436.23759536371426,432.38952222789845,432.61246903527376,97176900
2023-11-15,435.8692321777344,437.51703289700214,435.01625437389265,436.28601873814944,77327600
2023-11-16,436.40234375,436.72219562577186,434.3571316402488,435.42335386000235,66665800
2023-11-17,436.94512939453125,437.55578526494025,435.4911981146269,436.41200351038174,83133200
2023-11-20,440.30859375,441.1518692274426,436.6834380187307,436.69314036041027,69936200
2023-11-21,439.3489074707031,440.18251005122386,438.0791432901761,439.2616751507019,49244600
2023-11-22,441.0451965332031,442.3634429416601,439.94992648347943,441.0064463302394,59394900
2023-11-24,441.31658935546875,441.51045868866237,440.7641179584505,441.09367216063396,29737400
2023-11-27,440.5218200683594,441.5007803874619,440.13408138085987,440.68658238826873,50506000
2023-11-28,440.9580078125,442.25684966761025,439.57193362163355,440.13410742327716,62115000
2023-11-29,440.6478271484375,444.24390548723534,440.2504452581405,443.10982596571546,63146000
2023-11-30,442.3828430175781,442.73180192610516,439.41682540648986,441.4911150141487,79752700
2023-12-01,444.9999084472656,445.53300475365734,441.18091323402564,441.77216442546705,89183400
2023-12-04,442.6639099121094,445.019271433423,440.3860783753154,441.60739008872554,72430900
2023-12-05,442.57672119140625,443.5363064434526,440.89984300542426,441.27787936550914,69793500
2023-12-06,440.793212890625,444.7478930540511,440.35702166378525,444.718815610949,69124700
2023-12-07,444.1566162109375,444.8060222628319,442.27619611806483,442.8771496276889,66995400
2023-12-08,446.0661315917969,446.5992278993257,443.16794177253433,443.4102636541943,83194400
2023-12-11,447.8011779785156,447.97567223110514,445.3585838256798,445.57182828523526,65002200
2023-12-12,449.8463134765625,449.9432481380579,446.45380738636266,447.4521722811235,68327600
2023-12-13,456.0497741699219,456.3017983886153,449.86571511357835,450.22434675999136,93278000
2023-12-14,457.51336669921875,459.1805422525537,454.83812394192887,457.9883080715214,119026000
2023-12-15,456.7601318359375,458.09346468799856,454.911024624647,456.9158501916579,141553700
2023-12-18,459.32940673828125,460.31236579340026,457.30512766166345,458.36593103885957,70375300
2023-12-19,462.12255859375,462.2004326198957,459.79658439176796,459.8744287176748,55761800
2023-12-20,455.7188415527344,463.1542078983234,455.29062347154826,461.2661635495232,102921000
2023-12-21,460.0398864746094,460.31238616429494,456.28325178797456,458.7065536605437,86667500
2023-12-22,460.96441650390625,462.6480933014032,459.06666039020405,461.1687838422537,67160400
2023-12-26,462.91082763671875,463.8159126462135,461.29528326802847,461.37315728833744,55387000
2023-12-27,463.74786376953125,463.893840449239,462.1712562282074,462.70651395388256,68000300
2023-12-28,463.9230041503906,464.75995685713684,463.5045277970175,464.1079178321579,77158100
2023-12-29,462.5799560546875,464.25389115635505,460.62377959337147,463.7283454487912,122283100
2024-01-02,459.9911804199219,460.9838811377681,457.8890273530107,459.51431341639926,123623700
2024-01-03,456.2345886230469,458.57030441924957,455.6311985932203,457.8306496986943,103585900
2024-01-04,454.7650146484375,458.34644746704663,454.54116395968543,455.75768568069975,84232200
2024-01-05,455.387939453125,457.8404368275673,453.9378252017517,454.9694333616534,86118900
2024-01-08,461.8889465332031,462.03492319132073,455.75765959014376,455.8841825939242,74879100
2024-01-09,461.18829345703125,462.2101599071882,458.72605447786003,459.23211686361327,65931400
2024-01-10,463.7964782714844,464.6626560070687,461.17852110920177,461.4607624691406,67310600
2024-01-11,463.59210205078125,465.3146861106975,459.6116465550996,464.7988820904805,77940700
2024-01-12,463.9132995605469,465.78189018349474,462.50215203979474,465.0422353972928,58026400
2024-01-16,462.2101135253906,463.84511156166917,460.3902018147457,462.531291886232,85014900
2024-01-17,459.6408386230469,460.1274473065962,457.28563952656407,459.1834252725011,68843900
2024-01-18,463.7283020019531,464.2830429912835,459.76733016117544,461.3147421049115,91856200
2024-01-19,469.50927734375,469.79151871434675,463.7770421286305,464.8572992191645,110834500
2024-01-22,470.5019836425781,472.22456782073624,469.8499148891261,471.0469830334159,75844900
2024-01-23,471.8741760253906,472.1174803762762,469.956966252641,471.0469649925702,49945300
2024-01-24,472.3900146484375,475.6794645582401,471.8936642634199,474.745184157241,81765000
2024-01-25,474.95928955078125,475.23178923650255,472.3900110425858,474.52132983790426,72525000
2024-01-26,474.35589599609375,476.02008943226616,473.5092016110277,474.53106799985125,76641600
2024-01-29,478.11248779296875,478.258494159002,474.12232032676826,474.66731967923187,61322800
2024-01-30,477.7427062988281,478.4531359964777,476.983568210537,477.421527922976,58618400
2024-01-31,469.9472351074219,475.98116532447904,469.9277517507619,475.5334936248827,126011100
2024-02-01,476.0979309082031,476.1271262401668,470.84253355285534,471.6503205709101,91891600
2024-02-02,481.11004638671875,482.7644982110768,476.1952805049677,476.53591254829524,99228200
2024-02-05,479.3582458496094,481.1392504253947,477.1004039249224,480.4774696836803,75757100
2024-02-06,480.7499084472656,481.0807987761819,478.87157642395977,480.3022070902884,55918600
2024-02-07,484.7596130371094,485.17808940845316,482.0929770540646,482.9980918458816,70556500
2024-02-08,484.9737243652344,485.3532637246949,483.9421162494583,484.759615339305,52343600
2024-02-09,487.776611328125,488.2145413726089,485.1391705814137,485.47980263839474,63979400
2024-02-12,487.56243896484375,490.0149359961155,486.84223792928447,487.747352637465,56502300
2024-02-13,480.8472595214844,483.776653518952,477.5772631803255,481.28521924942925,113099200
2024-02-14,485.2170104980469,485.703619202311,481.1586808363787,483.48468469887587,68387800
2024-02-15,488.5648498535156,488.74976352545775,485.4408007855907,485.91769748176387,61683000
2024-02-16,486.1318359375,489.4018321652925,485.39218120492103,488.26318443249403,75532900
2024-02-20,483.4555358886719,485.06133882722617,481.20740583464766,484.3898163747004,71736700
2024-02-21,483.8934631347656,484.0491814982397,480.3412252124708,482.15142520014626,59293400
2024-02-22,493.9078063964844,494.871282071389,489.54778196517503,490.51128734031624,76402500
2024-02-23,494.24847412109375,496.4674086571224,493.51856105397593,495.6304262293698,61321800
2024-02-26,492.438232421875,495.12432178467435,492.311709415622,494.6863621015271,50386700
2024-02-27,493.3531494140625,493.57700013535407,491.2315423522682,493.12932839301254,48854500
2024-02-28,492.7010498046875,493.28495648375826,491.4358493661455,491.7959350516518,56506600
2024-02-29,494.4722900390625,496.0878345083775,491.815425510208,494.46257806109645,83924800
2024-03-01,499.11456298828125,499.54278105732834,494.93948136543304,495.3482457768837,76844800
2024-03-04,498.57928466796875,500.4284215717115,498.2873313148722,498.3165563504212,49799300
2024-03-05,493.5964050292969,497.0221493633574,491.38721217314117,496.5744479650044,72855600
2024-03-06,496.0975646972656,498.3554361707815,494.8031986362925,496.8761267293977,68382400
2024-03-07,501.02203369140625,502.0731250869525,496.15594682375195,499.39677730974256,58652100
2024-03-08,498.01483154296875,504.3407152276024,497.4406368151398,501.6546849790431,86532500
2024-03-11,497.5866394042969,498.17057584105015,494.8810959575729,496.8080772887865,62557200
2024-03-12,502.9393310546875,503.5232377514132,497.17784111143084,499.6985003866654,73114400
2024-03-13,502.1509704589844,503.43562459877114,500.7106276661075,503.2604525888654,55104100
2024-03-14,501.15838623046875,503.27999334861664,498.1122105652992,503.1242452772841,110171800
2024-03-15,497.71710205078125,499.5426983558434,496.04773772547895,498.08807852140865,107646300
2024-03-18,500.6750793457031,503.23282668542583,500.26507469946,501.78800868482955,88893300
2024-03-19,503.4573974609375,503.7404859733711,498.9764238973626,499.9819809876235,60755300
2024-03-20,508.11395263671875,508.250640692195,502.84228640648547,503.5158951541575,69594600
2024-03-21,509.79315185546875,511.65774627628207,509.51000378121233,510.95488123336787,60256100
2024-03-22,508.82666015625,510.1933619854548,508.59231223392965,509.70524142108957,79070800
2024-03-25,507.42095947265625,508.5729170562345,507.2647274970631,507.4502157274298,48512100
2024-03-26,506.48370361328125,509.1879108526766,506.0834709315648,508.84619067556724,65463700
2024-03-27,510.7402038574219,510.7792916484105,507.14764260425625,509.3149295274711,82999800
2024-03-28,510.6424865722656,512.1458765547503,510.35939807768415,510.77917463931885,96294900
2024-04-01,509.7540283203125,511.92131455401733,508.59229902389643,511.38439386416735,62477500
2024-04-02,506.5130615234375,506.6496900205949,504.20908677438206,505.9272809933223,74230300
2024-04-03,507.0694580078125,508.57290771634445,505.3708077109344,505.4196078580209,59155800
2024-04-04,500.8800964355469,511.42348983220387,500.57746403679687,511.08182923475704,96858100
2024-04-05,506.1126403808594,508.0748944248841,501.7976716238406,502.2369920133279,74546500
2024-04-08,506.39581298828125,507.8211466086966,505.5855756833857,506.8156491443553,48401800
2024-04-09,506.9816589355469,508.377676899054,502.12970850017103,508.13361656448893,68049200
2024-04-10,501.9051513671875,503.89666208515973,499.92341259541246,501.2803426609476,82652800
2024-04-11,505.69287109375,507.1376888010953,499.913540679343,503.42798467532776,70099000
2024-04-12,498.71282958984375,503.56474960986543,496.9848635757255,502.14918793409277,92561100
2024-04-15,492.46490478515625,503.05709839116423,491.61554988176164,502.8911540643935,92101400
2024-04-16,491.5667419433594,494.4661795680653,490.27809637848605,492.94324564322153,73484000
2024-04-17,488.6575622558594,494.1928634388067,487.2615443714678,494.0268893119992,75910300
2024-04-18,487.65203857421875,492.15252641432477,486.7148552774961,490.0536135988177,74548100
2024-04-19,483.3956298828125,488.56969668668467,482.1264983587833,487.57394131853926,102212600
2024-04-22,487.8472595214844,490.44406471980994,483.6591763812229,486.0021493308909,67961000
2024-04-23,493.6363525390625,494.0659010467374,487.6617612136965,489.85830389464087,64633600
2024-04-24,493.402099609375,495.31552414024065,491.1762707245871,494.52477110173174,55928100
2024-04-25,491.5277099609375,492.2891769636512,485.67026231159537,487.32011244956163,69122400
2024-04-26,496.1843566894531,497.765862650216,493.68518162682494,494.3197324417275,64306100
2024-04-29,497.94158935546875,498.61519817399505,495.19835393785416,497.97087540007783,46415400
2024-04-30,490.0535888671875,497.45348436502843,490.0535888671875,496.4772431240589,77483600
2024-05-01,488.4622497558594,496.11597655224017,487.9936432935246,489.4677769165347,80242800
2024-05-02,493.0310974121094,493.8706803453591,487.6812848525579,492.1720003799534,62550200
2024-05-03,499.14239501953125,500.372438730604,496.47724569258963,499.01547889074567,72756700
2024-05-06,504.2969055175781,504.3359337135483,501.10457784231613,501.54389828336633,47264700
2024-05-07,504.8534240722656,506.2494419365131,504.17981521335923,505.2634287213709,52561300
2024-05-08,504.90216064453125,505.439081357784,502.90087821239047,503.01802238309904,42047200
2024-05-09,507.8113708496094,507.8504586322259,504.4336144152066,505.0876793386549,43643700
2024-05-10,508.46551513671875,510.22273745681827,507.2452135831723,509.4124405414531,52233200
2024-05-13,508.5338134765625,510.25200764448437,507.3916278750611,510.14463540524883,36716400
2024-05-14,510.8669738769531,511.3844102791641,508.1920827014514,508.72900340853613,57535900
2024-05-15,517.1930541992188,517.4859146210695,512.7023092523975,513.336889820599,59504900
2024-05-16,516.1289672851562,518.8917465910545,515.9825072697596,517.2906967075278,50244800
2024-05-17,516.8709716796875,516.9393157213522,514.7915729298934,516.246162943074,59187600
2024-05-20,517.4664306640625,518.930792527948,516.5975616577482,516.9880819887991,37764200
2024-05-21,518.7355346679688,518.8917666350982,516.4999636631139,516.7049957755823,33437000
2024-05-22,517.241943359375,518.7551054535538,515.0648847480338,518.0424683735625,48390000
2024-05-23,513.4638061523438,520.4048662857896,512.2532170997966,520.2974940619036,57211200
2024-05-24,516.8611450195312,517.6714419020187,514.3619699226733,515.3088952889863,41291100
2024-05-28,517.222412109375,517.9057929513657,514.5865486245773,517.6715045678355,36269600
2024-05-29,513.6005249023438,514.7817983278129,512.8878878194378,513.1905202395113,45190300
2024-05-30,510.19342041015625,512.7219114405311,508.94386260650384,512.0580745471788,46377600
2024-05-31,514.8403930664062,514.9673092079909,506.0444490191236,511.15023176853157,90785800
2024-06-03,515.2600708007812,516.7342044816085,510.18360486685094,516.4511159966606,46835700
2024-06-04,515.8361206054688,516.5780734778808,512.4876203186922,513.9519821715993,34632700
2024-06-05,521.9669189453125,521.9864628385163,516.1680432425981,518.1596136281009,47610400
2024-06-06,521.9570922851562,522.6990451286446,520.0241537818829,522.2694966184689,30808500
2024-06-07,521.3225708007812,524.1341502130953,519.8874652579173,520.9808506310355,43224500
2024-06-10,522.933349609375,523.255525898201,519.916797584573,520.5122904328304,35686100
2024-06-11,524.192626953125,524.2511990308511,519.4090221270737,521.381048052225,36383400
2024-06-12,528.4979248046875,531.1923600659605,527.4631115100716,528.7615289974312,63251300
2024-06-13,529.5620727539062,530.4211698122318,526.7700371068663,530.2454535391702,44760900
2024-06-14,529.8843383789062,529.9135946368305,527.0238986275654,528.0294558754849,40089900
2024-06-17,534.1016235351562,535.4977011129996,528.7420680092554,529.2009324320882,55839500
2024-06-18,535.4585571289062,535.585473259027,533.7403629842298,534.16013957423,41376400
2024-06-20,534.00390625,537.0497738552268,532.2271402161125,536.3859370269113,70328200
2024-06-21,533.2880249023438,534.4045446160707,531.828742363983,533.1803062748603,64338600
2024-06-24,531.5545043945312,535.6777608035513,531.4369822915095,533.1117619254674,45528700
2024-06-25,533.6015014648438,533.9638712753774,531.2607431275164,532.7787868983022,37936200
2024-06-26,534.2673950195312,534.9823310545671,531.8385253727439,532.4848968900385,38550600
2024-06-27,535.109619140625,535.6874858769653,533.3858821788883,534.1302285739343,35041500
2024-06-28,533.0039672851562,538.9391321933387,531.7601817698417,535.8833782760337,76144500
2024-07-01,534.1009521484375,534.6298016081159,531.3390631933655,534.3849539324244,40297800
2024-07-02,537.6953735351562,537.6953735351562,532.4458529900177,532.4948105764632,40434800
2024-07-03,540.0948486328125,540.457218430894,537.3427629954197,537.381917105902,32789900
2024-07-05,543.2093505859375,543.6108745288857,539.7618756957023,540.3985036534809,41488400
2024-07-08,543.8361206054688,544.786100933334,542.7685583933277,543.9927968223914,36110500
2024-07-09,544.3649291992188,545.6968861634513,544.0711239537649,544.795863484972,27289700
2024-07-10,549.7515869140625,550.0943497431794,545.2953712492263,545.5891764995068,38701200
2024-07-11,545.0112915039062,550.7407626908513,544.3747234457534,549.8690906630567,53054200
2024-07-12,548.448974609375,552.0531251206323,545.667538567234,546.1376269625789,53084400
2024-07-15,549.957275390625,553.1990561394715,548.0964091939553,550.4469707289841,40584300
2024-07-16,553.2186889648438,553.5124942578993,550.5155607141872,551.2697107807569,36475300
2024-07-17,545.4619750976562,548.9584078150858,545.1387593601387,547.2836278413424,57119000
2024-07-18,541.2699584960938,547.9886231424467,539.0859366844549,546.9994291163081,56270400
2024-07-19,537.67578125,542.6609070533489,536.6180223784818,541.0350847426649,65509100
2024-07-22,543.2190551757812,543.826272604696,539.6638622867013,541.6030366708314,43346700
2024-07-23,542.366943359375,545.2659012148495,541.8772480700306,543.1112299862826,34439600
2024-07-24,530.0755615234375,537.8519253696913,529.1549319575545,537.5483166712224,74515300
2024-07-25,527.3136596679688,536.1771923025162,526.373482961852,530.1930703849662,61158300
2024-07-26,533.2194213867188,535.9127455404142,530.3302071573028,531.1039639898098,53763800
2024-07-29,533.5328369140625,535.775619885458,531.534841817287,534.7668786438925,39515800
2024-07-30,530.829833984375,536.05980735921,527.421572998221,535.0020485169553,46853600
2024-07-31,539.458251953125,542.0928156342903,536.2948387521341,537.665950025587,65663400
2024-08-01,531.8189086914062,543.4344670666311,528.3126735436618,541.1818806021787,76428700
2024-08-02,521.9172973632812,525.9229716163323,517.705869778205,524.7085367838448,82789100
2024-08-05,506.7171630859375,512.7893973566776,499.75367969518885,501.0954700551791,146267400
2024-08-06,511.3888854980469,518.8322310175004,507.19706454680966,508.51921810050686,84826300
2024-08-07,507.970703125,520.6342762077037,507.3732892045647,517.5785225356271,70698300
2024-08-08,519.7136840820312,520.3404486814812,511.08525465156777,513.1125407389065,63276600
2024-08-09,522.0054321289062,523.4941251002426,517.6667385635127,518.8909769209239,45619600
2024-08-12,522.2796630859375,524.6889257907327,520.0074696393324,523.2002926739822,42542100
2024-08-13,530.8689575195312,531.1040615199245,525.2277168327499,525.4725645280489,52333100
2024-08-14,532.543701171875,533.728785456597,528.9885080949739,531.6622256176499,42446900
2024-08-15,541.6716918945312,541.9556937145602,537.5680419380651,538.1752594686596,60846800
2024-08-16,542.8860473632812,543.5814362683599,539.8989177341498,540.0555939415091,44430700
2024-08-19,548.0767822265625,548.0767822265625,542.4452860411917,543.2973511166235,39121800
2024-08-20,547.1856689453125,549.2815796690877,545.843908289735,547.6264067744836,33732300
2024-08-21,549.0660400390625,550.5253226989936,543.2974141481618,548.2335818085938,41514600
2024-08-22,544.7566528320312,551.5732334533072,543.5422179587766,550.9660160166799,56121500
2024-08-23,550.5448608398438,551.4850973665338,545.8045838781815,547.9984691071246,50639400
2024-08-26,549.2325439453125,552.2882384520825,547.5284135216066,551.5733022984582,35788600
2024-08-27,549.9866943359375,550.4763897351174,546.8134777136145,547.9593482100599,32693900
2024-08-28,546.7938232421875,550.0748179978751,543.6009999526875,549.6438836929623,41066000
2024-08-29,546.8427124023438,552.0628809883677,545.6968421488655,548.7623394799141,38715200
2024-08-30,552.0629272460938,552.5722295246512,545.657733766081,549.212926690368,62700100
2024-09-03,540.7019653320312,549.2520259222431,538.1849243812507,548.919006824782,60600100
2024-09-04,539.5952758789062,543.0035361193702,538.1359934145067,538.8607329114091,47224900
2024-09-05,538.2828979492188,542.3865472945482,535.8246177750381,539.5365467142444,44264300
2024-09-06,529.2235717773438,540.2319142524223,528.3225490242058,538.6061519080256,68493800
2024-09-09,535.1488037109375,536.4220593419303,531.495695817922,533.4251264283236,40445800
2024-09-10,537.4798583984375,537.8324845189911,532.1813804449696,537.0587275255268,36394600
2024-09-11,542.9937133789062,543.914342923255,528.8317637255883,537.3916279053534,75248600
2024-09-12,547.5675659179688,547.8711746400817,541.3483991843773,543.5716351743016,51819600
2024-09-13,550.4274291992188,551.4264269369157,547.9201911599521,548.1748423305235,39310500
2024-09-16,551.240234375,551.5046291897925,548.3608236054457,550.1628688432331,36656100
2024-09-17,551.4655151367188,554.9031859740162,549.2324757022386,553.4536471249235,49321000
2024-09-18,549.8299560546875,556.9696926491016,549.2716961893568,552.1216967889254,59044900
2024-09-19,559.2125244140625,561.0733907935877,556.3723270388496,559.2419348303403,75315500
2024-09-20,558.245849609375,559.2871857073619,555.2200568119598,557.8430941207945,77503100
2024-09-23,559.640869140625,560.2892833331648,558.0985019985221,559.3167220049795,44116900
2024-09-24,561.2420654296875,561.3010067117204,557.6071931426925,560.4364946014963,46805700
2024-09-25,560.0043334960938,561.8217999280521,558.8942225290759,561.0850037974096,38428600
2024-09-26,562.2245483398438,564.5921534543987,559.8668367278948,564.2679463720303,48336000
2024-09-27,561.4090576171875,564.1106429805404,560.377555197848,563.2952985697877,42100900
2024-09-30,563.6588745117188,564.2679545173111,558.0788790007499,560.3776493545987,63557400
2024-10-01,558.609375,563.9536055755817,556.0355051968223,563.3052513338224,72668800
2024-10-02,558.8450927734375,559.866821742494,555.3183290115846,557.715374727311,38097800
2024-10-03,557.8233642578125,559.7684865712154,555.5343678239607,557.3714411111998,40846500
2024-10-04,562.8924560546875,563.2657708110322,558.0983654622065,562.2735426407796,42939100
2024-10-07,557.8037109375,561.8905065573382,556.6543259021896,561.2420924631317,49964700
2024-10-08,563.0792236328125,563.67853004462,559.5033520489247,560.377637870892,37398700
2024-10-09,566.9793090820312,567.5392812736217,562.4700908869163,563.0693372819003,37912200
2024-10-10,565.987060546875,567.411544847049,564.375918856187,565.6334128471475,44138100
2024-10-11,569.3763427734375,570.1131388058892,565.7709110163313,565.9084606662699,42268000
2024-10-14,574.0328979492188,574.9661849382893,570.5060744728205,570.9874382986001,36217200
2024-10-15,569.5729370117188,574.6027940420114,568.3547169835323,574.2982540251211,54203600
2024-10-16,572.0485229492188,572.5692210133667,568.7673576490918,569.5729286407808,30725400
2024-10-17,572.0975952148438,575.801242846272,571.9109378019983,575.594918349773,34393700
2024-10-18,574.2981567382812,575.0840605235142,572.3235337539761,573.787292295603,37416800
2024-10-21,573.3550415039062,574.5535342943244,570.378356688641,573.5711395635755,36439000
2024-10-22,573.0504760742188,574.2096946097226,570.1622332957213,570.8204209471064,34183800
2024-10-23,567.8142700195312,571.4688092704015,564.3071139493308,571.0267196890029,49314600
2024-10-24,569.0423583984375,569.8479293354313,566.4193810527883,569.7693209618997,34979900
2024-10-25,568.8458251953125,574.1704478252901,567.9027646254573,571.2723713678375,47268200
2024-10-28,570.6043090820312,572.4512158459117,570.2997691348281,572.3234997428319,30174700
2024-10-29,571.5277709960938,572.6476553589258,568.2465463889694,569.6415300427301,42899700
2024-10-30,569.798828125,573.0505525749719,569.0914726763393,571.0562623128328,41435800
2024-10-31,558.6290283203125,565.4959588071013,558.4325373559277,565.4271839715354,60182500
2024-11-01,560.9867553710938,565.4173659105694,560.5741663070255,561.2618547208896,45667500
2024-11-04,559.7783203125,562.4209644478059,557.892139281839,561.1241962515347,38217000
2024-11-05,566.5470581054688,566.586332309216,560.4758658123077,560.6919638738422,39478300
2024-11-06,580.6346435546875,581.5089893813079,575.0841485043231,578.8270705681771,68182000
2024-11-07,585.1240844726562,586.1458133207747,582.5600487330294,582.6386570968723,47233200
2024-11-08,587.6588134765625,589.0832980878612,585.674356571417,585.674356571417,46444900
2024-11-11,588.2186279296875,589.6037779981073,586.4896037587446,589.2501303160354,37586800
2024-11-12,586.3914184570312,588.739296212128,583.9059310932324,588.1400498376755,43006100
2024-11-13,586.6763305664062,588.6803942959151,584.4856094336134,586.8531544283672,47388600
2024-11-14,582.9038696289062,587.2853715644612,582.2162413093224,586.8040077565071,38904100
2024-11-15,575.437744140625,579.8094129170865,573.5810036102117,579.3378226480269,75988800
2024-11-18,577.7954711914062,579.1118465214918,575.0349444617987,575.8993966406199,37001700
2024-11-19,579.9076538085938,580.6346163861505,573.7480790226593,574.4161003090796,49412000
2024-11-20,580.1041259765625,580.3889988810581,574.3374733314436,579.9862433981077,50032600
2024-11-21,583.2183227539062,584.6428072515256,577.1078556838472,582.9531169226577,46750300
2024-11-22,585.0259399414062,585.654687007179,582.7075025920674,583.2084735757152,38226400
2024-11-25,587.0103759765625,590.281707390563,584.7213793724078,588.9653319760873,42441400
2024-11-26,590.075439453125,590.7434606979054,587.5408441710033,588.2579731618996,45621300
2024-11-27,588.2874755859375,590.2718722436573,586.7647756879834,589.8887838542881,34000200
2024-11-29,591.9419555664062,592.7278593888155,588.8277809402925,589.1028202958577,30177400
2024-12-02,593.0029296875,593.6807844427898,591.8633182342458,592.354515594293,31746000
2024-12-03,593.2780151367188,593.5236138358292,591.73570807165,592.7672106157903,26906600
2024-12-04,596.9619750976562,597.2075737883222,594.2997236656325,594.9677449089698,42787600
2024-12-05,595.9795532226562,597.7675188046404,595.6259055147337,596.961947940629,28762200
2024-12-06,597.109375,598.3472020292826,596.333304701608,596.7458937244957,31241500
2024-12-09,594.034423828125,597.1584317989794,593.445010988573,596.9914414878755,34742700
2024-12-10,592.1875610351562,595.134745373381,591.529373321926,594.7123228135097,37234500
2024-12-11,596.7655639648438,597.7184581352288,594.8400485801485,595.115147903942,28677700
2024-12-12,593.6906127929688,596.4707466548862,593.6906127929688,595.9010008938557,31543800
2024-12-13,593.5728149414062,596.4413911194437,592.197438164754,595.7242620650901,35904700
2024-12-16,596.1072998046875,597.0799209921157,594.5551592425911,595.3312295236393,43695200
2024-12-17,593.6513061523438,594.5158183353977,592.2759894688432,593.5530906608857,55773500
2024-12-18,575.95849609375,595.7340497636445,575.5753477019516,593.3468374126793,108248700
2024-12-19,575.7815551757812,582.5601031255708,575.5359564813775,580.948961299734,85919500
2024-12-20,582.6973266601562,587.2315284125533,572.6036951737447,573.451443984787,125716700
2024-12-23,586.1865844726562,586.7878476994515,579.2570769218985,582.440932357683,57635800
2024-12-24,592.7020263671875,592.7414929129372,586.9553724289615,587.5369625170155,33160100
2024-12-26,592.7415771484375,593.8652307760627,589.5281816588665,590.9278604962976,41219100
2024-12-27,586.5020751953125,589.2324867459512,582.3128451341881,588.9958679237085,64969300
2024-12-30,579.80908203125,583.2787692142718,576.0535631828352,579.4838439796579,56578800
2024-12-31,577.69970703125,582.1945015590405,576.0634095440413,581.4748988586764,57052700
2025-01-02,576.2802734375,582.6774635941151,572.1994566718678,580.9623534016539,50204000
2025-01-03,583.4857788085938,584.1264484268344,578.044689478734,579.1289967873591,37888500
2025-01-06,586.8469848632812,591.1249540533898,585.1121413237427,587.7440065436294,47679400
2025-01-07,580.2132568359375,589.2028462645713,578.3897338233832,588.877548048508,60393100
2025-01-08,581.0609741210938,582.1354148697908,576.8323377526707,580.282291853868,47304700
2025-01-10,572.1896362304688,577.5715860296085,570.2773736421228,577.5025797313914,73105000
2025-01-13,573.0768432617188,573.4316812597856,567.1231694250464,567.5372072518853,47910100
2025-01-14,573.8652954101562,576.635112947905,570.0801769152397,576.0042498383493,48420600
2025-01-15,584.3040161132812,585.4474030923216,580.7751887912287,581.8890360172194,56900200
2025-01-16,583.1802368164062,585.8514484014332,582.4803673486446,585.6740294157521,43319700
2025-01-17,589.0353393554688,590.7898562052613,587.0934767089387,588.4242094250709,58070600
2025-01-21,594.4270629882812,594.4369296257112,590.1096871636119,592.0810894520482,42532900
2025-01-22,597.7686157226562,599.1288881406504,596.7040416210903,597.2560318658977,48196000
2025-01-23,601.03125,601.03125,596.8617535693179,597.1377185948221,41152100
2025-01-24,599.2766723632812,602.0465502262632,598.1234189150732,601.0903888692611,34604700
2025-01-27,590.7997436523438,591.1151752666312,586.1373960687419,586.3049484329972,70361100
2025-01-28,595.8760986328125,596.7139205737208,588.7100317776161,592.0318399526346,44433300
2025-01-29,593.204833984375,595.4916679771449,590.6518414168764,595.0874967960807,37177400
2025-01-30,596.388671875,597.9263634423098,592.130435189581,595.3241578254683,39281300
2025-01-31,593.2146606445312,601.2382822731704,592.4556515232641,598.8134358374799,66566900
2025-02-03,589.2225952148438,591.7065212004032,582.0466619706364,584.1954832564219,65857200
2025-02-04,593.17529296875,593.6878166788046,588.7396375989994,589.281761222817,33457800
2025-02-05,595.580322265625,595.7282015036632,590.021013481686,592.0515554519985,30653100
2025-02-06,597.650390625,597.7785366008171,594.0131505968404,597.3250923662002,35771500
2025-02-07,592.1796875,599.4344333824486,591.4699514014874,598.2121736064561,50788500
2025-02-10,596.2012939453125,596.8420237335293,594.1214790365186,595.3930719758379,26048700
2025-02-11,596.65478515625,597.1969087784863,593.8159609148958,593.93424024475,30056700
2025-02-12,594.732666015625,595.9056528588447,589.9520392250456,590.6321754646003,45076100
2025-02-13,601.011474609375,601.2184934858119,594.5748781161029,595.8365441602056,40921300
2025-02-14,600.9820556640625,602.2535886001177,600.3610590723445,601.2186143347305,26910400
2025-02-18,602.746337890625,602.746337890625,599.6808220007749,602.1450746766837,26749000
2025-02-19,604.1658325195312,604.4615308486234,600.8440242708047,601.3566081495158,31011100
2025-02-20,601.6522827148438,602.9336821985821,598.3403412349714,602.7956695963146,36554000
2025-02-21,591.361572265625,601.5734221193063,590.8982614234848,601.435409514207,76519800
2025-02-24,588.670654296875,594.4074426853949,587.960918125522,593.4118748152965,50737200
2025-02-25,585.7430419921875,589.3408752561445,581.129967827771,588.6114660308307,58266500
2025-02-26,586.0387573242188,591.0067297705009,583.3970853838995,587.4088964020577,43321600
2025-02-27,576.6843872070312,589.468961108592,576.2901428845248,588.3156475632774,74196700
2025-02-28,585.6838989257812,586.2161558854355,574.1117771132394,577.1871598716435,88744100
2025-03-03,575.4227905273438,588.798762606637,571.6081318173137,587.6553155599406,74249200
2025-03-04,568.611572265625,577.0196322682823,564.0675042327628,571.4208567458912,109648200
2025-03-05,574.722900390625,576.5168836727693,564.8856223320056,568.4439889843314,71230500
2025-03-06,564.5209350585938,571.8742272350298,561.9679425734266,567.2512863712917,80094900
2025-03-07,567.6849365234375,569.1339483632712,557.5420942942741,562.7367581223248,81158800
2025-03-10,552.5643920898438,561.3962362827218,547.6457527585567,559.4741670846696,99326600
2025-03-11,547.970947265625,555.9551623983707,544.1267490127518,551.4012280579012,88102100
2025-03-12,550.8787841796875,555.0581473332891,545.7728595599632,554.1315858671662,69588200
2025-03-13,543.5352783203125,551.1153221105548,541.8201680493273,550.5041922476157,74079400
2025-03-14,554.7625122070312,555.7679467233177,543.604366956188,548.1583018697701,62660300
2025-03-17,559.0404663085938,561.5638590041749,554.3090523622551,554.7427633019219,49008700
2025-03-18,552.998046875,556.9408512500528,551.0660510727529,556.7239657249663,66041400
2025-03-19,559.020751953125,562.7861379289428,553.5993951050114,554.7822486316311,66556000
2025-03-20,557.4041137695312,562.4114922780789,554.5554231088431,555.2750258330774,62958200
2025-03-21,557.5880737304688,558.4877939738346,551.7055567482902,552.9413897854555,83763000
2025-03-24,567.5736083984375,568.6314886589248,563.7375780431137,564.3307537296456,58766800
2025-03-25,568.93798828125,569.8771730865459,567.1880294433175,568.7797678649376,38355700
2025-03-26,562.1458129882812,569.7980806984394,560.7616559941828,568.6709866041082,51848300
2025-03-27,560.6529541015625,564.4296669577193,558.5371935416607,560.7517966033342,42164200
2025-03-28,549.3623657226562,559.8521624781242,548.7790863172526,559.120558969836,71662700
2025-03-31,553.0501098632812,554.3551567474991,540.6719872727307,543.5984615291653,95328200
2025-04-01,554.6121826171875,556.5598868781194,547.4048260096515,551.1321177898429,54609600
2025-04-02,558.1220092773438,560.9891058051336,548.5220362276616,548.7593065231022,76014500
2025-04-03,530.6172485351562,541.7594774009829,530.6172485351562,538.9319060881811,125986000
2025-04-04,499.5533447265625,519.9099817661254,499.3358369172059,517.7349036725598,217965100
2025-04-07,498.6635437011719,517.2405628900261,476.33944038650816,483.64569927250346,256611400
2025-04-08,490.8531188964844,519.0300819148135,483.6160734043612,515.9454474877983,165816600
2025-04-09,542.4021606445312,542.4021606445312,487.46196103833506,487.84755542038147,241867300
2025-04-10,518.6346435546875,527.4535310578508,503.5475844453038,526.1385878330984,162331200
2025-04-11,527.888427734375,530.3501968917485,514.1756325109097,517.0823135223206,97866300
2025-04-14,533.0098266601562,538.111379094838,527.8094317224818,537.8839447885014,68034000
2025-04-15,531.5169067382812,537.0732068479572,530.7259857198238,533.5535570239268,56892900
2025-04-16,519.7023315429688,531.7937621429162,514.3931980244283,525.6541223320015,83484800
2025-04-17,520.44384765625,525.1499093262158,517.9721816819745,521.6599483491107,79868100
2025-04-21,508.05584716796875,515.7872249375157,502.6972625032136,515.2533065114334,69368100
2025-04-22,521.2744140625,523.3011683263503,513.3057644566182,514.2450097037921,75948100
2025-04-23,529.3516845703125,539.2482437222484,527.8291602174767,534.3049123051696,90590700
2025-04-24,540.4940185546875,541.2256220112762,529.3814182452572,530.6369834977514,64150400
2025-04-25,544.3992919921875,544.804618673288,537.5280483044934,540.454522631326,61119600
2025-04-28,544.6068725585938,547.2762839575454,538.8429907853031,545.1407910444296,47613800
2025-04-29,548.0374755859375,549.1546732609154,542.3328520901122,542.6887574529197,47775100
2025-04-30,548.2550659179688,550.2126665027023,535.3826699025942,541.3640897959557,93101500
2025-05-01,552.1405029296875,557.6770710508032,551.5374308999284,554.0189932525213,63186100
2025-05-02,560.3365478515625,561.9381825044319,556.006184429092,558.3295262045715,60717300
2025-05-05,557.1234130859375,560.2278400664005,555.3339293144951,556.194064255589,38659200
2025-05-06,552.4667358398438,556.9651555946843,550.6476235760448,551.6066009560054,48264700
2025-05-07,554.7901611328125,557.4298834610689,549.738030089525,553.8014947566288,55588000
2025-05-08,558.6558837890625,563.8463828556478,555.3339788688671,558.8338365158501,65130800
2025-05-09,557.9439697265625,561.068128702691,556.381860066797,560.0596697605964,37603400
2025-05-12,576.3826293945312,576.3925257137258,570.5000520977247,574.8798371188,78993600
2025-05-13,580.1890258789062,582.4036289948938,576.234360216526,576.7978469712151,67947200
2025-05-14,580.9304809570312,582.3046813078995,578.9036666864055,581.1479585868793,66283500
2025-05-15,583.7680053710938,584.2721745648568,578.4687074145315,578.9235156986,71268100
2025-05-16,587.4655151367188,587.7621029517821,582.6012939394769,584.5489375445604,76052100
2025-05-19,588.108154296875,588.7903364922698,581.4346564328234,581.4346564328234,68168500
2025-05-20,586.130859375,587.3172711404261,582.9176935296509,586.3681900028125,60614500
2025-05-21,576.2540893554688,585.8639582409971,575.2258980125081,581.7708648204313,95197700
2025-05-22,576.4814453125,579.971405887537,574.8204328669485,576.0562657117097,70860400
2025-05-23,572.5465698242188,575.2159811048424,569.0763411937487,569.4520392436427,76029000
2025-05-27,584.4501342773438,584.6082943415249,571.8742669840636,579.4276923460704,72588500
2025-05-28,581.0689086914062,586.051826179252,580.3373051792158,584.8555180607121,68445500
2025-05-29,583.3626098632812,586.4769332279744,579.4277368161022,586.3385054465637,69973300
2025-05-30,582.7100830078125,584.430352826958,576.6297607292682,582.2552747565533,90601200
2025-06-02,585.992431640625,586.0714814983527,578.4291102147669,581.0985213264464,61630500
2025-06-03,589.3341064453125,590.3128764026674,585.1421107506463,585.6266079138771,63606200
2025-06-04,589.1759643554688,591.1730898063917,588.7409487228937,590.1943197189499,57314200
2025-06-05,586.3285522460938,592.2111289512687,584.3512195951713,590.8566609128592,92278700
2025-06-06,592.3495483398438,594.0203968199735,590.0953601848463,591.8749474768216,66588700
2025-06-09,592.8834228515625,594.4356362447949,591.7069074945726,592.9229477814916,53016400
2025-06-10,596.2449340820312,596.6304681071312,592.3001649023746,593.4173023897237,66247000
2025-06-11,594.54443359375,598.2025114763902,592.4781545343917,597.3423765043648,73658200
2025-06-12,596.9072875976562,596.9072875976562,592.7252483956809,593.2096852350186,64129000
2025-06-13,590.23388671875,595.0288949944265,588.7310943639458,591.7168864341237,89506000
2025-06-16,595.8494262695312,597.5993850121447,593.4172853343232,593.5952983788304,79984100
2025-06-17,590.7578735351562,594.9300168530282,589.9965810836336,593.4074922933922,82209400
2025-06-18,590.6688842773438,594.4060120669617,589.7098464455568,591.6575507239553,76605000
2025-06-20,589.2816162109375,594.4180406328666,587.8735160730708,593.3471074282096,94051400
2025-06-23,595.1021728515625,595.4888465716903,586.9116378864132,590.0351069773628,87426000
2025-06-24,601.676513671875,602.7374608387837,598.3348024442159,599.2471080685161,67735300
2025-06-25,602.0135498046875,603.4910078317407,600.4468221319722,602.7968833801484,62114800
2025-06-26,606.7236328125,607.1599344481853,603.2530708764845,603.8678512919777,78548400
2025-06-27,609.7380981445312,611.2056913389495,605.692457719191,607.7252035075089,86258400
2025-06-30,612.6533203125,614.0117925800773,609.8669572755672,612.1873024714439,92502500
2025-07-01,612.455078125,613.625146088841,610.3429883405835,611.1758893553448,70030100
2025-07-02,615.2315063476562,615.2711481262035,611.4237773441516,612.0484833566157,66510400
2025-07-03,620.0803833007812,621.0124795190609,617.194824993195,617.214676143094,51065800
2025-07-07,615.4595336914062,618.7813935886118,612.6731706581298,618.1169852960921,74814500
2025-07-08,615.1224365234375,616.8775081543645,614.3093261623386,616.1238907210633,59024600
2025-07-09,618.8110961914062,619.4655183729625,615.6875662931247,617.5319680301938,66113300
2025-07-10,620.5563354492188,621.5974919629854,617.7699723301522,618.9499658515675,57529000
2025-07-11,618.3748168945312,619.6043777491163,616.3024294765994,617.5022136064131,63670200
2025-07-14,619.5548095703125,619.9018415613931,616.5701165685465,617.9186632768227,51898500
2025-07-15,616.9072875976562,622.5791484786782,616.8279435196437,622.2420420602726,74317300
2025-07-16,618.9697265625,619.4754466932056,612.8516386863737,618.4937831556223,88987500
2025-07-17,622.7576293945312,623.1146474859103,618.9301097920578,619.1482908768893,68885700
2025-07-18,622.301513671875,624.175571102461,621.1909387049365,624.007017899032,65621600
2025-07-21,623.4815063476562,626.2281670376054,623.0551302914085,623.4815063476562,63375000
2025-07-22,623.5706787109375,624.4333563471947,620.9231528797274,623.8086504006922,60046300
2025-07-23,628.8757934570312,628.8757934570312,624.4334327911965,626.2381323551606,70511000
2025-07-24,629.083984375,630.7994747941685,628.6576082944551,629.2624631630094,71307100
2025-07-25,631.741455078125,632.2174590489252,629.5005143245561,629.7484116245431,56865400
2025-07-28,631.582763671875,632.6734874729789,630.1945147233831,632.1181999979412,54917100
2025-07-29,629.9169311523438,633.2982235137306,629.0046860832861,632.9809077241022,60556300
2025-07-30,629.1236572265625,632.3165451544952,626.2281734095909,630.5713386132512,80418900
2025-07-31,626.763671875,634.4682782312485,625.4646925404661,634.0816044685715,103385200
2025-08-01,616.4907836914062,621.0719812920488,614.0812292944926,621.0322789916852,140103600
2025-08-04,625.8612670898438,625.9108344398344,620.3183179857707,620.4075271113948,73218000
2025-08-05,622.6881713867188,627.2891592865192,621.7660007962415,626.4760489706393,68051400
2025-08-06,627.4578247070312,628.1122469303318,622.8469108529321,623.7591559441935,64357500
2025-08-07,626.9322509765625,631.62244837055,623.8186464662513,630.8886820702932,74205800
2025-08-08,631.82080078125,632.2868791777582,628.4097315038053,628.727047311219,64051600
2025-08-11,630.5712890625,633.5758329217508,629.3218771812983,632.0983749269875,58742300
2025-08-12,637.284423828125,637.4430514601922,631.4340237207567,632.9214074238032,64730800
2025-08-13,639.4659423828125,640.7549961752953,637.2745085703324,639.4857330110176,60092800
2025-08-14,639.5254516601562,640.1897994624859,636.9374184340268,637.3835851461316,59327500
2025-08-15,638.0281372070312,640.6558727131268,637.11589211782,640.5566774831647,68592500
2025-08-18,637.8892822265625,638.5834067295413,636.7787072305159,637.4529805837014,43804900
2025-08-19,634.4286499023438,638.6924711313014,633.1098193903536,637.7108075589789,69750700
2025-08-20,632.7429809570312,634.2799321395609,627.626407225106,634.0221697813646,88890300
2025-08-21,630.2044677734375,632.604096553562,628.4791123479844,630.9283690027011,54805800
2025-08-22,639.88232421875,641.0623176031913,631.8901189367884,632.3958390332336,84083200
2025-08-25,637.0662231445312,639.8625116828326,636.9472372936925,638.6230253017661,51274300
2025-08-26,639.733642578125,640.0807351008626,636.1738713484165,636.7985773675441,51581600
2025-08-27,641.1912841796875,641.9250504526357,638.9998504138363,639.148612992103,48341100
2025-08-28,643.4620361328125,644.0173236548059,639.9121904309055,641.7961735668325,61519500
2025-08-29,639.6245727539062,642.3911452321481,637.7306640961879,642.0242015644989,74522200
2025-09-02,634.884765625,635.1028861742022,629.5797276837342,632.13804448044,81983500
2025-09-03,638.3255615234375,638.7916398746721,635.0731807265284,637.2645539172183,70820900
2025-09-04,643.6603393554688,643.6901160802078,638.0975387911232,638.9998582812316,65219200
2025-09-05,641.7960815429688,646.7243105506017,637.918995020256,646.0004093954814,85178900
2025-09-08,643.372802734375,644.3743174556171,641.7862237872296,643.1645472258064,63133100
2025-09-09,644.8601684570312,645.3856792185645,641.7762803015634,643.5115612591451,66133900
2025-09-10,646.724365234375,649.0446498954948,645.1576374702139,648.122479271532,78034500
2025-09-11,652.0987548828125,652.7928793680376,648.0927566439484,648.6777603299006,69934400
2025-09-12,651.8805541992188,653.5662677492645,651.3748946038203,652.0689585463732,72780100
2025-09-15,655.3511352539062,655.4800466805781,653.7943936028013,654.0918582328915,63772400
2025-09-16,654.4488525390625,656.213910313041,653.6655188822047,655.9064595692537,61169000
2025-09-17,653.6357421875,656.1543568928759,648.7967821934204,654.4587781451693,101952200
2025-09-18,656.6898193359375,659.2977035594738,654.7165666735059,656.3229362038169,90459200
2025-09-19,659.9423217773438,660.7874850308027,656.6311583459587,658.5800832029405,97945600
2025-09-22,663.0645751953125,663.5119788762895,658.4209716621773,658.4508309420254,69452200
2025-09-23,659.4551391601562,663.5617612775759,658.2320617574377,662.9452156846509,81708900
2025-09-24,657.3569946289062,660.8471316064555,655.9350982101993,660.7477220570149,68082200
2025-09-25,654.3242797851562,655.6765652531099,650.7048739536411,654.2149171420698,89622100
2025-09-26,658.072998046875,658.619871988132,654.1553026157394,655.7760789419195,69179200
2025-09-29,659.9224243164062,661.5134019828115,658.112721358766,660.5985670660314,73499000
2025-09-30,662.4082641601562,662.8756347075731,657.8641309647478,659.1766647693167,86288000
2025-10-01,664.6654052734375,665.5801794564833,659.3059076216911,659.4152702620313,72545400
2025-10-02,665.4309692382812,666.7733621981591,663.004842335434,666.6540464714482,56896000
2025-10-03,665.421142578125,668.8714672806448,664.377038831869,666.1966948783695,70494400
2025-10-06,667.8074951171875,668.7024238148077,665.669704301124,667.8174482099862,54623300
2025-10-07,665.3316040039062,669.1796881705657,663.8898014056139,668.7322238208072,72020100
2025-10-08,669.2990112304688,669.398481470165,665.6299006256374,666.4552183740389,60702200
2025-10-09,667.3600463867188,670.1243359074817,665.4211353124821,669.7166839203261,66501900
2025-10-10,649.32275390625,670.1342452495495,649.14378031214,668.324542434099,159422600
2025-10-13,659.2860107421875,661.3642043859337,656.0345659370097,656.9095884512618,79560500
2025-10-14,658.4805908203125,662.0602448848334,649.4718888267987,653.4492417720955,88779600
2025-10-15,661.4039306640625,666.4352795829697,655.1992699391986,663.0446129876665,81702600
2025-10-16,656.8995971679688,664.9239136533134,653.3895542222015,663.0445999065358,110563300
2025-10-17,660.62841796875,661.9906565438909,654.4138037793879,655.7660892614911,96500900
2025-10-20,667.499267578125,668.4041493887289,663.4921159142255,663.5418206897375,60493400
2025-10-21,667.4893188476562,669.1797060532549,666.1867381348511,667.638493864759,56249000
2025-10-22,664.0191040039062,668.1953369980629,659.5445816579371,668.1953369980629,80564000
2025-10-23,667.9566650390625,668.9012985038863,664.019063764971,664.3372592841532,65604500
2025-10-24,673.4155883789062,674.628651928334,671.8246714345047,672.6300829996666,74356500
2025-10-27,681.3603515625,681.658640907831,678.2580209918731,678.8645527756448,63339800
2025-10-28,683.1700439453125,685.0095454543999,680.9526890414517,683.1600908523567,61738100
2025-10-29,683.4982299804688,685.795149064121,679.0038013689816,684.8206562449755,85657100
2025-10-30,675.9810180664062,682.0564104652303,675.9810180664062,680.0279821977349,76335800
2025-10-31,678.1983032226562,681.2012239761448,675.3942622450203,681.1614116072222,87164100
2025-11-03,679.4711303710938,681.9171636388411,676.0903560257897,681.7878948104295,57315000
2025-11-04,671.4169921875,676.1103005794487,670.7607556049009,672.2820616639051,78427000
2025-11-05,673.7437133789062,677.0051112074705,670.3529860359731,671.1583975728993,74402400
2025-11-06,666.514892578125,673.5448715272548,664.9338680034818,672.6399897028363,85035300
2025-11-07,667.1710815429688,667.2805048704689,657.4663915648358,664.1284090392404,100592400
2025-11-10,677.5818481445312,678.3176487268574,671.2081667723378,673.4056154266486,75842900
2025-11-11,679.1329956054688,679.6997756663966,674.8871520395073,676.1002762110339,58953400
2025-11-12,679.5109252929688,681.0819968300743,677.0946904605516,680.9129156193362,62312500
2025-11-13,668.235107421875,677.0051787486752,666.7237544337754,676.6472315164618,103457800
2025-11-14,668.1256713867188,671.8345335183507,659.5147291242073,661.612768198211,96846700
2025-11-17,661.901123046875,669.8956413839408,658.4209391867944,665.9083353081996,90456100
2025-11-18,656.3427734375,661.354216097308,652.146634691611,658.3512953245886,114467500
2025-11-19,658.8783569335938,663.5617119214406,655.0203196831769,657.0388554539629,94703000
2025-11-20,648.8355712890625,671.7351497651099,648.1991802397498,669.1001291109939,165293500
2025-11-21,655.2987670898438,660.7874729698119,647.1650267848305,651.3412595795126,123956200
2025-11-24,664.9437866210938,666.2662734630499,657.8442577670318,658.9380055466532,80437900
2025-11-25,671.1982421875,672.3815071629971,660.717877921785,664.8444060411854,81077100
2025-11-26,675.8318481445312,677.8404309302599,672.8885849296569,673.7934667684052,71879600
2025-11-28,679.5208129882812,679.7991961322198,676.6471609574353,677.0051081523229,49212000
2025-12-01,676.41845703125,679.1230277654502,674.8970904760725,674.9667014318244,61201200
2025-12-02,677.67138671875,679.9483994968172,675.4838303983408,678.0591325179204,62953800
2025-12-03,680.0180053710938,681.0321891246488,675.8417725523884,676.7167950740063,57238500
2025-12-04,680.51513671875,681.4895687361658,677.4824173401821,681.4199577792665,61970300
2025-12-05,681.8078002929688,684.4925257185774,680.7040993957534,681.5890143183475,79241000
2025-12-08,679.7594604492188,682.7524282821314,677.7111260885928,682.7027235077143,55231500
2025-12-09,679.1727905273438,681.5095218770947,678.7253868572307,679.2822138612034,58310100
2025-12-10,683.6771850585938,685.0692222502689,677.4526176554032,678.6955405173951,85671300
2025-12-11,685.26806640625,685.3476304583654,678.3076987410943,681.2609148661827,86173700
2025-12-12,677.9000854492188,684.9797692517327,675.3247225627367,684.2737672143002,113160300
2025-12-15,676.8758544921875,681.8774049984522,675.4042533093998,681.8574988128718,90811000
2025-12-16,675.0264282226562,677.2239376857725,671.1584377196804,675.3843754405706,122030600
2025-12-17,667.5986938476562,676.5874893555698,667.3998140691156,676.0406154817738,110625200
2025-12-18,672.6399536132812,676.8857972779194,671.0788959983324,673.7635606688432,108650100
2025-12-19,678.7363891601562,679.2350273728672,674.6275542880097,674.747283458469,103599500
2025-12-22,682.96484375,683.4933686131409,678.7364013691785,682.0772531068674,69556700
2025-12-23,686.0863037109375,686.325640311278,682.0074163952171,682.0572680421344,64840000
2025-12-24,688.4996948242188,688.9484813838191,685.9267046355759,686.0763204450832,39445600
2025-12-26,688.4298706054688,689.7761694005526,687.392725060237,688.758988861415,41613300
2025-12-29,685.9765625,687.322922191004,684.2014421207446,685.6674092439482,62559500
2025-12-30,685.138916015625,686.6846823672308,684.7100944386586,685.5777200962995,47160700
2025-12-31,680.062744140625,685.4879304984822,679.8533550408816,685.2685588951464,74144800
2026-01-02,681.309326171875,684.999261161205,677.9684744567207,683.842447277036,89377200
2026-01-05,685.846923828125,687.5522884526621,684.5106074856512,684.6701449336617,71927200
2026-01-06,689.92578125,690.4344019511112,685.9067890249802,686.0563439630641,69273800
2026-01-07,687.701904296875,692.0699799720542,687.4426026835383,690.3047811958188,75588300
2026-01-08,687.632080078125,688.7390423054183,685.6175622141362,686.9439569075789,64019200
2026-01-09,692.1796264648438,693.4162394407576,687.3029303433501,688.7489932725086,80125500
2026-01-12,693.2666625976562,694.1941832506386,688.7490319805348,688.7988836287034,63976000
2026-01-13,691.8804931640625,694.194181802135,689.467040360938,693.595779418591,78309700
2026-01-14,688.479736328125,689.8360176539858,684.1714948792828,689.1180078469732,94676700
2026-01-15,690.3546142578125,693.5558934557131,689.3673203481677,692.678285342935,77862000
2026-01-16,689.7761840820312,692.359156800422,688.22043529661,691.7707369284135,79289200
2026-01-20,675.7345581054688,682.9049778344743,674.7272992054969,679.6338820353151,111623300
2026-01-21,683.5332641601562,686.8641332264262,676.2830453044572,677.7989248999835,127844500
2026-01-22,687.103515625,689.2476843606095,685.0491285530771,687.9711412752974,77112200
2026-01-23,687.352783203125,689.0781127396581,685.2884137823622,686.2757685331861,63059600
2026-01-26,690.84326171875,692.2394730275811,688.0409174669724,688.609372319757,60473800
2026-01-27,693.5957641601562,694.6329705879123,691.6810104865692,692.2893344912051,55506100
2026-01-28,693.5259399414062,695.9393926651097,692.0499903412962,695.1515053497095,61172200
2026-01-29,692.1497192382812,695.1615135683285,682.9648421722587,694.4933553961189,97486200
2026-01-30,690.0853271484375,692.3192774332931,685.2485609149509,689.9058246991844,101835100
2026-02-02,693.5159912109375,695.0318708971434,687.5423149981101,687.7019133171445,79286500
2026-02-03,687.6520385742188,695.0617950648859,682.1670182684101,694.3138377504575,107904600
2026-02-04,684.3211059570312,689.5667896413613,679.9031787408285,688.4697490630058,105204600
2026-02-05,675.7744750976562,681.8279505601881,673.9494421186707,679.0854402743204,113610800
2026-02-06,688.739013671875,690.4244132010324,678.995603890688,679.6039887472712,89127600
2026-02-09,692.0599975585938,693.9747512796714,686.4652913399738,687.5423060693106,73885200
2026-02-10,690.2349243164062,694.64286887948,689.7761552680904,693.0572335194393,65185700
2026-02-11,690.075439453125,695.2413241987686,687.3029816841566,694.4933668556342,76353900
2026-02-12,679.41455078125,693.4561594586687,678.5169776231163,692.3491972008484,118829000
2026-02-13,679.8931884765625,684.410879804094,675.6747287653898,679.833354327075,96267500
2026-02-17,680.9901733398438,683.074507822494,673.9394826742099,678.287593220413,81354700
2026-02-18,684.4208374023438,687.2730943282486,680.9702998190471,682.157061237011,73570300
2026-02-19,682.61572265625,684.311104689823,679.6937101433548,681.9775120282383,58649400
2026-02-20,687.5523071289062,688.1805961724377,679.8732661615737,680.4616860592505,100034000
2026-02-23,680.531494140625,688.1207533479937,678.5169762252317,685.9566804858357,90558100
2026-02-24,685.4779052734375,686.4751816677359,678.1479481229125,680.0427976196477,73798700
2026-02-25,691.26220703125,691.7907319065998,688.2204651135966,688.3002642742074,56369500
2026-02-26,687.422607421875,691.4117130049051,682.486077089091,691.391808867856,71671000
2026-02-27,684.1216430664062,684.9892686841309,679.7835149777827,681.2295779636313,83308900
2026-03-02,684.5106201171875,686.744509644098,676.1734035367807,676.8515442239554,87477200
2026-03-03,678.4771118164062,680.7508704958498,667.8361281509542,673.221445388408,105003100
2026-03-04,683.2639770507812,685.2186606854194,677.7689744100875,679.7735096903759,79182200
2026-03-05,679.4544067382812,683.6629449535216,673.7699188745959,680.2223290726917,106606500
2026-03-06,670.5487060546875,674.2685275228549,667.9358467743081,671.5758690877306,100687000
2026-03-09,676.4227294921875,678.0681991431876,660.5859743093405,664.5750801817165,102667700
2026-03-10,675.3356323242188,681.4987932365287,672.9222404542279,675.87413967305,81505300
2026-03-11,674.4879760742188,678.2277626375325,671.5061293267642,675.7345715953234,68441700
2026-03-12,664.2459106445312,669.8207124533001,664.0564256954588,669.3319958917509,108882200
2026-03-13,660.4862060546875,670.5088831921612,659.5587462493693,667.4472371497842,97200200
2026-03-16,667.2078857421875,670.239584206393,665.3030536555561,666.5596317087426,82023100
2026-03-17,668.9630126953125,672.60309589337,667.8760155087483,670.5586914524959,87128000
2026-03-18,659.6285400390625,667.8959397089973,659.3892034355257,666.5396583763402,82062600
2026-03-19,658.0029907226562,661.1743225351036,653.3855958813168,655.1806813207687,111272500
2026-03-20,648.5700073242188,656.6900024414062,644.719970703125,656.510009765625,163617500
2026-03-23,655.3800048828125,662.6199951171875,653.9400024414062,658.0700073242188,134802700
2026-03-24,653.1799926757812,657.030029296875,649.8800048828125,651.3200073242188,96457500
2026-03-25,656.8200073242188,660.8900146484375,654.239990234375,658.6699829101562,90653800
2026-03-26,645.0900268554688,654.8499755859375,644.8200073242188,652.0599975585938,96494400
2026-03-27,634.0900268554688,642.6599731445312,633.1099853515625,642.5,103649400
2026-03-30,631.969970703125,640.3699951171875,629.280029296875,640.1099853515625,99275900
2026-03-31,650.3400268554688,651.5399780273438,637.97998046875,638.9400024414062,152534100
2026-04-01,655.239990234375,658.52001953125,653.0,653.9000244140625,97841500
2026-04-02,655.8300170898438,658.2000122070312,645.1099853515625,646.4199829101562,68358700
