Date,Close,High,Low,Open,Volume
2018-01-02,99.45980834960938,100.26823476750509,99.12692972898947,100.25237994928047,16238200
2018-01-03,99.9353256225586,100.02250896091563,99.45978398860018,99.86399709854281,8605100
2018-01-04,99.91950225830078,99.99083684729241,99.3647045521058,99.5866236345838,9217900
2018-01-05,99.63421630859375,100.00672608211917,99.35681734325905,99.76103071951472,10915400
2018-01-08,99.57080841064453,99.88783838889816,99.20622605204822,99.85613478638841,8850600
2018-01-09,98.23926544189453,98.93673244795569,98.12830588126526,98.92087762681291,16226400
2018-01-10,98.12040710449219,98.22343927826769,97.21687559032564,97.33575654204971,14302600
2018-01-11,98.52460479736328,98.74652394800091,97.73203294688984,97.89055094509054,12511000
2018-01-12,98.69107055664062,98.90506839973742,98.20760716163869,98.35819174165111,9987100
2018-01-16,99.10313415527344,99.29334960885616,98.72269720126775,99.2061662662057,9125900
2018-01-17,98.96839904785156,99.5786764031837,98.75440137031671,99.13483832657852,8327000
2018-01-18,98.0490493774414,98.49288761752022,97.91431363268069,98.2234161279988,10843900
2018-01-19,97.53385925292969,97.93014505330315,97.47045812046942,97.80333674154119,11374300
2018-01-22,97.62895202636719,98.04901392984027,97.4783615149937,97.84294365851449,8984700
2018-01-23,98.0490493774414,98.43740783751038,97.6765396915856,98.12830534219226,12325700
2018-01-24,97.51799011230469,97.58931863898917,97.121704394706,97.36739960462833,9038900
2018-01-25,98.31849670410156,98.39775264449995,97.32778233202009,97.61310855492681,12173300
2018-01-26,97.95391845703125,98.20754716704819,97.56556007679005,98.18376494035314,6462900
2018-01-29,97.27229309082031,97.46250853860992,96.93148713815887,97.46250853860992,12223000
2018-01-30,96.70169067382812,96.9870170163827,96.45598929466863,96.91568240732246,12064400
2018-01-31,97.27229309082031,97.43080495617164,96.64616094305441,97.38325260593426,18045100
2018-02-01,95.86255645751953,97.3159836181024,95.80696118107579,97.27627616888869,18632800
2018-02-02,94.97306823730469,95.51313943981303,94.70302960633403,95.4257745350372,23944400
2018-02-05,95.87057495117188,96.75216220589537,94.22653500090502,94.64747185849751,28606200
2018-02-06,95.27486419677734,95.99760907830229,95.08425262581477,95.64020556588582,10935400
2018-02-07,94.36944580078125,95.56872256496283,94.16294641039153,95.4098745494968,16271100
2018-02-08,94.26622009277344,94.65538721317931,93.59907039835839,93.72614883898358,15155100
2018-02-09,93.67051696777344,94.58386715060892,93.55138249105497,93.80553321365315,15661600
2018-02-12,94.08351135253906,94.75066079879133,93.86907413804127,94.16293231867041,10944600
2018-02-13,94.50445556640625,94.5203433965757,94.02792367166323,94.20265344693642,8157600
2018-02-14,93.4560546875,94.147029664368,93.29721279047354,94.08349048178545,12043300
2018-02-15,93.7738037109375,94.35358851383708,93.71026448826258,93.8691125449499,8222400
2018-02-16,94.2820816040039,94.67919255645583,93.98821731779387,94.54417628688591,8454100
2018-02-20,93.86911010742188,94.12326093208817,93.54347614424405,93.94058718649976,8268800
2018-02-21,92.71747589111328,93.94852243225004,92.53480822181928,93.90880890791671,12054300
2018-02-22,92.99549102783203,93.44820357939977,92.92401392564908,93.11462559090587,9317900
2018-02-23,93.8214340209961,93.96439421018141,93.49580618194938,93.62287853931831,9072900
2018-02-26,93.85320281982422,94.44093140333842,93.74995615163341,94.25825769561214,8771600
2018-02-27,93.71817016601562,94.24235945004749,93.13044774466613,94.13116282602118,12525700
2018-02-28,94.31385040283203,94.37738960894609,93.91673945376748,94.09146924086502,9311600
2018-03-01,94.95771026611328,95.19645987171694,94.02659773323744,94.2494274602517,12287700
2018-03-02,94.18571472167969,94.64729383196345,94.00267870764935,94.58362649158256,10064300
2018-03-05,93.93107604980469,94.54386373618301,93.61274533612209,94.50407012010268,5658200
2018-03-06,94.01861572265625,94.44836126886536,94.00270191945735,94.19369791611031,5452000
2018-03-07,93.91515350341797,94.44835390799783,93.8753598910422,94.36081281809334,4461800
2018-03-08,94.45632934570312,94.69507284417881,94.1141248667329,94.15391241398528,7086700
2018-03-09,93.83557891845703,94.12206987533536,93.58090949607059,93.89924020240042,6570400
2018-03-12,94.37671661376953,94.43243009384972,94.05839203512477,94.15388698005734,5801300
2018-03-13,94.85421752929688,94.99746602122367,94.05839392340403,94.15388887025372,7455300
2018-03-14,95.68981170654297,95.81714637530229,94.99744917803058,95.02132291051015,10175000
2018-03-15,95.68981170654297,95.888767572741,95.44310837538579,95.63410430687357,6757900
2018-03-16,95.34761047363281,95.50677881475663,95.14070073764894,95.33965661031516,6084300
2018-03-19,95.04521942138672,95.47496492396478,94.8621773090904,94.87013724570832,8491200
2018-03-20,94.66322326660156,94.87809905796477,94.56772831190925,94.63139566280597,5446000
2018-03-21,94.76665496826172,95.0372320185465,93.994705274042,94.43241058673902,9742400
2018-03-22,95.70572662353516,96.15138579782909,95.23618764634614,95.74551415172517,12136600
2018-03-23,95.63411712646484,95.74553194073862,95.19641780514704,95.24416527650665,7250400
2018-03-26,95.26803588867188,95.85694361218953,95.23620221825851,95.49882544542989,8237900
2018-03-27,96.28672790527344,96.39018889377446,95.34765549996163,95.3635753774176,9168500
2018-03-28,96.54133605957031,96.80395924243483,96.25483914583644,96.65275085139452,7412500
2018-03-29,97.01089477539062,97.321265483168,96.70052406761324,96.72439780334196,9694300
2018-04-02,97.20230102539062,97.5851155301928,96.62808839513256,96.77961393932851,12036500
2018-04-03,96.45262908935547,96.88329311252271,96.36490089474937,96.78758796805333,9855000
2018-04-04,96.25324249267578,96.8673337355656,96.181462117225,96.77960554591996,6654300
2018-04-05,95.53547668457031,95.91828510168803,95.51952278448952,95.78270737415176,7603700
2018-04-06,96.58020782470703,96.62008648029324,95.87838851264122,96.22930121098841,8831200
2018-04-09,96.73979187011719,96.73979187011719,95.98213941501362,96.2134224117526,6307500
2018-04-10,96.56425476074219,96.80350842735977,96.32499500949636,96.65995379353792,6046000
2018-04-11,96.90716552734375,97.21022252750433,96.71575534180656,97.1783208299148,5901300
2018-04-12,96.19743347167969,96.55631716016653,96.02995401141045,96.53239239221817,6622800
2018-04-13,96.42072296142578,96.60415020747597,96.1017119124254,96.11765972679207,4964000
2018-04-16,96.45262908935547,96.47655385431533,95.84650867697603,95.88638734166243,4491300
2018-04-17,96.71582794189453,96.96306476264597,96.35694422271156,96.43669548423765,5590400
2018-04-18,95.9422607421875,96.77168139469862,95.92630683465867,96.73180879514241,8138400
2018-04-19,95.16065979003906,95.32813926946274,94.75392043450648,95.24041105386489,9875800
2018-04-20,94.47476959228516,95.00910964907702,94.45084482625421,94.81770543619923,7579400
2018-04-23,94.49872589111328,94.60240802468483,94.17174383853101,94.3711250681597,7073200
2018-04-24,94.06803894042969,94.46680130318629,93.91651338013111,94.27539707275974,8190800
2018-04-25,93.43798828125,93.82877364504,93.26253188965408,93.63736943813083,6603800
2018-04-26,94.09195709228516,94.2115809172601,93.78091689346044,93.89257593782031,6528600
2018-04-27,94.81771087646484,94.86556041127216,94.45882719614889,94.48275196355253,5401800
2018-04-30,94.98518371582031,95.35204432125717,94.85758293701322,94.96923590020573,8321100
2018-05-01,94.64308166503906,94.98676742359592,94.49921051348419,94.9308178701048,7979200
2018-05-02,94.53921508789062,95.01079534272272,94.52323210717198,94.82695752520078,4644000
2018-05-03,94.9627914428711,95.3624328593943,94.85888686987093,94.98676895217544,6345300
2018-05-04,95.10665893554688,95.29849119868504,94.70701753440812,95.29849119868504,4283500
2018-05-07,94.95484161376953,95.13067878617811,94.90688047761577,95.0907182871043,3647800
2018-05-08,94.86691284179688,95.11468865077288,94.55519292145736,94.75501369593377,6091200
2018-05-09,94.29940795898438,94.65108832088607,94.29940795898438,94.41130708750471,7832500
2018-05-10,95.0587158203125,95.0986824046478,94.59513027341926,94.75499051271586,7101500
2018-05-11,95.29852294921875,95.40242755283685,94.97081396404138,95.37045549832838,4273400
2018-05-14,94.79495239257812,95.10667224123331,94.78695785598461,94.95481263422482,4996200
2018-05-15,93.7159423828125,93.9797072662696,93.27633424371736,93.96371818955011,12901000
2018-05-16,93.35626983642578,93.93974309275245,93.34827529786007,93.85182146266824,6518000
2018-05-17,92.88465881347656,93.37222183744089,92.78874267664871,93.22035614530782,7330300
2018-05-18,93.6839599609375,93.74790406464768,93.12446429858673,93.12446429858673,9606500
2018-05-21,93.73191833496094,93.81983995618901,93.47614800903717,93.62001919849715,4448500
2018-05-22,93.58805847167969,93.79587379228215,93.39623222853314,93.74791875600708,4700700
2018-05-23,94.26744079589844,94.40331744499743,94.04364252725414,94.1155750715846,9634000
2018-05-24,95.01874542236328,95.1626165829336,94.82691924095097,94.8668858236822,8204100
2018-05-25,95.61027526855469,95.78611248088859,95.49038154801725,95.56231412151095,8482800
2018-05-29,97.70433044433594,97.92812865878716,96.25763048803056,96.54537279176613,21668100
2018-05-30,97.04896545410156,97.09692659315576,96.50545262984704,96.71326797095678,11616300
2018-05-31,96.88908386230469,97.4965406348772,96.67327404268575,97.16083714858608,10769900
2018-06-01,96.37715911865234,96.70562339031137,96.0166423964345,96.2730069909784,8718800
2018-06-04,95.6801528930664,96.24896157415738,95.63208644774453,96.22492835149644,7156500
2018-06-05,95.90446472167969,96.26498137417838,95.83236505850769,96.10474971344134,5635900
2018-06-06,95.12736511230469,95.41577601105556,94.8710005481054,95.39975589988644,7813300
2018-06-07,96.04867553710938,96.5293583218037,95.07929685618207,95.08730996772071,13238300
2018-06-08,95.76029205322266,96.01665668591951,95.68819236537745,95.7843252825044,6790600
2018-06-11,95.5840072631836,95.64809992731129,95.28758938796553,95.39173538301338,6844200
2018-06-12,95.60806274414062,95.70420176271574,95.2475521208589,95.27959846038394,6048200
2018-06-13,95.5599594116211,95.84837024382614,95.03921729168354,95.69615171788128,8834700
2018-06-14,96.35311126708984,96.37715060288485,95.72021600539867,95.96055435342717,10078800
2018-06-15,96.44119262695312,97.01000106716634,96.37710609773427,96.80170915083634,7992800
2018-06-18,96.35311126708984,96.58544261540018,96.16885247815601,96.52135605658736,4893700
2018-06-19,96.91389465332031,97.12219273868038,96.69758345754306,96.91389465332031,6133300
2018-06-20,96.0647201538086,96.76972129886677,96.05670704073566,96.7536950727209,6879100
2018-06-21,96.56944274902344,96.7376814615778,96.3130781233861,96.42523726508901,7235800
2018-06-22,96.56140899658203,96.63351477924492,96.18487219611039,96.20890541959352,4082500
2018-06-25,96.77774810791016,97.02609963838817,96.64956272946004,96.66558895787394,8363700
2018-06-26,96.91389465332031,96.96196109139865,96.66554324029909,96.75366300603858,5450000
2018-06-27,97.82720947265625,97.88328903022207,97.37857301212966,97.53879857311392,8173400
2018-06-28,97.85127258300781,97.93939850213009,97.6029210539624,97.84325946884708,7109500
2018-06-29,97.51478576660156,98.13967414237007,97.4587061972945,97.87529641040196,11164700
2018-07-02,97.4384765625,97.75965942030307,97.39030127794827,97.75162816419329,9662000
2018-07-03,97.96044158935547,97.98452924236419,97.58305202273569,97.58305202273569,3808800
2018-07-05,98.24142456054688,98.38595653130568,97.96842313025418,98.00856715621029,3860400
2018-07-06,98.56259155273438,98.69909224593576,98.34579669447642,98.56259155273438,4679900
2018-07-09,97.92826843261719,98.12900693123916,97.8800931532848,98.01659386209508,5952700
2018-07-10,97.9202651977539,98.0647972031624,97.80785209644225,97.8560335156148,5759700
2018-07-11,98.29764556884766,98.40203352901808,98.03266922910521,98.32173321317806,6869100
2018-07-12,98.28964233398438,98.33781763337716,98.07284123460619,98.09692888430259,4824700
2018-07-13,98.53852081298828,98.65896514425272,98.3377823028986,98.45019537846457,4079000
2018-07-16,98.12903594970703,98.19327375851498,97.671352282546,98.12903594970703,5517100
2018-07-17,97.94436645507812,98.27357452663264,97.88012864197552,98.19328032328191,3764300
2018-07-18,97.55091857910156,97.99254590533171,97.47062437234752,97.97648338834773,6330000
2018-07-19,98.16914367675781,98.32170074916351,97.77569186242508,97.79978562485417,6166700
2018-07-20,96.96475219726562,97.63119953633037,96.91657077890767,97.62317440498276,10469500
2018-07-23,95.76834106445312,96.65962068234418,95.69607812973155,96.65962068234418,11571800
2018-07-24,96.09757995605469,96.20999307860009,95.66398385792711,95.77639698047251,9053500
2018-07-25,95.94497680664062,96.5632548498498,95.76030080748696,96.37054146892443,7357900
2018-07-26,95.76033782958984,96.258165607647,95.68004361952148,96.12166483792524,6821100
2018-07-27,95.9208984375,96.25011256719698,95.87272315063849,96.23405005420729,4542000
2018-07-30,95.5916748046875,95.8807387307023,95.52743701533916,95.54349339964986,7111200
2018-07-31,96.1136245727539,96.24210019766888,96.00121146398078,96.18589364328233,6797400
2018-08-01,95.3305892944336,95.63639177947978,95.0167375982746,95.19378340426155,13312600
2018-08-02,95.46736907958984,95.55589195837723,95.20180658297512,95.4593260104255,4451100
2018-08-03,95.94219970703125,95.99853190491325,95.6122495910445,95.62834801315311,6162400
2018-08-06,95.99851989746094,96.44112821410134,95.9824214773659,96.19970717041066,4200200
2018-08-07,95.49956512451172,95.84560745013164,95.41909145012872,95.78927526408876,5346900
2018-08-08,95.59617614746094,95.78931427258176,95.45132101868275,95.49156094213514,5640900
2018-08-09,96.40090942382812,96.43310012927225,95.86172892207512,95.95025182710911,7144100
2018-08-10,97.10103607177734,97.41488775131377,96.7952274631786,96.86765807985945,8457900
2018-08-13,96.89983367919922,97.13320549499294,96.73888018930099,96.77107088728063,7923200
2018-08-14,96.68255615234375,97.02054929999842,96.59403326037491,97.00445701952607,4251200
2018-08-15,97.24588012695312,97.47925810711477,97.02860056735351,97.10103118038572,7649800
2018-08-16,97.23785400390625,97.31832770149666,96.79523945753468,97.22175558053843,5400400
2018-08-17,97.35855102539062,97.68849497119717,97.17345602670754,97.44706777982768,3537600
2018-08-20,98.01039123535156,98.10696333530564,97.8092039652584,97.88967764534603,5603700
2018-08-21,97.68047332763672,97.80118695738848,97.43100299529993,97.67243025480346,4695000
2018-08-22,98.06672668457031,98.21963097964222,97.84139791693704,98.17939106838695,5309600
2018-08-23,98.21965789794922,98.28403317795268,98.00237214121842,98.1794179756657,5328700
2018-08-24,98.41273498535156,98.44492567526483,97.768933466579,97.87355474373368,6092200
2018-08-27,97.8494644165039,98.07479937783991,97.79313221110739,98.0023687481873,6407400
2018-08-28,97.261962890625,97.44705171905407,97.11710782762735,97.374627257429,4929300
2018-08-29,97.39070892333984,97.49533020950587,97.0688142759741,97.3263336777148,5613300
2018-08-30,97.5999984741211,97.74485360017091,97.43905106284359,97.62413997183769,5302900
2018-08-31,97.3746337890625,98.1150014319357,97.28611090352896,98.090859943108,9677500
2018-09-04,96.81167602539062,96.8681351426623,96.58583955630395,96.75521690811895,18343600
2018-09-05,96.55354309082031,96.70679185077339,96.42449636158099,96.59387365509643,9422600
2018-09-06,96.90845489501953,97.11009545611878,96.53743700102669,96.59389611199121,9566000
2018-09-07,96.08573913574219,96.30351434507111,95.97282093593472,96.24705524516737,11212600
2018-09-10,96.44063568115234,96.46483156099205,96.11800959160104,96.11800959160104,6386400
2018-09-11,95.70670318603516,96.11804560459132,95.65830525464145,96.04545793787545,5440000
2018-09-12,95.93252563476562,96.11803152492143,95.90026240309022,96.02124798347745,3347200
2018-09-13,96.07775115966797,96.44070191368868,95.9648328738133,96.25518978487884,4833000
2018-09-14,95.6179428100586,95.90830566865044,95.41630227790206,95.5050246043374,5579500
2018-09-17,95.6179428100586,95.83571187721213,95.27112084860613,95.31951260717787,5433000
2018-09-18,94.6178207397461,95.23080980618744,94.49684131851198,95.22274246024452,10182300
2018-09-19,94.05321502685547,94.45649611138754,93.71446039270798,94.45649611138754,13379600
2018-09-20,94.48877716064453,94.60976273954269,93.94031453607742,94.02903688369726,8657300
2018-09-21,94.4484634399414,94.59364492981419,94.23875547599556,94.2629575189604,6173800
2018-09-24,94.20646667480469,94.58554573679208,94.1419402224566,94.15806875875302,5505500
2018-09-25,94.10966491699219,94.15805667325142,93.8838285163419,93.9483549604078,6650900
2018-09-26,94.77106475830078,94.83559121542135,94.09355541927977,94.31132452008463,9512700
2018-09-27,94.83563995361328,94.892099094214,94.44848716550491,94.56140544670636,5758500
2018-09-28,94.58557891845703,95.10178456475126,94.5452544867791,95.05338663172105,12807700
2018-10-01,93.89118194580078,94.44086796851026,93.86693208951054,94.30344800465997,22442400
2018-10-02,94.46510314941406,94.6833579894282,94.25492748203602,94.31151252702541,8266900
2018-10-03,92.82414245605469,94.06093443012426,92.3472060157898,93.98817869601586,20829200
2018-10-04,92.16938018798828,92.46847617837913,91.91879008382594,92.25830045087991,16207400
2018-10-05,91.37718200683594,91.9268680573269,91.03767166699673,91.66010729003526,18096500
2018-10-08,91.07001495361328,91.43377518327213,91.05384426896092,91.3367695772855,5855900
2018-10-09,91.9915542602539,92.03196864062087,91.40144756764704,91.45803263400855,11530800
2018-10-10,91.74091339111328,91.81366910811907,91.1750630024313,91.45798819677229,15290100
2018-10-11,92.85647583007812,93.08281603431395,91.98344404176163,92.1531991949385,16086800
2018-10-12,92.53311157226562,92.96962737931342,92.37952096405249,92.46844119330149,6794100
2018-10-15,92.4926986694336,92.81604442360677,92.38761392043291,92.68670982232187,7146300
2018-10-16,92.70288848876953,92.73522368585456,92.28254326128051,92.46846293538418,4762300
2018-10-17,92.15322875976562,92.79183520791489,92.13706424026628,92.68675041289413,5880700
2018-10-18,92.1208724975586,92.46846817679028,91.78944750144015,91.84603255771933,5728800
2018-10-19,91.91876983642578,92.11277483667801,91.67626512793741,92.03193993384856,10892400
2018-10-22,91.79754638671875,92.21789789560192,91.77329652415047,92.11280693472618,3244200
2018-10-23,92.08855438232422,92.97775093194448,92.02388397249118,92.7675813509517,10330700
2018-10-24,92.78372192382812,92.81605712039946,92.34720602107714,92.44421161079119,16008000
2018-10-25,92.39569854736328,92.75137332363279,92.33911350336764,92.58970353144731,12613200
2018-10-26,92.95346069335938,93.22022139256401,92.79179090631193,92.90496099070656,18582500
2018-10-29,92.74331665039062,92.97773605573686,92.36338576254667,92.83223074054787,7679900
2018-10-30,92.28250885009766,92.5896838569008,92.16933261884814,92.36334372901365,9939500
2018-10-31,91.81368255615234,92.12085764538524,91.51458663986492,91.9430171636634,8706400
2018-11-01,91.8987808227539,92.02032438833596,91.43689054443408,91.44499550956522,6100200
2018-11-02,90.75619506835938,91.77720399391546,90.67516398778908,91.70427169380959,11314800
2018-11-05,91.11276245117188,91.33154704267118,91.03983013248762,91.14517612811191,4760200
2018-11-06,91.0560302734375,91.34774715226106,91.02361659998199,91.24240116796162,3159900
2018-11-07,91.17760467529297,91.89069336806934,91.08847477097409,91.72052616155084,9313100
2018-11-08,91.16944885253906,91.54219671679796,91.08841778331309,91.53409175519307,6905100
2018-11-09,91.85013580322266,91.97168552274748,91.33963439994908,91.36394310739892,6465300
2018-11-12,92.44981384277344,92.62808601870506,92.30396153404203,92.33636903668572,6840000
2018-11-13,92.39307403564453,92.39307403564453,91.9555048273187,92.14187575266543,6525800
2018-11-14,92.44981384277344,92.79825322783663,91.80966365796917,91.95552214897883,8690800
2018-11-15,92.4092788696289,92.81444055907014,92.11756195864908,92.73340945763724,7879600
2018-11-16,92.944091796875,93.03322786573506,92.31204053206866,92.53893009561176,9236700
2018-11-19,93.2033920288086,93.2033920288086,92.70910045692314,92.70910045692314,7027200
2018-11-20,93.23579406738281,93.55992461392218,93.1304542672248,93.38165250421173,6332600
2018-11-21,93.2033920288086,93.26011441786277,92.8144402702304,93.09805221550133,4951100
2018-11-23,93.3006362915039,93.80303902787028,93.26011764837162,93.73010670668756,3027900
2018-11-26,93.08995819091797,93.2358166630957,93.0089270802142,93.0737544416882,6599000
2018-11-27,93.1952896118164,93.38976548352124,92.99270877562655,93.03322123349862,5967200
2018-11-28,92.74150848388672,93.20339256377235,92.6685823470885,93.06563907274678,7814000
2018-11-29,93.10616302490234,93.38977498797657,92.85495855851335,93.12236677324495,7295600
2018-11-30,93.45458984375,93.52751597495156,93.17097791861676,93.43837991529878,9127800
2018-12-03,94.11817169189453,94.11817169189453,93.1272882865499,93.14352963561785,9763800
2018-12-04,95.69384765625,96.38421961942497,94.72732318983127,94.87352011587257,18100500
2018-12-06,95.9943618774414,96.81468319211015,95.94562543940701,96.27863194671387,15319400
2018-12-07,96.17303466796875,96.27049513759421,95.4501677373891,95.6857075333538,8608400
2018-12-10,96.5710220336914,96.87965721166978,96.19740907194205,96.54665691393292,8777700
2018-12-11,96.55476379394531,96.96086560259576,96.33547154378769,96.62786534174575,8071900
2018-12-12,96.1242904663086,96.42480801547916,96.03494757862603,96.31110001235979,6182200
2018-12-13,95.89688873291016,96.31111434685147,95.82379337572057,96.21364767397635,5564200
2018-12-14,96.22991180419922,96.4654454601555,96.01873707488235,96.28676582402029,8169200
2018-12-17,96.7903060913086,96.89589653012816,96.31110891907882,96.31922649389418,9726800
2018-12-18,97.3699722290039,97.52465895709088,96.8326495183301,96.93848420994085,10018800
2018-12-19,98.65630340576172,99.04708865661307,97.63049755718266,97.78518429146229,23046300
2018-12-20,98.298095703125,99.34832458912099,98.24110682766731,99.3320447152709,18543700
2018-12-21,98.28179931640625,98.680721377585,98.01313485810768,98.62373251170233,9945100
2018-12-24,98.77029418945312,98.85170598249864,98.43650397457002,98.61560743474149,8377500
2018-12-26,97.7119369506836,98.82729793835631,97.67123415369626,98.50164450584461,11700400
2018-12-27,97.72818756103516,98.81911902089603,97.67934173785343,98.72142737453257,12146500
2018-12-28,98.55047607421875,98.55047607421875,97.93173530218498,98.02129013279465,9879100
2018-12-31,98.92494201660156,98.9656447914467,98.07010299770384,98.22478969154533,17409000
2019-01-02,99.4460220336914,99.45416507624184,98.78657223618141,99.04709990722249,19841500
2019-01-03,100.57765197753906,100.83817340946746,99.51114333610106,99.55998916354986,21187000
2019-01-04,99.41345977783203,99.77981595906711,99.03896055374321,99.60070628421555,12970200
2019-01-07,99.1203384399414,99.85305676307554,99.01450376433523,99.82863385419101,8498100
2019-01-08,98.85984802246094,99.27505623749975,98.82728206330872,99.07152365128958,7737100
2019-01-09,98.70512390136719,98.85981059594829,98.34691090894884,98.7214099804385,9349200
2019-01-10,98.07011413574219,98.84354148147027,97.9724162846435,98.73770058995004,8222900
2019-01-11,98.45278930664062,98.72959066060491,98.24925670708264,98.37137750908182,5786900
2019-01-14,98.08641815185547,98.51790620329645,97.89102241392966,98.42835137624405,6730500
2019-01-15,97.72818756103516,98.15967556266133,97.65491261494222,98.15153252169092,8997400
2019-01-16,97.82586669921875,98.013113126465,97.29668094117129,97.36180662251132,6048400
2019-01-17,97.85030364990234,98.12710491645254,97.60606212303567,97.874726560325,8153400
2019-01-18,97.33740234375,97.79331946829736,97.19900170385185,97.56535780036351,14106400
2019-01-22,97.99687194824219,98.28181632697361,97.75263036000291,97.94801990380137,8881100
2019-01-23,97.9561538696289,98.20039543523632,97.55723177636978,97.59793456309032,5776800
2019-01-24,98.59930419921875,98.72142496551339,98.27365089287309,98.43648065170602,7121900
2019-01-25,98.1270980834961,98.30620769588359,97.95613151112248,98.1759439009401,6460800
2019-01-28,98.02942657470703,98.4609146142354,98.02942657470703,98.13526127133748,6435800
2019-01-29,98.5260009765625,98.54228705343156,98.01310135891865,98.12707905172839,5750100
2019-01-30,98.45278930664062,98.49349831108101,97.96431230996586,98.3795143409123,10571300
2019-01-31,99.29946899414062,99.47043560370602,98.91682677740434,98.95753577500984,11843400
2019-02-01,98.69971466064453,99.19745677903255,98.60179603518333,99.12402247895369,12024600
2019-02-04,98.25909423828125,98.36517430991344,97.93270503196645,98.27541712254296,8966200
2019-02-05,98.70787811279297,98.92003202626842,98.4549294402282,98.51204708323819,6983300
2019-02-06,98.75680541992188,99.0668778701329,98.5120182609364,99.0260768976248,5184000
2019-02-07,99.40962219238281,99.47490128357805,98.9200414591321,99.10771106462242,8781000
2019-02-08,99.83390808105469,99.93182670239639,99.60543752327986,99.76047378406527,5885400
2019-02-11,99.44226837158203,99.69521708514132,99.34434972825721,99.434106928299,4352800
2019-02-12,99.18931579589844,99.34435209518392,98.89556608428245,99.2709177799586,7939600
2019-02-13,98.81395721435547,99.05058924094601,98.65892716099765,98.85475820097183,4757700
2019-02-14,99.37698364257812,99.7115280939316,99.2056306954912,99.662571887723,5868900
2019-02-15,99.53202056884766,99.56465388962516,99.17299178672637,99.18930844711512,5527200
2019-02-19,99.78495788574219,99.98895035679195,99.5075248879293,99.89103172955984,5872800
2019-02-20,99.49935913085938,99.6135944045172,99.21376472135927,99.50751434658099,4455800
2019-02-21,98.60992431640625,98.86287912411163,98.48752763207834,98.7894386233733,7382500
2019-02-22,99.19749450683594,99.50756093402329,99.07509773479725,99.11589873392963,6374600
2019-02-25,98.90370178222656,98.977142303692,98.66706978583574,98.87106224217034,6293500
2019-02-26,99.39327239990234,99.40143384043155,99.02608850570478,99.32799955173407,6028900
2019-02-27,98.26727294921875,98.838449491627,98.14487619717201,98.83029427341933,7737300
2019-02-28,97.9327621459961,98.42234935367193,97.67981332062755,98.37338689768838,9533400
2019-03-01,97.02754974365234,97.7389393602414,97.01119237401315,97.57540309490128,13541100
2019-03-04,97.78794860839844,97.93513366677315,97.35457211387993,97.54264433677751,9808500
2019-03-05,97.99237823486328,98.0169142782529,97.52629322655365,97.53447190768352,5595200
2019-03-06,98.35222625732422,98.54847105644536,98.03332611931121,98.05785593938765,7766700
2019-03-07,98.989990234375,99.15353270576408,98.6220305911375,98.64656040221901,8187200
2019-03-08,99.40705108642578,99.50517660415169,98.81831045708965,99.0390913123455,7517600
2019-03-11,99.11266326904297,99.28437821585722,98.92459719141672,99.26802708504522,5157800
2019-03-12,99.80767059326172,99.9466832350693,99.15351951028285,99.18622800020778,6422300
2019-03-13,99.6196060180664,99.72590393298303,99.44789112235188,99.48059961275084,4386300
2019-03-14,98.9000244140625,99.56236037841842,98.87549460769861,99.50512208406728,8188400
2019-03-15,99.55421447753906,99.71775073281756,99.26802291154759,99.54603579322267,4302000
2019-03-18,99.49695587158203,99.65231964936537,99.36612190323669,99.40700907797135,3893300
2019-03-19,99.27615356445312,99.44786842096958,98.85094952483645,99.01448570099349,5220200
2019-03-20,100.31466674804688,100.45367318449215,99.5378602022569,99.54603264780681,10123700
2019-03-21,100.53540802001953,100.64988460489316,100.36369314270907,100.54358670136935,7182600
2019-03-22,102.09722900390625,102.44065883753126,101.44307159256655,101.56572688700616,13077000
2019-03-25,102.2607650756836,102.9803394747202,101.81103731479314,102.05634166477682,9736300
2019-03-26,102.18720245361328,102.4488642386872,101.90101085095574,101.96642161834244,7502000
2019-03-27,103.12751007080078,103.30739740674365,102.46517407046379,102.55512085768848,14207200
2019-03-28,103.48733520507812,103.59363940186579,103.03760731527616,103.23385209921685,9143200
2019-03-29,103.38916778564453,103.41369759240033,102.73501049246079,102.7677189809706,10841400
2019-04-01,101.92066192626953,102.73196075518875,101.77315247989742,102.67459631783598,16501500
2019-04-02,102.10914611816406,102.22387499704953,101.82232392095041,102.01081065183652,9725000
2019-04-03,101.22406768798828,101.51089607591202,101.10114838145371,101.29782552416268,10407000
2019-04-04,101.51089477539062,101.52728193196741,101.15851151258094,101.2896275219559,7503400
2019-04-05,101.64204406738281,101.75677295774888,101.27327352724268,101.30605410338379,6321800
2019-04-08,101.2813949584961,101.57641369045425,101.22403055240709,101.47807828130242,4446400
2019-04-09,101.60105895996094,101.8960715998468,101.42895939599997,101.7977361373031,7020300
2019-04-10,101.84690856933594,102.04358575575576,101.6993991164573,101.83871186299406,7519900
2019-04-11,101.24866485595703,101.63382246369028,101.13393599369536,101.56007087463095,8679300
2019-04-12,100.52751159667969,100.84711434185611,100.49473102637256,100.70780160724168,7005500
2019-04-15,100.78156280517578,100.78975325883408,100.56849221722061,100.61765994818923,3070000
2019-04-16,100.15055084228516,100.49473747421165,100.09318640363074,100.39640200923544,8927300
2019-04-17,100.1915054321289,100.44554699546198,100.0685798764907,100.0849670328575,6118500
2019-04-18,100.71600341796875,100.8799000255575,100.61766170206262,100.64224556797545,27589400
2019-04-22,100.23249053955078,100.44556111579291,100.17512610582264,100.3636128179319,6241200
2019-04-23,100.44557189941406,100.55210407284503,100.29806244652619,100.4783524725286,6239700
2019-04-24,101.26506042480469,101.28144758409428,100.87169982705416,100.88809323859833,7302000
2019-04-25,101.11752319335938,101.30600986079051,100.87986880931705,101.1994714717957,5380900
2019-04-26,101.46174621582031,101.63383953812439,101.3224334671344,101.60106521676134,5950700
2019-04-29,100.81431579589844,101.08475076352163,100.6750030861241,100.98641532238838,10246000
2019-04-30,101.33063507080078,101.40438667581468,100.74059722166797,100.75698438314147,7957400
2019-05-01,101.74861145019531,102.20027625923682,101.50224427044348,101.57615693052009,14371900
2019-05-02,101.26407623291016,101.67468396236369,101.04235081577102,101.5679282082414,6612800
2019-05-03,101.5515365600586,101.73219875130191,101.31338325500052,101.5515365600586,6191700
2019-05-06,101.8307113647461,102.14277096661868,101.77322653636492,102.0852861382375,4482500
2019-05-07,102.61087799072266,102.76691094637893,102.15099929873864,102.26596897173464,8984900
2019-05-08,102.16741943359375,102.89830069925799,102.07708523083733,102.77511712591952,6907600
2019-05-09,102.58625793457031,102.89832389275162,102.0853158846902,102.74229091366097,9411900
2019-05-10,102.4466323852539,103.02148072214662,102.31523489946302,102.56160205263245,6037800
2019-05-13,103.25144958496094,103.4156902138262,102.85726330415457,102.98044690849271,10501600
2019-05-14,102.9476089477539,103.18576227178742,102.81621141778545,103.07079256575457,5690400
2019-05-15,103.57992553710938,103.69489522450174,103.28428740799241,103.64562429144159,9566300
2019-05-16,103.23499298095703,103.33354109002804,103.08717395003886,103.31711327249455,7666400
2019-05-17,103.46497344970703,103.71955459970563,103.21861247712084,103.70312677563908,4747100
2019-05-20,103.25144958496094,103.78523476146223,103.18575082726348,103.57172319701307,6043100
2019-05-21,103.08720397949219,103.24323696462974,102.89832788047367,103.14468882685152,4021800
2019-05-22,103.678466796875,103.74416554685276,103.2432235426832,103.28428056238606,5675300
2019-05-23,104.8445816040039,105.18949061104603,104.19582060578067,104.20403451510369,9743700
2019-05-24,104.93494415283203,104.93494415283203,104.61467052187761,104.7542756911903,4981900
2019-05-28,105.69043731689453,105.85467791847172,105.18949533709358,105.33732065004132,8098600
2019-05-29,106.01068115234375,106.67586354721732,105.93677478196916,106.48698753489856,13260600
2019-05-30,106.92227172851562,106.9469071947728,105.84648126609854,106.20781814554525,13024800
2019-05-31,108.26083374023438,108.31831230545757,107.42319047677802,107.49709685953066,18933600
2019-06-03,108.98500061035156,109.1002062376924,108.25261928872662,108.54886412424186,17822400
2019-06-04,107.7424087524414,108.42541800585374,107.4297149490086,108.12094869108691,14250000
2019-06-05,107.13348388671875,107.75888413040295,107.07587478924202,107.4050427252386,8815200
2019-06-06,107.47909545898438,108.28553488825744,107.24045970416405,107.77534030841746,9621100
2019-06-07,108.40898132324219,108.68054015767157,108.16210851408161,108.4501163277084,11378500
2019-06-10,107.38858795166016,107.5531656517856,107.24047178848936,107.53670411483097,8288700
2019-06-11,107.45439147949219,107.60250760122317,107.24044178483517,107.32272433364011,5115100
2019-06-12,107.53667449951172,107.59428358475074,107.22398072233052,107.29803878352054,5278700
2019-06-13,107.90702819824219,108.00577231485818,107.62723227370583,107.63546932107359,5560400
2019-06-14,108.17858123779297,108.38430650729119,107.8740993005333,107.88233634745657,5838800
2019-06-17,108.36783599853516,108.42543253985998,107.90701344204481,108.12096318428021,6046400
2019-06-18,108.91093444824219,109.33060936884272,108.58176656853232,109.2318652831651,10320700
2019-06-19,109.06729888916016,109.21542760650374,108.27732091823928,108.50773220613065,11962500
2019-06-20,109.35528564453125,109.86548011702467,109.1084128958678,109.37174717616736,10721500
2019-06-21,108.15389251708984,109.05908880802515,108.11275750461787,109.0426272691513,14495000
2019-06-24,108.9603271484375,109.05907125283561,108.68876830486961,108.75460189329272,6378800
2019-06-25,109.29771423339844,109.51988845742504,109.21541911277731,109.27301565203412,9604600
2019-06-26,108.59823608398438,109.19895024346224,108.52417801428264,109.18248870914908,12766800
2019-06-27,109.3635482788086,109.51990149271475,108.61471784050781,108.87803965618609,9724200
2019-06-28,109.28948211669922,109.51166890721952,108.99323724816317,109.10021839850128,8149200
2019-07-01,109.03385925292969,109.45435733950146,108.49791699789958,109.30595069051122,14131200
2019-07-02,109.8748779296875,109.98206891886734,109.21527591317104,109.30597307760736,10494300
2019-07-03,110.65817260742188,110.72412274137065,110.08100199600753,110.08925519857723,5380300
2019-07-05,109.1905288696289,109.2894792369736,108.56390192158857,109.28122603405204,12180100
2019-07-08,109.33893585205078,109.84189051080926,109.33893585205078,109.70172446900452,6490000
2019-07-09,109.29774475097656,109.42142959305072,108.96794366765522,109.39668255975198,6215700
2019-07-10,108.69580078125,109.19875537351487,108.43194997431155,109.12455205197553,9470000
2019-07-11,107.2447280883789,108.34957574582765,106.98911773678373,108.26711917033151,14126800
2019-07-12,107.36837005615234,107.55800502892349,106.92312480395495,107.12101298060973,6992000
2019-07-15,107.98670959472656,108.05267229165432,107.55795835524516,107.55795835524516,6055500
2019-07-16,107.66515350341797,107.68164732356676,107.15395830869186,107.32709938640943,6172700
2019-07-17,108.82775115966797,108.85248560585741,108.0527049627941,108.06094558448996,9662200
2019-07-18,108.83597564697266,109.09982647534784,108.20934880123153,108.39898372093872,5724900
2019-07-19,108.58039093017578,108.77826649388425,108.43197167629299,108.49793439122962,5804800
2019-07-22,108.78651428222656,109.24000006165795,108.62161379364265,109.22350623846931,5204100
2019-07-23,108.19285583496094,108.62160714391194,107.98672709157488,108.50617555085975,8108900
2019-07-24,108.662841796875,108.75353896304179,108.39900350145489,108.50619449267988,6389700
2019-07-25,108.14342498779297,108.3495538036826,107.60748251781729,108.21762834204816,8893100
2019-07-26,108.39900970458984,108.65460739265855,108.21761536187597,108.58864466975324,6188400
2019-07-29,108.43199157714844,108.79478028533295,108.3412944001023,108.6876018623539,6231800
2019-07-30,108.69580078125,108.91842332696696,108.36598727257693,108.83596680452396,5678500
2019-07-31,109.56978607177734,109.93257464576614,108.55563625347165,108.58861131424376,15798700
2019-08-01,111.74588012695312,111.8532844640866,110.09356777052602,110.2009721076595,26664800
2019-08-02,112.77859497070312,112.77859497070312,111.86156094909671,112.07636966073564,15143100
2019-08-05,114.72830200195312,114.74482865488699,113.72866010695026,114.12521153436464,18543000
2019-08-06,115.64535522460938,115.64535522460938,114.08392032347093,114.17479802062269,12747400
2019-08-07,115.68666076660156,118.18991324078182,115.48012170037451,117.64464708046782,32582000
2019-08-08,115.93451690673828,116.01712497434471,113.99304452888586,114.95138887736385,14746000
2019-08-09,115.70323944091797,116.94247439543088,115.5545246911785,116.21545252148202,10626000
2019-08-12,118.11559295654297,118.49561787790829,116.90939894901307,117.08289735652154,14094300
2019-08-13,117.71076965332031,118.8921799539671,117.27290773517669,118.80955926497323,15974900
2019-08-14,120.3626708984375,120.39571159207664,119.55304153980599,119.92480922241249,15068900
2019-08-15,121.70108795166016,122.76683668552653,120.27184101877984,120.57751482941588,23588700
2019-08-16,120.72627258300781,121.04020353076461,119.66052346903535,120.66843556785669,17150500
2019-08-19,118.99952697753906,119.51175236563536,118.56166522403485,118.61124518247708,13614700
2019-08-20,120.23054504394531,120.30489609766144,119.66049508649469,120.02400593508041,7451500
2019-08-21,119.42913055419922,120.44529908495635,119.20606486486246,119.56131856315007,9372000
2019-08-22,118.63597869873047,119.54474252099456,118.53683142990849,118.96643597843791,13878800
2019-08-23,120.58575439453125,120.84186077808857,118.49556778602131,118.56993141845902,16191800
2019-08-26,120.09832000732422,120.85838218116606,120.03222600010194,120.51139809785627,12174500
2019-08-27,121.94892883300781,122.03980652793284,121.01536820388206,121.13929920940403,11332300
2019-08-28,122.10592651367188,123.0146910500627,121.99026511427132,122.91555630947568,10095900
2019-08-29,121.64327239990234,121.7258804758925,120.72623829523218,121.6515294256575,8884900
2019-08-30,121.67627716064453,121.84150586995533,120.91621501290088,121.12275405107499,13550800
2019-09-03,121.83358001708984,123.04189451783073,121.30390531229088,121.7342573278868,15660800
2019-09-04,122.01559448242188,122.1728437667807,121.22936068906363,121.27074407364795,7962200
2019-09-05,119.80590057373047,120.6666298156265,119.08587741495317,120.55076387480669,19382900
2019-09-06,120.65831756591797,120.85695025914349,120.07071636967007,120.21968141826109,9466400
2019-09-09,118.51475524902344,119.17685139356328,118.50648362502386,119.03615801496902,15862700
2019-09-10,116.43753814697266,118.58933662526688,116.41271062584018,118.21691117983559,13851400
2019-09-11,116.23049926757812,116.81810009259145,116.18911590407997,116.1973875254078,10941700
2019-09-12,115.46922302246094,117.35619033521593,115.08851333059746,117.10790250386528,19163300
2019-09-13,113.00287628173828,114.79881718522215,113.00287628173828,114.442935130002,18922200
2019-09-16,114.44291687011719,114.68293295408527,113.59047207899789,114.11187500832938,10971600
2019-09-17,115.06367492675781,115.53542302454707,114.22778568966686,114.50917264530827,9081200
2019-09-18,115.55193328857422,116.41266242627037,115.47745075601557,115.80849265301325,10984600
2019-09-19,115.89952850341797,116.68577509115124,115.84160185552312,116.49541400757444,13176200
2019-09-20,117.43058776855469,117.50507027543308,116.23054552014298,116.50366067379825,11519800
2019-09-23,117.40580749511719,118.48171266486949,117.2733856773299,117.72030615525206,15246700
2019-09-24,118.82096862792969,119.05270035791115,117.86092995890239,117.86920158196168,12421600
2019-09-25,117.0830307006836,118.80447635093793,116.80991545233933,118.56446024098133,14147100
2019-09-26,117.836181640625,118.34102881197775,117.43891615506043,117.74514321207153,9636500
2019-09-27,118.12586212158203,118.33276653140749,117.63757074522029,117.78654848708497,10386900
2019-09-30,118.41546630859375,118.4237379340645,117.38921647060717,117.42232822936187,8006900
2019-10-01,118.77200317382812,119.31090372117856,117.01438711601737,117.11387099837057,16613700
2019-10-02,119.06214904785156,119.60933555336105,118.75539872682705,118.93779422866355,12891500
2019-10-03,120.14830017089844,120.77009996572816,119.31923377779214,119.36897573729064,13470500
2019-10-04,121.035400390625,121.06855747821925,120.38043089306503,120.50479843527756,11516200
2019-10-07,120.03217315673828,120.65397264994581,119.97414511565465,120.34722228147055,11013900
2019-10-08,120.35551452636719,120.98560015742852,119.89952567798031,120.89441503829485,14529700
2019-10-09,119.67570495605469,119.8912576029176,119.21971603908923,119.88297149553483,8608800
2019-10-10,117.8931884765625,118.70566965442806,117.50352642532675,118.65592771606501,15054200
2019-10-11,116.43395233154297,116.98113855766645,115.82873810294043,116.88164210257649,26294000
2019-10-14,117.27960205078125,117.32104520212104,116.96455313717735,117.29617425110332,5936900
2019-10-15,115.8619613647461,116.85683793043518,115.69615071222157,116.62470048679246,11832300
2019-10-16,116.00287628173828,116.1189449787754,115.53031539042254,115.77073888766402,7729500
2019-10-17,115.72102355957031,116.384278830997,115.48888611215229,115.67128162805818,6219300
2019-10-18,115.72102355957031,116.25991135167457,115.61324094093263,115.91170518054754,6456100
2019-10-21,114.85050964355469,115.23188556207522,114.60178731847981,114.88367936718757,8038000
2019-10-22,115.52204132080078,115.67956586841136,114.94169771161067,115.55521104163559,6683300
2019-10-23,115.63816833496094,116.3262949079307,115.53868442339123,116.09415734723588,5995400
2019-10-24,115.40599060058594,116.26822636920029,115.26505089140826,115.80393875888433,6161700
2019-10-25,114.84220123291016,115.69613801773005,114.66809184401092,115.67955315913476,5669800
2019-10-28,113.79759216308594,114.06289934965174,113.57375345628185,114.06289934965174,11402100
2019-10-29,113.87222290039062,114.19555814214951,113.72298443851695,114.09606161738589,5296600
2019-10-30,115.53858184814453,115.61319471558043,114.22037058796188,114.22037058796188,10914100
2019-10-31,117.09736633300781,117.46214499557482,116.42581178810164,116.46726764651093,15834100
2019-11-01,116.73675537109375,117.32642441995665,116.09725763382679,116.87794087910737,11425500
2019-11-04,115.20037078857422,115.55748500736705,115.05087197952173,115.41629943208063,11124300
2019-11-05,113.90479278564453,114.14564852523957,113.55597903039074,113.96293474782816,13493000
2019-11-06,114.59410095214844,114.95122788496613,114.06257350659388,114.62732854584092,9351900
2019-11-07,112.51786041259766,113.24871566569222,111.66243331982491,113.2404151005865,19209800
2019-11-08,112.04441833496094,112.90814555795369,111.9364476798573,112.2437331780912,10222900
2019-11-11,112.11918640136719,112.44308576628876,111.82020139739228,112.43478520351152,4577000
2019-11-12,112.63407897949219,112.90814957114996,111.94475221973707,112.351707826613,5772900
2019-11-13,113.36495971679688,113.74700105443064,113.09088906270176,113.62241657205172,6672400
2019-11-14,114.53597259521484,114.9761431705835,114.33664504929519,114.44461572074509,10213300
2019-11-15,114.41142272949219,114.7436354064997,114.13735202319268,114.17888019189586,4657600
2019-11-18,114.61903381347656,115.1173464183926,114.55259128798002,114.78514646352588,5943900
2019-11-19,115.57415008544922,115.64059262199783,114.91803795741792,114.91803795741792,7893100
2019-11-20,116.77006530761719,116.77006530761719,116.08073839573682,116.19700964155909,7905500
2019-11-21,116.03924560546875,116.3382307105198,115.54093287284394,115.97280306294417,5980900
2019-11-22,116.18869018554688,116.50428898128925,116.00597642723442,116.3548028186416,4664800
2019-11-25,116.52923583984375,116.71194964911213,116.42126513274384,116.52093527491999,4157300
2019-11-26,117.21025848388672,117.35974468330295,117.05245904720216,117.10228778034092,4281100
2019-11-27,116.86972045898438,117.02751986220387,116.62056417351229,116.7700630138416,4095700
2019-11-29,116.62056732177734,116.8364960162876,116.08903981230826,116.78666729237102,6251100
2019-12-02,115.06568145751953,115.36518052690299,114.76618238813609,114.92425310453343,17702200
2019-12-03,117.478271484375,117.94415592663248,116.41337643784496,116.50489036003118,13062400
2019-12-04,116.30524444580078,116.88760005666927,115.81440276624022,116.75448657578498,8586300
2019-12-05,115.7395248413086,116.00575181766536,115.30692504633025,115.35683943079691,7273800
2019-12-06,115.09890747070312,115.73949214962079,114.69125228870315,114.8326805695446,7931100
2019-12-09,115.34844207763672,115.73113995088327,115.28189806823086,115.63131124238124,4016900
2019-12-10,115.35682678222656,115.93086752945297,115.14884174015319,115.78942652977149,4947600
2019-12-11,116.26367950439453,116.58813577663064,115.83106690994505,115.88930883556887,6256700
2019-12-12,114.35022735595703,115.87268010305837,113.65140033268591,115.79780849936621,14857000
2019-12-13,115.67304229736328,116.14725464278878,114.16723149282392,114.90765829097235,11335100
2019-12-16,114.63304138183594,115.19045252001901,114.33354238426925,115.14052544175725,9156600
2019-12-17,114.4749984741211,115.09062621535256,114.15054224189298,114.98248260087816,6179700
2019-12-18,113.53492736816406,114.35022554909777,113.37685663326354,114.22543954491593,6244700
2019-12-19,113.7165756225586,114.04155103612209,113.12494719544787,113.3249369556083,6591100
2019-12-20,113.86653137207031,113.89986934820625,113.26657494874821,113.43323940000295,5455700
2019-12-23,113.69988250732422,114.13318720504833,113.32491291195517,113.99986072656202,5175000
2019-12-24,114.02486419677734,114.20818493621859,113.2332588481248,113.25825597489283,4667400
2019-12-26,114.2998275756836,114.34149368540488,113.74986544267031,114.08318160572907,5290200
2019-12-27,114.42485809326172,114.68317024560233,114.39984824862428,114.52484661295095,7300500
2019-12-30,114.00820922851562,114.07485975751847,113.04161126669693,113.23326014568582,7979700
2019-12-31,112.89160919189453,113.70822434366066,112.80828967815363,113.49990648723902,10707400
2020-01-02,114.16653442382812,114.59983920488546,113.88322513859326,113.9832136593314,11034100
2020-01-03,115.92472076416016,115.95805874260346,114.89147229725845,115.21644765615711,12366000
2020-01-06,115.26644897460938,116.41636772183597,115.11645349184697,116.39969873159255,11369800
2020-01-07,114.69979858398438,115.38308720799996,114.69147044761054,115.17476936624576,8381200
2020-01-08,113.94158172607422,115.2498117395752,113.59160912281821,114.9331644112741,10621700
2020-01-09,114.34149169921875,114.52481240703878,113.24990830292488,113.32489967029362,7411500
2020-01-10,115.35811614990234,115.3831132793841,114.6831682244648,114.71649349220219,8776000
2020-01-13,115.00809478759766,115.06641716005191,114.48312986196183,114.89143732797963,5966900
2020-01-14,115.5997543334961,115.6747584334297,115.10812718855068,115.14145245485446,13920300
2020-01-15,116.36632537841797,116.45798572482288,115.84137313510833,116.25800876154693,6290500
2020-01-16,115.99971008300781,116.26635030302448,115.60807153182031,116.04136347868635,6798600
2020-01-17,115.00809478759766,115.10808326306753,114.45813274309435,114.64145342459545,9693100
2020-01-21,116.21636199951172,116.36634474693246,115.63307456835486,115.66639982954423,6794900
2020-01-22,116.62464141845703,116.77462412968862,116.31632243196545,116.42465175543892,6317000
2020-01-23,117.44125366210938,117.80789505162278,117.30792720870261,117.36626230008447,9747400
2020-01-24,118.39117431640625,118.78281279988089,117.74122379376952,117.84121226964916,8585000
2020-01-27,120.23269653320312,120.23269653320312,119.57441787595404,119.94938737513185,10935200
2020-01-28,119.29110717773438,120.06604328504947,119.00779802332087,119.93271684248685,10612900
2020-01-29,120.45770263671875,120.57436011549851,119.51610195568182,119.52444280648068,9566800
2020-01-30,120.47433471679688,121.38259714581915,120.23267898246873,120.74097485173299,14711800
2020-01-31,121.5742416381836,121.64924569618745,120.89929411909951,120.96595732915448,14538100
2020-02-03,121.47579956054688,121.65942485546267,120.29058985253201,120.98335569501671,15309000
2020-02-04,119.83989715576172,120.30730242789926,119.40587251627466,120.18210913566188,11388300
2020-02-05,118.52947235107422,119.10538692374114,118.43765969839055,118.7715296789846,10782600
2020-02-06,119.06363677978516,119.25561677069497,118.52111564055362,118.67134756126293,6683100
2020-02-07,120.54933166503906,120.80808566239601,120.08192645250767,120.37406107825822,11374800
2020-02-10,120.88319396972656,121.23374785691611,120.75798796554999,121.10855458857559,6699300
2020-02-11,120.27388763427734,120.7913700763311,120.14033966992965,120.68286076331924,7784100
2020-02-12,119.66455078125,119.81479538863671,119.34739036269008,119.66455078125,5595500
2020-02-13,120.1236801147461,120.35738275666313,119.58115885368987,119.72304883372244,7883400
2020-02-14,120.64954376220703,121.09191048352629,120.56607305651444,120.82481441398326,7137400
2020-02-18,121.47579956054688,121.90148216959567,120.95831703987699,121.30887094766983,6909200
2020-02-19,121.46746826171875,121.54258423373892,121.00840498408787,121.1252562969541,5707700
2020-02-20,122.41898345947266,122.64434412611907,121.85976551588533,121.92653951844126,9332900
2020-02-21,123.5624008178711,124.26352115229304,123.23688566596667,123.36209163875013,13860300
2020-02-24,125.40705871582031,125.99967005461944,125.19839472461263,125.89116070372287,15929300
2020-02-25,126.07475280761719,126.66735125439659,125.3152130231979,125.37364503853905,20802900
2020-02-26,125.40705871582031,126.63400400298868,124.84784074768443,125.15665937920323,22589500
2020-02-27,126.76750946044922,127.76909373486491,125.89111844439736,127.45192049922984,30687900
2020-02-28,129.63035583496094,130.18957354415178,128.67050701419805,128.91255152815128,44935200
2020-03-02,128.6766357421875,130.81650756318115,128.52616922887026,129.81344424142063,28152400
2020-03-03,130.67446899414062,133.49140955125281,127.35599016509211,128.56802610851543,38608000
2020-03-04,129.2868194580078,131.5270063467692,128.88559671473752,130.7412694399941,23463700
2020-03-05,132.5049591064453,132.75572803802226,131.0755851247031,131.34307538628858,17786200
2020-03-06,139.40110778808594,141.54097998608464,137.17764165077864,139.8441276062039,76288300
2020-03-09,143.17930603027344,150.20912992688258,142.3852146699394,149.70760458308177,41552800
2020-03-10,135.84022521972656,144.5501811972288,135.4390023415197,141.8001138532731,37728300
2020-03-11,130.8416290283203,139.61845848919853,130.0893344621037,138.28103175520607,29519300
2020-03-12,131.65240478515625,139.05837549468473,130.11437340306622,136.67608878242947,24361800
2020-03-13,128.6766357421875,132.23751499856203,127.21383134451615,129.56267522231997,19812900
2020-03-16,137.01048278808594,138.8828648062389,131.91155799655323,134.05979749623623,30496700
2020-03-17,127.87418365478516,138.44817789673263,127.64850300579009,136.66773180458176,18570900
2020-03-18,120.66049194335938,128.843833516479,116.19683833064974,127.7571760788584,47061000
2020-03-19,123.94551086425781,128.26705166202234,121.41277044269218,122.83377794169532,21175300
2020-03-20,133.265625,133.265625,127.14693113805946,128.14163995315695,20863100
2020-03-23,138.75747680664062,139.33424185338734,130.87505518015564,131.65242528340903,19971800
2020-03-24,136.17453002929688,138.29768013820055,134.08480983151617,134.78695275685692,11948600
2020-03-25,135.8653106689453,139.32588853579463,135.09629478238395,136.7429961415864,10750600
2020-03-26,136.53399658203125,138.48997221055166,135.6396027025189,137.08568594022225,10576200
2020-03-27,140.17849731445312,140.63823853518534,137.57888359865404,138.35626652728237,12550000
2020-03-30,139.0249786376953,142.19299037674298,138.70733693261624,140.6800342630071,13473200
2020-03-31,137.8965301513672,139.52651021427943,137.55381279708533,138.50672519960682,11464800
2020-04-01,139.8284149169922,141.43564938185207,139.29267435305974,141.03383437910583,11334700
2020-04-02,140.71580505371094,141.65334823544177,140.01263489434493,141.3268813937271,5771200
2020-04-03,141.05062866210938,142.58251536076264,140.74927369232404,141.0924860026759,6570800
2020-04-06,140.68235778808594,140.85815357582456,139.4016018746549,139.7950380334811,9434800
2020-04-07,139.20907592773438,139.30952336653755,137.04100021975162,138.0873702841918,13811400
2020-04-08,138.1961212158203,139.1169315628534,137.39251652483347,138.21286670569353,10147100
2020-04-09,138.44728088378906,138.7821141115703,137.0995560664059,137.5181039876669,14259100
2020-04-13,137.18328857421875,138.71517569772988,137.18328857421875,137.91155796440236,8750300
2020-04-14,137.14981079101562,137.90320488351406,136.8484557086306,137.14981079101562,9019100
2020-04-15,140.7827911376953,141.13438267799077,139.5773836956688,139.6276074091194,10027800
2020-04-16,142.38162231445312,142.57416354608728,141.4859364456803,141.6868312639861,8265400
2020-04-17,140.4730682373047,143.00946792430486,140.0210420479584,142.15563925853183,8612100
2020-04-20,141.60316467285156,141.71197846889,140.59865201152368,141.00045452144053,6462600
2020-04-21,143.3861541748047,144.1060571752112,142.95923985492772,143.92189505140465,7850700
2020-04-22,141.9212188720703,142.63275542413353,141.22644058583677,142.28117671455934,6230200
2020-04-23,142.67465209960938,143.08482098731338,141.97986084877917,142.19750122239617,5968600
2020-04-24,143.00946044921875,143.00946044921875,141.94635785313557,141.97983606897523,6211800
2020-04-27,140.3474578857422,142.09698470553522,140.163295823336,142.0216491635688,9039500
2020-04-28,141.963134765625,142.1807879420792,141.0088456537664,141.09256037902935,9905400
2020-04-29,141.22647094726562,142.52395952115663,140.59864895096823,141.9128830212204,8619600
2020-04-30,139.57736206054688,141.66172248408563,139.55225020771402,141.25155370576988,11606100
2020-05-01,140.7726593017578,140.90677148647012,139.5070091313452,140.39547997319104,10209400
2020-05-04,140.11044311523438,140.54628835048507,139.54047296120692,140.44571064844823,8300900
2020-05-05,139.21363830566406,139.36451770868626,138.5263357508611,138.777792896137,7831800
2020-05-06,136.96728515625,137.1600633809155,135.8273574453623,136.81640578808316,14721500
2020-05-07,139.2554931640625,139.44827135463515,136.9085820814463,137.0929830601285,9164800
2020-05-08,137.445068359375,138.63528515707003,137.1936112241682,137.87254932611896,8129800
2020-05-11,136.3722381591797,137.64627865417094,135.869336524852,137.17689867960706,8713500
2020-05-12,137.77195739746094,138.24133722393265,136.7326200073139,136.7577644416148,10057300
2020-05-13,138.73585510253906,139.38124587993104,138.15750761425747,138.37543027796445,13305600
2020-05-14,140.09375,140.9403092823905,140.01831668357423,140.2446294224949,10080000
2020-05-15,139.73330688476562,141.2252696084484,139.41479367758373,141.06601300485747,7225600
2020-05-18,136.66552734375,138.35026793923208,136.13746878547218,138.2413002266636,10073100
2020-05-19,137.1768341064453,137.2103557504295,136.18777294878436,136.22130738240762,8639100
2020-05-20,137.5875701904297,138.04857284837922,136.52308825892354,136.766155411492,10927300
2020-05-21,137.93124389648438,138.60179213230728,137.70493114909482,138.18270108362344,8920000
2020-05-22,138.7610321044922,138.86998706710085,137.97313898129187,138.06533951250984,4956700
2020-05-26,136.9002685546875,137.28582511519127,136.6068997367735,137.21878180960644,8098900
2020-05-27,136.6488494873047,137.38645395077728,136.2800472555684,136.4476811455451,8047400
2020-05-28,136.14585876464844,136.26321649050394,135.5004680102762,135.7519250992087,10272600
2020-05-29,137.1181640625,137.53725498227507,136.0788267668273,136.38057274065096,14632700
2020-06-01,136.19497680664062,136.32926134702691,135.68302820173673,136.04391630326504,13341400
2020-06-02,135.69979858398438,136.03549708338556,135.33052255099696,135.68300981719125,11517100
2020-06-03,133.89540100097656,134.55842291001474,133.39185318768628,134.4325263521333,12255700
2020-06-04,131.95672607421875,133.45060648962718,131.92316133945795,133.37507623185567,14038600
2020-06-05,131.01678466796875,131.05875019893588,128.54097201389217,129.7578955754469,17778500
2020-06-08,131.52032470703125,131.63782049157913,130.127151257335,130.14394002829326,10346700
2020-06-09,133.01422119140625,133.9793643374347,132.85475986329612,133.48420438620556,9095300
2020-06-10,134.98641967773438,135.03677317069867,133.4841516446349,133.6436129097395,13135500
2020-06-11,137.5377960205078,137.8315290445303,136.48872206454487,137.00905864875736,17086400
2020-06-12,136.2117462158203,137.35313903471933,136.00193145356738,136.30406522345467,9716100
2020-06-15,136.28729248046875,137.82313825746334,136.07747769354728,137.5461812019976,7759800
2020-06-16,134.19747924804688,135.31369500749443,133.19037123237237,133.78625062503733,13698900
2020-06-17,134.75144958496094,134.9276996444183,133.72755237840315,134.50807006160213,7113900
2020-06-18,136.17816162109375,136.36279962678827,135.6326483899538,135.99352361539923,7691400
2020-06-19,136.28729248046875,136.37961149895733,135.04519252759556,135.12072277742848,8565500
2020-06-22,136.3040771484375,137.15172425191074,136.01873212026766,136.95869823945205,9319700
2020-06-23,135.37246704101562,136.01029921325053,135.22139377549362,135.52352750046276,9088600
2020-06-24,136.82444763183594,136.87480114269476,135.55717065292467,135.56555863604078,11436500
2020-06-25,137.21885681152344,137.93223213756156,137.13492578278587,137.81473638097518,10968000
2020-06-26,138.68760681152344,138.74636111261376,137.78959316512888,137.8483474662192,12119300
2020-06-29,138.2511444091797,138.7043514829519,137.95741141536467,138.35186420672753,7274400
2020-06-30,137.57972717285156,138.72111997030711,137.20206316910685,138.6707664772847,14841700
2020-07-01,137.3125457763672,137.43017931458257,136.24543329471,136.79999689819428,13181000
2020-07-02,137.45542907714844,137.58147329296358,136.32110806140102,136.70761288593192,7599800
2020-07-06,136.89244079589844,136.97647025672956,135.90935764543357,136.39670031184357,7972700
2020-07-07,138.81663513183594,138.92585806916225,137.12773748092403,137.3125920777512,12791900
2020-07-08,138.26197814941406,138.57286393403405,137.65700220776614,138.0687258633873,7253900
2020-07-09,140.4635009765625,140.69876812521352,138.30408190049468,138.3544944579059,13373100
2020-07-10,139.7576904296875,141.33735217156186,139.614850585958,141.1188806755426,8478000
2020-07-13,140.2198028564453,140.2870238574665,138.83339374993648,139.0602630257461,8054000
2020-07-14,140.4214324951172,141.2784841063841,140.30379896581334,141.10202740188177,11344600
2020-07-15,139.76611328125,140.27866237518435,139.33759367331126,139.4132125180476,7840300
2020-07-16,140.42990112304688,140.96765645351647,140.35426946354613,140.6567576382539,9107400
2020-07-17,140.13583374023438,140.65678069609157,139.87536026230575,140.54755774086055,8549900
2020-07-20,140.48028564453125,140.8415841255213,140.15259125575818,140.74915684555478,6907200
2020-07-21,140.5643310546875,140.9256424307224,140.38788709751805,140.57274169528503,8454400
2020-07-22,140.98439025878906,141.54736444291245,140.90037363777878,141.37930555870636,6592100
2020-07-23,142.6312713623047,142.74050707198867,141.56415899696353,141.9338680256545,10471800
2020-07-24,142.62286376953125,142.77410136848664,141.8918435779714,142.00947709530064,7520700
2020-07-27,142.09352111816406,143.09341252865627,141.9926960418432,143.05139780649156,6146400
2020-07-28,143.07664489746094,143.12705745000483,142.3624328801646,142.45486016686064,8520700
2020-07-29,142.83291625976562,143.16900834091606,141.98426260006053,142.88332878982908,6733700
2020-07-30,143.77407836914062,143.90010977672122,143.4715901698478,143.7236658061084,9376100
2020-07-31,143.6815643310547,144.06808178281622,142.79090873219008,142.96735259629403,8886000
2020-08-03,142.95822143554688,142.99187574873875,142.1338704573819,142.36099214766807,9066200
2020-08-04,144.32093811035156,144.3293452709329,143.60593156478978,143.69846167262295,9878900
2020-08-05,143.0591278076172,143.47129675302276,142.73947610680816,143.0507078142133,6954100
2020-08-06,143.85826110839844,144.89290642540257,143.5217822166461,144.16108569329688,9481800
2020-08-07,142.89930725097656,144.26201135588727,142.6469513112711,144.07695118912702,8176900
2020-08-10,142.25994873046875,143.21048350657665,142.21790011959956,143.18524920591463,6408500
2020-08-11,140.56924438476562,140.88889610545485,139.53459912484607,140.61971300690465,19234200
2020-08-12,139.2906951904297,139.6944699682747,138.7859959711645,139.3832253059324,11744800
2020-08-13,137.8018341064453,139.2823032812468,137.25506051483273,139.05518154825813,12744700
2020-08-14,137.26341247558594,138.0793561184058,137.24659815795036,137.7933586943172,6398100
2020-08-17,137.6083221435547,138.34015581777484,137.47373056722006,137.9279739285097,6901500
2020-08-18,138.5924072265625,138.6849372696148,138.0288198135533,138.25594134383633,8140600
2020-08-19,137.7260284423828,139.30744670854418,137.3643281734033,139.10555942924046,12497700
2020-08-20,138.97103881835938,139.341146398713,138.73549714306654,139.12244471459144,10319900
2020-08-21,139.80377197265625,139.91312921288358,138.80276816387115,139.44207161706868,6836000
2020-08-24,139.57666015625,140.4514924689217,139.51778437030814,139.9047319000202,6490600
2020-08-25,138.5083465576172,138.87004686874167,137.81016740844694,138.24758348022877,10518300
2020-08-26,137.97842407226562,138.23078003523864,137.34754058251178,137.99525122589247,8276600
2020-08-27,135.63148498535156,138.6429024255278,135.56418923505495,138.59242098629136,19860100
2020-08-28,135.53057861328125,136.3128807316222,135.12681681675218,136.07735194736722,8415400
2020-08-31,136.43064880371094,137.3222953446347,135.9007026071649,135.93435691174113,11388100
2020-09-01,137.99118041992188,138.1680330638539,135.73426929427433,136.22270538004776,10587000
2020-09-02,139.3048553466797,139.4227527891865,137.67955397141748,137.69638728473453,15167700
2020-09-03,139.70062255859375,140.83750057301856,139.32166750373693,139.58272514486376,16416600
2020-09-04,137.04795837402344,138.6985225763226,136.80373398142788,138.45431103358462,13780300
2020-09-08,137.8900604248047,139.1700858914522,137.8900604248047,138.4205923926152,13790400
2020-09-09,137.51951599121094,138.31953508535625,137.0647596388474,138.05847744041085,9558900
2020-09-10,138.21847534179688,138.4037445332566,136.38262958547423,136.812123097428,8847700
2020-09-11,138.5132293701172,138.5890306666926,138.17638326256886,138.37006913191638,5458200
2020-09-14,138.5048065185547,139.0185051619904,138.30269115315457,138.77428082256674,4274900
2020-09-15,138.1680145263672,138.50486075073957,137.93220674947477,138.2522196575304,6928500
2020-09-16,137.7553253173828,138.85851114590136,137.25004328377838,138.76587653473575,8815200
2020-09-17,138.17637634277344,138.91745316209344,137.94058150932702,138.86691468362233,7813900
2020-09-18,137.74688720703125,138.31111144175722,137.5531885094007,138.2521563120817,7246300
2020-09-21,138.44580078125,139.28792855449325,138.22685218615277,138.85844801608522,11086900
2020-09-22,138.3363494873047,138.85004800454038,137.99949062772708,138.47950968393081,10524100
2020-09-23,138.52169799804688,138.5553774783717,137.67114013400206,138.36169155432125,6224800
2020-09-24,139.0521697998047,139.0521697998047,138.6311058041901,138.9174390870966,8278100
2020-09-25,139.0521697998047,139.30481076714412,138.7069070892893,139.04375314583962,5140300
2020-09-28,138.65638732910156,138.8669193553224,138.42059248772264,138.8416565401643,4470100
2020-09-29,138.8163604736328,139.15321934480974,138.58056568873496,138.78268101144113,10297600
2020-09-30,137.48583984375,138.1090193129395,136.88793604142435,138.1090193129395,12971000
2020-10-01,137.7126007080078,138.0329451038105,136.65042441169365,136.99604493734506,11523900
2020-10-02,137.19834899902344,137.97390801506904,136.71783247797788,137.92333003667866,8828800
2020-10-05,134.51759338378906,135.68092530456198,134.47544078696276,135.68092530456198,14726000
2020-10-06,135.24261474609375,136.06876480731557,133.76736331798972,134.31532156633133,22419400
2020-10-07,134.25624084472656,135.23412440878909,133.9190458255435,134.50914354069658,9429200
2020-10-08,134.9812774658203,135.09087168074632,134.59350431990956,134.8548324971909,8431500
2020-10-09,134.95596313476562,135.107709931802,133.87692339447645,134.47545948101526,8441500
2020-10-12,135.3859100341797,135.45333876683935,134.97283508341658,135.24258860356272,3962000
2020-10-13,136.35536193847656,136.42280353742063,135.87484536968876,135.9001472245663,7914300
2020-10-14,136.66726684570312,137.19836139311656,136.5408218883045,136.8443026492308,6954800
2020-10-15,136.43118286132812,137.56923855670834,136.26258535246282,137.4427807776853,9458800
2020-10-16,136.05191040039062,136.8359079012539,135.807445806978,136.2795242378248,8416300
2020-10-19,135.53761291503906,135.70621043438754,134.9222261809924,135.30157381531797,9286600
2020-10-20,134.247802734375,134.88847835530385,133.99490006239952,134.76203345089823,11189000
2020-10-21,133.78416442871094,134.34897316799749,133.5059727458088,133.86003137954816,10453700
2020-10-22,132.39324951171875,133.7251920305537,132.32580791875853,133.43856204468062,12664900
2020-10-23,133.2025909423828,133.37120144249593,132.14041425281616,132.19099225758,8783800
2020-10-26,134.44174194335938,134.89696950411016,134.04553060325634,134.21414102615324,7227300
2020-10-27,135.34378051757812,135.47022549184706,134.7958222816796,135.0740140882426,6062300
2020-10-28,135.4702606201172,136.11094962433796,135.04876011236126,136.04350799951607,11765800
2020-10-29,134.1551055908203,135.57977856332974,133.59029677188576,135.4954733639561,11932400
2020-10-30,132.83168029785156,134.3322211228299,132.83168029785156,134.06245461519669,13095400
2020-11-02,133.82659912109375,134.34138223499554,133.61562264616649,133.92786370842455,10810500
2020-11-03,133.05020141601562,133.3202445960741,132.52697102474596,133.21054559026044,16228700
2020-11-04,135.9363555908203,136.8562098750014,135.48063922162402,136.40894080555623,21570800
2020-11-05,136.17263793945312,136.49332625828504,135.5143924575205,136.4089305290197,18537500
2020-11-06,134.5270233154297,134.9574106269894,134.13038656915728,134.70423631790356,12408400
2020-11-09,131.69993591308594,131.77588434393323,130.49315681079958,131.62398748223865,23245000
2020-11-10,130.94044494628906,131.48897864059975,130.61975657774798,130.77166633857672,12561000
2020-11-11,131.4130096435547,131.59866994609268,130.78008030589706,130.8222781704703,5888200
2020-11-12,133.64938354492188,133.67469969371106,132.24850942964952,132.44260419602756,15999700
2020-11-13,133.47215270996094,133.7590776093098,133.26117624685477,133.64093130504958,7344600
2020-11-16,133.15142822265625,133.5733810343333,133.00796581192338,133.10923036609296,6310400
2020-11-17,134.02069091796875,134.31606312714823,133.8350305939671,133.98694034859656,7444600
2020-11-18,134.408935546875,134.66210996620006,133.6325434374011,134.55239804652916,10333300
2020-11-19,135.10079956054688,135.632464032669,134.88982323059025,134.99953504279912,10637200
2020-11-20,136.2991943359375,136.3245104748038,135.3540241463219,135.47217042002384,7246800
2020-11-23,135.6747589111328,135.86041924444018,135.26124037295142,135.71695678269947,11300000
2020-11-24,134.32449340820312,135.04181853581562,134.18946538091444,135.01650239032165,10891700
2020-11-25,133.91102600097656,134.94903987023744,133.8603936906685,134.39205870287594,9145800
2020-11-27,135.21060180664062,135.2527996762501,134.67050255579213,134.69581870216143,4708200
2020-11-30,135.04180908203125,135.47219640228002,134.8223853338028,135.05024350427828,13071600
2020-12-01,133.05068969726562,134.0982045296077,132.357975157303,133.9376968732695,13662800
2020-12-02,131.9947967529297,132.56923192114235,131.34432278529854,132.5270038982749,12114300
2020-12-03,133.05911254882812,133.3210008847961,132.27348621124995,132.57760254291762,9626500
2020-12-04,131.10772705078125,131.6061360736559,130.7444837293979,131.5216671778069,12734500
2020-12-07,132.2904052734375,132.52693880182554,131.9355920907449,132.07921370236886,9316100
2020-12-08,132.91552734375,133.5322160273201,132.79726057664672,133.10983287479252,7397200
2020-12-09,132.476318359375,132.898701703885,131.79204651357074,132.2482277441069,7750100
2020-12-10,133.6505584716797,133.71812847104687,132.4847761857646,132.83113366058257,10025100
2020-12-11,134.1235809326172,134.64733203824306,133.7434385853044,134.0222001872503,8135900
2020-12-14,133.7518310546875,134.05594739561135,132.7212152821183,133.0422305559015,7535900
2020-12-15,133.30409240722656,133.80250130979357,132.89015238011916,133.28719347609157,6847500
2020-12-16,132.94937133789062,133.38019766249332,132.11304776530446,132.27355548136683,9954200
2020-12-17,132.59754943847656,134.00132758497278,132.28465104455813,133.72226232185784,9422700
2020-12-18,132.20005798339844,133.08799032331575,132.07320313280732,132.8681137437132,6505000
2020-12-21,132.72439575195312,133.05419781847874,132.30157192801983,132.93580766391977,8988200
2020-12-22,133.4093780517578,133.46857958515218,132.83434380280698,133.2402510905111,7370800
2020-12-23,132.4876708984375,132.50458747147218,131.46444404221808,132.44538591763305,9266600
2020-12-24,133.01190185546875,133.130292000237,132.6398277601671,132.68209981621732,3117100
2020-12-28,133.07110595703125,133.14721114366532,132.0055946334795,132.2423749276021,7791100
2020-12-29,132.9019775390625,133.01190295067943,132.22545689043432,132.25082528569652,9030900
2020-12-30,133.18942260742188,133.21479098896776,132.49598576903108,132.61438875431344,9097300
2020-12-31,133.38394165039062,133.67992335934377,133.1471614446495,133.15562617571032,7742100
2021-01-04,133.22328186035156,133.76449566453604,132.3776344848411,132.48757277279506,13152900
2021-01-05,132.23390197753906,132.72437910019295,131.63349944887406,132.72437910019295,10458100
2021-01-06,129.5193328857422,130.10283153920022,128.78361102098725,130.0774631545762,22827300
2021-01-07,128.37777709960938,128.68221079208473,127.91266827727759,128.36086053237185,14651900
2021-01-08,127.96341705322266,128.50463106886778,127.40528647046237,128.09871087946397,13622500
2021-01-11,127.7519760131836,127.87036614888964,127.26149890709941,127.69277449355206,8370700
2021-01-12,127.65050506591797,127.82809674285966,126.78794088452433,127.51519835049179,12186300
2021-01-13,129.08804321289062,129.44322640108084,128.1747555687096,128.25086072179926,12533300
2021-01-14,127.87889099121094,129.07970959713893,127.51525564306662,129.02897278194774,14835500
2021-01-15,128.38619995117188,128.84284388913247,128.09021818709434,128.69908537341234,11624700
2021-01-19,128.80059814453125,128.84288310992218,128.12407740895566,128.2170991713918,9575600
2021-01-20,128.9274139404297,128.9443175986118,128.3608188024321,128.5299586127002,5368900
2021-01-21,128.02255249023438,128.32698605401706,127.77732043497687,128.06483743867312,8162700
2021-01-22,128.4369659423828,128.54689135966498,128.04796235571706,128.41159754581318,9507200
2021-01-25,129.9506378173828,129.96755437882192,129.07962200482584,129.18109556634917,8712600
2021-01-26,129.70542907714844,129.89147257578176,129.31642551539932,129.46864878862564,7690300
2021-01-27,130.0352325439453,130.65255166698074,129.83227247859918,130.28892939973846,7895200
2021-01-28,129.31643676757812,129.77309372343416,128.6737492004597,129.7223440255709,10667800
2021-01-29,128.5384063720703,128.95277824841813,127.9464557655416,128.04792932564496,14965900
2021-02-01,128.6874237060547,128.99221022630962,128.2556481850747,128.3995733587347,8165500
2021-02-02,127.8577651977539,127.9170224405975,127.43445119437499,127.62071038934316,9177500
2021-02-03,126.7232666015625,127.49370114408465,126.63861155684022,127.35823757030808,9633100
2021-02-04,126.38460540771484,126.56240294175902,125.97822765370574,126.28301419884154,8262600
2021-02-05,125.32628631591797,126.63010009299971,125.31782469033102,126.23218407570316,10258900
2021-02-08,125.87660217285156,126.36764779663231,125.33476095325103,125.55489242648835,11574800
2021-02-09,125.96973419189453,126.7147707278011,125.85968137164575,126.33379083321758,5218300
2021-02-10,126.80793762207031,126.80793762207031,126.26609623241795,126.38462363270072,8079800
2021-02-11,126.1137466430664,126.81643670465398,125.93594903087333,126.72330708274744,11962700
2021-02-12,124.54741668701172,125.36864668987069,124.47968491251133,125.04692399062262,14088400
2021-02-16,122.6510238647461,123.31986738074254,122.47323917615446,122.9473489037604,17789100
2021-02-17,123.42987060546875,123.92939086328899,122.74410410260766,123.56533416414935,11199100
2021-02-18,122.93036651611328,123.26902542176803,122.18534276070551,122.4308591636034,10755300
2021-02-19,121.29637908935547,122.18534094049626,120.94079693260238,121.96520942547092,12741700
2021-02-22,120.37355041503906,121.6943008102761,119.98410880960448,121.09318930817045,13203900
2021-02-23,120.02643585205078,120.6444705753576,119.49305616400302,119.8147788861291,12658500
2021-02-24,119.23905181884766,119.52690215970323,117.8167233686099,117.97758471159229,17363100
2021-02-25,117.29181671142578,118.46016727891435,115.65783116102524,118.12152130615733,52621700
2021-02-26,121.1694107055664,121.32181048266499,118.25700794654165,119.17984240250824,45423300
2021-03-01,119.56906127929688,119.86574284716663,118.74684280909544,119.23000771664373,22048000
2021-03-02,119.57746887207031,119.62832558024823,118.9162928635894,119.00953447326758,12482200
2021-03-03,118.2806167602539,118.79768177306758,117.61945335817248,118.14500311592464,19763700
2021-03-04,117.51773071289062,118.61967394164844,116.94133720083782,118.35690555032664,22366600
2021-03-05,117.74658203125,118.1110638290827,116.96674877941439,117.11931894574634,20598000
2021-03-08,116.83113861083984,117.73811379511028,116.83113861083984,117.67878525568315,15236600
2021-03-09,118.45011901855469,118.51793228632069,117.79742763360798,118.05172415421589,14463400
2021-03-10,118.6874771118164,118.79766237145999,118.06021398974406,118.50099383049924,12387600
2021-03-11,117.8313217163086,118.1449596802891,117.36512654233384,117.96694824483758,14150700
2021-03-12,115.33084106445312,115.66990760229648,114.9833027134384,115.61903792107054,20402700
2021-03-15,116.00894927978516,116.20390443521154,115.6275107812328,115.69532408182992,11366500
2021-03-16,115.54270935058594,116.22930104718583,115.06802931017421,116.14454414514718,15567900
2021-03-17,114.67808532714844,114.88152513637247,113.71176886793695,114.55941533861575,27107500
2021-03-18,113.51680755615234,113.98301567618924,112.898029288135,112.99974272012197,21615100
2021-03-19,114.22042083740234,114.28823414212093,113.41515886172539,113.65249896120774,18685000
2021-03-22,115.50032806396484,115.62748282211223,114.74592306157828,115.01717619837686,17047500
2021-03-23,116.54289245605469,116.58526442308732,115.40703660353985,115.78000303862927,16768400
2021-03-24,117.170166015625,117.21255092524548,116.08517958644484,116.1784212139865,13863000
2021-03-25,116.24627685546875,117.53470356003622,116.20389193039856,117.30583531190771,20782000
2021-03-26,115.83940124511719,116.33103788370946,115.46643462728427,115.63596138064591,8433300
2021-03-29,114.8560791015625,116.00040683449964,114.40682757596359,115.98345028615911,13968100
2021-03-30,115.45795440673828,115.71223805122796,114.44076809253455,114.68659286095625,15020800
2021-03-31,114.81373596191406,115.78005262392072,114.41534100236153,115.56814096177837,19271300
2021-04-01,116.71928405761719,116.81265321621676,115.69223626477088,115.90443772052001,14885900
2021-04-05,116.21000671386719,116.26093299025676,115.3866640409054,115.90443610378087,8243000
2021-04-06,116.99939727783203,117.11822958081599,116.29488685594514,116.42221550669558,9282400
2021-04-07,116.1845474243164,117.22009158437001,116.1845474243164,116.6683600177927,11052700
2021-04-08,117.14378356933594,117.19472284019092,116.59206451012402,116.61752766967166,7847900
2021-04-09,116.71928405761719,117.29647875216429,116.36278716616854,116.71080066201687,8717800
2021-04-12,116.66838073730469,116.73628677071613,116.37130641185014,116.67687708632585,7659000
2021-04-13,117.54266357421875,117.56812672074764,116.45619281647606,116.5410786060744,13232800
2021-04-14,117.1691665649414,117.33893811478558,116.77023968770992,117.16068316814953,7293200
2021-04-15,119.12993621826172,119.66467523118862,118.37449933965617,118.39996248542636,23896700
2021-04-16,118.20469665527344,118.6036364363467,117.92458917376992,118.0688975641575,15238400
2021-04-19,117.86518096923828,118.24714101177783,117.60205322774992,117.76332841169426,13886800
2021-04-20,118.40843963623047,118.62912453851315,117.50021097916895,117.51719072603747,11476500
2021-04-21,118.64610290527344,118.75645183100718,118.04345789184724,118.44238480047694,11902200
2021-04-22,119.16380310058594,119.16380310058594,118.15372248776839,118.83276947511787,14156400
2021-04-23,118.88373565673828,119.2317491354913,118.39992309630587,119.15535972359382,12302200
2021-04-26,118.71399688720703,119.26571555635623,118.70551349060877,118.96014490606193,9103500
2021-04-27,117.67845916748047,118.68005694703156,117.58508999270666,118.48482224866278,14137300
2021-04-28,117.75482940673828,117.89064144823179,117.10125824158041,117.68692338599153,15263700
2021-04-29,117.40682983398438,117.44077636876507,116.39674881358128,116.66835994707456,17178200
2021-04-30,117.67845916748047,117.75484859636326,117.11824411883755,117.56811024681562,15692000
2021-05-03,117.74900817871094,118.70955649936565,117.54499137315321,117.90201105482252,16447700
2021-05-04,118.54808044433594,119.14311336084269,118.29306263133454,118.5735809285616,18639700
2021-05-05,118.74359893798828,118.87961017966676,118.0890561868133,118.18256229412401,11127900
2021-05-06,118.93904876708984,119.16856600372373,118.32701144989254,118.36951656345283,21907600
2021-05-07,118.35254669189453,119.51712488601045,118.08053723253266,119.09209956702854,18346900
2021-05-10,117.15397644042969,118.36954253639102,117.04346571507233,118.11452476981226,15146200
2021-05-11,116.49092102050781,116.86494533575764,116.26141671221157,116.65243269943315,15158600
2021-05-12,115.2668685913086,116.28692673523973,115.06285177422515,116.17641600464333,20859400
2021-05-13,115.44538116455078,115.92140747163603,115.29237826759227,115.54738309585646,13073900
2021-05-14,116.52494812011719,116.52494812011719,115.7939040205702,116.05741765457947,17566700
2021-05-17,116.27839660644531,116.60141993157723,116.09139743850335,116.31240588842796,6113800
2021-05-18,115.9809341430664,116.09144489857763,115.66641949522177,115.9469248471802,11423100
2021-05-19,115.70038604736328,116.71194832236586,115.28385658979087,116.06590157423373,14296000
2021-05-20,116.65245819091797,116.87347968226904,116.17643185684615,116.25293330966238,13310500
2021-05-21,117.0264892578125,117.05198974353797,116.50795776348531,117.01799341948586,10171600
2021-05-24,117.46001434326172,117.80004244867708,117.2135053162383,117.29851558527862,6868700
2021-05-25,118.54808044433594,118.58207676638857,117.83402797378305,117.84253678235478,12346900
2021-05-26,118.34402465820312,118.93056154388057,118.05501061825035,118.65853917399055,9793700
2021-05-27,117.8680191040039,117.89351958430014,117.29848675948347,117.73200789526216,10695200
2021-05-28,117.68101501464844,118.41205909840035,117.59600476066235,117.80002158778277,10258000
2021-06-01,117.65461730957031,117.69717062963537,116.83738833158105,117.32262087869647,11778500
2021-06-02,117.92701721191406,118.14834383396574,117.74825689894527,117.94404633342998,7347900
2021-06-03,117.48435974121094,117.90999688495921,117.34816572716673,117.90999688495921,10994000
2021-06-04,119.09329986572266,119.09329986572266,117.9185498637533,117.9185498637533,15773700
2021-06-07,118.72722625732422,118.93153676309956,118.5995403095989,118.82937501550448,7799800
2021-06-08,119.56148529052734,119.74025862749079,119.35718775047349,119.74025862749079,11230900
2021-06-09,120.6170425415039,121.00862139639757,120.24247981810068,120.67662498054713,12768300
2021-06-10,121.34063720703125,121.35766633065693,119.75726643464408,119.88496537771354,19698300
2021-06-11,121.14491271972656,121.2215243330067,120.74481253114493,121.14491271972656,8646700
2021-06-14,120.21692657470703,120.96605192145674,120.03815330262844,120.96605192145674,9401300
2021-06-15,120.07220458984375,120.1062498357201,119.5869721575822,119.85938608223658,18207300
2021-06-16,119.97003173828125,120.59997913851731,119.3571264435179,120.37013153460002,19676300
2021-06-17,121.76626586914062,123.37517371991271,120.57448708687039,120.76176846542921,35225800
2021-06-18,124.05619049072266,124.32008342497117,122.68563845432944,122.8218454492364,26616900
2021-06-21,121.97909545898438,123.00063506685576,121.74926073768744,122.91550243639459,16485000
2021-06-22,122.27706909179688,122.31111435657304,120.98312821019502,121.02569453322879,14530200
2021-06-23,121.96204376220703,122.1578331678798,121.48533234522365,121.82583678895124,12040900
2021-06-24,122.15782165527344,122.49832606691064,122.01310663085711,122.08971817506387,8788400
2021-06-25,120.88947296142578,122.07274385876543,120.34465786458054,121.9535659622498,15562200
2021-06-28,122.13232421875,122.41324629500448,121.47683937415623,121.49386849710298,11460700
2021-06-29,122.3366470336914,122.3451551013133,121.76628176761933,121.81736914159933,11217900
2021-06-30,122.8814468383789,123.37517448738033,122.64309108044213,122.79631421508094,15708900
2021-07-01,122.88827514648438,123.00760845947573,122.34274957190169,122.72632000606276,10810000
2021-07-02,123.62982940673828,123.62982940673827,122.83711814654447,122.93940011396201,9650200
2021-07-06,125.0788803100586,125.29197639092914,124.20944465832807,124.20944465832807,20037200
2021-07-07,126.1870346069336,126.63027832552763,125.48808586449617,125.78642573412586,20964400
2021-07-08,126.681396484375,127.38035810711989,126.29782601142432,126.90302480688287,17487800
2021-07-09,124.89985656738281,125.29195902463175,124.86576692196373,125.18966407567288,14483600
2021-07-12,124.73790740966797,125.4965288681809,124.59300364864318,125.37719559402217,10610400
2021-07-13,123.78327178955078,125.69261765402999,123.28888724411364,125.14709212222945,23340200
2021-07-14,125.18972778320312,125.23234961642981,124.28620214676984,124.45667647331919,16038600
2021-07-15,126.57050323486328,126.6642659939264,125.32601688787506,126.11020859715424,18462400
2021-07-16,126.33187866210938,126.44267977313804,125.57325718036634,125.59029550123118,12787900
2021-07-19,129.10211181640625,129.51977173468907,128.3860992304139,128.66738756663406,40203900
2021-07-20,127.85762786865234,130.1675947349402,127.65305098177632,130.01415881819557,25674800
2021-07-21,126.23805236816406,126.57900070287275,125.01913670920723,126.30623163002959,19988900
2021-07-22,127.4315185546875,127.6957557429139,126.20408244879549,126.24670428704209,18136900
2021-07-23,126.57907104492188,126.71545565713461,126.05911609141927,126.10173790852981,12639300
2021-07-26,126.20397186279297,127.05635585538927,126.05054898717246,127.0052148968491,10737700
2021-07-27,127.55079650878906,127.59341832852706,126.99675187125501,127.2865594353081,13036500
2021-07-28,127.55931854248047,127.57636987203027,126.3830369306156,126.7239854834902,14346700
2021-07-29,126.85188293457031,127.19283157342393,126.6046841159981,126.81778026687083,11532000
2021-07-30,127.4485092163086,127.61898348177766,127.05640670001229,127.11607984642048,14342100
2021-08-02,128.58523559570312,129.06315036891533,127.31363069953422,127.54405854454757,21232700
2021-08-03,128.6535186767578,129.06315807508426,128.34628587246257,128.6535186767578,13361900
2021-08-04,128.91812133789062,129.56673137871113,127.77453724367332,129.29362967263805,18267900
2021-08-05,128.260986328125,128.79864719226,128.01349929259686,128.66209633435165,15345400
2021-08-06,126.11888122558594,126.95523232711535,126.0420762618363,126.57973705249331,21144300
2021-08-09,125.66649627685547,126.78447796323721,125.6494241761374,126.43457152060246,12942400
2021-08-10,125.08624267578125,125.93966586214356,125.07770010970683,125.87139044457005,13716900
2021-08-11,125.00940704345703,125.64947434286483,124.35228065871752,124.94967420039096,17227600
2021-08-12,124.8045883178711,124.97527031905143,124.11330472645749,124.67656705033437,14709400
2021-08-13,126.7760238647461,126.78455340908215,125.29106275135388,125.30813486223106,18653800
2021-08-16,127.083251953125,128.03055222687635,126.9979044241654,127.32220940756636,19170900
2021-08-17,127.03199005126953,127.56110802459112,126.87836717444155,127.05759169370776,14126900
2021-08-18,127.45874786376953,127.56115447080967,126.69065924435849,126.91255758921656,13144000
2021-08-19,128.39752197265625,128.40606453914245,127.85133162794564,128.27804324169472,15474300
2021-08-20,128.48289489746094,128.70478029246976,128.10738651959403,128.5170261035363,12388400
2021-08-23,128.39752197265625,128.44019573847217,127.94520870385864,128.1841661657817,10615000
2021-08-24,127.3990478515625,128.07325964979842,127.39904785156249,127.80868744937428,13835900
2021-08-25,126.34082794189453,127.47588292784626,125.94826036612844,127.33934504448172,16743800
2021-08-26,126.6906509399414,126.7930705624714,125.88843117816927,126.28101151642888,16657400
2021-08-27,127.55264282226562,127.57824447761737,126.58827039666593,126.79309666168508,15384700
2021-08-30,127.88544464111328,127.92810537431352,127.10028400388028,127.15150032368386,10596300
2021-08-31,127.01496124267578,128.09026965820223,126.73333005766106,127.73183351969342,15262400
2021-09-01,127.227783203125,127.65503749731762,126.88598498327744,127.5525006391166,10807100
2021-09-02,127.78318786621094,127.79174129551936,127.10813192781859,127.5268457622418,9765900
2021-09-03,126.62104034423828,126.90302966283053,126.41596668618035,126.6979560047726,12928000
2021-09-07,125.55290985107422,126.05707970407677,125.32220197668451,125.83489918075809,15547800
2021-09-08,126.40738677978516,126.6295672478253,125.94595810704615,126.17667896279559,14533700
2021-09-09,127.93700408935547,128.08226895883325,126.33907748633585,126.6125134057164,20324600
2021-09-10,126.80900573730469,127.46698067140314,126.6039321236967,127.23625981733437,14894600
2021-09-13,127.57808685302734,127.74044550993649,127.27900374411458,127.35590635883109,15036100
2021-09-14,129.12478637695312,129.5178660435546,127.81738935004732,127.94556041591431,19918400
2021-09-15,128.67181396484375,129.24433275022696,128.11637595125794,129.21015816787508,11940300
2021-09-16,128.08224487304688,128.56076742104995,127.74898716720463,127.89425200936545,13328900
2021-09-17,127.46698760986328,127.62934625531386,127.06536770967307,127.47552799797525,13782900
2021-09-20,129.04782104492188,129.3468910662427,128.37275232260146,128.66329499536124,14660400
2021-09-21,128.9367218017578,128.99654362509528,128.34710914889808,128.78291660819008,10035800
2021-09-22,129.7057647705078,129.7057647705078,128.55218678320026,128.8512567626841,22277800
2021-09-23,126.77483367919922,128.5607526400794,126.757739864804,128.53511843786654,23853300
2021-09-24,125.5357894897461,126.33902919883785,125.39052467578934,126.33047577293752,20203900
2021-09-27,125.07438659667969,125.50164078390755,124.65568583800473,124.80949108680049,13464300
2021-09-28,123.1260757446289,123.96350311641012,122.74154968631608,123.33116239381688,26613500
2021-09-29,123.33973693847656,124.27114794713849,122.7843117047366,123.73281653192129,23569400
2021-09-30,123.32262420654297,123.4849698047754,122.75009226385674,123.13463136778984,22567600
2021-10-01,124.36052703857422,124.40329627158452,123.37658662823027,123.93273026589983,26151800
2021-10-04,124.04393005371094,124.45462429407357,123.29101672368509,123.77869818305142,28027600
2021-10-05,122.84606170654297,123.80432182301055,122.74339470986857,123.7187703442202,22659200
2021-10-06,123.53907775878906,123.82142502687923,123.23106374408285,123.40217973996104,18696500
2021-10-07,122.24712371826172,122.64068916056696,121.99899445413205,122.51235544140486,14856000
2021-10-08,121.39156341552734,121.79369325077427,121.0921005832147,121.71667994325782,17257800
2021-10-11,121.0835952758789,121.40871192691931,121.0236974645721,121.15204432223496,7213400
2021-10-12,123.1540756225586,123.21396035211747,121.90490392463371,122.03325072565687,17968700
2021-10-13,124.3519515991211,124.51451644701427,123.70170526286861,123.72737202250225,23584600
2021-10-14,124.81397247314453,124.8824215134848,124.01826380259361,124.37761147289032,12946400
2021-10-15,124.08670043945312,124.18081622859839,123.60757026028382,124.06103368380606,11811500
2021-10-18,124.66852569580078,124.91664204868005,123.650367414909,124.06104860999046,12115900
2021-10-19,122.94873046875,123.82999035036659,122.905948201083,123.7701056198849,12156300
2021-10-20,122.11885833740234,122.93166956290544,121.93062672029794,122.56377061922377,12782500
2021-10-21,121.97332763671875,122.4781243388681,121.69098039942024,122.34979061978342,13660000
2021-10-22,123.3166732788086,123.5476740826656,122.52952896621959,122.73486301409248,13740000
2021-10-25,123.12837982177734,123.46206053720309,122.88881484943639,122.92303282178003,8137900
2021-10-26,124.14656066894531,124.1465606689453,122.9829535622553,123.73586659224463,13671000
2021-10-27,126.4053726196289,126.78182274619371,124.8567376113666,125.25886755062268,22092300
2021-10-28,125.97753143310547,126.91012476912623,125.63528636347777,126.44809718895748,17497600
2021-10-29,126.36260223388672,126.62783412191244,125.19044335248773,125.31877715142912,19087300
2021-11-01,125.4527587890625,125.7268907661828,124.81880816704147,124.90448176286648,18035500
2021-11-02,126.00959777832031,126.4208153513865,125.5041575507096,125.5041575507096,9836700
2021-11-03,124.70745849609375,126.77205637794832,124.67318382614597,126.63499691402669,20639400
2021-11-04,126.01817321777344,126.24090626630277,124.94731862915182,124.96444289076186,15922400
2021-11-05,127.90288543701172,128.14275583928153,126.90056702639355,127.23467316326627,21513000
2021-11-08,127.6629638671875,127.88569684517869,127.2260469673473,127.61156495472426,12083800
2021-11-09,129.32493591308594,130.01884739755906,129.05079094186354,129.18786342747475,23430200
2021-11-10,126.96053314208984,129.29927619324548,125.95821469159458,129.21361565871626,28170600
2021-11-11,126.77201080322266,127.3545623352983,126.69491243149187,127.22605197712853,5552500
2021-11-12,126.2152328491211,127.22611351485794,125.72691678139665,126.78920945843986,12712000
2021-11-15,124.63038635253906,125.89828810157081,124.40765321541974,125.83831394621524,15232700
2021-11-16,124.3133544921875,125.40134629609469,124.09062146787234,124.810232535925,12998700
2021-11-17,125.2985610961914,125.32426056304298,123.75654079726986,123.85077653304455,14239900
2021-11-18,125.76976013183594,125.84685854486962,125.03301146161013,125.06728613759763,11054600
2021-11-19,127.0975570678711,127.3031658016169,126.42934502313727,126.42934502313727,14022100
2021-11-22,125.60697174072266,126.48079285716736,125.18720505424051,126.27518404389888,15266000
2021-11-23,123.79077911376953,125.17004022054506,123.79077911376953,125.01583037648194,15318500
2021-11-24,125.77828216552734,125.77828216552733,124.03920257320371,124.16771294589242,13769700
2021-11-26,128.95663452148438,129.0851318857722,127.36320184451664,127.50027441439681,20064800
2021-11-29,127.92005920410156,128.19419128250235,126.93486477594688,127.05480001123976,23234200
2021-11-30,129.86460876464844,130.27582613022767,128.7166563642912,129.2135342104045,31481100
2021-12-01,130.66575622558594,130.72580322690058,128.47855598175468,129.07897364354852,30826500
2021-12-02,130.8286895751953,131.2232485213218,129.31051386312683,131.17177406830442,17754200
2021-12-03,132.38980102539062,133.05023956300488,129.81662715191626,130.09966476070002,34427100
2021-12-06,130.57138061523438,132.3897652271956,130.31406067989843,132.13244529185965,30924200
2021-12-07,129.51644897460938,130.82876691388103,129.39636802225255,130.13401189754217,22115900
2021-12-08,127.27780151367188,129.07044347170466,127.25207081286518,129.06187093405035,33633900
2021-12-09,127.98966979980469,128.52145488006985,127.35494886463981,128.09259256686528,17544900
2021-12-10,127.68093872070312,128.86460335965384,127.63804985491541,128.59012508888787,14298700
2021-12-13,129.56790161132812,129.78233280374403,128.92460803408045,128.99322758619448,17860500
2021-12-14,129.25918579101562,129.4564589235912,128.0669482794404,128.97613490279082,14015500
2021-12-15,128.0154266357422,129.33631707152423,127.91250384766202,128.32420808782447,25383900
2021-12-16,128.065185546875,128.700621655066,127.71311906385355,127.73029655396302,18677900
2021-12-17,129.51641845703125,129.64521691905628,128.94109682233577,129.0956549767658,18093500
2021-12-20,128.54611206054688,129.6795911044939,128.46025077401865,129.44774073594252,17147300
2021-12-21,128.05667114257812,128.1167727358984,126.76003855592548,127.20656181704649,16598200
2021-12-22,128.649169921875,128.68351181756253,127.9622140847892,128.57187772704066,12253900
2021-12-23,127.5328369140625,128.46022510033072,127.11207345561252,128.4516298015812,11642500
2021-12-27,127.84201049804688,127.95363149706634,127.36114529508713,127.48136159582707,7821800
2021-12-28,127.33536529541016,128.61482043300745,127.09493270751975,128.46026224190362,9174600
2021-12-29,125.94425201416016,126.49381392474221,125.72099699200133,126.15034264409948,11771200
2021-12-30,127.00044250488281,127.06055718724437,125.75534269651922,126.44229838124771,10355000
2021-12-31,127.2494888305664,127.97078650824471,126.59687493901689,126.92318188479165,13402300
2022-01-03,123.9091567993164,126.1761012996898,123.89197930464837,125.72099596040727,33860400
2022-01-04,123.39397430419922,123.76321848760782,122.56963774570349,123.3166952085765,21996400
2022-01-05,122.72416687011719,123.78894886712673,122.54384902303856,123.77177137130344,20911700
2022-01-06,123.04187774658203,123.17068931060497,122.18318639678985,122.44079642224554,18996400
2022-01-07,122.157470703125,122.99899796288716,121.55638916229123,122.90454135628508,18756800
2022-01-10,122.45801544189453,122.62975114956828,121.38465089069028,121.63366570142803,13775800
2022-01-11,123.27375030517578,123.33386499974279,122.5352750871088,122.68984637128644,24388700
2022-01-12,122.80143737792969,123.66012867290809,122.79285518191206,123.56567210635689,14440600
2022-01-13,123.89197540283203,124.01219165654345,122.81861131519827,123.12774069654034,15166000
2022-01-14,122.02003479003906,123.18785544212744,121.75382948998543,123.15350045385455,22997500
2022-01-18,120.30266571044922,121.34167492666018,120.23396882880537,121.04114080988256,21171700
2022-01-19,121.13560485839844,121.68516684286683,120.48299099381073,120.67190415433967,17930500
2022-01-20,121.88265228271484,121.92558947072136,121.1527593943746,121.39319192410288,13959000
2022-01-21,123.33380126953125,123.73738711635991,122.50945208593194,123.13629289166308,28916600
2022-01-24,122.32058715820312,123.96927307185321,122.3034096614989,123.90917148727483,25001600
2022-01-25,122.12310791015625,123.40256298023476,121.76245904735264,122.88734283189093,15599000
2022-01-26,120.64612579345703,122.42362304634723,120.63754359752129,122.15741774126857,23655500
2022-01-27,122.8615951538086,123.1106099515596,122.21757645667327,122.28627335667898,21501800
2022-01-28,122.90446472167969,123.1878343647965,121.80534113160724,122.01141861562911,12826500
2022-01-31,122.26908111572266,122.74994625519736,121.89985006312328,122.08875013712347,13998400
2022-02-01,121.86322021484375,122.41354752140815,121.29569148971353,122.34475496798285,20806100
2022-02-02,122.27601623535156,123.45407119013812,122.04384290545293,122.0610443315901,18404600
2022-02-03,121.3215103149414,121.65686587665493,120.539009630663,120.76258875236567,17234100
2022-02-04,119.53288269042969,120.50455916287352,119.33511236163598,120.25519771533658,23609800
2022-02-07,119.61031341552734,119.79088237781615,119.13737283670889,119.44693275004123,12962400
2022-02-08,118.81061553955078,119.16317244853418,118.50966288523921,118.84501837599866,16269200
2022-02-09,119.03414154052734,119.8424373548662,118.82777707445499,119.28351609814251,14349100
2022-02-10,117.14241790771484,118.51824253893469,116.80706245796998,118.37206330400345,30896200
2022-02-11,118.87939453125,119.10296045930863,116.39432127528552,117.69274610507337,43210300
2022-02-14,117.400390625,118.44085984156035,116.91885592408619,117.91632815931426,23157400
2022-02-15,116.06758117675781,116.80708476109284,116.0331914587872,116.60072021159192,18198500
2022-02-16,116.75550079345703,117.00487546720241,115.66344020887838,116.90168006527632,16473700
2022-02-17,117.6240005493164,118.29472484310578,116.85870123039678,117.3316419602553,24508200
2022-02-18,118.8621597290039,118.9825433673508,117.94208759038825,118.25164739197061,17522600
2022-02-22,119.17180633544922,119.24059891044638,118.20873652717312,118.3979128282048,19534000
2022-02-23,117.52936553955078,118.53544501864884,117.43479055213146,118.38925266156976,17757800
2022-02-24,117.60677337646484,119.84247217375011,117.15962836867295,119.6103120819672,28150400
2022-02-25,117.69270324707031,118.07105554203514,117.09937925004198,117.68410910248708,15025400
2022-02-28,120.27242279052734,120.4186020452837,118.93960807926705,119.03418307866421,25817700
2022-03-01,121.66297912597656,122.54983487458878,120.54364267350824,120.85361256591156,35664400
2022-03-02,117.50423431396484,120.90528482172496,117.45257484946565,120.40588810120644,30397400
2022-03-03,118.70108032226562,119.42433922501422,117.97782141951701,118.38250481138736,20649100
2022-03-04,120.7502670288086,121.24966358637978,119.94950617570274,120.85358592409521,25853100
2022-03-07,119.8289794921875,121.09468868559634,119.4845743686016,119.78592556718594,23710900
2022-03-08,118.62352752685547,119.03681623000378,118.17579043448838,118.39965241156642,28331300
2022-03-09,117.4611587524414,118.25330105140708,117.21146700726631,118.02083350396543,18819200
2022-03-10,115.7735366821289,116.38485765241121,115.13637285028321,116.09211202894613,26868900
2022-03-11,116.1610336303711,116.62598194085925,115.55831799151032,115.661636918682,15583800
2022-03-14,113.44876098632812,114.42172439865529,113.41432573322629,114.25812738544505,24385000
2022-03-15,113.2507553100586,114.64561330688669,112.95800960621824,114.39592153319106,17518800
2022-03-16,114.36143493652344,114.62835079010459,112.20887077769602,113.50901479987255,25857700
2022-03-17,113.50904846191406,114.8091928696591,112.85467349332548,114.36146885135723,19330600
2022-03-18,114.89530944824219,114.98140416374471,114.14622104612222,114.14622104612222,55891700
2022-03-21,112.23475646972656,113.37130408053235,111.71813555867767,113.03550442981525,26122000
2022-03-22,110.79682159423828,111.3651019187991,110.50407590154249,111.03792096622736,21830900
2022-03-23,113.22486114501953,113.31096895630631,110.95175419204705,111.39087249791186,21266100
2022-03-24,112.33805084228516,112.94937187725039,111.58896250939074,111.63200329405754,17141600
2022-03-25,110.77961730957031,111.5201002552334,109.90997913959713,111.50287605513468,25684500
2022-03-28,111.72673797607422,112.41556145887036,111.10679815537922,111.40816253479477,17657800
2022-03-29,112.57052612304688,113.26795497036362,111.70950025955223,112.41553463574759,19319700
2022-03-30,113.44876098632812,113.66401744829702,111.92475469510087,111.99363833951632,16310200
2022-03-31,113.72431182861328,114.23231399834248,113.36268249737145,113.63820397622602,19901000
2022-04-01,114.15721130371094,114.65737287752914,111.85475221691281,112.11344513583802,23489700
2022-04-04,113.36384582519531,113.81225561803063,112.71708726725643,113.76913574916739,13609900
2022-04-05,110.80265808105469,112.77742134857424,110.63017864109622,112.76017077291162,25196900
2022-04-06,109.90583801269531,110.63883632858173,109.00037995410317,109.02624924446744,22952000
2022-04-07,109.0779800415039,109.23320235178156,108.14665275900603,108.7502914216591,23458800
2022-04-08,107.89656829833984,108.50883222918966,107.15495135017409,108.18113704143359,26859200
2022-04-11,106.18913269042969,107.09459731558088,105.68897115312392,106.86176054720791,30020700
2022-04-12,106.04253387451172,107.0687262218395,105.783827820493,106.97386777397719,23124200
2022-04-13,106.25812530517578,107.18945925061601,105.97354994754095,106.11152827094035,17189500
2022-04-14,104.1281509399414,106.00806316210674,103.80908094537175,105.94769927980109,34274500
2022-04-18,103.61071014404297,104.41269092498108,103.2140323978712,104.23159933950053,18784300
2022-04-19,102.83460998535156,103.23991306479513,102.33444845841404,102.74837682740295,26012300
2022-04-20,104.90424346923828,105.18019353479401,103.41238410974823,103.67109017459296,31423200
2022-04-21,104.1281509399414,104.26612928759415,102.7656443631344,104.19714011376779,23323200
2022-04-22,103.47276306152344,104.72316711828717,103.31754071582758,103.54175223275926,19773400
2022-04-25,104.507568359375,105.36991315889675,104.45582319756899,104.67140939744942,25418900
2022-04-26,105.55960845947266,106.09425791506577,104.99908313868896,105.5854777454959,26931300
2022-04-27,104.20574188232422,105.48201507391184,104.1453780098337,105.36991261904907,14560500
2022-04-28,104.36097717285156,104.40409704963078,103.49001355860287,103.81770225294866,16892500
2022-04-29,103.007080078125,104.31784781201048,102.71388601451574,102.88635233673665,26153400
2022-05-02,101.22159576416016,102.16314866065308,101.00564253941927,101.80898879907012,29233900
2022-05-03,101.90398406982422,103.0614899107758,101.83487747295217,102.82826338429241,21256700
2022-05-04,102.4654769897461,102.76781015250211,101.36843104012884,101.9039973501314,25575700
2022-05-05,99.65809631347656,100.60828918223667,98.4919436300666,100.50462926204908,48384500
2022-05-06,98.18959045410156,99.37301625488278,97.87861734718632,98.59558348759468,32790500
2022-05-09,99.05340576171875,99.08795906231907,97.28259359093764,97.48990680417135,26773000
2022-05-10,99.95177459716797,101.03154055719749,99.75310135112885,100.10726115902696,33640800
2022-05-11,101.8780746459961,101.8780746459961,98.85473011589795,99.11386997854267,34173600
2022-05-12,101.6880111694336,102.69867023873543,101.63618452701807,101.94715097187773,26405700
2022-05-13,100.18499755859375,101.19565681283267,100.11589096248312,101.04881023887339,20782700
2022-05-16,100.08135986328125,101.01427934660057,100.07271988925906,100.38369305036551,11050600
2022-05-17,98.87201690673828,99.64080980735123,98.78563694078483,99.08797011680639,15040800
2022-05-18,100.97972869873047,101.06610867011824,99.0015963792146,99.09661632485196,21337300
2022-05-19,101.22159576416016,102.55186841940831,100.93653592581353,102.48276180580257,21937500
2022-05-20,102.37047576904297,102.81101563372358,101.11794302240334,101.1438563567528,22780900
2022-05-23,100.6860122680664,102.14585792792029,100.66873891278779,101.6793982509782,15925200
2022-05-24,102.67274475097656,103.3465173840035,101.8089323311234,101.8434856187614,23388200
2022-05-25,103.07880401611328,103.32931057001797,102.43957766875513,103.32067059495367,14410800
2022-05-26,102.61231231689453,102.87145217492913,101.75713958175484,102.81098554901759,14912900
2022-05-27,102.86282348632812,103.43293647231164,102.56912372537982,103.10469000101011,11190400
2022-05-31,100.6860122680664,101.26477182060852,100.1418126068181,101.22157854685955,28393700
2022-06-01,100.57091522216797,101.5401023913025,100.11228106504645,101.27184617157312,15544800
2022-06-02,100.62284088134766,100.99494143811458,99.91325454077968,100.92571189218285,9832000
2022-06-03,100.4065170288086,100.43247646150706,99.40271488593625,99.59308625975632,15330400
2022-06-06,98.55469512939453,99.95656428080208,98.48546555601985,99.64503780271151,20815400
2022-06-07,99.61905670166016,100.19018405257435,99.1517670861336,99.17772651998051,14278700
2022-06-08,98.73640441894531,99.62771359846947,98.71910032899588,99.23830885470859,11476100
2022-06-09,99.06521606445312,99.26424275710197,98.37293380684775,98.51138629711308,15527300
2022-06-10,98.4508285522461,99.17772570445268,97.75855278100946,98.96138828804861,21917100
2022-06-13,95.36155700683594,96.63362242507763,94.53082188927104,96.47785917790323,36968300
2022-06-14,94.15867614746094,96.03648956340156,93.96829820281411,95.64707833059867,21865900
2022-06-15,95.91534423828125,96.0451479956459,94.34906361180292,95.26633205355132,25202800
2022-06-16,96.6768569946289,96.6768569946289,93.56159979931309,93.84716014566443,26067300
2022-06-17,96.98838806152344,97.63740028366625,96.01919409970311,96.92781385154053,21614300
2022-06-21,95.34420776367188,96.07109817153844,95.02402607329671,95.2663228759189,17663800
2022-06-22,97.9662094116211,98.05274303529227,97.247967791175,97.51623060727562,23703800
2022-06-23,98.7710189819336,99.66232815948145,98.2085403294526,98.56333689252793,20669200
2022-06-24,97.40375518798828,98.79696866262044,97.35183632128698,98.18257119897737,18161300
2022-06-27,96.57301330566406,97.10953243034038,96.19226397398118,96.2441828369167,12053000
2022-06-28,97.02300262451172,97.0749214894984,95.94131558999783,96.304760849092,13706600
2022-06-29,98.537353515625,98.56331294523169,97.06625535101378,97.2479779603536,12925400
2022-06-30,99.4027099609375,100.18151931167995,99.2988656331949,99.39405461643558,25802100
2022-07-01,100.42322540283203,101.95792383416743,99.90298898281146,100.49259202287877,21858800
2022-07-05,101.2122802734375,102.09668173961694,100.72672043096978,101.35100693188072,16689700
2022-07-06,99.51282501220703,101.91459340561165,99.51282501220703,101.78453262289005,20205400
2022-07-07,98.6371078491211,99.85966347617864,98.42034205710968,99.79896931902213,13088000
2022-07-08,97.54457092285156,98.41163377549913,97.15439528522599,98.41163377549913,15320000
2022-07-11,99.22669982910156,99.53017058051158,98.58506839450183,98.66310751067368,13639900
2022-07-12,99.8163070678711,100.77874764400865,99.68624627903722,100.15446114973926,18547300
2022-07-13,100.96082305908203,101.14290550468041,98.36829979206367,98.64575970180874,20594800
2022-07-14,100.13712310791016,100.71806045618608,99.25272158998062,99.78163065002518,15665000
2022-07-15,100.70069122314453,101.29029429808008,100.232476432887,100.44056969016854,16022600
2022-07-18,99.65156555175781,99.98971964241734,99.00126820584845,99.92902548807247,15838300
2022-07-19,99.11396026611328,99.8422965587827,98.55037466025806,99.63420331023363,9276800
2022-07-20,99.37407684326172,100.18911806433925,98.8885237490869,100.12842392756741,9117300
2022-07-21,101.09088897705078,101.20361141969316,99.72093423443705,99.87700586526226,14754900
2022-07-22,102.79035186767578,103.41463185660814,102.28745359046546,102.56491356838018,17715300
2022-07-25,101.7845230102539,101.91458378069242,100.98682665380719,101.19491991740946,24868100
2022-07-26,101.86258697509766,103.38861343411621,101.79322033191485,103.05913180174868,13536000
2022-07-27,101.29033660888672,102.73833076323176,101.19495911463231,102.32214407481993,15725600
2022-07-28,102.09666442871094,103.11112651310172,101.72382708805893,102.35678596504135,16637900
2022-07-29,101.81920623779297,103.44928226244416,101.7325012626287,102.05331033225306,16655900
2022-08-01,104.27137756347656,104.3234937583891,102.56884671540588,102.71651368578246,17974600
2022-08-02,102.06503295898438,104.83599214469815,101.88261965278814,104.36692651711365,17896300
2022-08-03,103.6720199584961,103.79362883745185,101.04873419178148,101.77838746551608,16731200
2022-08-04,103.63729095458984,103.84576903383487,102.96844200844566,103.35064519320689,11003000
2022-08-05,101.1703109741211,101.72623899503083,100.6664991341764,101.69149266532587,19492300
2022-08-08,102.8033676147461,102.95972281358287,102.1171423880284,102.1866350602194,17476300
2022-08-09,102.40377807617188,102.8120391750742,102.03026330772771,102.26479938152411,8223200
2022-08-10,101.73494720458984,103.2898109713827,101.39617870744802,102.26481723902933,14665300
2022-08-11,99.36357116699219,101.68283469082559,99.10297693023455,101.5177978595867,20663800
2022-08-12,100.3711929321289,100.38856278817568,99.39831531384493,99.98030158561734,12178400
2022-08-15,100.2843017578125,101.41353434139589,100.2843017578125,101.04870779981422,9031800
2022-08-16,100.70128631591797,100.77946061907893,99.23328476947914,100.11061172568111,11066000
2022-08-17,99.65020751953125,99.98028775625565,99.29406256156211,99.94554142178166,14131300
2022-08-18,99.7978744506836,100.44935331077275,99.53728025577365,99.86736711961765,10738200
2022-08-19,98.19091796875,98.45150559852439,97.93032371178835,98.35596143997152,16330900
2022-08-22,97.8608169555664,98.12140453022556,97.40043298201546,98.03454200533918,10457200
2022-08-23,97.32225799560547,98.57309955193946,97.06166379564061,97.45255509558788,17813200
2022-08-24,96.60997772216797,97.17459408833689,96.29726732328014,96.84450720774085,13971600
2022-08-25,97.95635986328125,98.23432391573711,96.41018440729637,96.69683670028748,21429700
2022-08-26,98.69473266601562,99.01612474747859,97.29622381203173,97.54812983332191,18764400
2022-08-29,97.87820434570312,98.16485669365261,97.400450432454,98.10405225261972,14278300
2022-08-30,98.12144470214844,98.5991987253997,97.46996555799954,97.82611067118478,14346600
2022-08-31,97.18329620361328,98.45150792122642,96.922708567691,97.88689806313445,13623500
2022-09-01,95.40403747558594,95.96984742811784,94.82952755664891,95.6390693924387,22490400
2022-09-02,95.94373321533203,96.23969145862264,95.29087711739558,95.4736760278743,13024400
2022-09-06,93.5673599243164,94.85566590198428,93.50642693733737,94.79473291500526,24648500
2022-09-07,95.04713439941406,95.29957285877641,94.19406627325179,94.28981902132699,17050100
2022-09-08,94.07218170166016,95.33436710711106,94.05477513327597,94.7424441641452,14671400
2022-09-09,94.2811050415039,94.70764239182489,93.68918202751021,94.29851825317117,12529800
2022-09-12,93.50640869140625,94.78600780947502,93.0711712575704,94.55968248434546,14806900
2022-09-13,93.72401428222656,93.78494724878203,92.47923513014017,92.75778678313596,22158900
2022-09-14,94.0461196899414,94.1940988458857,93.2452842847399,93.43678320591636,13077800
2022-09-15,93.98515319824219,94.17665869234067,93.64566860095665,93.8806938447717,10260200
2022-09-16,93.20172119140625,94.05478927677005,92.94057613801877,93.16690140820828,18903800
2022-09-19,93.41937255859375,93.85461003913905,92.96672850095328,93.10600104130539,11084400
2022-09-20,92.48794555664062,93.0015224900754,91.7480433204266,92.00048180406584,20133800
2022-09-21,94.03738403320312,94.04609064003905,92.24420821432062,92.87965104824524,23132900
2022-09-22,91.63484954833984,92.23547909068355,91.16479915307222,92.08750001657361,29030600
2022-09-23,92.0091781616211,92.64462764947277,91.01683748068746,91.69580672120044,23042200
2022-09-26,90.2508316040039,91.75675599811467,89.8504139748706,91.71322959967141,25104600
2022-09-27,87.87442779541016,89.641497205786,87.83090804042874,89.40646529234289,34609500
2022-09-28,90.81663513183594,90.9210878547724,89.20625812167567,89.77206141410284,39283100
2022-09-29,90.34657287597656,90.729583881733,89.48480475421972,89.57185089883842,19127100
2022-09-30,89.18013763427734,91.27798502020363,88.98863876325765,90.7644014518816,26485700
2022-10-03,90.59718322753906,91.33885197592625,90.00384689741905,90.61463135913759,27192200
2022-10-04,90.34410095214844,91.31263491305079,90.1346901829677,90.8763585939794,13788700
2022-10-05,89.48029327392578,89.73332773046829,88.63391598361235,89.63735304591229,20522100
2022-10-06,88.98295593261719,89.7333453717999,88.59030309693162,89.51520712654711,13965700
2022-10-07,88.11910247802734,88.66881498426088,87.66537796621569,87.96204271296767,14814800
2022-10-10,86.74922180175781,87.70030807880777,86.20824317645639,87.69158068441702,15652600
2022-10-11,87.13313293457031,88.04058874741682,86.37400951670489,87.02842419026292,33246700
2022-10-12,87.56066131591797,87.72644845766327,86.54850365480404,86.62703020170524,21447600
2022-10-13,86.72303771972656,87.5868632817486,85.8068544535769,85.82430924063635,30292500
2022-10-14,86.00749969482422,87.42103714195464,85.7282831609889,87.42103714195464,18728200
2022-10-17,85.58870697021484,86.95862135323478,85.45782936665881,86.6357743980132,18969900
2022-10-18,85.78941345214844,85.91157034351212,84.52421422428827,85.46656643522938,16931500
2022-10-19,84.22750091552734,85.00407219237802,84.04426566945507,84.8033888235099,25431600
2022-10-20,82.78781127929688,84.05301689483753,82.66565441394121,83.70399442651424,25434900
2022-10-21,81.2957534790039,81.95889555826501,80.50173378815545,81.16486921036612,46280300
2022-10-24,80.62386322021484,81.62730006214532,80.14395661758125,80.99033372201785,31332600
2022-10-25,82.9710693359375,83.09323289185198,82.40391515852534,82.52607205738812,31213100
2022-10-26,84.16645050048828,84.36714059316954,83.56438687949469,83.56438687949469,24843900
2022-10-27,85.04772186279297,85.4229198303471,83.95703087072279,84.62017285787532,20270000
2022-10-28,84.46311950683594,85.18733332124376,84.12282442401599,84.51547054817746,22244100
2022-10-31,83.8610610961914,84.3060649463007,82.91870235138957,84.07919932468904,23956700
2022-11-01,84.64478302001953,85.21333980444972,84.1549527680485,85.17835097596084,17585100
2022-11-02,84.27742004394531,85.39703599087773,83.93628726865926,84.76725702580633,25010500
2022-11-03,83.82256317138672,84.30364451495485,83.17527989879248,83.2452575509815,29097500
2022-11-04,82.41431427001953,83.67388561599796,82.41431427001953,83.18404860731867,23561400
2022-11-07,81.59208679199219,82.97411561079544,81.55709796036507,82.92163570007341,14522800
2022-11-08,82.48431396484375,83.06161320361602,82.02071678983745,82.04696342775219,20360600
2022-11-09,82.75543975830078,83.11406360110375,81.95071665760597,82.06442535440941,15637500
2022-11-10,85.93933868408203,86.09678506769261,84.53107010663082,84.60979663515428,45380900
2022-11-11,85.62445068359375,86.04430995440775,85.31830677437351,85.34454672753,15943100
2022-11-14,85.41450500488281,85.71189997109491,84.92466818783464,85.64192900303249,13741100
2022-11-15,86.79657745361328,86.85780625264582,85.81690999565411,85.9393675937192,26608200
2022-11-16,88.69464111328125,88.73837213869633,87.24263493140809,87.48755002872744,28507700
2022-11-17,87.75870513916016,87.9686313962736,87.27761718177997,87.64498980008734,24528900
2022-11-18,87.15516662597656,88.24854236814652,87.07644677578958,87.99487839515078,14941300
2022-11-21,87.52254486083984,88.18731922307799,87.29512749682486,88.07361054107051,15534000
2022-11-22,88.76461791992188,88.88707546741975,87.93364836368823,88.03861483587319,18103100
2022-11-23,90.31285858154297,90.31285858154297,89.28946023604541,89.34194014911579,23234600
2022-11-25,90.0066909790039,90.03293092864318,89.59558063882629,89.75302701009781,9486100
2022-11-28,90.26036071777344,90.80267084081446,89.82301039999908,90.6277333830792,14563200
2022-11-29,89.20198822021484,90.05919124498662,89.14075943273114,89.35068575075563,16576400
2022-11-30,89.85799407958984,89.85799407958984,88.66840074950298,88.88707589586548,21581700
2022-12-01,92.72859191894531,92.77242706478967,90.39634542590046,90.44018726106967,53156800
2022-12-02,93.89471435546875,93.90348406091668,91.72029565714936,92.32527823587687,24479500
2022-12-05,92.57954406738281,92.93025872006282,91.97456814806856,92.79873988914211,20159700
2022-12-06,93.7719497680664,94.15773647223378,93.10559942909899,93.3774000492219,21754500
2022-12-07,95.9814453125,96.16556895749156,94.86792704937243,95.01698525759575,30546700
2022-12-08,95.71843719482422,95.9639354637651,95.10469152247201,95.30634794796225,13377300
2022-12-09,93.22836303710938,94.84164097956982,93.17575149423769,94.63998458142488,25872200
2022-12-12,93.52642822265625,94.78899771068912,93.16695072023288,94.56980199064577,16897100
2022-12-13,94.42955017089844,95.63951529634085,94.21912407099218,95.60444316480229,23854700
2022-12-14,94.83284759521484,94.97312938952474,93.7193294966781,94.39445611784642,19517500
2022-12-15,95.20291900634766,95.90604516916069,95.06229779708988,95.2644420426807,20246200
2022-12-16,94.13943481445312,94.77224694774107,93.43630873179825,93.69119176912297,20838300
2022-12-19,92.55740356445312,93.02322173975746,92.267370260825,93.01443752530406,26126800
2022-12-20,90.91386413574219,91.23905443950234,90.61503318294048,90.86112531730204,28869000
2022-12-21,91.14234161376953,91.75757843367042,90.49195453490776,91.66089845776465,15894100
2022-12-22,91.1247787475586,91.51149870322519,90.86110483133024,91.11598782888265,11322500
2022-12-23,89.78883361816406,90.3601158395047,89.66578089216962,90.15797167963176,15408900
2022-12-27,88.01345825195312,88.83083935373844,87.8992031300607,88.3210733535914,26475700
2022-12-28,87.49491119384766,88.57595954794856,87.319126339782,88.46170442193579,17302900
2022-12-29,88.48807525634766,88.76053341299227,87.70585105362022,87.7673740794918,16593000
2022-12-30,87.5036849975586,88.37380483428014,87.33669778794503,87.77614981256998,20810200
2023-01-03,89.1736068725586,89.94704004655155,88.62868393068491,89.8239940121778,25313200
2023-01-04,90.39527893066406,90.9489927659039,89.83278088301186,90.72047583857467,21678200
2023-01-05,90.7732162475586,90.78200716628164,89.45486007036398,89.53396492785892,14771100
2023-01-06,92.44315338134766,92.54862431000595,90.21073568272075,90.2634677942961,27473700
2023-01-09,92.93531036376953,93.10230427542739,91.64332036527178,91.7663730986814,21472200
2023-01-10,91.3972396850586,92.12673173093134,90.96657853379307,91.87184872554786,20545200
2023-01-11,92.88260650634766,92.91776348293823,92.02127734364794,92.25858525925734,18794000
2023-01-12,94.71070861816406,94.75464980028936,91.89821144740311,93.00563250175612,32029600
2023-01-13,93.8230209350586,94.74587300350777,93.49782397544647,94.1306360560394,17750800
2023-01-17,93.216552734375,93.74390047977177,92.85620559422601,92.87378072317017,13911700
2023-01-18,95.47537231445312,95.59841838081083,94.14823164080826,95.32596019180559,35497200
2023-01-19,94.87769317626953,95.2468379876978,94.42945692143792,95.00953012995777,17194700
2023-01-20,93.33961486816406,94.25367595768716,93.26051671600167,94.00758387695137,22754100
2023-01-23,92.9001693725586,93.33962146364073,92.71560029896492,92.78591424285968,12961500
2023-01-24,94.2361068725586,94.43825107805985,92.6277106203214,93.26931361955768,16417200
2023-01-25,94.464599609375,94.8425285765471,93.72631680362963,94.367919638319,11906500
2023-01-26,94.02517700195312,94.61404122376365,93.59450910345849,94.16579819118071,15549400
2023-01-27,93.78785705566406,94.00758308382527,93.26051592917844,93.33082986751153,11845500
2023-01-30,93.44508361816406,94.18336654882488,93.3308284991776,93.56812965568984,11459700
2023-01-31,94.1921615600586,94.28884155855599,93.04959012269096,94.02517432170511,13705300
2023-02-01,95.3244400024414,95.6857141946351,93.77358755683235,94.76930841420207,25305800
2023-02-02,95.44783782958984,96.35543713468567,95.245166825392,95.976535735953,19548400
2023-02-03,94.02031707763672,94.38159800938047,93.47399899730134,94.08199836808609,20619500
2023-02-06,93.32422637939453,93.67668714471542,93.12155538885268,93.18323669505965,15182400
2023-02-07,92.57521057128906,93.60617892906512,92.52234281239271,92.81312893183613,18290300
2023-02-08,93.01578521728516,93.0334122839173,91.98482367025758,92.55758232619162,13530700
2023-02-09,92.1346435546875,93.94984868234397,91.98484706399852,93.81767254001221,20469900
2023-02-10,91.1036605834961,92.02888664214483,90.86574896076841,91.99363923085993,16598300
2023-02-13,91.8702621459961,92.01124504611752,91.27106969428073,91.38561872080159,13134300
2023-02-14,91.6587905883789,92.37253888964139,90.88336772188757,91.81740057501989,15440300
2023-02-15,90.80408477783203,91.5971281514926,90.3194411848105,91.24466741775794,15246900
2023-02-16,89.51758575439453,90.07272423412515,89.28848760102963,89.94054808548651,19267300
2023-02-17,90.21370697021484,90.21370697021484,88.97126731074069,89.08581638713646,19560900
2023-02-21,88.460205078125,89.17394699048297,88.36327633413079,89.00653011493243,22728000
2023-02-22,89.27086639404297,89.60571355562757,88.95364630557262,88.9888937290425,15165400
2023-02-23,90.1432113647461,90.3987433814265,89.41184256457083,89.47352386562432,15829100
2023-02-24,88.97126007080078,89.70262887219944,88.60997907634206,89.38540883117732,21403600
2023-02-27,89.2179946899414,89.61451642168227,88.91840168778313,89.25324211185855,14209200
2023-02-28,89.62330627441406,89.63211980825392,88.36323984557816,88.61877854488128,14955700
2023-03-01,88.66048431396484,89.24348288230738,88.29831312478099,89.05798303150192,19000000
2023-03-02,87.87431335449219,88.02447893414131,87.34430609096444,87.5033069221583,23763600
2023-03-03,90.00316619873047,90.01200145179638,88.8371621489983,89.15516386613649,30877300
2023-03-06,89.3053207397461,90.40065613650067,89.20815318349209,90.29466006736743,16631900
2023-03-07,89.85298919677734,90.42715926541473,89.11098303779234,89.62331982145786,23096500
2023-03-08,89.94131469726562,90.95715293583781,89.58797877872024,90.45365144219032,20252400
2023-03-09,90.16214752197266,90.55964621260807,89.50848046251723,89.70281555192014,21550400
2023-03-10,93.27149963378906,93.35983867698388,91.86699780605224,91.89349682328157,43921500
2023-03-13,93.48348999023438,96.3719969652054,92.78565344670986,95.57699288148622,51502500
2023-03-14,91.94648742675781,93.28916259866166,91.64615627000069,92.87399339076141,38417800
2023-03-15,93.72200775146484,95.14418015347516,93.05950533087581,94.32267688237184,45164100
2023-03-16,92.98882293701172,95.42683336862517,92.78565933231516,94.8526633417781,43089300
2023-03-17,94.38451385498047,95.16185437197058,94.04001312197744,94.2078492316591,38129000
2023-03-20,93.5541763305664,94.48167565540314,93.3863402311242,94.41100711465663,24242800
2023-03-21,92.7503433227539,93.1213430786073,92.34400929405875,92.82101186843745,18934900
2023-03-22,93.98700714111328,94.03116992355025,92.25566836943007,92.45000348225663,26388500
2023-03-23,93.98700714111328,94.11950896706983,92.59133382110689,93.06833635095678,25475100
2023-03-24,94.38451385498047,94.89685069766516,93.86334849865608,94.59651275083077,23652700
2023-03-27,92.16730499267578,93.42164764267096,92.15847648211292,92.79447968733389,22224500
2023-03-28,92.33517456054688,92.46767639961817,91.88467100343385,92.07900613549529,17794300
2023-03-29,92.149658203125,92.26448951547982,91.5136548807734,91.60198717791728,16804400
2023-03-30,92.57367706298828,92.79451120985674,92.10550301059554,92.27333911879904,14315800
2023-03-31,93.96050262451172,94.12833197086607,92.82099777089428,93.05949565219913,25396700
2023-04-03,94.40239715576172,94.84518514125442,93.60537743059317,93.76478137562688,18234800
2023-04-04,94.87178039550781,95.46512161265963,93.64968761356764,93.67625381980821,18052400
2023-04-05,95.86360931396484,95.96988087438002,95.11972866028626,95.43852982871336,23047700
2023-04-06,96.11156463623047,96.41266399719845,95.9875845335992,96.01415073324749,16447300
2023-04-10,94.56181335449219,95.42968089133934,94.36698553460347,95.32340932874295,19134400
2023-04-11,94.7566146850586,94.83631326741904,94.3226844161454,94.80089617953048,13971200
2023-04-12,94.6592025756836,94.90716273399354,93.76476907057338,94.80089795552219,20563000
2023-04-13,93.91534423828125,95.10201292031434,93.7647911726128,94.8009203017958,22079400
2023-04-14,93.0562973022461,93.47251896730171,92.78176423757165,93.33082361051406,19801900
2023-04-17,91.94935607910156,92.62238896261171,91.84308452866959,92.47184266680617,19528800
2023-04-18,92.27700805664062,92.62238212453575,91.92278309416936,91.9316339887455,15922600
2023-04-19,92.18846130371094,92.31244140461706,91.63940850152922,92.02020645614337,16093900
2023-04-20,92.97663116455078,93.23344903967212,92.76409479619183,92.83494250444792,16450100
2023-04-21,92.45414733886719,93.39285585446785,92.33901812033609,93.25116719004207,15244700
2023-04-24,93.34857177734375,93.41941272427493,92.8437869583525,92.95005851336258,17034300
2023-04-25,94.72119903564453,94.87174531962167,94.11900714332799,94.16328864163093,21899900
2023-04-26,93.71166229248047,94.96917872838962,93.57882452667948,94.57067218739611,19610400
2023-04-27,92.78180694580078,93.22459500497145,92.64011828019916,93.16260494694394,20247600
2023-04-28,94.27843475341797,94.54411029713587,93.74709042239189,94.05704071912295,26954100
2023-05-01,91.5599594116211,93.59304771242884,91.3024933710687,93.45987468821741,32487300
2023-05-02,93.84160614013672,93.84160614013672,92.23467063481844,92.33233037228126,30057800
2023-05-03,94.36543273925781,94.64065198389835,93.46874172569099,94.10796673443326,23656200
2023-05-04,93.4332275390625,94.50747803389751,93.35332780049825,93.41547429942389,25110500
2023-05-05,93.12248229980469,93.13136230513886,92.42999089984657,92.64306361365074,15096500
2023-05-08,91.81742858886719,92.21694767514995,91.72864882751378,91.9062083502206,20587000
2023-05-09,91.48892974853516,92.01273500725074,91.44453648745795,91.88844200438736,19182500
2023-05-10,92.3767318725586,92.54541134676921,92.01272613252412,92.03935937721737,22886800
2023-05-11,93.35333251953125,93.68181827040314,92.97157350012986,93.48650553066396,19147200
2023-05-12,92.57205963134766,93.44211748228948,92.55430638982116,93.26455797318026,14198500
2023-05-15,91.61319732666016,91.86178326339869,91.55105084247552,91.79075677477088,20085300
2023-05-16,91.33797454833984,91.3557345578429,90.6543631985702,90.9118291486925,29251700
2023-05-17,91.07164764404297,91.58657961370415,90.86744814798426,91.51555311303504,21340900
2023-05-18,90.39691162109375,90.78755061076257,90.33476512487007,90.73427734724223,25536600
2023-05-19,89.75769805908203,90.432436370631,89.60677180241453,89.899751081918,29038000
2023-05-22,89.43807983398438,90.29925760305309,89.37593333381758,89.89086534860556,20131100
2023-05-23,89.69551086425781,89.89083029531942,89.02965286207026,89.16282581719935,21749500
2023-05-24,89.25163269042969,89.98851739606178,89.25163269042969,89.91749089525051,18473400
2023-05-25,89.0296859741211,89.49135148714417,88.80773322417625,89.40256496839793,22492800
2023-05-26,89.74878692626953,89.81981341305503,88.78107644428694,88.88761617446517,17030300
2023-05-30,90.64550018310547,90.76979317908655,89.89086220080313,90.02403520320007,23125200
2023-05-31,91.43562316894531,91.60430937143055,90.44127950829512,90.54781245853155,23787000
2023-06-01,91.79437255859375,92.24835456515345,91.35818418003254,91.93679628865334,21040400
2023-06-02,90.78849029541016,91.74987609609136,90.74398584386476,91.68756443075807,19136500
2023-06-05,90.61935424804688,91.18906279097882,90.09415015260119,90.2187734719012,14433200
2023-06-06,91.15345001220703,91.21576166833935,90.25437600961692,90.65494997168734,14332100
2023-06-07,89.8003921508789,91.18015905881461,89.71137646456792,90.94871284123681,25251100
2023-06-08,90.8508071899414,90.92202246626766,89.72919714938445,89.79150881830428,23845100
2023-06-09,90.72618103027344,91.03773936518229,90.2098804801603,90.44132672529072,22147400
2023-06-12,90.99324798583984,91.06446327018291,90.01406159624436,91.01104841119395,19010300
2023-06-13,90.09416198730469,91.09115546413071,89.88052295350712,90.8953168533736,25910800
2023-06-14,90.81519317626953,91.05554301913168,90.31669985990666,90.46802721787938,29094200
2023-06-15,91.68756103515625,92.24836600238675,91.3314914786691,91.71426506338696,25732000
2023-06-16,91.33151245117188,91.53625470039218,90.82411542388894,91.1890886707493,16759100
2023-06-20,91.96351623535156,92.27508135725446,91.78548484408897,91.78548484408897,17162900
2023-06-21,92.18608093261719,92.2661998318834,91.1000715282041,91.51845286840887,19720100
2023-06-22,91.07335662841797,91.91011920901276,90.9754373140308,91.50954513485652,23630700
2023-06-23,91.98133087158203,92.53323230390785,91.66977251600088,92.42641617711591,22901900
2023-06-26,92.07926177978516,92.39972378344976,91.83001506392684,92.23949278161746,12894900
2023-06-27,91.8388900756836,92.53322198827807,91.47392369739302,92.21276006070184,18105700
2023-06-28,92.23057556152344,92.43531099442237,91.53624358653985,92.05254415974501,23826800
2023-06-29,90.56595611572266,91.10005712434969,90.30780582340265,90.9487297503402,41091600
2023-06-30,91.63416290283203,91.74097902732322,90.68168064116401,90.85080843542926,32024900
2023-07-03,91.11469268798828,92.16793880132363,91.09683725004714,91.79304951295701,16011800
2023-07-05,90.2488784790039,91.0432751388586,89.91862100979604,90.94509066990095,28170300
2023-07-06,88.97246551513672,89.59726942913656,88.78502434093676,89.4366045927006,41375700
2023-07-07,88.43696594238281,88.90110526982683,88.3566300759882,88.52622271960026,28996500
2023-07-10,88.5530014038086,88.83862718433964,88.23167154947919,88.24059927039272,24665200
2023-07-11,89.0082015991211,89.23134690725774,88.6243913967319,88.87431305226823,20485500
2023-07-12,89.99898529052734,90.25783471685699,89.05284436432281,89.3473978642692,31928000
2023-07-13,90.945068359375,91.0164764665271,90.17744823211967,90.42736979730012,32441500
2023-07-14,90.4095458984375,90.98972501046073,90.36491411679964,90.79335606702021,18569000
2023-07-17,90.45416259765625,90.58805112047114,90.07928018165705,90.35598494476868,18822000
2023-07-18,90.86475372314453,91.10574761059885,90.65945708506248,90.86475372314453,15407400
2023-07-19,91.89122009277344,91.91800324563397,90.80227688797595,91.04327078489464,27192500
2023-07-20,90.7754898071289,91.31996479089406,90.40060740154229,91.2396357653482,56951200
2023-07-21,90.80229187011719,91.35568787651837,90.71302829889369,91.18610207287335,20657500
2023-07-24,90.4720230102539,91.17716291334514,90.41847032212281,91.03434666519088,17546700
2023-07-25,90.30242156982422,90.59697494539067,89.9721709455705,89.99894728701238,17160600
2023-07-26,90.39167785644531,90.76656706430404,90.0882035751604,90.7576393472507,19310700
2023-07-27,88.63331604003906,90.0882209470539,88.28520991621433,89.8918519931314,44794400
2023-07-28,89.08850860595703,89.13314038048678,88.49940867930994,88.7225539322533,27434000
2023-07-31,89.3027572631836,89.55267892494108,88.91894705124045,88.94572339930667,28663800
2023-08-01,87.83934783935547,88.53747892265521,87.62453985109929,88.46587398369554,34943400
2023-08-02,86.89954376220703,87.03380130319145,86.29092232317241,86.85479580096036,38121300
2023-08-03,84.89466094970703,85.3153314285624,84.61720034817382,85.19897852470524,59394800
2023-08-04,86.39833068847656,86.53258824157457,85.1452715739332,85.1631762229451,42071800
2023-08-07,85.54804992675781,86.10297116784811,85.47644498319026,86.02242072780207,35862900
2023-08-08,86.54154968261719,87.15017806930305,86.31778934675656,86.69370507213277,24010500
2023-08-09,86.98904418945312,87.0785469311517,86.67577435057588,86.7115768129796,20151100
2023-08-10,85.55699157714844,87.14121844640326,85.55699157714844,86.85480551363162,37253200
2023-08-11,85.36006164550781,85.80758214035528,85.20789948750785,85.29740904937401,26753500
2023-08-14,85.1721420288086,85.86132089515064,84.93942935517896,85.2168900011756,19072000
2023-08-15,84.65299987792969,85.20792106172647,84.63509522957476,84.84991003809857,24125000
2023-08-16,83.99066925048828,84.8409625516456,83.88326866872484,84.38448959328211,23076700
2023-08-17,83.6326675415039,83.78482293506764,83.25674497750262,83.68636783837965,32244900
2023-08-18,83.92801666259766,84.30393918476254,83.50735300284718,83.62370590933695,24181700
2023-08-21,82.80921936035156,83.02403419230392,82.54966338849992,82.93453142663542,29254100
2023-08-22,83.44468688964844,83.48943484861877,82.75550140101126,82.91660907627251,21308700
2023-08-23,85.51223754882812,85.5211898728928,84.33973575538667,84.40238836659448,38294700
2023-08-24,84.9483642578125,85.52119008416254,84.9304596096389,85.14526758736454,22300800
2023-08-25,85.2258071899414,85.48536990570271,84.59032888388626,84.72458640288295,23865200
2023-08-28,85.31532287597656,85.61964042046793,84.9304549050335,85.61068809687703,16037300
2023-08-29,86.201416015625,86.38042835327357,84.97521393868894,85.00206408218061,28478100
2023-08-30,86.11193084716797,86.2819908955087,85.8165655511942,86.06718287508409,17550100
2023-08-31,86.49679565429688,86.86376588611567,86.3088377899349,86.40729288488026,26959700
2023-09-01,85.14929962158203,86.02009483406151,84.94282650159299,86.00214332979921,32469700
2023-09-05,83.955322265625,84.6465750368061,83.92839158476691,84.63759586015173,29435900
2023-09-06,84.16180419921875,84.48498607527216,83.90146286300322,84.46702772154411,23636300
2023-09-07,84.39521026611328,84.44907162615915,84.0989590876514,84.38623108973738,18091500
2023-09-08,84.7184066772461,85.19420037032769,84.53885736440948,84.72737900605844,17052100
2023-09-11,84.1079330444336,84.3682743503403,83.98225197938957,84.11690537114791,17061500
2023-09-12,84.59270477294922,84.60167709955438,84.00918163571275,84.28747444076683,20034300
2023-09-13,84.57474517822266,84.86201715476307,84.22463267084852,84.31440387931038,23332300
2023-09-14,83.96429443359375,84.57474826213962,83.84759254324837,84.33236530554402,27800600
2023-09-15,83.45259094238281,83.91941220169178,83.45259094238281,83.9014538498929,25642900
2023-09-18,83.92839813232422,83.96430799263813,83.32692338255356,83.3538540655126,17963400
2023-09-19,83.3089599609375,83.87452476949926,83.3089599609375,83.56032209807606,24941800
2023-09-20,83.56929016113281,84.02713222990614,83.52440798127924,83.7488394278597,29451200
2023-09-21,81.4237289428711,82.02521044617596,81.41475661604741,81.95339073695979,59958700
2023-09-22,82.07908630371094,82.24067725344192,81.39681264383506,81.52249373261408,29524500
2023-09-25,80.05921936035156,80.83126440720694,80.03228867136241,80.49013093149922,45587900
2023-09-26,79.78089141845703,80.45418574404029,79.63725200809598,80.28361565651257,38104100
2023-09-27,79.36793518066406,80.45418249349216,79.08065637154874,80.38236279121332,47111200
2023-09-28,79.6103515625,79.6552406075602,78.19194266752038,78.65876407936244,60238000
2023-09-29,79.61932373046875,80.33750044444636,79.11659249666776,80.13999962214305,49010100
2023-10-02,78.2864761352539,79.18704528123828,78.08834982380978,79.08798212551622,44704300
2023-10-03,76.6023941040039,78.03430233378027,76.44929902866562,77.72810531230773,71362600
2023-10-04,77.68309020996094,77.72811454116137,76.88158428414748,77.24180641693802,56281600
2023-10-05,77.29586029052734,77.62006576983063,77.12474993456225,77.5480185809192,35758800
2023-10-06,76.35926055908203,77.16977418422782,75.70184204346448,75.82792117728744,62787900
2023-10-09,78.15138244628906,78.16939767525479,76.50333940655715,76.99865514116402,29424900
2023-10-10,78.04332733154297,78.50261265986437,77.01667215974857,77.31386163393123,54743900
2023-10-11,79.67333984375,79.67333984375,78.88984234700526,79.11498459506794,58517700
2023-10-12,77.51197052001953,79.42117919874698,77.38589141462013,79.29510009334757,66986700
2023-10-13,78.89885711669922,79.09698341229137,78.50260452551491,78.88984950213681,44183800
2023-10-16,77.62903594970703,77.78213788356099,77.35886940386168,77.62003520773563,38309800
2023-10-17,76.77350616455078,77.11571990622582,76.09807942410019,76.4493007794708,52949100
2023-10-18,76.09808349609375,76.29620978322167,75.51271224888758,75.9900127383522,63724600
2023-10-19,74.54009246826172,76.1611194026928,74.51307649782056,75.53972459936153,87696900
2023-10-20,74.96334838867188,75.23352178924537,74.54007993414439,74.73820617845895,52188800
2023-10-23,75.86394500732422,76.42230036658188,74.22490939166836,74.57613081853765,70890400
2023-10-24,76.86355590820312,76.86355590820312,75.72883714576552,76.04404176423945,46267700
2023-10-25,75.15247344970703,75.7648605887049,74.86429167081366,75.66579745807323,60737200
2023-10-26,76.30522155761719,76.38626947724478,75.10746302616589,75.17951020192164,49704100
2023-10-27,75.98101043701172,76.52135047304701,75.41364755899778,75.8189077391215,32362300
2023-10-30,75.63880157470703,76.09809376861305,74.96337470693828,75.47669885161064,45026900
2023-10-31,75.26956176757812,76.34123424955375,75.24254579579336,75.98101213136161,37269200
2023-11-01,76.90157318115234,76.91965026752337,75.92561734876902,75.94369443514005,72308500
2023-11-02,78.6546859741211,78.89867150894507,77.91368393118834,78.32936733142974,69739400
2023-11-03,79.18782043457031,80.47102444802927,79.14264151578973,80.2541408180889,77692300
2023-11-06,78.41972351074219,78.79925958756877,78.25706420718961,78.68178610504292,41341900
2023-11-07,79.5763931274414,79.97400621198732,79.15167131338318,79.1697483959827,37834200
2023-11-08,80.93190002441406,80.98612438805405,79.92883547692747,79.9559511059416,53893400
2023-11-09,79.07035064697266,80.45295110375487,78.38356624235333,80.37162490953824,88975100
2023-11-10,79.51312255859375,79.91073557028837,79.31431605274645,79.73000614372846,36516400
2023-11-13,79.33243560791016,79.46798619759892,78.52817750865006,78.81734888260436,25661500
2023-11-14,81.13069915771484,81.46505627431793,80.68790711256084,81.32950571924167,65666800
2023-11-15,79.99207305908203,80.5523453916873,79.80230506603509,80.4348719372449,56205300
2023-11-16,80.98614501953125,81.29338661607952,80.65178778706107,80.69697361920758,49473900
2023-11-17,81.36566925048828,81.7180966274693,81.00420332952625,81.47411109509359,44091400
2023-11-20,81.86267852783203,81.92594144105412,80.97709426416843,80.98613280811287,40477800
2023-11-21,81.82652282714844,82.05243812275693,81.23010313743595,81.78133701027167,27721000
2023-11-22,82.11570739746094,82.52235223750411,81.67290838256466,82.34162272957133,31197500
2023-11-24,81.1487808227539,81.56446415923469,81.13974228006859,81.41987505382154,20199600
2023-11-27,82.50426483154297,82.54040521007849,81.51927060395958,81.60060369163291,39804400
2023-11-28,82.66696166992188,82.71214061081075,82.04343299389718,82.15187486193336,44989300
2023-11-29,83.70613861083984,83.76939462219049,82.9380279317568,83.23623779714764,61647800
2023-11-30,82.73921203613281,83.3988877039676,82.37775309448965,83.10971641402065,60520900
2023-12-01,84.29754638671875,84.36100270091445,82.61141356241072,82.77458792980245,64172200
2023-12-04,83.96212768554688,84.15249660609835,83.48166488657176,83.84427531838259,33766300
2023-12-05,85.76609802246094,85.77516518439775,84.82331375135706,84.87770289054176,73588600
2023-12-06,86.90831756591797,87.07149189820134,86.00179503461433,86.19216393624193,61606100
2023-12-07,86.40973663330078,87.09869576719372,86.174038813455,86.28282401866508,47970200
2023-12-08,85.70262908935547,85.86580339907685,85.13152246343914,85.59384391080218,44809200
2023-12-11,85.5213394165039,85.61199721017023,84.78705831809334,85.22219221254836,33909700
2023-12-12,85.77517700195312,85.8476935587842,85.12247957693995,85.34911024305735,36996900
2023-12-13,87.78764343261719,87.91456295689024,86.13777261168877,86.27375238209541,70828500
2023-12-14,90.07125854492188,90.07125854492188,88.59795801097572,88.816229382413,87798600
2023-12-15,90.17130279541016,90.3531886764043,89.65292040222512,89.75295971832237,59941300
2023-12-18,89.45282745361328,89.58014893763242,89.14361317920931,89.58014893763242,34746000
2023-12-19,89.93482971191406,90.27132616466132,89.72566167957147,89.90754752843463,30018400
2023-12-20,90.5441665649414,90.66239862653525,89.65291607716387,90.1349198831968,51229400
2023-12-21,89.97122955322266,90.7988193813774,89.80752947512033,90.70787643543211,65231200
2023-12-22,89.56196594238281,90.38045924008446,89.34369458706172,90.38045924008446,29244200
2023-12-26,89.81660461425781,89.91664391269408,89.56196165042016,89.61652601738525,24019700
2023-12-27,91.40815734863281,91.42634316354685,90.4896175791691,90.74426061898025,45082800
2023-12-28,90.74423217773438,91.46269306544998,90.54415358387682,91.02615732080622,36213000
2023-12-29,89.92574310302734,90.78062195021698,89.8529929186823,90.15310390804576,41616200
2024-01-02,89.40737915039062,89.71659351689065,89.12545391445144,89.33462895106933,47797400
2024-01-03,89.7802505493164,89.89847568949338,88.35242473670785,88.5615928261365,58159500
2024-01-04,88.41606903076172,88.79803350959321,88.27965116303591,88.59795489539549,52604500
2024-01-05,87.57027435302734,88.83439966972392,87.4975172419297,87.76125656578365,45894800
2024-01-08,88.43424987792969,88.56157136372684,87.38838886873825,87.51571729303599,39485800
2024-01-09,87.87040710449219,88.37059671632055,87.84311797933688,87.88859291609454,34374000
2024-01-10,87.4611587524414,88.26147328113025,87.41569075144874,88.1432412138458,48227800
2024-01-11,87.9522476196289,88.06138329724585,87.04280445498979,87.4611474781037,78858900
2024-01-12,87.77947235107422,88.46155488892141,87.55211150512515,88.01592957364191,38883900
2024-01-16,86.23341369628906,87.11557481018922,85.951488492734,86.96097111394946,61716700
2024-01-17,86.09698486328125,86.39710278028456,85.63317383354982,86.03332411772001,55506800
2024-01-18,85.29669189453125,86.015152967464,85.04204886888462,85.90601726854314,77339100
2024-01-19,85.56951904296875,85.64227617414477,84.81468635714887,85.22393307763558,47030900
2024-01-22,86.07878875732422,86.46984955857198,85.84233161416277,86.23339241541053,35756400
2024-01-23,85.39672088623047,85.47856744664304,84.96928145696155,85.38762451112866,35786700
2024-01-24,84.89653015136719,85.97876989211076,84.6691693277489,85.95148770343684,54574900
2024-01-25,85.45127868652344,85.6877358514724,85.09659640835034,85.48765724563103,57019400
2024-01-26,85.28758239746094,85.55132175873547,85.02384303618642,85.42400026549963,29276900
2024-01-29,86.269775390625,86.55170053904848,85.59678942092037,85.76957889648618,38243600
2024-01-30,87.05191040039062,87.1610391515051,86.16065294811415,86.83364595966022,40151400
2024-01-31,87.90680694580078,88.13416780762398,87.30657094010618,87.50664960867105,80646700
2024-02-01,89.63114166259766,90.02346066815807,88.67315824959485,88.88299925208992,84291200
2024-02-02,87.65132904052734,88.15313500093181,87.3046311702282,87.83380013840559,63823300
2024-02-05,85.88133239746094,86.53823950429225,85.78097120276024,86.33751711489087,53827400
2024-02-06,86.72071838378906,86.81195393596828,85.95432443166541,85.98169440123654,33411500
2024-02-07,86.30103302001953,86.88495594022105,86.23716742948884,86.28278869165104,40120200
2024-02-08,85.79920959472656,86.03642756116994,85.45251176748265,85.78095831070958,50087700
2024-02-09,85.6258773803711,85.77185984360966,85.45253190630902,85.54376746541963,27951300
2024-02-12,85.72621154785156,85.89043828678867,85.30652253964,85.67147162181412,27890300
2024-02-13,84.25731658935547,84.90509805797487,84.23907226327633,84.72262695387766,49768500
2024-02-14,84.68611907958984,84.8959670836625,84.14782452786174,84.21169010113161,44191600
2024-02-15,85.12408447265625,85.50727802509192,84.85037081472936,85.36129555131025,49598500
2024-02-16,84.63138580322266,84.71349570638667,84.24818537264606,84.37592349005557,33116800
2024-02-20,84.70439147949219,85.023726412515,84.59491158092686,84.65877717536587,24469300
2024-02-21,84.10221099853516,84.75911807580034,83.94710987218811,84.69525249666768,36343100
2024-02-22,84.51277160644531,84.63138407858861,84.18431807883064,84.23906497398363,45190700
2024-02-23,85.64411163330078,85.76271714047017,84.62225547636818,84.62225547636818,38406700
2024-02-26,85.3886489868164,85.79009375113648,85.0237067946994,85.76272378281031,27855000
2024-02-27,84.78649139404297,85.2791717214591,84.71350016905696,85.06932368983088,30242000
2024-02-28,85.32476806640625,85.39775927603688,84.75910359383113,84.92333033508758,34574200
2024-02-29,85.92694854736328,86.03643537893775,85.561999402941,85.59849501346582,51038600
2024-03-01,86.46235656738281,86.49896684976511,85.12611268256678,85.51966448980487,45832800
2024-03-04,86.11455535888672,86.17862858485766,85.7393122147659,85.75761386311702,23864200
2024-03-05,87.34098815917969,87.56979720214278,86.91998035805133,87.15794371788834,37721900
2024-03-06,87.85350799560547,88.01825076674726,87.32267638432373,87.3958899627335,40571600
2024-03-07,87.77116394042969,88.22878209759283,87.3867663642604,88.1921718070959,39075000
2024-03-08,87.61556243896484,87.90843773677283,87.38675339434305,87.67962869215103,25023200
2024-03-11,87.56977081298828,87.87180033453043,87.28604991967666,87.82603574664984,17787900
2024-03-12,86.83760070800781,87.1396303039984,86.66371059312932,86.98404183916595,29566000
2024-03-13,86.4166030883789,86.70947840242569,86.22440431816366,86.48982366256517,38270100
2024-03-14,85.08950805664062,85.80339115380866,84.988831519071,85.78508950274957,58365600
2024-03-15,85.06206512451172,85.29087420265365,84.92477828108677,85.17188901309254,34997700
2024-03-18,84.80577850341797,85.10780110289308,84.65933737895973,84.86984474969415,29519500
2024-03-19,85.04375457763672,85.36408588330015,84.83325414078594,84.97968831650404,26953100
2024-03-20,85.01628875732422,85.84000272124831,84.46714844227414,85.20848751845685,43460100
2024-03-21,85.1993179321289,85.510501810596,84.86983938830593,85.36406069538873,34276600
2024-03-22,86.01388549804688,86.22438587543515,85.83083410173448,86.20608422715229,30262300
2024-03-25,85.583740234375,85.80339497034359,85.3915414675652,85.76678468389913,24011800
2024-03-26,85.82169342041016,85.91322262445564,85.37322964791845,85.58373704144601,34423000
2024-03-27,86.6728515625,86.6728515625,85.97727718866652,86.02303480177041,50157800
2024-03-28,86.59964752197266,86.96573639790792,86.3250738823235,86.48066235286575,34540400
2024-04-01,84.9853286743164,85.67402661493227,84.90268127842768,85.66484201410069,48945400
2024-04-02,84.51701354980469,84.66393213661877,83.87422459082428,84.08542837875446,43086300
2024-04-03,84.49864959716797,84.52620340184284,83.6079394083662,83.8007740063005,45494400
2024-04-04,85.10470581054688,85.17816861022096,84.51701742475046,85.05878980930102,47957400
2024-04-05,83.92012786865234,84.64555710916196,83.91094326905692,84.19560981014094,42495900
2024-04-08,83.91095733642578,84.1037919254771,83.68139134863165,83.77322334838767,37879800
2024-04-09,84.69151306152344,84.81088488940034,84.33338356629253,84.3609373780796,32522000
2024-04-10,82.8458023071289,83.83752938511925,82.68969906498235,83.74569735486807,74368900
2024-04-11,82.46929931640625,83.0478102023192,82.19382428074235,82.99270959054695,65751200
2024-04-12,82.9100570678711,83.5161076624231,82.90087246628443,83.23144806542126,47900100
2024-04-15,81.62448120117188,81.96424138162119,81.28472102072256,81.92750998326468,55993100
2024-04-16,81.08273315429688,81.33984601409995,80.61441644205557,80.85316710007271,45103200
2024-04-17,81.98262023925781,82.07444525091178,81.2296439344164,81.60613558973677,57947000
2024-04-18,81.56941223144531,81.97344372374383,81.34902377477339,81.94589691810984,43839500
2024-04-19,81.86325073242188,82.08363216776384,81.64286929707993,82.08363216776384,44826800
2024-04-22,81.72549438476562,81.83568858467514,81.40410339227732,81.43165019080514,24969000
2024-04-23,81.7530517578125,82.22136841075556,81.31228891275948,81.47757673110414,27222700
2024-04-24,81.17454528808594,81.38574210119596,80.348106222919,81.32146389644957,48986800
2024-04-25,80.60521697998047,80.71541118778353,80.20117855716795,80.31137276497101,49282600
2024-04-26,81.02761840820312,81.36737863129744,80.85315300135905,81.03680301039454,31589800
2024-04-29,81.70713806152344,81.74386245833516,81.24800603759125,81.41329384643879,39228600
2024-04-30,81.00924682617188,81.47756340250484,80.89905263003531,81.19289681393487,41054700
2024-05-01,81.60638427734375,82.20534854748884,81.3115105331662,81.64324437415902,59679500
2024-05-02,81.95654296875,82.02104637373293,81.1179916736281,81.28385857649046,58925400
2024-05-03,82.7858657836914,83.04388641941492,82.26062179264106,82.86880274561697,50066100
2024-05-06,83.1083984375,83.16368506428688,82.62922423753297,82.8135247107296,23868200
2024-05-07,83.61518859863281,84.07592912412944,83.49539859292699,83.76262894135613,30525800
2024-05-08,83.1083984375,83.3571952883852,83.08075512410656,83.21897169107378,31171700
2024-05-09,83.51385498046875,83.64286181130602,82.76745731200384,82.81353419316501,39606700
2024-05-10,83.04389190673828,83.28347196736858,82.89645153372524,83.1913252494074,21913800
2024-05-13,83.2558364868164,83.4954236003284,83.21897639009575,83.4401369704197,23157500
2024-05-14,83.72577667236328,83.78106329087487,83.32032272236323,83.53226647722957,25746400
2024-05-15,84.86841583251953,85.0158561968583,84.4353185502038,84.65647909671195,65142900
2024-05-16,84.78546905517578,85.16327261063077,84.72096566617897,85.1356293053953,37902400
2024-05-17,84.21417999267578,84.59199072064527,84.16810311304958,84.44455033011725,24755000
2024-05-20,83.96537017822266,84.14966360762887,83.86400668294614,83.92851008627268,17922800
2024-05-21,84.3984603881836,84.5643272866841,84.25102705081852,84.5274742251006,15334400
2024-05-22,84.49980926513672,84.57352943623769,84.09436238476633,84.1035721333971,38073700
2024-05-23,83.9561538696289,84.59197815623901,83.68892347424703,84.59197815623901,51294700
2024-05-24,84.2049560546875,84.28789302489747,83.76264898138155,83.82715238916968,19164400
2024-05-28,82.99781036376953,84.18652194052976,82.96095027258974,84.1588786297308,45973700
2024-05-29,81.99337768554688,82.38039799566566,81.71693058955249,82.32510435826177,45508400
2024-05-30,82.7858657836914,82.90566283643462,82.41727893620191,82.56471226912902,29548600
2024-05-31,83.34796905517578,83.54148628767273,83.1636756332229,83.37561939577778,41308800
2024-06-03,84.69608306884766,84.76080686869904,83.78070159827378,83.8084393618722,42272100
2024-06-04,85.6854248046875,85.80563116953672,85.05667638375758,85.25084775655539,42581500
2024-06-05,86.31419372558594,86.31419372558594,85.42654993010662,85.99057469406209,43153900
2024-06-06,86.1847152709961,86.38813489069148,85.8610963552822,85.91657186815793,22891900
2024-06-07,84.60362243652344,84.9087519481946,84.51116087205601,84.9087519481946,35240500
2024-06-10,84.03958892822266,84.19677427680504,83.81767978584962,84.1412987548029,20586500
2024-06-11,84.90873718261719,84.94572321284534,84.06732086724547,84.16903068678191,30329200
2024-06-12,85.54674530029297,86.51760940418815,85.51900753521576,86.00906019655439,42554600
2024-06-13,86.80423736572266,86.9059472013712,85.94433142619906,86.19398540619643,33093800
2024-06-14,87.53468322753906,87.69186856772818,87.13709221423687,87.30352582572067,28776700
2024-06-17,86.6655502319336,86.73951525117978,86.24946260864333,86.47137177511235,31040200
2024-06-18,87.46072387695312,87.46997214959188,86.6655487891466,86.81348587954139,26881000
2024-06-20,86.87821197509766,86.91519801226501,86.30493898055164,86.36966983636846,30246300
2024-06-21,86.87821197509766,87.35902340390793,86.53609642207363,87.13710718090383,22596400
2024-06-24,87.22955322265625,87.22955322265625,86.67477687260845,86.96141684605163,56939100
2024-06-25,87.37750244140625,87.42373674592525,86.95217364641626,86.97991140738189,22890200
2024-06-26,86.1292495727539,86.4251307657463,86.09226354183434,86.24944888246941,38489100
2024-06-27,86.47136688232422,86.64704878361945,86.3789053227243,86.47136688232422,23140800
2024-06-28,84.86250305175781,86.70251396953118,84.86250305175781,86.66553499359267,55119600
2024-07-01,83.39788055419922,84.48313651647268,83.3143955157461,83.87093649049127,49735400
2024-07-02,84.04717254638672,84.2326838354766,83.55556126117666,84.11210220524839,34204700
2024-07-03,85.15099334716797,85.23447131355402,84.49241192059806,84.56661927525423,35563300
2024-07-05,85.85594177246094,86.0136341699138,85.24374879007726,85.58694542010349,34895500
2024-07-08,86.04145050048828,86.12492845729632,85.54056152923397,85.83738383699927,16095700
2024-07-09,85.66114807128906,85.96724808407568,85.21591812251076,85.77245909688486,30289800
2024-07-10,85.93016052246094,85.9672642046172,85.57768615718207,85.75391980141963,23572500
2024-07-11,86.76497650146484,87.32151758547707,86.70004682627682,86.89483585184091,49761800
2024-07-12,87.13599395751953,87.13599395751953,86.57944587521537,86.7556865730652,27796500
2024-07-15,86.13420104980469,86.54233435264106,86.05999370805233,86.26406035947052,37918900
2024-07-16,87.34933471679688,87.3864383955408,86.6258306732982,86.75569001050036,36383700
2024-07-17,87.36787414550781,87.56266311575222,86.90408886107778,87.11742612890657,29036800
2024-07-18,86.70005798339844,87.32152882257355,86.6165729178111,86.89484703402923,34553100
2024-07-19,86.18986511230469,86.4124871688012,86.09710946049911,86.30117614055295,32164700
2024-07-22,85.9394302368164,86.74641224921305,85.61478189408194,86.6351082898773,36160400
2024-07-23,85.81884765625,86.29191074770661,85.79102166442378,86.08784403857616,23498000
2024-07-24,84.8912582397461,86.12492883678225,84.84488395580463,85.88375849915965,50757100
2024-07-25,85.58692932128906,86.13419961157263,85.29938472280197,85.36431437655072,44999100
2024-07-26,86.25481414794922,86.40322888561222,85.99509543384315,86.21771046353346,34423800
2024-07-29,86.71859741210938,86.90411582953335,86.46815639459203,86.88556044938895,25801300
2024-07-30,87.05249786376953,87.23801622658831,86.54233828882224,86.95974222076111,28169800
2024-07-31,87.94296264648438,87.97078863103326,87.41424770965027,87.68324402162577,47445300
2024-08-01,88.70145416259766,89.25985742827345,88.5246330888333,88.543243217506,77254200
2024-08-02,91.4655532836914,91.54931664111626,90.1719323555543,90.27430584774312,91912900
2024-08-05,91.9494857788086,93.01044078314617,91.111887854228,92.7777750874512,90686300
2024-08-06,89.89270782470703,91.58652077467858,89.89270782470703,91.34454648176936,61316900
2024-08-07,89.25987243652344,89.76242409950325,88.87829728084603,89.2970927001271,51337100
2024-08-08,88.71075439453125,88.78520910297152,88.2640332442814,88.52462472382237,37815800
2024-08-09,89.5855941772461,89.84617859918195,89.42737612073392,89.81825985403067,32141800
2024-08-12,89.91133880615234,90.10677715325635,89.23195179921497,89.371552647259,24261400
2024-08-13,90.53488159179688,90.60933632445057,90.25568699493674,90.55349882515735,30366900
2024-08-14,91.10257720947266,91.35386013144765,90.74892791603361,90.78615527856299,31334100
2024-08-15,90.36734771728516,90.36734771728516,89.53905847344993,89.72519527567823,38723700
2024-08-16,90.68378448486328,90.77684934373852,90.28359920134551,90.68378448486328,28541000
2024-08-19,91.10257720947266,91.35386013144765,90.65586305990685,90.66516457524415,25322100
2024-08-20,91.82848358154297,92.00531176026912,91.31662337530344,91.50275306841006,25239300
2024-08-21,91.88436126708984,92.32176691348582,91.40041253006314,91.82851665872816,29230000
2024-08-22,90.9722671508789,91.48413440978744,90.67445540943902,91.41898831323472,33453800
2024-08-23,91.56790161132812,91.82848602877905,91.16771637013053,91.38177191326113,32005100
2024-08-26,91.33524322509766,91.85641210157735,91.27940573130152,91.84711058620694,23198700
2024-08-27,91.1770248413086,91.27939830520178,90.65585600722896,90.7303036261026,21507700
2024-08-28,91.06533813476562,91.39106863951284,90.9536631619337,91.21424756573148,18501400
2024-08-29,90.76753234863281,90.86990581406316,90.3952658471036,90.61863000825689,24988200
2024-08-30,89.79964447021484,91.19563855962812,89.7810343398623,90.90713538660852,42896200
2024-09-03,91.2683334350586,91.557775486637,90.9602135665074,91.090929791317,48947900
2024-09-04,92.44481658935547,92.46348728888876,91.32438228279544,91.38974041641544,40885200
2024-09-05,92.96765899658203,93.07036562773523,92.23004188352753,92.75290682503429,47450900
2024-09-06,92.95832061767578,94.0974253526004,92.61285933228103,92.94898883188175,57406400
2024-09-09,93.35980224609375,93.46250887124403,92.58484378836911,92.80892773256056,26961400
2024-09-10,94.01338958740234,94.21880283569085,93.20107550285236,93.2477629223725,31703400
2024-09-11,93.938720703125,94.52694389836944,93.6959588712057,93.82667513681558,39497100
2024-09-12,93.49986267089844,93.88267959056535,93.07970436133769,93.70527593281722,41618700
2024-09-13,93.75196075439453,93.93869619268509,93.38781453977735,93.798641052217,25722100
2024-09-16,94.6109848022461,94.6483333263026,93.75199011945409,93.95739631651104,30866300
2024-09-17,94.15343475341797,94.90039070216498,94.06006704069956,94.7416648781937,31699400
2024-09-18,92.98633575439453,94.05075064879256,92.93965545214527,93.59323667164307,48897000
2024-09-19,92.67823028564453,92.72491059158139,92.22071627235283,92.36077143716659,39979800
2024-09-20,92.32341766357422,92.66888610065168,92.17403072017665,92.42612430369181,37067600
2024-09-23,92.12732696533203,92.51947563618752,91.52042614224621,91.96860114000957,35703900
2024-09-24,92.1086654663086,92.33274942580836,91.36170943664187,91.50176458264197,31005400
2024-09-25,91.343017578125,91.80052430045787,91.30566907294491,91.74450510443722,36738200
2024-09-26,91.55780029296875,91.73520398477545,90.9602382109379,91.5671392039854,33332300
2024-09-27,92.03398132324219,92.21138500791189,91.69785177518466,92.005971714821,28317600
2024-09-30,91.59513092041016,92.16468328163084,91.38971765918295,92.09932516428587,34175500
2024-10-01,92.25646209716797,93.04330132805622,92.16279263186564,92.54684673008396,45254200
2024-10-02,91.47900390625,91.54457325005646,90.91697279188321,91.1979883490666,35810800
2024-10-03,90.6172103881836,91.33848019072848,90.6172103881836,91.1792342579648,39677800
2024-10-04,89.5025405883789,89.88658753120586,89.36203282040925,89.39950203496929,56954100
2024-10-07,88.8281021118164,89.24024914688319,88.76253277806568,88.96860986885977,42606600
2024-10-08,88.97797393798828,89.01544315052992,88.36911174059934,88.41595004290677,33709600
2024-10-09,88.47215270996094,88.90304509272266,88.26608275512407,88.67822981131957,35807700
2024-10-10,88.12557220458984,88.13493414779433,87.49797897685626,87.9382261426773,53667400
2024-10-11,87.76961517333984,88.11620001579745,87.50733784240816,87.56354523226587,27406400
2024-10-14,87.83517456054688,87.84454364888252,87.09518095200208,87.151381188975,28795300
2024-10-15,88.9030532836914,88.98735366209316,88.39722957371366,88.48152995211541,46429100
2024-10-16,89.2777099609375,89.56809453725216,89.1184711863099,89.35264837718132,32281500
2024-10-17,87.8633041381836,88.46279730653566,87.74152739845682,88.3222895319014,43427200
2024-10-18,87.9288558959961,88.31290278023704,87.91948680715484,88.0974637625343,25258600
2024-10-21,86.39266967773438,87.19823280063115,86.39266967773438,87.13266345993529,49504700
2024-10-22,86.47695922851562,86.88911340216939,86.26151305232719,86.78607485875595,32096900
2024-10-23,86.2427749633789,86.52379044906192,85.85872808923416,86.02732880481918,33354200
2024-10-24,86.79545593261719,87.11393354967241,86.13975537067405,86.39267079270942,32507400
2024-10-25,86.308349609375,87.15138897185686,86.19594197887038,87.10455067251632,28667100
2024-10-28,86.07418060302734,86.44886559387157,85.6339262747745,86.43012741374238,33156500
2024-10-29,86.20531463623047,86.23341475838946,85.2217746280588,85.39974445057287,46545200
2024-10-30,86.4582290649414,87.3855688184579,86.327090398647,86.96404555120762,41951100
2024-10-31,86.5987319946289,87.05772448547957,86.05544628250361,86.36455477761095,52173800
2024-11-01,85.3778305053711,86.95681319016498,85.3402419965374,86.71245202953263,80402000
2024-11-04,86.70306396484375,87.0038222738852,86.1203416039193,86.73125893590331,49747600
2024-11-05,87.16361236572266,87.31399512938935,86.09216027185437,86.49630498590257,46986000
2024-11-06,84.77632904052734,85.26506578993016,84.16541885973972,84.25000377561102,98895700
2024-11-07,85.83837127685547,86.11093457214272,85.19925907392319,85.29324468628093,56221400
2024-11-08,86.92863464355469,87.03202098898312,86.31771728528958,86.46810003160148,56756200
2024-11-11,86.50569152832031,86.7500598939193,86.11094759433678,86.70306349531208,22369200
2024-11-12,85.20865631103516,86.32709724256802,85.06767431292734,85.87596345339374,57908400
2024-11-13,84.40038299560547,86.03575583661797,84.32519162643064,86.01695440900244,49009100
2024-11-14,84.88909912109375,85.55640628297739,84.84210273013528,85.11466602228086,53328300
2024-11-15,84.66352844238281,85.19925429045071,84.12780259431491,84.51314573453952,73722400
2024-11-18,84.81391906738281,85.14287233600575,84.04322547919044,84.26879958108343,36010600
2024-11-19,85.24625396728516,85.59400864385613,85.17106977478156,85.35904101200514,29585100
2024-11-20,84.97370147705078,85.36844539457397,84.6917374384523,84.72933312164164,27755400
2024-11-21,84.90789794921875,85.38723391437617,84.58834541954239,85.01128427838296,28365700
2024-11-22,84.95489501953125,85.24625258369181,84.72932810439542,85.06768206242064,21547500
2024-11-25,87.15419006347656,87.20117928363416,86.45868076697641,86.65605270118024,56858000
2024-11-26,86.81583404541016,86.88162468856692,86.28950172951382,86.61846211593989,31122200
2024-11-27,87.41737365722656,87.76512121843139,87.09781389837856,87.44556863022758,39442200
2024-11-29,88.31963348388672,88.33842773911276,87.82150325800251,88.14105579134598,31905700
2024-12-02,88.53182983398438,88.79590572145777,87.71130215888208,87.96594470879478,39406000
2024-12-03,87.76790618896484,88.68274584483576,87.70188720325919,88.58843403604625,32768900
2024-12-04,88.71101379394531,88.83362558696898,87.27745599392712,87.34347496112149,35851100
2024-12-05,88.89021301269531,89.02225094975098,88.3337684487504,88.39035408019485,23695800
2024-12-06,89.02228546142578,89.45612559358717,88.6733238093363,89.33352094608418,31761500
2024-12-09,88.20174407958984,88.6921769859868,88.15459177412872,88.64501748499607,30509600
2024-12-10,87.78675842285156,87.99424868536416,87.6264276547386,87.7301655904663,28706500
2024-12-11,86.9568099975586,87.9848281213879,86.87193152995057,87.777337828751,38748400
2024-12-12,85.9004898071289,86.53238670793309,85.82503749778648,86.42864158146932,45368400
2024-12-13,85.02340698242188,85.68359693704727,84.95738798695933,85.63644462344878,39486000
2024-12-16,85.27803802490234,85.46666884023361,84.92908360871678,85.40064985375012,23482300
2024-12-17,85.48552703857422,85.81562196602802,85.31576290509372,85.37234855107731,23839900
2024-12-18,84.4166030883789,85.56222902215889,84.39766306304192,85.183507973954,61328400
2024-12-19,83.13842010498047,83.68756527332769,82.85438473147569,83.38458987415393,99083300
2024-12-20,83.61180877685547,84.1798938972158,83.59287597714456,83.82010569118727,45542400
2024-12-23,82.84488677978516,83.53605301354547,82.78808116894216,83.46977739306168,32764600
2024-12-24,83.1952133178711,83.21414611556713,82.35256296211637,82.40936857870607,22377600
2024-12-26,83.14787292480469,83.28042418306579,82.56085505000422,82.57032506088053,19981800
2024-12-27,82.46617889404297,83.11000240491583,82.42830607299139,82.82596708228199,27262300
2024-12-30,83.12893676757812,83.35616645491527,83.00584830166514,83.15733957555757,48519600
2024-12-31,82.68395233154297,83.58340842608797,82.61767669535021,83.44138714181703,31917300
2025-01-02,82.91117858886719,83.43192086827374,82.57033041025603,83.12894551211964,27841300
2025-01-03,82.64608764648438,83.20469560319181,82.54193917599598,83.05321151561989,21962200
2025-01-06,82.2768325805664,82.58927797674838,82.05906563742363,82.41885387187665,30231500
2025-01-07,81.34896087646484,82.15373850786526,81.22587961822794,81.99278442628567,41757200
2025-01-08,81.45309448242188,81.61404853465271,80.79980104001292,80.92288949930801,44590800
2025-01-10,80.9134292602539,81.28268023572687,80.62939393792962,80.74300517745853,47115800
2025-01-13,80.8850326538086,81.10279958544388,80.51578165001611,80.97971110184467,33258900
2025-01-14,80.75247192382812,80.81874755204119,80.37375095253846,80.69566630636027,33412900
2025-01-15,82.1442642211914,82.3525611086678,81.8034160823212,82.08745138237875,54120700
2025-01-16,82.40936279296875,82.75021091558014,81.68979373151122,82.03064185412262,34651100
2025-01-17,82.55139923095703,82.82597178153276,82.40937794983132,82.77862894665671,29875600
2025-01-21,83.28988647460938,83.47924333357506,82.96797114616633,83.21414084162264,30548600
2025-01-22,82.8543701171875,83.29936673637447,82.67447602257948,83.19521828407531,25278400
2025-01-23,82.21055603027344,82.36204010875724,81.92651345079985,82.03066191503997,31949000
2025-01-24,82.57980346679688,82.63660909082596,81.99278553232034,82.10640400388105,21110400
2025-01-27,83.55500793457031,83.72543203572825,83.17628690716349,83.46979949574273,42864200
2025-01-28,83.4981918334961,83.50765462095461,82.99638960512388,83.16680646139953,25519100
2025-01-29,83.32776641845703,83.90531427825383,82.96797824274651,83.72542019039857,25342800
2025-01-30,83.64019012451172,83.99050822903533,83.4792360860146,83.70647296524638,25094900
2025-01-31,83.09107971191406,83.94320023045694,82.77863431786453,83.67809045085247,48790100
2025-02-03,83.76760864257812,84.66077010205858,83.42554433919403,84.16668124676781,70657200
2025-02-04,84.02415466308594,84.0431550139166,83.12148938848355,83.18800149030399,33414000
2025-02-05,85.41138458251953,85.68693670059243,84.93629622362276,84.993304506923,48331200
2025-02-06,85.37338256835938,85.65843850318805,85.08833388280426,85.38288636599329,22509900
2025-02-07,84.82228088378906,84.99331300005356,84.5087280450323,84.7937767392906,31171200
2025-02-10,84.56575012207031,85.06934275504808,84.42322212706577,84.81279816345987,22736100
2025-02-11,84.02415466308594,84.26169891948398,83.97664291209617,84.11917091579008,21513000
2025-02-12,82.88392639160156,83.2354871720447,82.53235836188466,82.94093468047909,48536200
2025-02-13,84.2616958618164,84.46123216003699,83.68208731729585,83.70108766743704,42718100
2025-02-14,84.70825958251953,85.21185210530895,84.67975543961045,84.92679617767139,27460700
2025-02-18,83.71058654785156,84.41371545015797,83.65357825150298,84.12866671914037,29429200
2025-02-19,83.81510162353516,84.04314204468982,83.51104531223753,83.56805360520762,20584300
2025-02-20,84.12865447998047,84.33769453521342,84.04313479862441,84.04313479862441,27913400
2025-02-21,85.14533996582031,85.44939623877184,84.3946994561927,84.44221119385868,46912300
2025-02-24,85.39239501953125,85.57292368919998,84.81278656855369,84.87929865722616,26218000
2025-02-25,86.86517333984375,86.94118923419137,86.27606828183639,86.43759662036908,50125100
2025-02-26,87.3782730102539,87.47328925709331,86.65613648557951,86.86517657819117,32220200
2025-02-27,86.7606430053711,87.21673106807826,86.59911468599987,86.7606430053711,53373600
2025-02-28,87.8248519897461,87.87236373490639,86.91268302700963,87.27374764269453,49388600
2025-03-03,88.23469543457031,88.36813827293457,87.0908975994226,87.12902516353944,42904200
2025-03-04,87.1480941772461,88.44440240076604,86.9955839052602,88.11079527090943,56722000
2025-03-05,86.45230102539062,87.50079123476921,86.36651942940068,87.27202576794558,50215900
2025-03-06,86.16635131835938,86.54761980757388,85.52773078037771,86.24260647062059,42827500
2025-03-07,85.88993072509766,86.89075958721908,85.77554799819788,86.87169216335671,36903600
2025-03-10,86.78589630126953,87.33872787681602,86.65245344454208,86.81449016026966,41440800
2025-03-11,86.16635131835938,87.20530049757505,85.9185257095562,86.7096565520603,40555700
2025-03-12,85.65164184570312,86.14728580219517,85.57538669175305,85.7850847290699,32734600
2025-03-13,86.40463256835938,86.46182028946285,85.19410580967083,85.38474366683354,38675400
2025-03-14,85.94711303710938,86.17587847649477,85.65163343468369,85.7946100162768,24658000
2025-03-17,86.37604522705078,86.90981672321149,86.14727978118941,86.54761567540119,26700300
2025-03-18,86.46182250976562,86.75730210584229,85.89945717889834,85.91851732905873,23654700
2025-03-19,86.9098129272461,86.94794049989102,86.14727601852938,86.43322917732087,31378700
2025-03-20,86.96698760986328,87.9201549667906,86.89073974809736,87.88202739986274,35645800
2025-03-21,86.45230102539062,87.15765030662565,86.37605314187464,87.05280128568779,29192100
2025-03-24,85.56584167480469,86.03289897697402,85.49912024193632,85.97570398302202,27985600
2025-03-25,85.55631256103516,85.86132585491035,85.31802069794232,85.37520841801563,22333800
2025-03-26,84.99395751953125,85.40381989950183,84.91770236230602,85.20365556585462,25095600
2025-03-27,84.74612426757812,84.86049971121572,84.47923126421192,84.68892927366855,23674500
2025-03-28,85.91850280761719,86.10913336536528,85.60395584245217,85.67067726487296,39869400
2025-03-31,86.766845703125,87.06232533286841,86.12822515467043,86.95748358690437,38824300
2025-04-01,87.51872253417969,87.92049728317886,87.2508775669989,87.289142176343,39800100
2025-04-02,87.46131896972656,88.36051893785233,86.72474539671919,88.36051893785233,43488400
2025-04-03,87.86308288574219,88.70488956231168,87.85351491035567,88.50399857032899,57467400
2025-04-04,88.81969451904297,90.00586827536212,88.79099788515089,89.58497214789759,92794200
2025-04-07,86.14122772216797,88.18833675605721,85.90207940233766,87.8917878766729,124987600
2025-04-08,84.5150146484375,86.28471075302464,84.39066014966414,85.40464668887275,73861900
2025-04-09,85.01244354248047,85.05070814772205,82.16179248691422,83.4818885257262,131353500
2025-04-10,82.66879272460938,84.35239900646174,82.60183148433144,83.93149561144169,78592000
2025-04-11,83.11839294433594,83.51059970846539,81.31043215440792,82.14267096970329,94814100
2025-04-14,83.71147918701172,83.90279492191685,83.05142749460235,83.60625334334566,37596400
2025-04-15,84.00801849365234,84.36196062170495,83.26187693018272,83.36710277100303,22553900
2025-04-16,84.47676086425781,84.65851594578923,83.67322591097286,83.98890348471843,35607300
2025-04-17,83.7306137084961,84.37152949338959,83.4436400860292,84.21847835438618,31758400
2025-04-21,82.26703643798828,83.29059113429922,82.2479077802699,82.84099104651453,39343200
2025-04-22,82.7261962890625,83.24275027668232,82.64966706933063,83.05143452558076,32552100
2025-04-23,83.52971649169922,85.19418658749385,83.38622605452815,85.02199952253393,44082200
2025-04-24,84.4097900390625,84.51501588503633,83.95062934592909,84.20890632353819,24190800
2025-04-25,85.03158569335938,85.24203740648021,84.75417273499359,85.04115367074533,22513900
2025-04-28,85.56725311279297,85.64378231526241,84.76371838154311,84.81155095764312,20130500
2025-04-29,86.28472137451172,86.29428935197286,85.42379315694787,85.44292181364173,22129500
2025-04-30,85.58641052246094,86.14123643214181,85.4524880336729,85.88295213360183,42630600
2025-05-01,85.1524429321289,85.7189062099441,84.77799936626539,85.69970716878193,29932800
2025-05-02,84.23072052001953,84.55715543873463,84.04829669774863,84.21151415710617,32090400
2025-05-05,83.76026916503906,83.923493967621,83.36662658253442,83.8658821975583,22862800
2025-05-06,84.03871154785156,84.03871154785156,83.18421134189337,83.33783297783688,21095200
2025-05-07,84.3939437866211,84.6915765065278,84.31713297984463,84.41314282577436,23161600
2025-05-08,83.4530258178711,84.54755412551985,83.42422359794583,84.50914872392569,25483700
2025-05-09,83.57785034179688,83.82747447988109,83.45303094767296,83.52984175558278,17007900
2025-05-12,82.8001480102539,83.31860994020394,82.75214675243785,82.93456325226896,32115000
2025-05-13,82.464111328125,82.84815802268666,82.08966781532477,82.69453641482943,53912200
2025-05-14,81.9168472290039,82.44491235004801,81.80163102302662,82.32969614407072,42119800
2025-05-15,82.6369400024414,82.87696829422555,82.07047674987027,82.21448786487504,59448000
2025-05-16,82.85775756835938,83.42422074104132,82.76174040512144,83.40502170344242,31778200
2025-05-19,82.61774444580078,82.68495207733093,81.44640516049024,81.52321597511968,49361900
2025-05-20,82.0224609375,82.18567840351842,81.66721645991741,82.0224609375,35493100
2025-05-21,80.62069702148438,81.66721676941957,80.41907415238902,81.30237643368723,77053100
2025-05-22,81.04314422607422,81.06234326360246,79.97741817877002,80.18863689190506,61747900
2025-05-23,81.17755889892578,81.43678619169853,80.9471264997044,81.3887776105905,47139200
2025-05-27,82.31050109863281,82.59853063992666,81.75363373035019,81.9456534245461,56773400
2025-05-28,81.95525360107422,82.12807424954505,81.58081008356766,82.00326218540337,34806800
2025-05-29,82.7137451171875,82.81935814430534,82.2240853846486,82.34889745075074,38933200
2025-05-30,82.83854675292969,83.02097056317874,82.45450009586467,82.65612294268064,49042100
2025-06-02,82.0676040649414,82.36634473903429,81.7110371602485,82.19288075193364,46213100
2025-06-03,81.92306518554688,82.62655284664018,81.80742005457829,82.3374510477454,33731300
2025-06-04,83.25294494628906,83.50350570200666,82.53981840562425,82.67473403892973,57441500
2025-06-05,83.31076049804688,83.77333361683709,83.08911654606324,83.53241180238079,37664700
2025-06-06,82.25070190429688,82.80964225066947,82.18324409368984,82.67472662945538,38130100
2025-06-09,82.33743286132812,82.5301673513541,81.95195652892669,81.95195652892669,26560800
2025-06-10,82.76145935058594,83.05056846990554,82.41453134834254,82.97347172444027,24857000
2025-06-11,83.01201629638672,83.26257703150152,82.59763049892184,82.693997750166,36334800
2025-06-12,84.00462341308594,84.03353285682371,83.4553219250157,83.73479213506559,43017800
2025-06-13,83.19512939453125,83.725153017367,82.66509841934462,83.58060579899873,49374000
2025-06-16,82.35671997070312,83.29149787569379,82.35671997070312,82.9542087739835,36496600
2025-06-17,83.35894775390625,83.51314124419768,82.6361823109533,82.87710412527095,34521600
2025-06-18,83.50350189208984,83.92751928355356,83.21439277542572,83.72514584282878,38589000
2025-06-20,83.34931945800781,83.6384286130193,82.8289273903979,83.01203034539525,26001900
2025-06-23,83.61913299560547,84.26480899107277,83.61913299560547,83.77332647283636,36851800
2025-06-24,84.22626495361328,84.40936052680469,83.2914871687859,83.33003554007621,32959100
2025-06-25,84.33228302001953,84.33228302001953,83.64806587598963,83.94680660514817,26345300
2025-06-26,84.75630187988281,84.75630187988281,84.03353634701621,84.40937383591876,30467500
2025-06-27,84.21662139892578,84.95866463891097,84.07206685261117,84.3900853840334,74993500
2025-06-30,85.04540252685547,85.22850546295156,84.42864325535866,84.66956507554805,53695200
2025-07-01,85.25626373291016,85.42069995739482,84.79197234850896,85.24658884329975,38960600
2025-07-02,84.71459197998047,84.72425949026758,84.25029319393921,84.3373524449752,39382200
2025-07-03,84.12454986572266,84.43407993248604,84.0084733232693,84.31800339003269,26729100
2025-07-07,83.32170104980469,83.72795786571236,83.10889775201153,83.70861546581237,38314700
2025-07-08,83.2153091430664,83.22498403403839,82.64461603197152,82.77036009548917,31407000
2025-07-09,84.08586120605469,84.08586120605469,83.36039938984455,83.37007428039887,29821900
2025-07-10,84.1438980102539,84.21160748636244,83.66025678668458,83.98913665619702,24525500
2025-07-11,82.98314666748047,83.44743802350176,82.83805285130704,83.40875322698169,40764800
2025-07-14,82.80904388427734,83.07020687580744,82.52853111276498,82.74133441389704,24609500
2025-07-15,82.22868347167969,83.0992391561382,82.12228181136923,83.07988937438385,40455000
2025-07-16,82.34474182128906,82.85740765349159,81.43550145237377,82.4898356462604,65987700
2025-07-17,82.32540130615234,82.692965942018,82.20932476756276,82.43180295491479,31875500
2025-07-18,82.4511489868164,82.66395229371541,82.31573004238594,82.63493500273445,27534900
2025-07-21,83.18628692626953,83.67960301972859,83.14759474445127,83.39909023638046,40019500
2025-07-22,83.68927001953125,83.93109061958509,83.29268807292806,83.35072265541169,35190300
2025-07-23,83.22496795654297,83.37972928330004,82.98314738741533,83.23464284564594,31008500
2025-07-24,83.07988739013672,83.41843476495723,82.71232272315721,82.75101490596232,25164800
2025-07-25,83.60221099853516,83.61188588804833,82.91544143866862,82.99282579521713,27196200
2025-07-28,83.06053161621094,83.37972915834972,83.02183943963513,83.17660076616028,26812500
2025-07-29,84.46310424804688,84.48244665017505,83.37974523438137,83.40876990724291,47828300
2025-07-30,84.02782440185547,84.11487627520631,83.72796184082927,83.93109025842693,40670900
2025-07-31,84.076171875,84.55014549362433,83.99878752341505,84.27930026307702,49814100
2025-08-01,85.27145385742188,85.37826223822896,84.98015692649557,85.01899701115165,63434500
2025-08-04,85.50448608398438,85.59187812556507,85.10638818430604,85.40738957733029,36425200
2025-08-05,85.76665496826172,85.88316781327876,85.23261306863822,85.3005813642277,28586100
2025-08-06,85.27145385742188,85.49478249219722,84.39757047263163,85.29087019575559,42589300
2025-08-07,85.12580871582031,85.68897885334036,85.048128543475,85.36855369840768,29213100
2025-08-08,84.75684356689453,84.85394008355297,84.62090696197484,84.82481186935438,21596300
2025-08-11,84.85393524169922,85.12580843602522,84.74712685707273,84.99958371237071,20100900
2025-08-12,84.42671203613281,84.44613578552705,84.03832594412641,84.37816747862695,41052300
2025-08-13,85.12580871582031,85.26174531343013,84.89277560677336,84.90248748031377,30817500
2025-08-14,84.49467468261719,84.97046020703425,84.36844995197006,84.97046020703425,33397400
2025-08-15,83.89266967773438,84.26163939412832,83.74702120274047,84.14512654052453,36343600
2025-08-18,83.64991760253906,84.02859916065061,83.49455726690942,83.9897590767432,26777500
2025-08-19,84.13541412353516,84.23251063690783,83.94121368880069,83.94121368880069,28780600
2025-08-20,84.31989288330078,84.44612501429263,84.0480196903782,84.07714790276435,25912500
2025-08-21,83.90237426757812,84.16453557341639,83.61107734287916,84.04801532193909,28643900
2025-08-22,84.52381134033203,84.76655633854323,84.2033861647758,84.31019455662788,49871900
2025-08-25,84.28105926513672,84.52380424296489,84.13541079684205,84.21309096766439,27011900
2025-08-26,84.23251342773438,84.27135351596814,83.71789522261845,83.99948030632119,30259300
2025-08-27,84.13541412353516,84.14512599726916,83.5042756746291,83.61108406173577,38142800
2025-08-28,84.6888656616211,84.7277057454783,84.14511930359738,84.26163214718045,32205900
2025-08-29,84.08686828613281,84.3393251656772,83.93151533502142,84.24222864523387,41686400
2025-09-02,83.46112060546875,83.66580073484374,83.31492582459636,83.46112060546875,48760600
2025-09-03,84.37731170654297,84.61123078511028,83.71453478714105,83.7535225395945,52499500
2025-09-04,85.0206069946289,85.03034835660418,84.38706896699031,84.81591941468149,40501600
2025-09-05,86.31690979003906,86.3656463418321,85.9075495251311,85.98552503353847,69668000
2025-09-08,87.4670181274414,87.48651572164263,86.86272655796435,86.91145567116064,54538700
2025-09-09,86.9699478149414,87.28184242115736,86.73602128316395,87.13564019783495,37126400
2025-09-10,87.4670181274414,87.78866150638116,86.93095326536188,87.13563338755442,40713600
2025-09-11,88.05181884765625,88.18827969753345,87.62296844858982,87.6327172456139,46694400
2025-09-12,87.67170715332031,87.70095354759233,87.2233591111532,87.55475132084881,32968600
2025-09-15,87.87638854980469,88.16878554656566,87.78866424546887,87.8666397523999,24820100
2025-09-16,88.06156158447266,88.20776378515929,87.75941582289903,87.80814493235935,26794200
2025-09-17,87.83739471435547,88.73409067351308,87.59372684918308,88.4124473068088,49121800
2025-09-18,86.93095397949219,87.20386081132416,86.64829835047951,86.99918068745018,55717900
2025-09-19,86.7652587890625,86.96994635998196,86.54108849505182,86.81399534140596,32509200
2025-09-22,86.45336151123047,86.65804907581223,86.29741793363677,86.57032477154095,24758200
2025-09-23,87.05765533447266,87.09664308558037,86.5020928944558,86.71652180747164,26689000
2025-09-24,86.72628021240234,86.90172139374701,86.45336592441309,86.82374588289294,28098000
2025-09-25,86.72628021240234,86.77500932957064,86.21944682800486,86.59956814822598,29882500
2025-09-26,86.6482925415039,87.20385496510319,86.44361243135185,86.73600940178923,30955100
2025-09-29,87.35979461669922,87.46700906523762,86.99917095902697,87.02840991114606,32286200
2025-09-30,87.10639953613281,87.75942769322168,86.95044851799908,87.38905517938483,38584000
2025-10-01,87.33135223388672,87.67367320724755,87.13573491908227,87.48783862369271,39408900
2025-10-02,87.58565521240234,87.72258360831326,87.2335514909063,87.35091442337969,23208300
2025-10-03,87.41937255859375,87.75191825562737,87.31178490326265,87.66388860033946,25884500
2025-10-06,86.72493743896484,87.20419419566889,86.70537944127977,86.76406089637149,28371000
2025-10-07,87.22377014160156,87.41938000684941,86.8618836826512,87.0183775444799,29103300
2025-10-08,87.292236328125,87.65412279531485,87.17486592908116,87.63455733112177,22506200
2025-10-09,87.22377014160156,87.33135780609929,87.05750100993708,87.21398740972775,21578700
2025-10-10,88.6321792602539,88.72998418648899,87.92797185210121,88.0062187779043,59389400
2025-10-13,88.5832748413086,88.59305757273941,87.88885015047454,88.29963532611647,28035500
2025-10-14,88.86691284179688,88.92559430530618,88.44634494189253,88.66152025747675,29800000
2025-10-15,88.67129516601562,89.29725559501685,88.48546059858069,88.96470991971418,31333900
2025-10-16,89.33638000488281,89.49287385788777,88.46590346814615,88.53436766332642,39631200
2025-10-17,89.19944763183594,89.28747728573018,88.9060328636088,89.24835382422576,40240400
2025-10-20,89.54177856445312,89.55155383357527,89.27769705740516,89.4537489080913,28429300
2025-10-21,89.98189544677734,90.16773001000833,89.8938732612701,89.97211271659762,24514300
2025-10-22,90.04058074951172,90.15795113057115,89.80584744942992,89.97211655940299,30496200
2025-10-23,89.42440795898438,89.77651165949962,89.28747957123262,89.600459809242,28275100
2025-10-24,89.46353149414062,89.5906771508598,89.16033398702086,89.58089441971602,28266000
2025-10-27,89.76673126220703,89.7765139935972,89.09186457500074,89.31682262474872,30033600
2025-10-28,90.00146484375,90.15795869829844,89.79607225618344,89.83519571982055,23564500
2025-10-29,89.09185791015625,89.87431219800708,89.02339371962209,89.86452946734873,39551600
2025-10-30,88.573486328125,88.97449620819737,88.36809375371129,88.40721721484303,42649200
2025-10-31,88.30941009521484,88.67129650514897,88.22138044434999,88.57348412373534,38247300
2025-11-03,88.08855438232422,88.16708397685623,87.77444349319046,87.97076747952052,40752300
2025-11-04,88.28487396240234,88.40266085932736,88.08854998587071,88.12781478117704,26383800
2025-11-05,87.32290649414062,87.90205287225031,87.24437690236404,87.86278807636202,44643400
2025-11-06,88.10818481445312,88.19652498582987,87.88241411705617,87.9118608408484,33027400
2025-11-07,87.92169189453125,88.21617415392545,87.7155573085533,87.7155573085533,28530100
2025-11-10,87.90206146240234,88.01984837258377,87.74500226350071,87.84316051831684,24093500
2025-11-11,88.30450439453125,88.41248071155043,88.12781655659023,88.29468632325839,18942300
2025-11-12,88.46156311035156,88.65787960080435,88.22597433501535,88.29468585557322,23594900
2025-11-13,87.73517608642578,88.28487574280595,87.73517608642578,88.14745270095943,33825900
2025-11-14,87.23456573486328,88.18670894503843,87.23456573486328,88.13763356725288,38550500
2025-11-17,87.45051574707031,87.65665780782851,87.34254691433215,87.4407051643633,25605800
2025-11-18,87.42106628417969,87.80388868961278,87.1658563398871,87.70573044265453,31967400
2025-11-19,87.24437713623047,87.66646433191843,87.21493041148383,87.58794222892544,25782400
2025-11-20,87.58795166015625,87.77445009996461,87.35236285882745,87.35236285882745,32945000
2025-11-21,87.85296630859375,88.01983606735213,87.5584840963194,88.00020741473092,41938600
2025-11-24,88.35359191894531,88.41248537169851,88.12782120173388,88.2946909771976,30865700
2025-11-25,88.57935333251953,88.92291094819919,88.47137701202101,88.64806485565546,36503300
2025-11-26,88.97199249267578,88.97199249267578,88.176900952654,88.49101183788433,34099000
2025-11-28,88.54989624023438,88.86400709336783,88.29467883175299,88.79529557827593,40704300
2025-12-01,87.44757080078125,87.66429461570996,87.38846703879625,87.5263808272531,47086600
2025-12-02,87.48697662353516,87.63474354560273,87.14219214920271,87.26040719000436,27605700
2025-12-03,87.73324584960938,87.83176213421207,87.41801327979775,87.59533207005038,23278600
2025-12-04,87.26040649414062,87.60519096572355,87.16189771879375,87.5854922169493,25541500
2025-12-05,86.85652160644531,87.23086552160923,86.73831406754196,87.23086552160923,32808100
2025-12-08,86.5708236694336,86.88605623680628,86.2555911020609,86.87621062101204,32255200
2025-12-09,86.65948486328125,87.03382117990861,86.5314167034778,87.0239680485998,25771800
2025-12-10,86.99442291259766,87.2012935916932,86.55112967392685,86.68904345999056,46833500
2025-12-11,86.876220703125,87.5066859110368,86.84666882083822,87.36877211653972,26778700
2025-12-12,86.03887176513672,86.19649181486653,85.89111236318705,86.07827677756917,47030100
2025-12-15,86.09798431396484,86.5708294386665,86.08813118177672,86.41321690234518,28611800
2025-12-16,86.5708236694336,86.61022867982234,85.87140164544222,85.89110790850522,41018700
2025-12-17,86.49201965332031,86.6791840547254,86.27529585783716,86.32454648315971,24668300
2025-12-18,86.90577697753906,87.06338952961352,86.75801004289903,86.81711381045965,39048900
2025-12-19,86.5813980102539,86.78907378045082,86.4429474967893,86.64073178888528,37858100
2025-12-22,86.39349365234375,86.49238579381428,86.28471003323014,86.45282742822872,25547100
2025-12-23,86.53195190429688,86.61106864254921,86.06715049829866,86.10670886742483,33624100
2025-12-24,87.05609130859375,87.10554115864373,86.6802981011724,86.78908173529211,25942000
2025-12-26,86.76929473876953,87.19453777644875,86.63084421905884,87.12531251659341,26522700
2025-12-29,87.09564971923828,87.09564971923828,86.8187486668032,86.97697460605704,29399800
2025-12-30,86.88796997070312,87.06597885986979,86.70006960297513,86.76929486292953,25106800
2025-12-31,86.19571685791016,86.93741930085689,86.16604242240285,86.70996056522543,36500000
2026-01-02,86.06715393066406,86.44295467985593,86.05726245174118,86.43306320093306,40731300
2026-01-05,86.49239349365234,86.5517272748194,86.14626719519879,86.2154924548895,30178000
2026-01-06,86.31438446044922,86.3737182415168,85.93859127204219,86.18582541980699,39015200
2026-01-07,86.81874084472656,87.03630809346286,86.51217292786386,86.86818314535664,39930900
2026-01-08,86.38361358642578,86.58140544048294,86.28472143189107,86.36383817351394,28204900
2026-01-09,86.95719146728516,87.02641672424359,86.15615527319652,86.33416415465923,57348800
2026-01-12,86.70006561279297,86.93741581741664,86.44294754193135,86.53194820992488,36103100
2026-01-13,86.84840393066406,86.93741213987958,86.57150291530343,86.90773770681655,30451400
2026-01-14,87.35276794433594,87.45166009109934,86.91763344459241,86.93741640093738,39233500
2026-01-15,87.33299255371094,87.67912641484939,87.33299255371094,87.6593434567906,37988900
2026-01-16,86.8286361694336,87.34287987969319,86.7396279523769,87.15497951200821,46382400
2026-01-20,85.69135284423828,86.0671460138755,85.5825692210562,85.67156988821225,66009500
2026-01-21,86.34404754638672,86.51217249364909,85.66168645921434,85.83969533956085,51220100
2026-01-22,86.7198486328125,86.7890738896319,86.17593051138364,86.30448954690904,42419300
2026-01-23,86.95719146728516,87.05608361365618,86.53194844740129,86.85829932091411,35968800
2026-01-26,87.37255096435547,87.51100149087834,87.22420895879873,87.42200081453699,38882400
2026-01-27,86.8286361694336,87.27365461975464,86.70996106168717,87.13520409987754,35180100
2026-01-28,86.63084411621094,86.72973626660296,86.32427618649945,86.54184344435436,38750300
2026-01-29,86.65061950683594,86.76928705894919,86.11659288736601,86.18581814109433,43855000
2026-01-30,86.1660385131836,86.59128152964661,86.1660385131836,86.41327264961588,45832200
2026-02-02,85.91985321044922,86.42613456943744,85.91985321044922,86.38642489099483,38171400
2026-02-03,86.12832641601562,86.1481774690221,85.80072723755627,85.8602879704227,27438200
2026-02-04,85.90992736816406,86.14817787459843,85.83050800807025,85.9992684678843,37872900
2026-02-05,86.84307861328125,86.84307861328125,86.11839026758608,86.2970800258502,50268900
2026-02-06,86.90264129638672,86.90264129638672,86.56511282369637,86.81329262832146,33461800
2026-02-09,86.88278198242188,86.94235028527571,86.39635168988697,86.56511213797202,24708900
2026-02-10,87.88543701171875,87.88543701171875,87.57769645727124,87.59754751046103,37253700
2026-02-11,87.41885375976562,87.83580159625511,87.29973229835154,87.39900270747886,37014000
2026-02-12,88.58033752441406,88.62996894009271,87.70673978138981,87.71666909406412,48454900
2026-02-13,89.0667724609375,89.15611355813057,88.86822406631927,88.97742378989759,56785200
2026-02-17,89.21568298339844,89.46386279940158,89.10648325844929,89.27524371560817,32356700
2026-02-18,88.8781509399414,89.20575010168425,88.81859021011421,89.0369896512761,35415400
2026-02-19,88.96749877929688,89.06676918603249,88.71931897553458,88.7490993401706,28658600
2026-02-20,88.759033203125,89.08662480476147,88.28252462298124,89.04691512526225,49610800
2026-02-23,89.08662414550781,89.34473327341927,88.87815401006479,88.89801263659092,33614600
2026-02-24,89.2454605102539,89.39436990988779,89.1064804236214,89.29509192756741,24933900
2026-02-25,89.2553939819336,89.4241544415866,89.05684558188855,89.05684558188855,23625800
2026-02-26,89.61276245117188,89.66240144270441,89.39437058043028,89.40429231965939,29447100
2026-02-27,90.15876007080078,90.1984697488206,89.89072921147527,90.02970929762134,51272000
2026-03-02,89.25337982177734,89.63186480068077,89.00437474641227,89.6219100689691,55465500
2026-03-03,89.0740966796875,89.31313942649925,88.58604885522918,88.62589057953646,51850400
2026-03-04,88.79521179199219,89.08405859259092,88.74540773708377,88.9147293653214,47069500
2026-03-05,88.4366455078125,88.58605007626616,88.15776103284942,88.27727860838674,45768900
2026-03-06,88.10795593261719,88.58604902619531,87.66970456342324,87.96851369678855,58136900
2026-03-09,88.87489318847656,88.96453136640409,87.85894824444097,87.9485940214002,52478700
2026-03-10,87.92867279052734,88.5960045823495,87.91871045958064,88.44660761330871,48651500
2026-03-11,86.793212890625,87.46054470289154,86.73345410117791,87.40078591344445,54679900
2026-03-12,86.62388610839844,86.90277057462666,86.43463982101568,86.56412732250148,48977000
2026-03-13,86.19560241699219,86.80317544134782,86.1258812961169,86.58404974744484,43460000
2026-03-16,86.86293029785156,86.99241020246227,86.61392522042428,86.8330509044054,37341500
2026-03-17,87.10197448730469,87.22149966210122,86.97249458054914,87.01233630548131,19578100
2026-03-18,86.61392211914062,87.13185691710217,86.58404272676431,87.01233174856529,37596600
2026-03-19,87.14181518554688,87.38086553232348,86.62388796559476,86.71352614636204,60307400
2026-03-20,85.4884262084961,86.51432592608066,85.4187050897971,86.46452187028196,78948500
2026-03-23,86.04619598388672,86.37488451763586,85.59798987352485,85.83703262578237,69686700
2026-03-24,85.66770935058594,85.94659382271199,85.21949564978455,85.37886254758911,51799400
2026-03-25,86.49440002441406,86.53424174867557,86.13583970412427,86.4047618440996,37861000
2026-03-26,85.7673110961914,86.26532126044799,85.58802713309775,85.99639151629148,39537000
2026-03-27,85.29917907714844,85.75734750967298,85.10993278581128,85.15973684112062,39928900
2026-03-30,86.43463897705078,86.60396060146007,86.14579218298283,86.2852344147354,36473200
2026-03-31,86.34500122070312,86.81313197202907,86.22547605046084,86.58404396215595,47112200
2026-04-01,86.26000213623047,86.70999908447266,86.2300033569336,86.27999877929688,31157600
2026-04-02,86.79000091552734,86.8499984741211,86.1500015258789,86.20999908447266,33310600
